==> Buscando archivos en /eos/cms/store/group/phys_heavyions/jvelazqu/energycorr/condor_R4_axisWTA_cen//000*
==> Encontrados 6047 archivos candidatos
==> Validando integridad (zombies y TTree truncados)...
==> Válidos: 6047 | Malos: 0
==> Mergeando 6047 archivos válidos...
Parallelizing  with 10 processes.
hadd Target file: /eos/cms/store/group/phys_heavyions/jvelazqu/energycorr/merged/new_R4_axisWTA_cen/merged_R4_axisWTA_cen_jetcorrected.root
hadd compression setting for all output: 101
hadd Source file 1: /eos/cms/store/group/phys_heavyions/jvelazqu/energycorr/condor_R4_axisWTA_cen//0002/L1_object_data_2225_processed.root
hadd Source file 1: /eos/cms/store/group/phys_heavyions/jvelazqu/energycorr/condor_R4_axisWTA_cen//0000/L1_object_data_1802_processed.root
hadd Source file 1: /eos/cms/store/group/phys_heavyions/jvelazqu/energycorr/condor_R4_axisWTA_cen//0000/L1_object_data_1_processed.root
hadd Source file 1: /eos/cms/store/group/phys_heavyions/jvelazqu/energycorr/condor_R4_axisWTA_cen//0005/L1_object_data_5250_processed.root
hadd Source file 1: /eos/cms/store/group/phys_heavyions/jvelazqu/energycorr/condor_R4_axisWTA_cen//0004/L1_object_data_4645_processed.root
hadd Source file 1: /eos/cms/store/group/phys_heavyions/jvelazqu/energycorr/condor_R4_axisWTA_cen//0001/L1_object_data_1408_processed.root
hadd Source file 1: /eos/cms/store/group/phys_heavyions/jvelazqu/energycorr/condor_R4_axisWTA_cen//0002/L1_object_data_2830_processed.root
hadd Source file 1: /eos/cms/store/group/phys_heavyions/jvelazqu/energycorr/condor_R4_axisWTA_cen//0003/L1_object_data_3435_processed.root
hadd Source file 1: /eos/cms/store/group/phys_heavyions/jvelazqu/energycorr/condor_R4_axisWTA_cen//0004/L1_object_data_4040_processed.root
hadd Source file 1: /eos/cms/store/group/phys_heavyions/jvelazqu/energycorr/condor_R4_axisWTA_cen//0005/L1_object_data_5855_processed.root
hadd Source file 2: /eos/cms/store/group/phys_heavyions/jvelazqu/energycorr/condor_R4_axisWTA_cen//0002/L1_object_data_2226_processed.root
hadd Source file 2: /eos/cms/store/group/phys_heavyions/jvelazqu/energycorr/condor_R4_axisWTA_cen//0002/L1_object_data_2831_processed.root
hadd Source file 2: /eos/cms/store/group/phys_heavyions/jvelazqu/energycorr/condor_R4_axisWTA_cen//0005/L1_object_data_5856_processed.root
hadd Source file 2: /eos/cms/store/group/phys_heavyions/jvelazqu/energycorr/condor_R4_axisWTA_cen//0004/L1_object_data_4646_processed.root
hadd Source file 2: /eos/cms/store/group/phys_heavyions/jvelazqu/energycorr/condor_R4_axisWTA_cen//0005/L1_object_data_5251_processed.root
hadd Source file 2: /eos/cms/store/group/phys_heavyions/jvelazqu/energycorr/condor_R4_axisWTA_cen//0003/L1_object_data_3436_processed.root
hadd Source file 2: /eos/cms/store/group/phys_heavyions/jvelazqu/energycorr/condor_R4_axisWTA_cen//0001/L1_object_data_1409_processed.root
hadd Source file 2: /eos/cms/store/group/phys_heavyions/jvelazqu/energycorr/condor_R4_axisWTA_cen//0004/L1_object_data_4041_processed.root
hadd Source file 3: /eos/cms/store/group/phys_heavyions/jvelazqu/energycorr/condor_R4_axisWTA_cen//0002/L1_object_data_2227_processed.root
hadd Source file 2: /eos/cms/store/group/phys_heavyions/jvelazqu/energycorr/condor_R4_axisWTA_cen//0000/L1_object_data_1803_processed.root
hadd Source file 3: /eos/cms/store/group/phys_heavyions/jvelazqu/energycorr/condor_R4_axisWTA_cen//0002/L1_object_data_2832_processed.root
hadd Source file 3: /eos/cms/store/group/phys_heavyions/jvelazqu/energycorr/condor_R4_axisWTA_cen//0005/L1_object_data_5857_processed.root
hadd Source file 4: /eos/cms/store/group/phys_heavyions/jvelazqu/energycorr/condor_R4_axisWTA_cen//0002/L1_object_data_2228_processed.root
hadd Source file 3: /eos/cms/store/group/phys_heavyions/jvelazqu/energycorr/condor_R4_axisWTA_cen//0004/L1_object_data_4647_processed.root
hadd Source file 3: /eos/cms/store/group/phys_heavyions/jvelazqu/energycorr/condor_R4_axisWTA_cen//0004/L1_object_data_4042_processed.root
hadd Source file 3: /eos/cms/store/group/phys_heavyions/jvelazqu/energycorr/condor_R4_axisWTA_cen//0003/L1_object_data_3437_processed.root
hadd Source file 4: /eos/cms/store/group/phys_heavyions/jvelazqu/energycorr/condor_R4_axisWTA_cen//0002/L1_object_data_2833_processed.root
hadd Source file 3: /eos/cms/store/group/phys_heavyions/jvelazqu/energycorr/condor_R4_axisWTA_cen//0000/L1_object_data_1804_processed.root
hadd Source file 3: /eos/cms/store/group/phys_heavyions/jvelazqu/energycorr/condor_R4_axisWTA_cen//0001/L1_object_data_1410_processed.root
hadd Source file 5: /eos/cms/store/group/phys_heavyions/jvelazqu/energycorr/condor_R4_axisWTA_cen//0002/L1_object_data_2229_processed.root
hadd Source file 4: /eos/cms/store/group/phys_heavyions/jvelazqu/energycorr/condor_R4_axisWTA_cen//0003/L1_object_data_3438_processed.root
hadd Source file 4: /eos/cms/store/group/phys_heavyions/jvelazqu/energycorr/condor_R4_axisWTA_cen//0004/L1_object_data_4648_processed.root
hadd Source file 3: /eos/cms/store/group/phys_heavyions/jvelazqu/energycorr/condor_R4_axisWTA_cen//0005/L1_object_data_5252_processed.root
hadd Source file 5: /eos/cms/store/group/phys_heavyions/jvelazqu/energycorr/condor_R4_axisWTA_cen//0002/L1_object_data_2834_processed.root
hadd Source file 4: /eos/cms/store/group/phys_heavyions/jvelazqu/energycorr/condor_R4_axisWTA_cen//0004/L1_object_data_4043_processed.root
hadd Source file 6: /eos/cms/store/group/phys_heavyions/jvelazqu/energycorr/condor_R4_axisWTA_cen//0002/L1_object_data_2230_processed.root
hadd Source file 4: /eos/cms/store/group/phys_heavyions/jvelazqu/energycorr/condor_R4_axisWTA_cen//0005/L1_object_data_5858_processed.root
hadd Source file 4: /eos/cms/store/group/phys_heavyions/jvelazqu/energycorr/condor_R4_axisWTA_cen//0005/L1_object_data_5253_processed.root
hadd Source file 2: /eos/cms/store/group/phys_heavyions/jvelazqu/energycorr/condor_R4_axisWTA_cen//0000/L1_object_data_2_processed.root
hadd Source file 6: /eos/cms/store/group/phys_heavyions/jvelazqu/energycorr/condor_R4_axisWTA_cen//0002/L1_object_data_2835_processed.root
hadd Source file 5: /eos/cms/store/group/phys_heavyions/jvelazqu/energycorr/condor_R4_axisWTA_cen//0004/L1_object_data_4649_processed.root
hadd Source file 7: /eos/cms/store/group/phys_heavyions/jvelazqu/energycorr/condor_R4_axisWTA_cen//0002/L1_object_data_2231_processed.root
hadd Source file 5: /eos/cms/store/group/phys_heavyions/jvelazqu/energycorr/condor_R4_axisWTA_cen//0005/L1_object_data_5859_processed.root
hadd Source file 5: /eos/cms/store/group/phys_heavyions/jvelazqu/energycorr/condor_R4_axisWTA_cen//0005/L1_object_data_5254_processed.root
hadd Source file 3: /eos/cms/store/group/phys_heavyions/jvelazqu/energycorr/condor_R4_axisWTA_cen//0000/L1_object_data_3_processed.root
hadd Source file 7: /eos/cms/store/group/phys_heavyions/jvelazqu/energycorr/condor_R4_axisWTA_cen//0002/L1_object_data_2836_processed.root
hadd Source file 5: /eos/cms/store/group/phys_heavyions/jvelazqu/energycorr/condor_R4_axisWTA_cen//0003/L1_object_data_3439_processed.root
hadd Source file 6: /eos/cms/store/group/phys_heavyions/jvelazqu/energycorr/condor_R4_axisWTA_cen//0005/L1_object_data_5860_processed.root
hadd Source file 4: /eos/cms/store/group/phys_heavyions/jvelazqu/energycorr/condor_R4_axisWTA_cen//0000/L1_object_data_1805_processed.root
hadd Source file 4: /eos/cms/store/group/phys_heavyions/jvelazqu/energycorr/condor_R4_axisWTA_cen//0001/L1_object_data_1411_processed.root
hadd Source file 8: /eos/cms/store/group/phys_heavyions/jvelazqu/energycorr/condor_R4_axisWTA_cen//0002/L1_object_data_2232_processed.root
hadd Source file 6: /eos/cms/store/group/phys_heavyions/jvelazqu/energycorr/condor_R4_axisWTA_cen//0003/L1_object_data_3440_processed.root
hadd Source file 8: /eos/cms/store/group/phys_heavyions/jvelazqu/energycorr/condor_R4_axisWTA_cen//0002/L1_object_data_2837_processed.root
hadd Source file 4: /eos/cms/store/group/phys_heavyions/jvelazqu/energycorr/condor_R4_axisWTA_cen//0000/L1_object_data_4_processed.root
hadd Source file 6: /eos/cms/store/group/phys_heavyions/jvelazqu/energycorr/condor_R4_axisWTA_cen//0005/L1_object_data_5255_processed.root
hadd Source file 5: /eos/cms/store/group/phys_heavyions/jvelazqu/energycorr/condor_R4_axisWTA_cen//0000/L1_object_data_1806_processed.root
hadd Source file 6: /eos/cms/store/group/phys_heavyions/jvelazqu/energycorr/condor_R4_axisWTA_cen//0004/L1_object_data_4650_processed.root
hadd Source file 5: /eos/cms/store/group/phys_heavyions/jvelazqu/energycorr/condor_R4_axisWTA_cen//0004/L1_object_data_4044_processed.root
hadd Source file 9: /eos/cms/store/group/phys_heavyions/jvelazqu/energycorr/condor_R4_axisWTA_cen//0002/L1_object_data_2838_processed.root
hadd Source file 7: /eos/cms/store/group/phys_heavyions/jvelazqu/energycorr/condor_R4_axisWTA_cen//0003/L1_object_data_3441_processed.root
hadd Source file 5: /eos/cms/store/group/phys_heavyions/jvelazqu/energycorr/condor_R4_axisWTA_cen//0000/L1_object_data_5_processed.root
hadd Source file 6: /eos/cms/store/group/phys_heavyions/jvelazqu/energycorr/condor_R4_axisWTA_cen//0000/L1_object_data_1807_processed.root
hadd Source file 7: /eos/cms/store/group/phys_heavyions/jvelazqu/energycorr/condor_R4_axisWTA_cen//0005/L1_object_data_5256_processed.root
hadd Source file 6: /eos/cms/store/group/phys_heavyions/jvelazqu/energycorr/condor_R4_axisWTA_cen//0004/L1_object_data_4045_processed.root
hadd Source file 6: /eos/cms/store/group/phys_heavyions/jvelazqu/energycorr/condor_R4_axisWTA_cen//0000/L1_object_data_10_processed.root
hadd Source file 10: /eos/cms/store/group/phys_heavyions/jvelazqu/energycorr/condor_R4_axisWTA_cen//0002/L1_object_data_2839_processed.root
hadd Source file 8: /eos/cms/store/group/phys_heavyions/jvelazqu/energycorr/condor_R4_axisWTA_cen//0003/L1_object_data_3442_processed.root
hadd Source file 7: /eos/cms/store/group/phys_heavyions/jvelazqu/energycorr/condor_R4_axisWTA_cen//0004/L1_object_data_4651_processed.root
hadd Source file 5: /eos/cms/store/group/phys_heavyions/jvelazqu/energycorr/condor_R4_axisWTA_cen//0001/L1_object_data_1412_processed.root
hadd Source file 7: /eos/cms/store/group/phys_heavyions/jvelazqu/energycorr/condor_R4_axisWTA_cen//0000/L1_object_data_1808_processed.root
hadd Source file 8: /eos/cms/store/group/phys_heavyions/jvelazqu/energycorr/condor_R4_axisWTA_cen//0005/L1_object_data_5257_processed.root
hadd Source file 7: /eos/cms/store/group/phys_heavyions/jvelazqu/energycorr/condor_R4_axisWTA_cen//0000/L1_object_data_11_processed.root
hadd Source file 7: /eos/cms/store/group/phys_heavyions/jvelazqu/energycorr/condor_R4_axisWTA_cen//0004/L1_object_data_4046_processed.root
hadd Source file 8: /eos/cms/store/group/phys_heavyions/jvelazqu/energycorr/condor_R4_axisWTA_cen//0004/L1_object_data_4652_processed.root
hadd Source file 9: /eos/cms/store/group/phys_heavyions/jvelazqu/energycorr/condor_R4_axisWTA_cen//0003/L1_object_data_3443_processed.root
hadd Source file 9: /eos/cms/store/group/phys_heavyions/jvelazqu/energycorr/condor_R4_axisWTA_cen//0002/L1_object_data_2233_processed.root
hadd Source file 6: /eos/cms/store/group/phys_heavyions/jvelazqu/energycorr/condor_R4_axisWTA_cen//0001/L1_object_data_1413_processed.root
hadd Source file 11: /eos/cms/store/group/phys_heavyions/jvelazqu/energycorr/condor_R4_axisWTA_cen//0002/L1_object_data_2840_processed.root
hadd Source file 7: /eos/cms/store/group/phys_heavyions/jvelazqu/energycorr/condor_R4_axisWTA_cen//0005/L1_object_data_5861_processed.root
hadd Source file 9: /eos/cms/store/group/phys_heavyions/jvelazqu/energycorr/condor_R4_axisWTA_cen//0005/L1_object_data_5258_processed.root
hadd Source file 8: /eos/cms/store/group/phys_heavyions/jvelazqu/energycorr/condor_R4_axisWTA_cen//0000/L1_object_data_1809_processed.root
hadd Source file 10: /eos/cms/store/group/phys_heavyions/jvelazqu/energycorr/condor_R4_axisWTA_cen//0002/L1_object_data_2234_processed.root
hadd Source file 8: /eos/cms/store/group/phys_heavyions/jvelazqu/energycorr/condor_R4_axisWTA_cen//0004/L1_object_data_4047_processed.root
hadd Source file 8: /eos/cms/store/group/phys_heavyions/jvelazqu/energycorr/condor_R4_axisWTA_cen//0005/L1_object_data_5862_processed.root
hadd Source file 8: /eos/cms/store/group/phys_heavyions/jvelazqu/energycorr/condor_R4_axisWTA_cen//0000/L1_object_data_12_processed.root
hadd Source file 12: /eos/cms/store/group/phys_heavyions/jvelazqu/energycorr/condor_R4_axisWTA_cen//0002/L1_object_data_2841_processed.root
hadd Source file 9: /eos/cms/store/group/phys_heavyions/jvelazqu/energycorr/condor_R4_axisWTA_cen//0000/L1_object_data_1810_processed.root
hadd Source file 9: /eos/cms/store/group/phys_heavyions/jvelazqu/energycorr/condor_R4_axisWTA_cen//0004/L1_object_data_4048_processed.root
hadd Source file 10: /eos/cms/store/group/phys_heavyions/jvelazqu/energycorr/condor_R4_axisWTA_cen//0005/L1_object_data_5259_processed.root
hadd Source file 10: /eos/cms/store/group/phys_heavyions/jvelazqu/energycorr/condor_R4_axisWTA_cen//0003/L1_object_data_3444_processed.root
hadd Source file 7: /eos/cms/store/group/phys_heavyions/jvelazqu/energycorr/condor_R4_axisWTA_cen//0001/L1_object_data_1414_processed.root
hadd Source file 11: /eos/cms/store/group/phys_heavyions/jvelazqu/energycorr/condor_R4_axisWTA_cen//0002/L1_object_data_2235_processed.root
hadd Source file 9: /eos/cms/store/group/phys_heavyions/jvelazqu/energycorr/condor_R4_axisWTA_cen//0000/L1_object_data_13_processed.root
hadd Source file 13: /eos/cms/store/group/phys_heavyions/jvelazqu/energycorr/condor_R4_axisWTA_cen//0002/L1_object_data_2842_processed.root
hadd Source file 10: /eos/cms/store/group/phys_heavyions/jvelazqu/energycorr/condor_R4_axisWTA_cen//0004/L1_object_data_4049_processed.root
hadd Source file 10: /eos/cms/store/group/phys_heavyions/jvelazqu/energycorr/condor_R4_axisWTA_cen//0000/L1_object_data_1811_processed.root
hadd Source file 11: /eos/cms/store/group/phys_heavyions/jvelazqu/energycorr/condor_R4_axisWTA_cen//0003/L1_object_data_3445_processed.root
hadd Source file 12: /eos/cms/store/group/phys_heavyions/jvelazqu/energycorr/condor_R4_axisWTA_cen//0002/L1_object_data_2236_processed.root
hadd Source file 11: /eos/cms/store/group/phys_heavyions/jvelazqu/energycorr/condor_R4_axisWTA_cen//0005/L1_object_data_5260_processed.root
hadd Source file 8: /eos/cms/store/group/phys_heavyions/jvelazqu/energycorr/condor_R4_axisWTA_cen//0001/L1_object_data_1415_processed.root
hadd Source file 10: /eos/cms/store/group/phys_heavyions/jvelazqu/energycorr/condor_R4_axisWTA_cen//0000/L1_object_data_14_processed.root
hadd Source file 14: /eos/cms/store/group/phys_heavyions/jvelazqu/energycorr/condor_R4_axisWTA_cen//0002/L1_object_data_2843_processed.root
hadd Source file 11: /eos/cms/store/group/phys_heavyions/jvelazqu/energycorr/condor_R4_axisWTA_cen//0004/L1_object_data_4050_processed.root
hadd Source file 12: /eos/cms/store/group/phys_heavyions/jvelazqu/energycorr/condor_R4_axisWTA_cen//0003/L1_object_data_3446_processed.root
hadd Source file 11: /eos/cms/store/group/phys_heavyions/jvelazqu/energycorr/condor_R4_axisWTA_cen//0000/L1_object_data_1812_processed.root
hadd Source file 13: /eos/cms/store/group/phys_heavyions/jvelazqu/energycorr/condor_R4_axisWTA_cen//0002/L1_object_data_2237_processed.root
hadd Source file 9: /eos/cms/store/group/phys_heavyions/jvelazqu/energycorr/condor_R4_axisWTA_cen//0004/L1_object_data_4653_processed.root
hadd Source file 9: /eos/cms/store/group/phys_heavyions/jvelazqu/energycorr/condor_R4_axisWTA_cen//0001/L1_object_data_1416_processed.root
hadd Source file 12: /eos/cms/store/group/phys_heavyions/jvelazqu/energycorr/condor_R4_axisWTA_cen//0005/L1_object_data_5261_processed.root
hadd Source file 10: /eos/cms/store/group/phys_heavyions/jvelazqu/energycorr/condor_R4_axisWTA_cen//0004/L1_object_data_4654_processed.root
hadd Source file 11: /eos/cms/store/group/phys_heavyions/jvelazqu/energycorr/condor_R4_axisWTA_cen//0000/L1_object_data_15_processed.root
hadd Source file 15: /eos/cms/store/group/phys_heavyions/jvelazqu/energycorr/condor_R4_axisWTA_cen//0002/L1_object_data_2844_processed.root
hadd Source file 13: /eos/cms/store/group/phys_heavyions/jvelazqu/energycorr/condor_R4_axisWTA_cen//0003/L1_object_data_3447_processed.root
hadd Source file 9: /eos/cms/store/group/phys_heavyions/jvelazqu/energycorr/condor_R4_axisWTA_cen//0005/L1_object_data_5863_processed.root
hadd Source file 12: /eos/cms/store/group/phys_heavyions/jvelazqu/energycorr/condor_R4_axisWTA_cen//0000/L1_object_data_1813_processed.root
hadd Source file 13: /eos/cms/store/group/phys_heavyions/jvelazqu/energycorr/condor_R4_axisWTA_cen//0005/L1_object_data_5262_processed.root
hadd Source file 14: /eos/cms/store/group/phys_heavyions/jvelazqu/energycorr/condor_R4_axisWTA_cen//0002/L1_object_data_2238_processed.root
hadd Source file 10: /eos/cms/store/group/phys_heavyions/jvelazqu/energycorr/condor_R4_axisWTA_cen//0001/L1_object_data_1417_processed.root
hadd Source file 12: /eos/cms/store/group/phys_heavyions/jvelazqu/energycorr/condor_R4_axisWTA_cen//0000/L1_object_data_16_processed.root
hadd Source file 12: /eos/cms/store/group/phys_heavyions/jvelazqu/energycorr/condor_R4_axisWTA_cen//0004/L1_object_data_4051_processed.root
hadd Source file 11: /eos/cms/store/group/phys_heavyions/jvelazqu/energycorr/condor_R4_axisWTA_cen//0004/L1_object_data_4655_processed.root
hadd Source file 14: /eos/cms/store/group/phys_heavyions/jvelazqu/energycorr/condor_R4_axisWTA_cen//0003/L1_object_data_3448_processed.root
hadd Source file 10: /eos/cms/store/group/phys_heavyions/jvelazqu/energycorr/condor_R4_axisWTA_cen//0005/L1_object_data_5864_processed.root
hadd Source file 13: /eos/cms/store/group/phys_heavyions/jvelazqu/energycorr/condor_R4_axisWTA_cen//0000/L1_object_data_1814_processed.root
hadd Source file 14: /eos/cms/store/group/phys_heavyions/jvelazqu/energycorr/condor_R4_axisWTA_cen//0005/L1_object_data_5263_processed.root
hadd Source file 15: /eos/cms/store/group/phys_heavyions/jvelazqu/energycorr/condor_R4_axisWTA_cen//0002/L1_object_data_2239_processed.root
hadd Source file 15: /eos/cms/store/group/phys_heavyions/jvelazqu/energycorr/condor_R4_axisWTA_cen//0003/L1_object_data_3449_processed.root
hadd Source file 11: /eos/cms/store/group/phys_heavyions/jvelazqu/energycorr/condor_R4_axisWTA_cen//0001/L1_object_data_1418_processed.root
hadd Source file 12: /eos/cms/store/group/phys_heavyions/jvelazqu/energycorr/condor_R4_axisWTA_cen//0004/L1_object_data_4656_processed.root
hadd Source file 14: /eos/cms/store/group/phys_heavyions/jvelazqu/energycorr/condor_R4_axisWTA_cen//0000/L1_object_data_1815_processed.root
hadd Source file 15: /eos/cms/store/group/phys_heavyions/jvelazqu/energycorr/condor_R4_axisWTA_cen//0005/L1_object_data_5264_processed.root
hadd Source file 16: /eos/cms/store/group/phys_heavyions/jvelazqu/energycorr/condor_R4_axisWTA_cen//0002/L1_object_data_2240_processed.root
hadd Source file 16: /eos/cms/store/group/phys_heavyions/jvelazqu/energycorr/condor_R4_axisWTA_cen//0003/L1_object_data_3450_processed.root
hadd Source file 15: /eos/cms/store/group/phys_heavyions/jvelazqu/energycorr/condor_R4_axisWTA_cen//0000/L1_object_data_1816_processed.root
hadd Source file 16: /eos/cms/store/group/phys_heavyions/jvelazqu/energycorr/condor_R4_axisWTA_cen//0002/L1_object_data_2845_processed.root
hadd Source file 17: /eos/cms/store/group/phys_heavyions/jvelazqu/energycorr/condor_R4_axisWTA_cen//0002/L1_object_data_2241_processed.root
hadd Source file 17: /eos/cms/store/group/phys_heavyions/jvelazqu/energycorr/condor_R4_axisWTA_cen//0003/L1_object_data_3451_processed.root
hadd Source file 12: /eos/cms/store/group/phys_heavyions/jvelazqu/energycorr/condor_R4_axisWTA_cen//0001/L1_object_data_1420_processed.root
hadd Source file 13: /eos/cms/store/group/phys_heavyions/jvelazqu/energycorr/condor_R4_axisWTA_cen//0004/L1_object_data_4052_processed.root
hadd Source file 16: /eos/cms/store/group/phys_heavyions/jvelazqu/energycorr/condor_R4_axisWTA_cen//0000/L1_object_data_1817_processed.root
hadd Source file 18: /eos/cms/store/group/phys_heavyions/jvelazqu/energycorr/condor_R4_axisWTA_cen//0002/L1_object_data_2242_processed.root
hadd Source file 13: /eos/cms/store/group/phys_heavyions/jvelazqu/energycorr/condor_R4_axisWTA_cen//0000/L1_object_data_17_processed.root
hadd Source file 17: /eos/cms/store/group/phys_heavyions/jvelazqu/energycorr/condor_R4_axisWTA_cen//0002/L1_object_data_2846_processed.root
hadd Source file 11: /eos/cms/store/group/phys_heavyions/jvelazqu/energycorr/condor_R4_axisWTA_cen//0005/L1_object_data_5865_processed.root
hadd Source file 18: /eos/cms/store/group/phys_heavyions/jvelazqu/energycorr/condor_R4_axisWTA_cen//0003/L1_object_data_3452_processed.root
hadd Source file 14: /eos/cms/store/group/phys_heavyions/jvelazqu/energycorr/condor_R4_axisWTA_cen//0000/L1_object_data_18_processed.root
hadd Source file 14: /eos/cms/store/group/phys_heavyions/jvelazqu/energycorr/condor_R4_axisWTA_cen//0004/L1_object_data_4053_processed.root
hadd Source file 19: /eos/cms/store/group/phys_heavyions/jvelazqu/energycorr/condor_R4_axisWTA_cen//0002/L1_object_data_2243_processed.root
hadd Source file 13: /eos/cms/store/group/phys_heavyions/jvelazqu/energycorr/condor_R4_axisWTA_cen//0001/L1_object_data_1421_processed.root
hadd Source file 17: /eos/cms/store/group/phys_heavyions/jvelazqu/energycorr/condor_R4_axisWTA_cen//0000/L1_object_data_1818_processed.root
hadd Source file 18: /eos/cms/store/group/phys_heavyions/jvelazqu/energycorr/condor_R4_axisWTA_cen//0002/L1_object_data_2847_processed.root
hadd Source file 13: /eos/cms/store/group/phys_heavyions/jvelazqu/energycorr/condor_R4_axisWTA_cen//0004/L1_object_data_4657_processed.root
hadd Source file 12: /eos/cms/store/group/phys_heavyions/jvelazqu/energycorr/condor_R4_axisWTA_cen//0005/L1_object_data_5866_processed.root
hadd Source file 16: /eos/cms/store/group/phys_heavyions/jvelazqu/energycorr/condor_R4_axisWTA_cen//0005/L1_object_data_5265_processed.root
hadd Source file 19: /eos/cms/store/group/phys_heavyions/jvelazqu/energycorr/condor_R4_axisWTA_cen//0003/L1_object_data_3453_processed.root
hadd Source file 20: /eos/cms/store/group/phys_heavyions/jvelazqu/energycorr/condor_R4_axisWTA_cen//0002/L1_object_data_2244_processed.root
hadd Source file 14: /eos/cms/store/group/phys_heavyions/jvelazqu/energycorr/condor_R4_axisWTA_cen//0004/L1_object_data_4658_processed.root
hadd Source file 15: /eos/cms/store/group/phys_heavyions/jvelazqu/energycorr/condor_R4_axisWTA_cen//0004/L1_object_data_4054_processed.root
hadd Source file 19: /eos/cms/store/group/phys_heavyions/jvelazqu/energycorr/condor_R4_axisWTA_cen//0002/L1_object_data_2848_processed.root
hadd Source file 14: /eos/cms/store/group/phys_heavyions/jvelazqu/energycorr/condor_R4_axisWTA_cen//0001/L1_object_data_1422_processed.root
hadd Source file 18: /eos/cms/store/group/phys_heavyions/jvelazqu/energycorr/condor_R4_axisWTA_cen//0000/L1_object_data_1819_processed.root
hadd Source file 13: /eos/cms/store/group/phys_heavyions/jvelazqu/energycorr/condor_R4_axisWTA_cen//0005/L1_object_data_5867_processed.root
hadd Source file 17: /eos/cms/store/group/phys_heavyions/jvelazqu/energycorr/condor_R4_axisWTA_cen//0005/L1_object_data_5266_processed.root
hadd Source file 15: /eos/cms/store/group/phys_heavyions/jvelazqu/energycorr/condor_R4_axisWTA_cen//0001/L1_object_data_1423_processed.root
hadd Source file 21: /eos/cms/store/group/phys_heavyions/jvelazqu/energycorr/condor_R4_axisWTA_cen//0002/L1_object_data_2245_processed.root
hadd Source file 18: /eos/cms/store/group/phys_heavyions/jvelazqu/energycorr/condor_R4_axisWTA_cen//0005/L1_object_data_5267_processed.root
hadd Source file 19: /eos/cms/store/group/phys_heavyions/jvelazqu/energycorr/condor_R4_axisWTA_cen//0000/L1_object_data_1820_processed.root
hadd Source file 16: /eos/cms/store/group/phys_heavyions/jvelazqu/energycorr/condor_R4_axisWTA_cen//0004/L1_object_data_4055_processed.root
hadd Source file 20: /eos/cms/store/group/phys_heavyions/jvelazqu/energycorr/condor_R4_axisWTA_cen//0002/L1_object_data_2849_processed.root
hadd Source file 22: /eos/cms/store/group/phys_heavyions/jvelazqu/energycorr/condor_R4_axisWTA_cen//0002/L1_object_data_2246_processed.root
hadd Source file 14: /eos/cms/store/group/phys_heavyions/jvelazqu/energycorr/condor_R4_axisWTA_cen//0005/L1_object_data_5868_processed.root
hadd Source file 19: /eos/cms/store/group/phys_heavyions/jvelazqu/energycorr/condor_R4_axisWTA_cen//0005/L1_object_data_5268_processed.root
hadd Source file 15: /eos/cms/store/group/phys_heavyions/jvelazqu/energycorr/condor_R4_axisWTA_cen//0000/L1_object_data_19_processed.root
hadd Source file 17: /eos/cms/store/group/phys_heavyions/jvelazqu/energycorr/condor_R4_axisWTA_cen//0004/L1_object_data_4056_processed.root
hadd Source file 20: /eos/cms/store/group/phys_heavyions/jvelazqu/energycorr/condor_R4_axisWTA_cen//0000/L1_object_data_1821_processed.root
hadd Source file 21: /eos/cms/store/group/phys_heavyions/jvelazqu/energycorr/condor_R4_axisWTA_cen//0002/L1_object_data_2850_processed.root
hadd Source file 20: /eos/cms/store/group/phys_heavyions/jvelazqu/energycorr/condor_R4_axisWTA_cen//0003/L1_object_data_3454_processed.root
hadd Source file 15: /eos/cms/store/group/phys_heavyions/jvelazqu/energycorr/condor_R4_axisWTA_cen//0005/L1_object_data_5869_processed.root
hadd Source file 16: /eos/cms/store/group/phys_heavyions/jvelazqu/energycorr/condor_R4_axisWTA_cen//0000/L1_object_data_20_processed.root
hadd Source file 20: /eos/cms/store/group/phys_heavyions/jvelazqu/energycorr/condor_R4_axisWTA_cen//0005/L1_object_data_5269_processed.root
hadd Source file 15: /eos/cms/store/group/phys_heavyions/jvelazqu/energycorr/condor_R4_axisWTA_cen//0004/L1_object_data_4659_processed.root
hadd Source file 23: /eos/cms/store/group/phys_heavyions/jvelazqu/energycorr/condor_R4_axisWTA_cen//0002/L1_object_data_2247_processed.root
hadd Source file 21: /eos/cms/store/group/phys_heavyions/jvelazqu/energycorr/condor_R4_axisWTA_cen//0000/L1_object_data_1822_processed.root
hadd Source file 22: /eos/cms/store/group/phys_heavyions/jvelazqu/energycorr/condor_R4_axisWTA_cen//0002/L1_object_data_2851_processed.root
hadd Source file 18: /eos/cms/store/group/phys_heavyions/jvelazqu/energycorr/condor_R4_axisWTA_cen//0004/L1_object_data_4057_processed.root
hadd Source file 21: /eos/cms/store/group/phys_heavyions/jvelazqu/energycorr/condor_R4_axisWTA_cen//0005/L1_object_data_5270_processed.root
hadd Source file 16: /eos/cms/store/group/phys_heavyions/jvelazqu/energycorr/condor_R4_axisWTA_cen//0005/L1_object_data_5870_processed.root
hadd Source file 24: /eos/cms/store/group/phys_heavyions/jvelazqu/energycorr/condor_R4_axisWTA_cen//0002/L1_object_data_2248_processed.root
hadd Source file 16: /eos/cms/store/group/phys_heavyions/jvelazqu/energycorr/condor_R4_axisWTA_cen//0004/L1_object_data_4660_processed.root
hadd Source file 21: /eos/cms/store/group/phys_heavyions/jvelazqu/energycorr/condor_R4_axisWTA_cen//0003/L1_object_data_3455_processed.root
hadd Source file 22: /eos/cms/store/group/phys_heavyions/jvelazqu/energycorr/condor_R4_axisWTA_cen//0000/L1_object_data_1823_processed.root
hadd Source file 23: /eos/cms/store/group/phys_heavyions/jvelazqu/energycorr/condor_R4_axisWTA_cen//0002/L1_object_data_2852_processed.root
hadd Source file 19: /eos/cms/store/group/phys_heavyions/jvelazqu/energycorr/condor_R4_axisWTA_cen//0004/L1_object_data_4058_processed.root
hadd Source file 25: /eos/cms/store/group/phys_heavyions/jvelazqu/energycorr/condor_R4_axisWTA_cen//0002/L1_object_data_2249_processed.root
hadd Source file 17: /eos/cms/store/group/phys_heavyions/jvelazqu/energycorr/condor_R4_axisWTA_cen//0004/L1_object_data_4661_processed.root
hadd Source file 16: /eos/cms/store/group/phys_heavyions/jvelazqu/energycorr/condor_R4_axisWTA_cen//0001/L1_object_data_1424_processed.root
hadd Source file 22: /eos/cms/store/group/phys_heavyions/jvelazqu/energycorr/condor_R4_axisWTA_cen//0005/L1_object_data_5271_processed.root
hadd Source file 17: /eos/cms/store/group/phys_heavyions/jvelazqu/energycorr/condor_R4_axisWTA_cen//0000/L1_object_data_21_processed.root
hadd Source file 22: /eos/cms/store/group/phys_heavyions/jvelazqu/energycorr/condor_R4_axisWTA_cen//0003/L1_object_data_3456_processed.root
hadd Source file 24: /eos/cms/store/group/phys_heavyions/jvelazqu/energycorr/condor_R4_axisWTA_cen//0002/L1_object_data_2853_processed.root
hadd Source file 17: /eos/cms/store/group/phys_heavyions/jvelazqu/energycorr/condor_R4_axisWTA_cen//0001/L1_object_data_1425_processed.root
hadd Source file 23: /eos/cms/store/group/phys_heavyions/jvelazqu/energycorr/condor_R4_axisWTA_cen//0000/L1_object_data_1824_processed.root
hadd Source file 18: /eos/cms/store/group/phys_heavyions/jvelazqu/energycorr/condor_R4_axisWTA_cen//0004/L1_object_data_4662_processed.root
hadd Source file 26: /eos/cms/store/group/phys_heavyions/jvelazqu/energycorr/condor_R4_axisWTA_cen//0002/L1_object_data_2250_processed.root
hadd Source file 23: /eos/cms/store/group/phys_heavyions/jvelazqu/energycorr/condor_R4_axisWTA_cen//0005/L1_object_data_5272_processed.root
hadd Source file 20: /eos/cms/store/group/phys_heavyions/jvelazqu/energycorr/condor_R4_axisWTA_cen//0004/L1_object_data_4059_processed.root
hadd Source file 23: /eos/cms/store/group/phys_heavyions/jvelazqu/energycorr/condor_R4_axisWTA_cen//0003/L1_object_data_3457_processed.root
hadd Source file 25: /eos/cms/store/group/phys_heavyions/jvelazqu/energycorr/condor_R4_axisWTA_cen//0002/L1_object_data_2854_processed.root
hadd Source file 24: /eos/cms/store/group/phys_heavyions/jvelazqu/energycorr/condor_R4_axisWTA_cen//0000/L1_object_data_1825_processed.root
hadd Source file 27: /eos/cms/store/group/phys_heavyions/jvelazqu/energycorr/condor_R4_axisWTA_cen//0002/L1_object_data_2251_processed.root
hadd Source file 24: /eos/cms/store/group/phys_heavyions/jvelazqu/energycorr/condor_R4_axisWTA_cen//0005/L1_object_data_5273_processed.root
hadd Source file 19: /eos/cms/store/group/phys_heavyions/jvelazqu/energycorr/condor_R4_axisWTA_cen//0004/L1_object_data_4663_processed.root
hadd Source file 17: /eos/cms/store/group/phys_heavyions/jvelazqu/energycorr/condor_R4_axisWTA_cen//0005/L1_object_data_5871_processed.root
hadd Source file 24: /eos/cms/store/group/phys_heavyions/jvelazqu/energycorr/condor_R4_axisWTA_cen//0003/L1_object_data_3458_processed.root
hadd Source file 25: /eos/cms/store/group/phys_heavyions/jvelazqu/energycorr/condor_R4_axisWTA_cen//0005/L1_object_data_5274_processed.root
hadd Source file 20: /eos/cms/store/group/phys_heavyions/jvelazqu/energycorr/condor_R4_axisWTA_cen//0004/L1_object_data_4664_processed.root
hadd Source file 28: /eos/cms/store/group/phys_heavyions/jvelazqu/energycorr/condor_R4_axisWTA_cen//0002/L1_object_data_2252_processed.root
hadd Source file 26: /eos/cms/store/group/phys_heavyions/jvelazqu/energycorr/condor_R4_axisWTA_cen//0002/L1_object_data_2855_processed.root
hadd Source file 18: /eos/cms/store/group/phys_heavyions/jvelazqu/energycorr/condor_R4_axisWTA_cen//0005/L1_object_data_5872_processed.root
hadd Source file 26: /eos/cms/store/group/phys_heavyions/jvelazqu/energycorr/condor_R4_axisWTA_cen//0005/L1_object_data_5275_processed.root
hadd Source file 21: /eos/cms/store/group/phys_heavyions/jvelazqu/energycorr/condor_R4_axisWTA_cen//0004/L1_object_data_4665_processed.root
hadd Source file 29: /eos/cms/store/group/phys_heavyions/jvelazqu/energycorr/condor_R4_axisWTA_cen//0002/L1_object_data_2253_processed.root
hadd Source file 27: /eos/cms/store/group/phys_heavyions/jvelazqu/energycorr/condor_R4_axisWTA_cen//0002/L1_object_data_2856_processed.root
hadd Source file 18: /eos/cms/store/group/phys_heavyions/jvelazqu/energycorr/condor_R4_axisWTA_cen//0001/L1_object_data_1426_processed.root
hadd Source file 19: /eos/cms/store/group/phys_heavyions/jvelazqu/energycorr/condor_R4_axisWTA_cen//0005/L1_object_data_5873_processed.root
hadd Source file 22: /eos/cms/store/group/phys_heavyions/jvelazqu/energycorr/condor_R4_axisWTA_cen//0004/L1_object_data_4666_processed.root
hadd Source file 21: /eos/cms/store/group/phys_heavyions/jvelazqu/energycorr/condor_R4_axisWTA_cen//0004/L1_object_data_4060_processed.root
hadd Source file 28: /eos/cms/store/group/phys_heavyions/jvelazqu/energycorr/condor_R4_axisWTA_cen//0002/L1_object_data_2857_processed.root
hadd Source file 25: /eos/cms/store/group/phys_heavyions/jvelazqu/energycorr/condor_R4_axisWTA_cen//0000/L1_object_data_1826_processed.root
hadd Source file 27: /eos/cms/store/group/phys_heavyions/jvelazqu/energycorr/condor_R4_axisWTA_cen//0005/L1_object_data_5276_processed.root
hadd Source file 30: /eos/cms/store/group/phys_heavyions/jvelazqu/energycorr/condor_R4_axisWTA_cen//0002/L1_object_data_2254_processed.root
hadd Source file 22: /eos/cms/store/group/phys_heavyions/jvelazqu/energycorr/condor_R4_axisWTA_cen//0004/L1_object_data_4061_processed.root
hadd Source file 19: /eos/cms/store/group/phys_heavyions/jvelazqu/energycorr/condor_R4_axisWTA_cen//0001/L1_object_data_1427_processed.root
hadd Source file 25: /eos/cms/store/group/phys_heavyions/jvelazqu/energycorr/condor_R4_axisWTA_cen//0003/L1_object_data_3459_processed.root
hadd Source file 26: /eos/cms/store/group/phys_heavyions/jvelazqu/energycorr/condor_R4_axisWTA_cen//0000/L1_object_data_1827_processed.root
hadd Source file 20: /eos/cms/store/group/phys_heavyions/jvelazqu/energycorr/condor_R4_axisWTA_cen//0005/L1_object_data_5874_processed.root
hadd Source file 23: /eos/cms/store/group/phys_heavyions/jvelazqu/energycorr/condor_R4_axisWTA_cen//0004/L1_object_data_4667_processed.root
hadd Source file 31: /eos/cms/store/group/phys_heavyions/jvelazqu/energycorr/condor_R4_axisWTA_cen//0002/L1_object_data_2255_processed.root
hadd Source file 26: /eos/cms/store/group/phys_heavyions/jvelazqu/energycorr/condor_R4_axisWTA_cen//0003/L1_object_data_3460_processed.root
hadd Source file 28: /eos/cms/store/group/phys_heavyions/jvelazqu/energycorr/condor_R4_axisWTA_cen//0005/L1_object_data_5277_processed.root
hadd Source file 20: /eos/cms/store/group/phys_heavyions/jvelazqu/energycorr/condor_R4_axisWTA_cen//0001/L1_object_data_1428_processed.root
hadd Source file 23: /eos/cms/store/group/phys_heavyions/jvelazqu/energycorr/condor_R4_axisWTA_cen//0004/L1_object_data_4062_processed.root
hadd Source file 27: /eos/cms/store/group/phys_heavyions/jvelazqu/energycorr/condor_R4_axisWTA_cen//0000/L1_object_data_1828_processed.root
hadd Source file 24: /eos/cms/store/group/phys_heavyions/jvelazqu/energycorr/condor_R4_axisWTA_cen//0004/L1_object_data_4668_processed.root
hadd Source file 27: /eos/cms/store/group/phys_heavyions/jvelazqu/energycorr/condor_R4_axisWTA_cen//0003/L1_object_data_3461_processed.root
hadd Source file 21: /eos/cms/store/group/phys_heavyions/jvelazqu/energycorr/condor_R4_axisWTA_cen//0001/L1_object_data_1429_processed.root
hadd Source file 32: /eos/cms/store/group/phys_heavyions/jvelazqu/energycorr/condor_R4_axisWTA_cen//0002/L1_object_data_2256_processed.root
hadd Source file 29: /eos/cms/store/group/phys_heavyions/jvelazqu/energycorr/condor_R4_axisWTA_cen//0005/L1_object_data_5278_processed.root
hadd Source file 25: /eos/cms/store/group/phys_heavyions/jvelazqu/energycorr/condor_R4_axisWTA_cen//0004/L1_object_data_4669_processed.root
hadd Source file 28: /eos/cms/store/group/phys_heavyions/jvelazqu/energycorr/condor_R4_axisWTA_cen//0000/L1_object_data_1829_processed.root
hadd Source file 29: /eos/cms/store/group/phys_heavyions/jvelazqu/energycorr/condor_R4_axisWTA_cen//0002/L1_object_data_2858_processed.root
hadd Source file 28: /eos/cms/store/group/phys_heavyions/jvelazqu/energycorr/condor_R4_axisWTA_cen//0003/L1_object_data_3462_processed.root
hadd Source file 24: /eos/cms/store/group/phys_heavyions/jvelazqu/energycorr/condor_R4_axisWTA_cen//0004/L1_object_data_4063_processed.root
hadd Source file 30: /eos/cms/store/group/phys_heavyions/jvelazqu/energycorr/condor_R4_axisWTA_cen//0005/L1_object_data_5279_processed.root
hadd Source file 30: /eos/cms/store/group/phys_heavyions/jvelazqu/energycorr/condor_R4_axisWTA_cen//0002/L1_object_data_2859_processed.root
hadd Source file 29: /eos/cms/store/group/phys_heavyions/jvelazqu/energycorr/condor_R4_axisWTA_cen//0003/L1_object_data_3463_processed.root
hadd Source file 26: /eos/cms/store/group/phys_heavyions/jvelazqu/energycorr/condor_R4_axisWTA_cen//0004/L1_object_data_4670_processed.root
hadd Source file 21: /eos/cms/store/group/phys_heavyions/jvelazqu/energycorr/condor_R4_axisWTA_cen//0005/L1_object_data_5875_processed.root
hadd Source file 22: /eos/cms/store/group/phys_heavyions/jvelazqu/energycorr/condor_R4_axisWTA_cen//0001/L1_object_data_1430_processed.root
hadd Source file 29: /eos/cms/store/group/phys_heavyions/jvelazqu/energycorr/condor_R4_axisWTA_cen//0000/L1_object_data_1830_processed.root
hadd Source file 25: /eos/cms/store/group/phys_heavyions/jvelazqu/energycorr/condor_R4_axisWTA_cen//0004/L1_object_data_4064_processed.root
hadd Source file 27: /eos/cms/store/group/phys_heavyions/jvelazqu/energycorr/condor_R4_axisWTA_cen//0004/L1_object_data_4671_processed.root
hadd Source file 30: /eos/cms/store/group/phys_heavyions/jvelazqu/energycorr/condor_R4_axisWTA_cen//0000/L1_object_data_1831_processed.root
hadd Source file 33: /eos/cms/store/group/phys_heavyions/jvelazqu/energycorr/condor_R4_axisWTA_cen//0002/L1_object_data_2257_processed.root
hadd Source file 31: /eos/cms/store/group/phys_heavyions/jvelazqu/energycorr/condor_R4_axisWTA_cen//0000/L1_object_data_1832_processed.root
hadd Source file 28: /eos/cms/store/group/phys_heavyions/jvelazqu/energycorr/condor_R4_axisWTA_cen//0004/L1_object_data_4672_processed.root
hadd Source file 23: /eos/cms/store/group/phys_heavyions/jvelazqu/energycorr/condor_R4_axisWTA_cen//0001/L1_object_data_1431_processed.root
hadd Source file 31: /eos/cms/store/group/phys_heavyions/jvelazqu/energycorr/condor_R4_axisWTA_cen//0002/L1_object_data_2860_processed.root
hadd Source file 34: /eos/cms/store/group/phys_heavyions/jvelazqu/energycorr/condor_R4_axisWTA_cen//0002/L1_object_data_2258_processed.root
hadd Source file 18: /eos/cms/store/group/phys_heavyions/jvelazqu/energycorr/condor_R4_axisWTA_cen//0000/L1_object_data_22_processed.root
hadd Source file 29: /eos/cms/store/group/phys_heavyions/jvelazqu/energycorr/condor_R4_axisWTA_cen//0004/L1_object_data_4673_processed.root
hadd Source file 32: /eos/cms/store/group/phys_heavyions/jvelazqu/energycorr/condor_R4_axisWTA_cen//0000/L1_object_data_1833_processed.root
hadd Source file 31: /eos/cms/store/group/phys_heavyions/jvelazqu/energycorr/condor_R4_axisWTA_cen//0005/L1_object_data_5280_processed.root
hadd Source file 19: /eos/cms/store/group/phys_heavyions/jvelazqu/energycorr/condor_R4_axisWTA_cen//0000/L1_object_data_23_processed.root
hadd Source file 32: /eos/cms/store/group/phys_heavyions/jvelazqu/energycorr/condor_R4_axisWTA_cen//0002/L1_object_data_2861_processed.root
hadd Source file 22: /eos/cms/store/group/phys_heavyions/jvelazqu/energycorr/condor_R4_axisWTA_cen//0005/L1_object_data_5876_processed.root
hadd Source file 30: /eos/cms/store/group/phys_heavyions/jvelazqu/energycorr/condor_R4_axisWTA_cen//0003/L1_object_data_3464_processed.root
hadd Source file 35: /eos/cms/store/group/phys_heavyions/jvelazqu/energycorr/condor_R4_axisWTA_cen//0002/L1_object_data_2259_processed.root
hadd Source file 30: /eos/cms/store/group/phys_heavyions/jvelazqu/energycorr/condor_R4_axisWTA_cen//0004/L1_object_data_4674_processed.root
hadd Source file 26: /eos/cms/store/group/phys_heavyions/jvelazqu/energycorr/condor_R4_axisWTA_cen//0004/L1_object_data_4065_processed.root
hadd Source file 33: /eos/cms/store/group/phys_heavyions/jvelazqu/energycorr/condor_R4_axisWTA_cen//0000/L1_object_data_1834_processed.root
hadd Source file 33: /eos/cms/store/group/phys_heavyions/jvelazqu/energycorr/condor_R4_axisWTA_cen//0002/L1_object_data_2862_processed.root
hadd Source file 31: /eos/cms/store/group/phys_heavyions/jvelazqu/energycorr/condor_R4_axisWTA_cen//0003/L1_object_data_3465_processed.root
hadd Source file 31: /eos/cms/store/group/phys_heavyions/jvelazqu/energycorr/condor_R4_axisWTA_cen//0004/L1_object_data_4675_processed.root
hadd Source file 32: /eos/cms/store/group/phys_heavyions/jvelazqu/energycorr/condor_R4_axisWTA_cen//0005/L1_object_data_5281_processed.root
hadd Source file 34: /eos/cms/store/group/phys_heavyions/jvelazqu/energycorr/condor_R4_axisWTA_cen//0000/L1_object_data_1835_processed.root
hadd Source file 20: /eos/cms/store/group/phys_heavyions/jvelazqu/energycorr/condor_R4_axisWTA_cen//0000/L1_object_data_24_processed.root
hadd Source file 36: /eos/cms/store/group/phys_heavyions/jvelazqu/energycorr/condor_R4_axisWTA_cen//0002/L1_object_data_2260_processed.root
hadd Source file 23: /eos/cms/store/group/phys_heavyions/jvelazqu/energycorr/condor_R4_axisWTA_cen//0005/L1_object_data_5877_processed.root
hadd Source file 27: /eos/cms/store/group/phys_heavyions/jvelazqu/energycorr/condor_R4_axisWTA_cen//0004/L1_object_data_4066_processed.root
hadd Source file 24: /eos/cms/store/group/phys_heavyions/jvelazqu/energycorr/condor_R4_axisWTA_cen//0001/L1_object_data_1432_processed.root
hadd Source file 32: /eos/cms/store/group/phys_heavyions/jvelazqu/energycorr/condor_R4_axisWTA_cen//0003/L1_object_data_3466_processed.root
hadd Source file 33: /eos/cms/store/group/phys_heavyions/jvelazqu/energycorr/condor_R4_axisWTA_cen//0005/L1_object_data_5282_processed.root
hadd Source file 35: /eos/cms/store/group/phys_heavyions/jvelazqu/energycorr/condor_R4_axisWTA_cen//0000/L1_object_data_1836_processed.root
hadd Source file 21: /eos/cms/store/group/phys_heavyions/jvelazqu/energycorr/condor_R4_axisWTA_cen//0000/L1_object_data_25_processed.root
hadd Source file 24: /eos/cms/store/group/phys_heavyions/jvelazqu/energycorr/condor_R4_axisWTA_cen//0005/L1_object_data_5878_processed.root
hadd Source file 37: /eos/cms/store/group/phys_heavyions/jvelazqu/energycorr/condor_R4_axisWTA_cen//0002/L1_object_data_2261_processed.root
hadd Source file 32: /eos/cms/store/group/phys_heavyions/jvelazqu/energycorr/condor_R4_axisWTA_cen//0004/L1_object_data_4676_processed.root
hadd Source file 28: /eos/cms/store/group/phys_heavyions/jvelazqu/energycorr/condor_R4_axisWTA_cen//0004/L1_object_data_4067_processed.root
hadd Source file 34: /eos/cms/store/group/phys_heavyions/jvelazqu/energycorr/condor_R4_axisWTA_cen//0002/L1_object_data_2863_processed.root
hadd Source file 25: /eos/cms/store/group/phys_heavyions/jvelazqu/energycorr/condor_R4_axisWTA_cen//0001/L1_object_data_1433_processed.root
hadd Source file 34: /eos/cms/store/group/phys_heavyions/jvelazqu/energycorr/condor_R4_axisWTA_cen//0005/L1_object_data_5283_processed.root
hadd Source file 25: /eos/cms/store/group/phys_heavyions/jvelazqu/energycorr/condor_R4_axisWTA_cen//0005/L1_object_data_5879_processed.root
hadd Source file 38: /eos/cms/store/group/phys_heavyions/jvelazqu/energycorr/condor_R4_axisWTA_cen//0002/L1_object_data_2262_processed.root
hadd Source file 36: /eos/cms/store/group/phys_heavyions/jvelazqu/energycorr/condor_R4_axisWTA_cen//0000/L1_object_data_1837_processed.root
hadd Source file 22: /eos/cms/store/group/phys_heavyions/jvelazqu/energycorr/condor_R4_axisWTA_cen//0000/L1_object_data_26_processed.root
hadd Source file 33: /eos/cms/store/group/phys_heavyions/jvelazqu/energycorr/condor_R4_axisWTA_cen//0003/L1_object_data_3467_processed.root
hadd Source file 29: /eos/cms/store/group/phys_heavyions/jvelazqu/energycorr/condor_R4_axisWTA_cen//0004/L1_object_data_4068_processed.root
hadd Source file 33: /eos/cms/store/group/phys_heavyions/jvelazqu/energycorr/condor_R4_axisWTA_cen//0004/L1_object_data_4677_processed.root
hadd Source file 26: /eos/cms/store/group/phys_heavyions/jvelazqu/energycorr/condor_R4_axisWTA_cen//0005/L1_object_data_5880_processed.root
hadd Source file 26: /eos/cms/store/group/phys_heavyions/jvelazqu/energycorr/condor_R4_axisWTA_cen//0001/L1_object_data_1434_processed.root
hadd Source file 23: /eos/cms/store/group/phys_heavyions/jvelazqu/energycorr/condor_R4_axisWTA_cen//0000/L1_object_data_27_processed.root
hadd Source file 30: /eos/cms/store/group/phys_heavyions/jvelazqu/energycorr/condor_R4_axisWTA_cen//0004/L1_object_data_4069_processed.root
hadd Source file 35: /eos/cms/store/group/phys_heavyions/jvelazqu/energycorr/condor_R4_axisWTA_cen//0005/L1_object_data_5284_processed.root
hadd Source file 39: /eos/cms/store/group/phys_heavyions/jvelazqu/energycorr/condor_R4_axisWTA_cen//0002/L1_object_data_2263_processed.root
hadd Source file 34: /eos/cms/store/group/phys_heavyions/jvelazqu/energycorr/condor_R4_axisWTA_cen//0003/L1_object_data_3468_processed.root
hadd Source file 27: /eos/cms/store/group/phys_heavyions/jvelazqu/energycorr/condor_R4_axisWTA_cen//0005/L1_object_data_5881_processed.root
hadd Source file 34: /eos/cms/store/group/phys_heavyions/jvelazqu/energycorr/condor_R4_axisWTA_cen//0004/L1_object_data_4678_processed.root
hadd Source file 27: /eos/cms/store/group/phys_heavyions/jvelazqu/energycorr/condor_R4_axisWTA_cen//0001/L1_object_data_1435_processed.root
hadd Source file 36: /eos/cms/store/group/phys_heavyions/jvelazqu/energycorr/condor_R4_axisWTA_cen//0005/L1_object_data_5285_processed.root
hadd Source file 35: /eos/cms/store/group/phys_heavyions/jvelazqu/energycorr/condor_R4_axisWTA_cen//0003/L1_object_data_3469_processed.root
hadd Source file 35: /eos/cms/store/group/phys_heavyions/jvelazqu/energycorr/condor_R4_axisWTA_cen//0004/L1_object_data_4679_processed.root
hadd Source file 28: /eos/cms/store/group/phys_heavyions/jvelazqu/energycorr/condor_R4_axisWTA_cen//0001/L1_object_data_1436_processed.root
hadd Source file 28: /eos/cms/store/group/phys_heavyions/jvelazqu/energycorr/condor_R4_axisWTA_cen//0005/L1_object_data_5882_processed.root
hadd Source file 40: /eos/cms/store/group/phys_heavyions/jvelazqu/energycorr/condor_R4_axisWTA_cen//0002/L1_object_data_2264_processed.root
hadd Source file 36: /eos/cms/store/group/phys_heavyions/jvelazqu/energycorr/condor_R4_axisWTA_cen//0003/L1_object_data_3470_processed.root
hadd Source file 35: /eos/cms/store/group/phys_heavyions/jvelazqu/energycorr/condor_R4_axisWTA_cen//0002/L1_object_data_2864_processed.root
hadd Source file 24: /eos/cms/store/group/phys_heavyions/jvelazqu/energycorr/condor_R4_axisWTA_cen//0000/L1_object_data_28_processed.root
hadd Source file 29: /eos/cms/store/group/phys_heavyions/jvelazqu/energycorr/condor_R4_axisWTA_cen//0005/L1_object_data_5883_processed.root
hadd Source file 37: /eos/cms/store/group/phys_heavyions/jvelazqu/energycorr/condor_R4_axisWTA_cen//0000/L1_object_data_1838_processed.root
hadd Source file 37: /eos/cms/store/group/phys_heavyions/jvelazqu/energycorr/condor_R4_axisWTA_cen//0005/L1_object_data_5286_processed.root
hadd Source file 29: /eos/cms/store/group/phys_heavyions/jvelazqu/energycorr/condor_R4_axisWTA_cen//0001/L1_object_data_1437_processed.root
hadd Source file 36: /eos/cms/store/group/phys_heavyions/jvelazqu/energycorr/condor_R4_axisWTA_cen//0004/L1_object_data_4680_processed.root
hadd Source file 37: /eos/cms/store/group/phys_heavyions/jvelazqu/energycorr/condor_R4_axisWTA_cen//0003/L1_object_data_3471_processed.root
hadd Source file 36: /eos/cms/store/group/phys_heavyions/jvelazqu/energycorr/condor_R4_axisWTA_cen//0002/L1_object_data_2865_processed.root
hadd Source file 25: /eos/cms/store/group/phys_heavyions/jvelazqu/energycorr/condor_R4_axisWTA_cen//0000/L1_object_data_29_processed.root
hadd Source file 30: /eos/cms/store/group/phys_heavyions/jvelazqu/energycorr/condor_R4_axisWTA_cen//0005/L1_object_data_5884_processed.root
hadd Source file 38: /eos/cms/store/group/phys_heavyions/jvelazqu/energycorr/condor_R4_axisWTA_cen//0000/L1_object_data_1839_processed.root
hadd Source file 38: /eos/cms/store/group/phys_heavyions/jvelazqu/energycorr/condor_R4_axisWTA_cen//0005/L1_object_data_5287_processed.root
hadd Source file 37: /eos/cms/store/group/phys_heavyions/jvelazqu/energycorr/condor_R4_axisWTA_cen//0002/L1_object_data_2866_processed.root
hadd Source file 30: /eos/cms/store/group/phys_heavyions/jvelazqu/energycorr/condor_R4_axisWTA_cen//0001/L1_object_data_1438_processed.root
hadd Source file 38: /eos/cms/store/group/phys_heavyions/jvelazqu/energycorr/condor_R4_axisWTA_cen//0003/L1_object_data_3472_processed.root
hadd Source file 37: /eos/cms/store/group/phys_heavyions/jvelazqu/energycorr/condor_R4_axisWTA_cen//0004/L1_object_data_4681_processed.root
hadd Source file 31: /eos/cms/store/group/phys_heavyions/jvelazqu/energycorr/condor_R4_axisWTA_cen//0004/L1_object_data_4070_processed.root
hadd Source file 26: /eos/cms/store/group/phys_heavyions/jvelazqu/energycorr/condor_R4_axisWTA_cen//0000/L1_object_data_30_processed.root
hadd Source file 31: /eos/cms/store/group/phys_heavyions/jvelazqu/energycorr/condor_R4_axisWTA_cen//0005/L1_object_data_5885_processed.root
hadd Source file 39: /eos/cms/store/group/phys_heavyions/jvelazqu/energycorr/condor_R4_axisWTA_cen//0000/L1_object_data_1840_processed.root
hadd Source file 39: /eos/cms/store/group/phys_heavyions/jvelazqu/energycorr/condor_R4_axisWTA_cen//0003/L1_object_data_3473_processed.root
hadd Source file 38: /eos/cms/store/group/phys_heavyions/jvelazqu/energycorr/condor_R4_axisWTA_cen//0002/L1_object_data_2867_processed.root
hadd Source file 38: /eos/cms/store/group/phys_heavyions/jvelazqu/energycorr/condor_R4_axisWTA_cen//0004/L1_object_data_4682_processed.root
hadd Source file 39: /eos/cms/store/group/phys_heavyions/jvelazqu/energycorr/condor_R4_axisWTA_cen//0005/L1_object_data_5288_processed.root
hadd Source file 31: /eos/cms/store/group/phys_heavyions/jvelazqu/energycorr/condor_R4_axisWTA_cen//0001/L1_object_data_1439_processed.root
hadd Source file 27: /eos/cms/store/group/phys_heavyions/jvelazqu/energycorr/condor_R4_axisWTA_cen//0000/L1_object_data_31_processed.root
hadd Source file 32: /eos/cms/store/group/phys_heavyions/jvelazqu/energycorr/condor_R4_axisWTA_cen//0005/L1_object_data_5886_processed.root
hadd Source file 40: /eos/cms/store/group/phys_heavyions/jvelazqu/energycorr/condor_R4_axisWTA_cen//0000/L1_object_data_1841_processed.root
hadd Source file 41: /eos/cms/store/group/phys_heavyions/jvelazqu/energycorr/condor_R4_axisWTA_cen//0002/L1_object_data_2265_processed.root
hadd Source file 39: /eos/cms/store/group/phys_heavyions/jvelazqu/energycorr/condor_R4_axisWTA_cen//0004/L1_object_data_4683_processed.root
hadd Source file 39: /eos/cms/store/group/phys_heavyions/jvelazqu/energycorr/condor_R4_axisWTA_cen//0002/L1_object_data_2868_processed.root
hadd Source file 40: /eos/cms/store/group/phys_heavyions/jvelazqu/energycorr/condor_R4_axisWTA_cen//0003/L1_object_data_3474_processed.root
hadd Source file 40: /eos/cms/store/group/phys_heavyions/jvelazqu/energycorr/condor_R4_axisWTA_cen//0005/L1_object_data_5289_processed.root
hadd Source file 33: /eos/cms/store/group/phys_heavyions/jvelazqu/energycorr/condor_R4_axisWTA_cen//0005/L1_object_data_5887_processed.root
hadd Source file 40: /eos/cms/store/group/phys_heavyions/jvelazqu/energycorr/condor_R4_axisWTA_cen//0002/L1_object_data_2869_processed.root
hadd Source file 41: /eos/cms/store/group/phys_heavyions/jvelazqu/energycorr/condor_R4_axisWTA_cen//0000/L1_object_data_1842_processed.root
hadd Source file 41: /eos/cms/store/group/phys_heavyions/jvelazqu/energycorr/condor_R4_axisWTA_cen//0003/L1_object_data_3475_processed.root
hadd Source file 41: /eos/cms/store/group/phys_heavyions/jvelazqu/energycorr/condor_R4_axisWTA_cen//0005/L1_object_data_5290_processed.root
hadd Source file 28: /eos/cms/store/group/phys_heavyions/jvelazqu/energycorr/condor_R4_axisWTA_cen//0000/L1_object_data_32_processed.root
hadd Source file 32: /eos/cms/store/group/phys_heavyions/jvelazqu/energycorr/condor_R4_axisWTA_cen//0004/L1_object_data_4071_processed.root
hadd Source file 34: /eos/cms/store/group/phys_heavyions/jvelazqu/energycorr/condor_R4_axisWTA_cen//0005/L1_object_data_5888_processed.root
hadd Source file 42: /eos/cms/store/group/phys_heavyions/jvelazqu/energycorr/condor_R4_axisWTA_cen//0000/L1_object_data_1843_processed.root
hadd Source file 33: /eos/cms/store/group/phys_heavyions/jvelazqu/energycorr/condor_R4_axisWTA_cen//0004/L1_object_data_4072_processed.root
hadd Source file 41: /eos/cms/store/group/phys_heavyions/jvelazqu/energycorr/condor_R4_axisWTA_cen//0002/L1_object_data_2870_processed.root
hadd Source file 42: /eos/cms/store/group/phys_heavyions/jvelazqu/energycorr/condor_R4_axisWTA_cen//0005/L1_object_data_5291_processed.root
hadd Source file 32: /eos/cms/store/group/phys_heavyions/jvelazqu/energycorr/condor_R4_axisWTA_cen//0001/L1_object_data_1440_processed.root
hadd Source file 35: /eos/cms/store/group/phys_heavyions/jvelazqu/energycorr/condor_R4_axisWTA_cen//0005/L1_object_data_5889_processed.root
hadd Source file 43: /eos/cms/store/group/phys_heavyions/jvelazqu/energycorr/condor_R4_axisWTA_cen//0000/L1_object_data_1844_processed.root
hadd Source file 42: /eos/cms/store/group/phys_heavyions/jvelazqu/energycorr/condor_R4_axisWTA_cen//0003/L1_object_data_3476_processed.root
hadd Source file 43: /eos/cms/store/group/phys_heavyions/jvelazqu/energycorr/condor_R4_axisWTA_cen//0005/L1_object_data_5292_processed.root
hadd Source file 42: /eos/cms/store/group/phys_heavyions/jvelazqu/energycorr/condor_R4_axisWTA_cen//0002/L1_object_data_2871_processed.root
hadd Source file 29: /eos/cms/store/group/phys_heavyions/jvelazqu/energycorr/condor_R4_axisWTA_cen//0000/L1_object_data_33_processed.root
hadd Source file 34: /eos/cms/store/group/phys_heavyions/jvelazqu/energycorr/condor_R4_axisWTA_cen//0004/L1_object_data_4073_processed.root
hadd Source file 42: /eos/cms/store/group/phys_heavyions/jvelazqu/energycorr/condor_R4_axisWTA_cen//0002/L1_object_data_2266_processed.root
hadd Source file 44: /eos/cms/store/group/phys_heavyions/jvelazqu/energycorr/condor_R4_axisWTA_cen//0000/L1_object_data_1845_processed.root
hadd Source file 40: /eos/cms/store/group/phys_heavyions/jvelazqu/energycorr/condor_R4_axisWTA_cen//0004/L1_object_data_4684_processed.root
hadd Source file 36: /eos/cms/store/group/phys_heavyions/jvelazqu/energycorr/condor_R4_axisWTA_cen//0005/L1_object_data_5890_processed.root
hadd Source file 33: /eos/cms/store/group/phys_heavyions/jvelazqu/energycorr/condor_R4_axisWTA_cen//0001/L1_object_data_1441_processed.root
hadd Source file 43: /eos/cms/store/group/phys_heavyions/jvelazqu/energycorr/condor_R4_axisWTA_cen//0002/L1_object_data_2872_processed.root
hadd Source file 30: /eos/cms/store/group/phys_heavyions/jvelazqu/energycorr/condor_R4_axisWTA_cen//0000/L1_object_data_34_processed.root
hadd Source file 43: /eos/cms/store/group/phys_heavyions/jvelazqu/energycorr/condor_R4_axisWTA_cen//0003/L1_object_data_3477_processed.root
hadd Source file 44: /eos/cms/store/group/phys_heavyions/jvelazqu/energycorr/condor_R4_axisWTA_cen//0005/L1_object_data_5293_processed.root
hadd Source file 35: /eos/cms/store/group/phys_heavyions/jvelazqu/energycorr/condor_R4_axisWTA_cen//0004/L1_object_data_4074_processed.root
hadd Source file 45: /eos/cms/store/group/phys_heavyions/jvelazqu/energycorr/condor_R4_axisWTA_cen//0000/L1_object_data_1846_processed.root
hadd Source file 43: /eos/cms/store/group/phys_heavyions/jvelazqu/energycorr/condor_R4_axisWTA_cen//0002/L1_object_data_2267_processed.root
hadd Source file 34: /eos/cms/store/group/phys_heavyions/jvelazqu/energycorr/condor_R4_axisWTA_cen//0001/L1_object_data_1442_processed.root
hadd Source file 44: /eos/cms/store/group/phys_heavyions/jvelazqu/energycorr/condor_R4_axisWTA_cen//0002/L1_object_data_2873_processed.root
hadd Source file 44: /eos/cms/store/group/phys_heavyions/jvelazqu/energycorr/condor_R4_axisWTA_cen//0002/L1_object_data_2268_processed.root
hadd Source file 45: /eos/cms/store/group/phys_heavyions/jvelazqu/energycorr/condor_R4_axisWTA_cen//0005/L1_object_data_5294_processed.root
hadd Source file 46: /eos/cms/store/group/phys_heavyions/jvelazqu/energycorr/condor_R4_axisWTA_cen//0000/L1_object_data_1847_processed.root
hadd Source file 35: /eos/cms/store/group/phys_heavyions/jvelazqu/energycorr/condor_R4_axisWTA_cen//0001/L1_object_data_1443_processed.root
hadd Source file 37: /eos/cms/store/group/phys_heavyions/jvelazqu/energycorr/condor_R4_axisWTA_cen//0005/L1_object_data_5891_processed.root
hadd Source file 45: /eos/cms/store/group/phys_heavyions/jvelazqu/energycorr/condor_R4_axisWTA_cen//0002/L1_object_data_2874_processed.root
hadd Source file 45: /eos/cms/store/group/phys_heavyions/jvelazqu/energycorr/condor_R4_axisWTA_cen//0002/L1_object_data_2269_processed.root
hadd Source file 36: /eos/cms/store/group/phys_heavyions/jvelazqu/energycorr/condor_R4_axisWTA_cen//0004/L1_object_data_4075_processed.root
hadd Source file 46: /eos/cms/store/group/phys_heavyions/jvelazqu/energycorr/condor_R4_axisWTA_cen//0005/L1_object_data_5295_processed.root
hadd Source file 36: /eos/cms/store/group/phys_heavyions/jvelazqu/energycorr/condor_R4_axisWTA_cen//0001/L1_object_data_1444_processed.root
hadd Source file 38: /eos/cms/store/group/phys_heavyions/jvelazqu/energycorr/condor_R4_axisWTA_cen//0005/L1_object_data_5892_processed.root
hadd Source file 47: /eos/cms/store/group/phys_heavyions/jvelazqu/energycorr/condor_R4_axisWTA_cen//0000/L1_object_data_1848_processed.root
hadd Source file 39: /eos/cms/store/group/phys_heavyions/jvelazqu/energycorr/condor_R4_axisWTA_cen//0005/L1_object_data_5893_processed.root
hadd Source file 47: /eos/cms/store/group/phys_heavyions/jvelazqu/energycorr/condor_R4_axisWTA_cen//0005/L1_object_data_5296_processed.root
hadd Source file 41: /eos/cms/store/group/phys_heavyions/jvelazqu/energycorr/condor_R4_axisWTA_cen//0004/L1_object_data_4685_processed.root
hadd Source file 37: /eos/cms/store/group/phys_heavyions/jvelazqu/energycorr/condor_R4_axisWTA_cen//0004/L1_object_data_4076_processed.root
hadd Source file 44: /eos/cms/store/group/phys_heavyions/jvelazqu/energycorr/condor_R4_axisWTA_cen//0003/L1_object_data_3478_processed.root
hadd Source file 46: /eos/cms/store/group/phys_heavyions/jvelazqu/energycorr/condor_R4_axisWTA_cen//0002/L1_object_data_2270_processed.root
hadd Source file 31: /eos/cms/store/group/phys_heavyions/jvelazqu/energycorr/condor_R4_axisWTA_cen//0000/L1_object_data_35_processed.root
hadd Source file 37: /eos/cms/store/group/phys_heavyions/jvelazqu/energycorr/condor_R4_axisWTA_cen//0001/L1_object_data_1445_processed.root
hadd Source file 48: /eos/cms/store/group/phys_heavyions/jvelazqu/energycorr/condor_R4_axisWTA_cen//0000/L1_object_data_1849_processed.root
hadd Source file 32: /eos/cms/store/group/phys_heavyions/jvelazqu/energycorr/condor_R4_axisWTA_cen//0000/L1_object_data_36_processed.root
hadd Source file 42: /eos/cms/store/group/phys_heavyions/jvelazqu/energycorr/condor_R4_axisWTA_cen//0004/L1_object_data_4686_processed.root
hadd Source file 47: /eos/cms/store/group/phys_heavyions/jvelazqu/energycorr/condor_R4_axisWTA_cen//0002/L1_object_data_2271_processed.root
hadd Source file 48: /eos/cms/store/group/phys_heavyions/jvelazqu/energycorr/condor_R4_axisWTA_cen//0005/L1_object_data_5297_processed.root
hadd Source file 38: /eos/cms/store/group/phys_heavyions/jvelazqu/energycorr/condor_R4_axisWTA_cen//0001/L1_object_data_1446_processed.root
hadd Source file 38: /eos/cms/store/group/phys_heavyions/jvelazqu/energycorr/condor_R4_axisWTA_cen//0004/L1_object_data_4077_processed.root
hadd Source file 45: /eos/cms/store/group/phys_heavyions/jvelazqu/energycorr/condor_R4_axisWTA_cen//0003/L1_object_data_3479_processed.root
hadd Source file 49: /eos/cms/store/group/phys_heavyions/jvelazqu/energycorr/condor_R4_axisWTA_cen//0005/L1_object_data_5298_processed.root
hadd Source file 43: /eos/cms/store/group/phys_heavyions/jvelazqu/energycorr/condor_R4_axisWTA_cen//0004/L1_object_data_4687_processed.root
hadd Source file 46: /eos/cms/store/group/phys_heavyions/jvelazqu/energycorr/condor_R4_axisWTA_cen//0002/L1_object_data_2875_processed.root
hadd Source file 39: /eos/cms/store/group/phys_heavyions/jvelazqu/energycorr/condor_R4_axisWTA_cen//0001/L1_object_data_1447_processed.root
hadd Source file 48: /eos/cms/store/group/phys_heavyions/jvelazqu/energycorr/condor_R4_axisWTA_cen//0002/L1_object_data_2272_processed.root
hadd Source file 33: /eos/cms/store/group/phys_heavyions/jvelazqu/energycorr/condor_R4_axisWTA_cen//0000/L1_object_data_37_processed.root
hadd Source file 50: /eos/cms/store/group/phys_heavyions/jvelazqu/energycorr/condor_R4_axisWTA_cen//0005/L1_object_data_5299_processed.root
hadd Source file 47: /eos/cms/store/group/phys_heavyions/jvelazqu/energycorr/condor_R4_axisWTA_cen//0002/L1_object_data_2876_processed.root
hadd Source file 44: /eos/cms/store/group/phys_heavyions/jvelazqu/energycorr/condor_R4_axisWTA_cen//0004/L1_object_data_4688_processed.root
hadd Source file 40: /eos/cms/store/group/phys_heavyions/jvelazqu/energycorr/condor_R4_axisWTA_cen//0001/L1_object_data_1448_processed.root
hadd Source file 49: /eos/cms/store/group/phys_heavyions/jvelazqu/energycorr/condor_R4_axisWTA_cen//0002/L1_object_data_2273_processed.root
hadd Source file 48: /eos/cms/store/group/phys_heavyions/jvelazqu/energycorr/condor_R4_axisWTA_cen//0002/L1_object_data_2877_processed.root
hadd Source file 41: /eos/cms/store/group/phys_heavyions/jvelazqu/energycorr/condor_R4_axisWTA_cen//0001/L1_object_data_1449_processed.root
hadd Source file 51: /eos/cms/store/group/phys_heavyions/jvelazqu/energycorr/condor_R4_axisWTA_cen//0005/L1_object_data_5300_processed.root
hadd Source file 50: /eos/cms/store/group/phys_heavyions/jvelazqu/energycorr/condor_R4_axisWTA_cen//0002/L1_object_data_2274_processed.root
hadd Source file 49: /eos/cms/store/group/phys_heavyions/jvelazqu/energycorr/condor_R4_axisWTA_cen//0002/L1_object_data_2878_processed.root
hadd Source file 49: /eos/cms/store/group/phys_heavyions/jvelazqu/energycorr/condor_R4_axisWTA_cen//0000/L1_object_data_1850_processed.root
hadd Source file 45: /eos/cms/store/group/phys_heavyions/jvelazqu/energycorr/condor_R4_axisWTA_cen//0004/L1_object_data_4689_processed.root
hadd Source file 42: /eos/cms/store/group/phys_heavyions/jvelazqu/energycorr/condor_R4_axisWTA_cen//0001/L1_object_data_1450_processed.root
hadd Source file 52: /eos/cms/store/group/phys_heavyions/jvelazqu/energycorr/condor_R4_axisWTA_cen//0005/L1_object_data_5301_processed.root
hadd Source file 51: /eos/cms/store/group/phys_heavyions/jvelazqu/energycorr/condor_R4_axisWTA_cen//0002/L1_object_data_2275_processed.root
hadd Source file 46: /eos/cms/store/group/phys_heavyions/jvelazqu/energycorr/condor_R4_axisWTA_cen//0003/L1_object_data_3480_processed.root
hadd Source file 46: /eos/cms/store/group/phys_heavyions/jvelazqu/energycorr/condor_R4_axisWTA_cen//0004/L1_object_data_4690_processed.root
hadd Source file 52: /eos/cms/store/group/phys_heavyions/jvelazqu/energycorr/condor_R4_axisWTA_cen//0002/L1_object_data_2276_processed.root
hadd Source file 43: /eos/cms/store/group/phys_heavyions/jvelazqu/energycorr/condor_R4_axisWTA_cen//0001/L1_object_data_1451_processed.root
hadd Source file 50: /eos/cms/store/group/phys_heavyions/jvelazqu/energycorr/condor_R4_axisWTA_cen//0000/L1_object_data_1851_processed.root
hadd Source file 47: /eos/cms/store/group/phys_heavyions/jvelazqu/energycorr/condor_R4_axisWTA_cen//0004/L1_object_data_4691_processed.root
hadd Source file 53: /eos/cms/store/group/phys_heavyions/jvelazqu/energycorr/condor_R4_axisWTA_cen//0005/L1_object_data_5302_processed.root
hadd Source file 44: /eos/cms/store/group/phys_heavyions/jvelazqu/energycorr/condor_R4_axisWTA_cen//0001/L1_object_data_1452_processed.root
hadd Source file 47: /eos/cms/store/group/phys_heavyions/jvelazqu/energycorr/condor_R4_axisWTA_cen//0003/L1_object_data_3481_processed.root
hadd Source file 51: /eos/cms/store/group/phys_heavyions/jvelazqu/energycorr/condor_R4_axisWTA_cen//0000/L1_object_data_1852_processed.root
hadd Source file 48: /eos/cms/store/group/phys_heavyions/jvelazqu/energycorr/condor_R4_axisWTA_cen//0004/L1_object_data_4692_processed.root
hadd Source file 54: /eos/cms/store/group/phys_heavyions/jvelazqu/energycorr/condor_R4_axisWTA_cen//0005/L1_object_data_5303_processed.root
hadd Source file 45: /eos/cms/store/group/phys_heavyions/jvelazqu/energycorr/condor_R4_axisWTA_cen//0001/L1_object_data_1453_processed.root
hadd Source file 53: /eos/cms/store/group/phys_heavyions/jvelazqu/energycorr/condor_R4_axisWTA_cen//0002/L1_object_data_2277_processed.root
hadd Source file 52: /eos/cms/store/group/phys_heavyions/jvelazqu/energycorr/condor_R4_axisWTA_cen//0000/L1_object_data_1853_processed.root
hadd Source file 50: /eos/cms/store/group/phys_heavyions/jvelazqu/energycorr/condor_R4_axisWTA_cen//0002/L1_object_data_2879_processed.root
hadd Source file 49: /eos/cms/store/group/phys_heavyions/jvelazqu/energycorr/condor_R4_axisWTA_cen//0004/L1_object_data_4693_processed.root
hadd Source file 55: /eos/cms/store/group/phys_heavyions/jvelazqu/energycorr/condor_R4_axisWTA_cen//0005/L1_object_data_5304_processed.root
hadd Source file 40: /eos/cms/store/group/phys_heavyions/jvelazqu/energycorr/condor_R4_axisWTA_cen//0005/L1_object_data_5894_processed.root
hadd Source file 53: /eos/cms/store/group/phys_heavyions/jvelazqu/energycorr/condor_R4_axisWTA_cen//0000/L1_object_data_1854_processed.root
hadd Source file 39: /eos/cms/store/group/phys_heavyions/jvelazqu/energycorr/condor_R4_axisWTA_cen//0004/L1_object_data_4078_processed.root
hadd Source file 54: /eos/cms/store/group/phys_heavyions/jvelazqu/energycorr/condor_R4_axisWTA_cen//0002/L1_object_data_2278_processed.root
hadd Source file 46: /eos/cms/store/group/phys_heavyions/jvelazqu/energycorr/condor_R4_axisWTA_cen//0001/L1_object_data_1454_processed.root
hadd Source file 51: /eos/cms/store/group/phys_heavyions/jvelazqu/energycorr/condor_R4_axisWTA_cen//0002/L1_object_data_2880_processed.root
hadd Source file 40: /eos/cms/store/group/phys_heavyions/jvelazqu/energycorr/condor_R4_axisWTA_cen//0004/L1_object_data_4079_processed.root
hadd Source file 41: /eos/cms/store/group/phys_heavyions/jvelazqu/energycorr/condor_R4_axisWTA_cen//0005/L1_object_data_5895_processed.root
hadd Source file 56: /eos/cms/store/group/phys_heavyions/jvelazqu/energycorr/condor_R4_axisWTA_cen//0005/L1_object_data_5305_processed.root
hadd Source file 55: /eos/cms/store/group/phys_heavyions/jvelazqu/energycorr/condor_R4_axisWTA_cen//0002/L1_object_data_2279_processed.root
hadd Source file 52: /eos/cms/store/group/phys_heavyions/jvelazqu/energycorr/condor_R4_axisWTA_cen//0002/L1_object_data_2881_processed.root
hadd Source file 54: /eos/cms/store/group/phys_heavyions/jvelazqu/energycorr/condor_R4_axisWTA_cen//0000/L1_object_data_1855_processed.root
hadd Source file 47: /eos/cms/store/group/phys_heavyions/jvelazqu/energycorr/condor_R4_axisWTA_cen//0001/L1_object_data_1455_processed.root
hadd Source file 42: /eos/cms/store/group/phys_heavyions/jvelazqu/energycorr/condor_R4_axisWTA_cen//0005/L1_object_data_5896_processed.root
hadd Source file 57: /eos/cms/store/group/phys_heavyions/jvelazqu/energycorr/condor_R4_axisWTA_cen//0005/L1_object_data_5306_processed.root
hadd Source file 41: /eos/cms/store/group/phys_heavyions/jvelazqu/energycorr/condor_R4_axisWTA_cen//0004/L1_object_data_4080_processed.root
hadd Source file 48: /eos/cms/store/group/phys_heavyions/jvelazqu/energycorr/condor_R4_axisWTA_cen//0003/L1_object_data_3482_processed.root
hadd Source file 34: /eos/cms/store/group/phys_heavyions/jvelazqu/energycorr/condor_R4_axisWTA_cen//0000/L1_object_data_38_processed.root
hadd Source file 56: /eos/cms/store/group/phys_heavyions/jvelazqu/energycorr/condor_R4_axisWTA_cen//0002/L1_object_data_2280_processed.root
hadd Source file 48: /eos/cms/store/group/phys_heavyions/jvelazqu/energycorr/condor_R4_axisWTA_cen//0001/L1_object_data_1456_processed.root
hadd Source file 55: /eos/cms/store/group/phys_heavyions/jvelazqu/energycorr/condor_R4_axisWTA_cen//0000/L1_object_data_1856_processed.root
hadd Source file 53: /eos/cms/store/group/phys_heavyions/jvelazqu/energycorr/condor_R4_axisWTA_cen//0002/L1_object_data_2882_processed.root
hadd Source file 50: /eos/cms/store/group/phys_heavyions/jvelazqu/energycorr/condor_R4_axisWTA_cen//0004/L1_object_data_4694_processed.root
hadd Source file 35: /eos/cms/store/group/phys_heavyions/jvelazqu/energycorr/condor_R4_axisWTA_cen//0000/L1_object_data_39_processed.root
hadd Source file 42: /eos/cms/store/group/phys_heavyions/jvelazqu/energycorr/condor_R4_axisWTA_cen//0004/L1_object_data_4081_processed.root
hadd Source file 43: /eos/cms/store/group/phys_heavyions/jvelazqu/energycorr/condor_R4_axisWTA_cen//0005/L1_object_data_5897_processed.root
hadd Source file 49: /eos/cms/store/group/phys_heavyions/jvelazqu/energycorr/condor_R4_axisWTA_cen//0001/L1_object_data_1457_processed.root
hadd Source file 57: /eos/cms/store/group/phys_heavyions/jvelazqu/energycorr/condor_R4_axisWTA_cen//0002/L1_object_data_2281_processed.root
hadd Source file 58: /eos/cms/store/group/phys_heavyions/jvelazqu/energycorr/condor_R4_axisWTA_cen//0005/L1_object_data_5307_processed.root
hadd Source file 54: /eos/cms/store/group/phys_heavyions/jvelazqu/energycorr/condor_R4_axisWTA_cen//0002/L1_object_data_2883_processed.root
hadd Source file 56: /eos/cms/store/group/phys_heavyions/jvelazqu/energycorr/condor_R4_axisWTA_cen//0000/L1_object_data_1857_processed.root
hadd Source file 36: /eos/cms/store/group/phys_heavyions/jvelazqu/energycorr/condor_R4_axisWTA_cen//0000/L1_object_data_40_processed.root
hadd Source file 51: /eos/cms/store/group/phys_heavyions/jvelazqu/energycorr/condor_R4_axisWTA_cen//0004/L1_object_data_4695_processed.root
hadd Source file 50: /eos/cms/store/group/phys_heavyions/jvelazqu/energycorr/condor_R4_axisWTA_cen//0001/L1_object_data_1458_processed.root
hadd Source file 58: /eos/cms/store/group/phys_heavyions/jvelazqu/energycorr/condor_R4_axisWTA_cen//0002/L1_object_data_2282_processed.root
hadd Source file 59: /eos/cms/store/group/phys_heavyions/jvelazqu/energycorr/condor_R4_axisWTA_cen//0005/L1_object_data_5308_processed.root
hadd Source file 52: /eos/cms/store/group/phys_heavyions/jvelazqu/energycorr/condor_R4_axisWTA_cen//0004/L1_object_data_4696_processed.root
hadd Source file 57: /eos/cms/store/group/phys_heavyions/jvelazqu/energycorr/condor_R4_axisWTA_cen//0000/L1_object_data_1858_processed.root
hadd Source file 37: /eos/cms/store/group/phys_heavyions/jvelazqu/energycorr/condor_R4_axisWTA_cen//0000/L1_object_data_41_processed.root
hadd Source file 51: /eos/cms/store/group/phys_heavyions/jvelazqu/energycorr/condor_R4_axisWTA_cen//0001/L1_object_data_1459_processed.root
hadd Source file 59: /eos/cms/store/group/phys_heavyions/jvelazqu/energycorr/condor_R4_axisWTA_cen//0002/L1_object_data_2283_processed.root
hadd Source file 53: /eos/cms/store/group/phys_heavyions/jvelazqu/energycorr/condor_R4_axisWTA_cen//0004/L1_object_data_4697_processed.root
hadd Source file 58: /eos/cms/store/group/phys_heavyions/jvelazqu/energycorr/condor_R4_axisWTA_cen//0000/L1_object_data_1859_processed.root
hadd Source file 60: /eos/cms/store/group/phys_heavyions/jvelazqu/energycorr/condor_R4_axisWTA_cen//0005/L1_object_data_5309_processed.root
hadd Source file 49: /eos/cms/store/group/phys_heavyions/jvelazqu/energycorr/condor_R4_axisWTA_cen//0003/L1_object_data_3483_processed.root
hadd Source file 52: /eos/cms/store/group/phys_heavyions/jvelazqu/energycorr/condor_R4_axisWTA_cen//0001/L1_object_data_1460_processed.root
hadd Source file 54: /eos/cms/store/group/phys_heavyions/jvelazqu/energycorr/condor_R4_axisWTA_cen//0004/L1_object_data_4698_processed.root
hadd Source file 60: /eos/cms/store/group/phys_heavyions/jvelazqu/energycorr/condor_R4_axisWTA_cen//0002/L1_object_data_2284_processed.root
hadd Source file 43: /eos/cms/store/group/phys_heavyions/jvelazqu/energycorr/condor_R4_axisWTA_cen//0004/L1_object_data_4082_processed.root
hadd Source file 50: /eos/cms/store/group/phys_heavyions/jvelazqu/energycorr/condor_R4_axisWTA_cen//0003/L1_object_data_3484_processed.root
hadd Source file 59: /eos/cms/store/group/phys_heavyions/jvelazqu/energycorr/condor_R4_axisWTA_cen//0000/L1_object_data_1860_processed.root
hadd Source file 53: /eos/cms/store/group/phys_heavyions/jvelazqu/energycorr/condor_R4_axisWTA_cen//0001/L1_object_data_1461_processed.root
hadd Source file 44: /eos/cms/store/group/phys_heavyions/jvelazqu/energycorr/condor_R4_axisWTA_cen//0005/L1_object_data_5898_processed.root
hadd Source file 61: /eos/cms/store/group/phys_heavyions/jvelazqu/energycorr/condor_R4_axisWTA_cen//0005/L1_object_data_5310_processed.root
hadd Source file 55: /eos/cms/store/group/phys_heavyions/jvelazqu/energycorr/condor_R4_axisWTA_cen//0002/L1_object_data_2884_processed.root
hadd Source file 61: /eos/cms/store/group/phys_heavyions/jvelazqu/energycorr/condor_R4_axisWTA_cen//0002/L1_object_data_2285_processed.root
hadd Source file 54: /eos/cms/store/group/phys_heavyions/jvelazqu/energycorr/condor_R4_axisWTA_cen//0001/L1_object_data_1462_processed.root
hadd Source file 55: /eos/cms/store/group/phys_heavyions/jvelazqu/energycorr/condor_R4_axisWTA_cen//0004/L1_object_data_4699_processed.root
hadd Source file 51: /eos/cms/store/group/phys_heavyions/jvelazqu/energycorr/condor_R4_axisWTA_cen//0003/L1_object_data_3485_processed.root
hadd Source file 45: /eos/cms/store/group/phys_heavyions/jvelazqu/energycorr/condor_R4_axisWTA_cen//0005/L1_object_data_5899_processed.root
hadd Source file 62: /eos/cms/store/group/phys_heavyions/jvelazqu/energycorr/condor_R4_axisWTA_cen//0005/L1_object_data_5311_processed.root
hadd Source file 60: /eos/cms/store/group/phys_heavyions/jvelazqu/energycorr/condor_R4_axisWTA_cen//0000/L1_object_data_1861_processed.root
hadd Source file 62: /eos/cms/store/group/phys_heavyions/jvelazqu/energycorr/condor_R4_axisWTA_cen//0002/L1_object_data_2286_processed.root
hadd Source file 56: /eos/cms/store/group/phys_heavyions/jvelazqu/energycorr/condor_R4_axisWTA_cen//0002/L1_object_data_2885_processed.root
hadd Source file 56: /eos/cms/store/group/phys_heavyions/jvelazqu/energycorr/condor_R4_axisWTA_cen//0004/L1_object_data_4700_processed.root
hadd Source file 63: /eos/cms/store/group/phys_heavyions/jvelazqu/energycorr/condor_R4_axisWTA_cen//0005/L1_object_data_5312_processed.root
hadd Source file 55: /eos/cms/store/group/phys_heavyions/jvelazqu/energycorr/condor_R4_axisWTA_cen//0001/L1_object_data_1463_processed.root
hadd Source file 52: /eos/cms/store/group/phys_heavyions/jvelazqu/energycorr/condor_R4_axisWTA_cen//0003/L1_object_data_3486_processed.root
hadd Source file 63: /eos/cms/store/group/phys_heavyions/jvelazqu/energycorr/condor_R4_axisWTA_cen//0002/L1_object_data_2287_processed.root
hadd Source file 57: /eos/cms/store/group/phys_heavyions/jvelazqu/energycorr/condor_R4_axisWTA_cen//0004/L1_object_data_4701_processed.root
hadd Source file 64: /eos/cms/store/group/phys_heavyions/jvelazqu/energycorr/condor_R4_axisWTA_cen//0005/L1_object_data_5313_processed.root
hadd Source file 46: /eos/cms/store/group/phys_heavyions/jvelazqu/energycorr/condor_R4_axisWTA_cen//0005/L1_object_data_5900_processed.root
hadd Source file 56: /eos/cms/store/group/phys_heavyions/jvelazqu/energycorr/condor_R4_axisWTA_cen//0001/L1_object_data_1464_processed.root
hadd Source file 44: /eos/cms/store/group/phys_heavyions/jvelazqu/energycorr/condor_R4_axisWTA_cen//0004/L1_object_data_4083_processed.root
hadd Source file 53: /eos/cms/store/group/phys_heavyions/jvelazqu/energycorr/condor_R4_axisWTA_cen//0003/L1_object_data_3487_processed.root
hadd Source file 64: /eos/cms/store/group/phys_heavyions/jvelazqu/energycorr/condor_R4_axisWTA_cen//0002/L1_object_data_2288_processed.root
hadd Source file 57: /eos/cms/store/group/phys_heavyions/jvelazqu/energycorr/condor_R4_axisWTA_cen//0001/L1_object_data_1465_processed.root
hadd Source file 58: /eos/cms/store/group/phys_heavyions/jvelazqu/energycorr/condor_R4_axisWTA_cen//0004/L1_object_data_4702_processed.root
hadd Source file 65: /eos/cms/store/group/phys_heavyions/jvelazqu/energycorr/condor_R4_axisWTA_cen//0005/L1_object_data_5314_processed.root
hadd Source file 61: /eos/cms/store/group/phys_heavyions/jvelazqu/energycorr/condor_R4_axisWTA_cen//0000/L1_object_data_1862_processed.root
hadd Source file 45: /eos/cms/store/group/phys_heavyions/jvelazqu/energycorr/condor_R4_axisWTA_cen//0004/L1_object_data_4084_processed.root
hadd Source file 38: /eos/cms/store/group/phys_heavyions/jvelazqu/energycorr/condor_R4_axisWTA_cen//0000/L1_object_data_42_processed.root
hadd Source file 47: /eos/cms/store/group/phys_heavyions/jvelazqu/energycorr/condor_R4_axisWTA_cen//0005/L1_object_data_5901_processed.root
hadd Source file 54: /eos/cms/store/group/phys_heavyions/jvelazqu/energycorr/condor_R4_axisWTA_cen//0003/L1_object_data_3488_processed.root
hadd Source file 58: /eos/cms/store/group/phys_heavyions/jvelazqu/energycorr/condor_R4_axisWTA_cen//0001/L1_object_data_1466_processed.root
hadd Source file 65: /eos/cms/store/group/phys_heavyions/jvelazqu/energycorr/condor_R4_axisWTA_cen//0002/L1_object_data_2289_processed.root
hadd Source file 59: /eos/cms/store/group/phys_heavyions/jvelazqu/energycorr/condor_R4_axisWTA_cen//0004/L1_object_data_4703_processed.root
hadd Source file 62: /eos/cms/store/group/phys_heavyions/jvelazqu/energycorr/condor_R4_axisWTA_cen//0000/L1_object_data_1863_processed.root
hadd Source file 57: /eos/cms/store/group/phys_heavyions/jvelazqu/energycorr/condor_R4_axisWTA_cen//0002/L1_object_data_2886_processed.root
hadd Source file 66: /eos/cms/store/group/phys_heavyions/jvelazqu/energycorr/condor_R4_axisWTA_cen//0005/L1_object_data_5315_processed.root
hadd Source file 60: /eos/cms/store/group/phys_heavyions/jvelazqu/energycorr/condor_R4_axisWTA_cen//0004/L1_object_data_4704_processed.root
hadd Source file 39: /eos/cms/store/group/phys_heavyions/jvelazqu/energycorr/condor_R4_axisWTA_cen//0000/L1_object_data_43_processed.root
hadd Source file 55: /eos/cms/store/group/phys_heavyions/jvelazqu/energycorr/condor_R4_axisWTA_cen//0003/L1_object_data_3489_processed.root
hadd Source file 48: /eos/cms/store/group/phys_heavyions/jvelazqu/energycorr/condor_R4_axisWTA_cen//0005/L1_object_data_5902_processed.root
hadd Source file 66: /eos/cms/store/group/phys_heavyions/jvelazqu/energycorr/condor_R4_axisWTA_cen//0002/L1_object_data_2290_processed.root
hadd Source file 63: /eos/cms/store/group/phys_heavyions/jvelazqu/energycorr/condor_R4_axisWTA_cen//0000/L1_object_data_1864_processed.root
hadd Source file 67: /eos/cms/store/group/phys_heavyions/jvelazqu/energycorr/condor_R4_axisWTA_cen//0005/L1_object_data_5316_processed.root
hadd Source file 56: /eos/cms/store/group/phys_heavyions/jvelazqu/energycorr/condor_R4_axisWTA_cen//0003/L1_object_data_3490_processed.root
hadd Source file 61: /eos/cms/store/group/phys_heavyions/jvelazqu/energycorr/condor_R4_axisWTA_cen//0004/L1_object_data_4705_processed.root
hadd Source file 40: /eos/cms/store/group/phys_heavyions/jvelazqu/energycorr/condor_R4_axisWTA_cen//0000/L1_object_data_44_processed.root
hadd Source file 49: /eos/cms/store/group/phys_heavyions/jvelazqu/energycorr/condor_R4_axisWTA_cen//0005/L1_object_data_5903_processed.root
hadd Source file 58: /eos/cms/store/group/phys_heavyions/jvelazqu/energycorr/condor_R4_axisWTA_cen//0002/L1_object_data_2887_processed.root
hadd Source file 64: /eos/cms/store/group/phys_heavyions/jvelazqu/energycorr/condor_R4_axisWTA_cen//0000/L1_object_data_1865_processed.root
hadd Source file 57: /eos/cms/store/group/phys_heavyions/jvelazqu/energycorr/condor_R4_axisWTA_cen//0003/L1_object_data_3491_processed.root
hadd Source file 68: /eos/cms/store/group/phys_heavyions/jvelazqu/energycorr/condor_R4_axisWTA_cen//0005/L1_object_data_5317_processed.root
hadd Source file 59: /eos/cms/store/group/phys_heavyions/jvelazqu/energycorr/condor_R4_axisWTA_cen//0002/L1_object_data_2888_processed.root
hadd Source file 41: /eos/cms/store/group/phys_heavyions/jvelazqu/energycorr/condor_R4_axisWTA_cen//0000/L1_object_data_45_processed.root
hadd Source file 62: /eos/cms/store/group/phys_heavyions/jvelazqu/energycorr/condor_R4_axisWTA_cen//0004/L1_object_data_4706_processed.root
hadd Source file 67: /eos/cms/store/group/phys_heavyions/jvelazqu/energycorr/condor_R4_axisWTA_cen//0002/L1_object_data_2291_processed.root
hadd Source file 50: /eos/cms/store/group/phys_heavyions/jvelazqu/energycorr/condor_R4_axisWTA_cen//0005/L1_object_data_5904_processed.root
hadd Source file 65: /eos/cms/store/group/phys_heavyions/jvelazqu/energycorr/condor_R4_axisWTA_cen//0000/L1_object_data_1866_processed.root
hadd Source file 46: /eos/cms/store/group/phys_heavyions/jvelazqu/energycorr/condor_R4_axisWTA_cen//0004/L1_object_data_4085_processed.root
hadd Source file 60: /eos/cms/store/group/phys_heavyions/jvelazqu/energycorr/condor_R4_axisWTA_cen//0002/L1_object_data_2889_processed.root
hadd Source file 59: /eos/cms/store/group/phys_heavyions/jvelazqu/energycorr/condor_R4_axisWTA_cen//0001/L1_object_data_1467_processed.root
hadd Source file 58: /eos/cms/store/group/phys_heavyions/jvelazqu/energycorr/condor_R4_axisWTA_cen//0003/L1_object_data_3492_processed.root
hadd Source file 63: /eos/cms/store/group/phys_heavyions/jvelazqu/energycorr/condor_R4_axisWTA_cen//0004/L1_object_data_4707_processed.root
hadd Source file 47: /eos/cms/store/group/phys_heavyions/jvelazqu/energycorr/condor_R4_axisWTA_cen//0004/L1_object_data_4086_processed.root
hadd Source file 68: /eos/cms/store/group/phys_heavyions/jvelazqu/energycorr/condor_R4_axisWTA_cen//0002/L1_object_data_2292_processed.root
hadd Source file 66: /eos/cms/store/group/phys_heavyions/jvelazqu/energycorr/condor_R4_axisWTA_cen//0000/L1_object_data_1867_processed.root
hadd Source file 51: /eos/cms/store/group/phys_heavyions/jvelazqu/energycorr/condor_R4_axisWTA_cen//0005/L1_object_data_5905_processed.root
hadd Source file 61: /eos/cms/store/group/phys_heavyions/jvelazqu/energycorr/condor_R4_axisWTA_cen//0002/L1_object_data_2890_processed.root
hadd Source file 60: /eos/cms/store/group/phys_heavyions/jvelazqu/energycorr/condor_R4_axisWTA_cen//0001/L1_object_data_1468_processed.root
hadd Source file 42: /eos/cms/store/group/phys_heavyions/jvelazqu/energycorr/condor_R4_axisWTA_cen//0000/L1_object_data_46_processed.root
hadd Source file 64: /eos/cms/store/group/phys_heavyions/jvelazqu/energycorr/condor_R4_axisWTA_cen//0004/L1_object_data_4708_processed.root
hadd Source file 67: /eos/cms/store/group/phys_heavyions/jvelazqu/energycorr/condor_R4_axisWTA_cen//0000/L1_object_data_1868_processed.root
hadd Source file 69: /eos/cms/store/group/phys_heavyions/jvelazqu/energycorr/condor_R4_axisWTA_cen//0002/L1_object_data_2293_processed.root
hadd Source file 48: /eos/cms/store/group/phys_heavyions/jvelazqu/energycorr/condor_R4_axisWTA_cen//0004/L1_object_data_4087_processed.root
hadd Source file 61: /eos/cms/store/group/phys_heavyions/jvelazqu/energycorr/condor_R4_axisWTA_cen//0001/L1_object_data_1469_processed.root
hadd Source file 52: /eos/cms/store/group/phys_heavyions/jvelazqu/energycorr/condor_R4_axisWTA_cen//0005/L1_object_data_5906_processed.root
hadd Source file 62: /eos/cms/store/group/phys_heavyions/jvelazqu/energycorr/condor_R4_axisWTA_cen//0002/L1_object_data_2891_processed.root
hadd Source file 70: /eos/cms/store/group/phys_heavyions/jvelazqu/energycorr/condor_R4_axisWTA_cen//0002/L1_object_data_2294_processed.root
hadd Source file 43: /eos/cms/store/group/phys_heavyions/jvelazqu/energycorr/condor_R4_axisWTA_cen//0000/L1_object_data_47_processed.root
hadd Source file 68: /eos/cms/store/group/phys_heavyions/jvelazqu/energycorr/condor_R4_axisWTA_cen//0000/L1_object_data_1869_processed.root
hadd Source file 62: /eos/cms/store/group/phys_heavyions/jvelazqu/energycorr/condor_R4_axisWTA_cen//0001/L1_object_data_1470_processed.root
hadd Source file 53: /eos/cms/store/group/phys_heavyions/jvelazqu/energycorr/condor_R4_axisWTA_cen//0005/L1_object_data_5907_processed.root
hadd Source file 49: /eos/cms/store/group/phys_heavyions/jvelazqu/energycorr/condor_R4_axisWTA_cen//0004/L1_object_data_4088_processed.root
hadd Source file 71: /eos/cms/store/group/phys_heavyions/jvelazqu/energycorr/condor_R4_axisWTA_cen//0002/L1_object_data_2295_processed.root
hadd Source file 63: /eos/cms/store/group/phys_heavyions/jvelazqu/energycorr/condor_R4_axisWTA_cen//0002/L1_object_data_2892_processed.root
hadd Source file 59: /eos/cms/store/group/phys_heavyions/jvelazqu/energycorr/condor_R4_axisWTA_cen//0003/L1_object_data_3493_processed.root
hadd Source file 63: /eos/cms/store/group/phys_heavyions/jvelazqu/energycorr/condor_R4_axisWTA_cen//0001/L1_object_data_1471_processed.root
hadd Source file 64: /eos/cms/store/group/phys_heavyions/jvelazqu/energycorr/condor_R4_axisWTA_cen//0002/L1_object_data_2893_processed.root
hadd Source file 50: /eos/cms/store/group/phys_heavyions/jvelazqu/energycorr/condor_R4_axisWTA_cen//0004/L1_object_data_4089_processed.root
hadd Source file 72: /eos/cms/store/group/phys_heavyions/jvelazqu/energycorr/condor_R4_axisWTA_cen//0002/L1_object_data_2296_processed.root
hadd Source file 54: /eos/cms/store/group/phys_heavyions/jvelazqu/energycorr/condor_R4_axisWTA_cen//0005/L1_object_data_5908_processed.root
hadd Source file 60: /eos/cms/store/group/phys_heavyions/jvelazqu/energycorr/condor_R4_axisWTA_cen//0003/L1_object_data_3494_processed.root
hadd Source file 64: /eos/cms/store/group/phys_heavyions/jvelazqu/energycorr/condor_R4_axisWTA_cen//0001/L1_object_data_1472_processed.root
hadd Source file 69: /eos/cms/store/group/phys_heavyions/jvelazqu/energycorr/condor_R4_axisWTA_cen//0000/L1_object_data_1870_processed.root
hadd Source file 65: /eos/cms/store/group/phys_heavyions/jvelazqu/energycorr/condor_R4_axisWTA_cen//0002/L1_object_data_2894_processed.root
hadd Source file 73: /eos/cms/store/group/phys_heavyions/jvelazqu/energycorr/condor_R4_axisWTA_cen//0002/L1_object_data_2297_processed.root
hadd Source file 65: /eos/cms/store/group/phys_heavyions/jvelazqu/energycorr/condor_R4_axisWTA_cen//0004/L1_object_data_4709_processed.root
hadd Source file 51: /eos/cms/store/group/phys_heavyions/jvelazqu/energycorr/condor_R4_axisWTA_cen//0004/L1_object_data_4090_processed.root
hadd Source file 65: /eos/cms/store/group/phys_heavyions/jvelazqu/energycorr/condor_R4_axisWTA_cen//0001/L1_object_data_1473_processed.root
hadd Source file 61: /eos/cms/store/group/phys_heavyions/jvelazqu/energycorr/condor_R4_axisWTA_cen//0003/L1_object_data_3495_processed.root
hadd Source file 70: /eos/cms/store/group/phys_heavyions/jvelazqu/energycorr/condor_R4_axisWTA_cen//0000/L1_object_data_1871_processed.root
hadd Source file 55: /eos/cms/store/group/phys_heavyions/jvelazqu/energycorr/condor_R4_axisWTA_cen//0005/L1_object_data_5909_processed.root
hadd Source file 44: /eos/cms/store/group/phys_heavyions/jvelazqu/energycorr/condor_R4_axisWTA_cen//0000/L1_object_data_48_processed.root
hadd Source file 66: /eos/cms/store/group/phys_heavyions/jvelazqu/energycorr/condor_R4_axisWTA_cen//0001/L1_object_data_1474_processed.root
hadd Source file 62: /eos/cms/store/group/phys_heavyions/jvelazqu/energycorr/condor_R4_axisWTA_cen//0003/L1_object_data_3496_processed.root
hadd Source file 71: /eos/cms/store/group/phys_heavyions/jvelazqu/energycorr/condor_R4_axisWTA_cen//0000/L1_object_data_1872_processed.root
hadd Source file 74: /eos/cms/store/group/phys_heavyions/jvelazqu/energycorr/condor_R4_axisWTA_cen//0002/L1_object_data_2298_processed.root
hadd Source file 66: /eos/cms/store/group/phys_heavyions/jvelazqu/energycorr/condor_R4_axisWTA_cen//0002/L1_object_data_2895_processed.root
hadd Source file 52: /eos/cms/store/group/phys_heavyions/jvelazqu/energycorr/condor_R4_axisWTA_cen//0004/L1_object_data_4091_processed.root
hadd Source file 63: /eos/cms/store/group/phys_heavyions/jvelazqu/energycorr/condor_R4_axisWTA_cen//0003/L1_object_data_3497_processed.root
hadd Source file 67: /eos/cms/store/group/phys_heavyions/jvelazqu/energycorr/condor_R4_axisWTA_cen//0001/L1_object_data_1475_processed.root
hadd Source file 45: /eos/cms/store/group/phys_heavyions/jvelazqu/energycorr/condor_R4_axisWTA_cen//0000/L1_object_data_49_processed.root
hadd Source file 56: /eos/cms/store/group/phys_heavyions/jvelazqu/energycorr/condor_R4_axisWTA_cen//0005/L1_object_data_5910_processed.root
hadd Source file 66: /eos/cms/store/group/phys_heavyions/jvelazqu/energycorr/condor_R4_axisWTA_cen//0004/L1_object_data_4710_processed.root
hadd Source file 53: /eos/cms/store/group/phys_heavyions/jvelazqu/energycorr/condor_R4_axisWTA_cen//0004/L1_object_data_4092_processed.root
hadd Source file 67: /eos/cms/store/group/phys_heavyions/jvelazqu/energycorr/condor_R4_axisWTA_cen//0002/L1_object_data_2896_processed.root
hadd Source file 46: /eos/cms/store/group/phys_heavyions/jvelazqu/energycorr/condor_R4_axisWTA_cen//0000/L1_object_data_50_processed.root
hadd Source file 54: /eos/cms/store/group/phys_heavyions/jvelazqu/energycorr/condor_R4_axisWTA_cen//0004/L1_object_data_4093_processed.root
hadd Source file 68: /eos/cms/store/group/phys_heavyions/jvelazqu/energycorr/condor_R4_axisWTA_cen//0002/L1_object_data_2897_processed.root
hadd Source file 57: /eos/cms/store/group/phys_heavyions/jvelazqu/energycorr/condor_R4_axisWTA_cen//0005/L1_object_data_5911_processed.root
hadd Source file 47: /eos/cms/store/group/phys_heavyions/jvelazqu/energycorr/condor_R4_axisWTA_cen//0000/L1_object_data_51_processed.root
hadd Source file 69: /eos/cms/store/group/phys_heavyions/jvelazqu/energycorr/condor_R4_axisWTA_cen//0002/L1_object_data_2898_processed.root
hadd Source file 55: /eos/cms/store/group/phys_heavyions/jvelazqu/energycorr/condor_R4_axisWTA_cen//0004/L1_object_data_4094_processed.root
hadd Source file 58: /eos/cms/store/group/phys_heavyions/jvelazqu/energycorr/condor_R4_axisWTA_cen//0005/L1_object_data_5912_processed.root
hadd Source file 48: /eos/cms/store/group/phys_heavyions/jvelazqu/energycorr/condor_R4_axisWTA_cen//0000/L1_object_data_52_processed.root
hadd Source file 72: /eos/cms/store/group/phys_heavyions/jvelazqu/energycorr/condor_R4_axisWTA_cen//0000/L1_object_data_1873_processed.root
hadd Source file 75: /eos/cms/store/group/phys_heavyions/jvelazqu/energycorr/condor_R4_axisWTA_cen//0002/L1_object_data_2299_processed.root
hadd Source file 70: /eos/cms/store/group/phys_heavyions/jvelazqu/energycorr/condor_R4_axisWTA_cen//0002/L1_object_data_2899_processed.root
hadd Source file 56: /eos/cms/store/group/phys_heavyions/jvelazqu/energycorr/condor_R4_axisWTA_cen//0004/L1_object_data_4095_processed.root
hadd Source file 64: /eos/cms/store/group/phys_heavyions/jvelazqu/energycorr/condor_R4_axisWTA_cen//0003/L1_object_data_3498_processed.root
hadd Source file 67: /eos/cms/store/group/phys_heavyions/jvelazqu/energycorr/condor_R4_axisWTA_cen//0004/L1_object_data_4711_processed.root
hadd Source file 68: /eos/cms/store/group/phys_heavyions/jvelazqu/energycorr/condor_R4_axisWTA_cen//0001/L1_object_data_1476_processed.root
hadd Source file 73: /eos/cms/store/group/phys_heavyions/jvelazqu/energycorr/condor_R4_axisWTA_cen//0000/L1_object_data_1874_processed.root
hadd Source file 49: /eos/cms/store/group/phys_heavyions/jvelazqu/energycorr/condor_R4_axisWTA_cen//0000/L1_object_data_53_processed.root
hadd Source file 76: /eos/cms/store/group/phys_heavyions/jvelazqu/energycorr/condor_R4_axisWTA_cen//0002/L1_object_data_2300_processed.root
hadd Source file 59: /eos/cms/store/group/phys_heavyions/jvelazqu/energycorr/condor_R4_axisWTA_cen//0005/L1_object_data_5913_processed.root
hadd Source file 71: /eos/cms/store/group/phys_heavyions/jvelazqu/energycorr/condor_R4_axisWTA_cen//0002/L1_object_data_2900_processed.root
hadd Source file 65: /eos/cms/store/group/phys_heavyions/jvelazqu/energycorr/condor_R4_axisWTA_cen//0003/L1_object_data_3499_processed.root
hadd Source file 57: /eos/cms/store/group/phys_heavyions/jvelazqu/energycorr/condor_R4_axisWTA_cen//0004/L1_object_data_4096_processed.root
hadd Source file 74: /eos/cms/store/group/phys_heavyions/jvelazqu/energycorr/condor_R4_axisWTA_cen//0000/L1_object_data_1875_processed.root
hadd Source file 69: /eos/cms/store/group/phys_heavyions/jvelazqu/energycorr/condor_R4_axisWTA_cen//0001/L1_object_data_1477_processed.root
hadd Source file 77: /eos/cms/store/group/phys_heavyions/jvelazqu/energycorr/condor_R4_axisWTA_cen//0002/L1_object_data_2301_processed.root
hadd Source file 72: /eos/cms/store/group/phys_heavyions/jvelazqu/energycorr/condor_R4_axisWTA_cen//0002/L1_object_data_2901_processed.root
hadd Source file 60: /eos/cms/store/group/phys_heavyions/jvelazqu/energycorr/condor_R4_axisWTA_cen//0005/L1_object_data_5914_processed.root
hadd Source file 68: /eos/cms/store/group/phys_heavyions/jvelazqu/energycorr/condor_R4_axisWTA_cen//0004/L1_object_data_4712_processed.root
hadd Source file 50: /eos/cms/store/group/phys_heavyions/jvelazqu/energycorr/condor_R4_axisWTA_cen//0000/L1_object_data_54_processed.root
hadd Source file 58: /eos/cms/store/group/phys_heavyions/jvelazqu/energycorr/condor_R4_axisWTA_cen//0004/L1_object_data_4097_processed.root
hadd Source file 78: /eos/cms/store/group/phys_heavyions/jvelazqu/energycorr/condor_R4_axisWTA_cen//0002/L1_object_data_2302_processed.root
hadd Source file 69: /eos/cms/store/group/phys_heavyions/jvelazqu/energycorr/condor_R4_axisWTA_cen//0004/L1_object_data_4713_processed.root
hadd Source file 61: /eos/cms/store/group/phys_heavyions/jvelazqu/energycorr/condor_R4_axisWTA_cen//0005/L1_object_data_5915_processed.root
hadd Source file 59: /eos/cms/store/group/phys_heavyions/jvelazqu/energycorr/condor_R4_axisWTA_cen//0004/L1_object_data_4098_processed.root
hadd Source file 79: /eos/cms/store/group/phys_heavyions/jvelazqu/energycorr/condor_R4_axisWTA_cen//0002/L1_object_data_2303_processed.root
hadd Source file 70: /eos/cms/store/group/phys_heavyions/jvelazqu/energycorr/condor_R4_axisWTA_cen//0004/L1_object_data_4714_processed.root
hadd Source file 51: /eos/cms/store/group/phys_heavyions/jvelazqu/energycorr/condor_R4_axisWTA_cen//0000/L1_object_data_55_processed.root
hadd Source file 62: /eos/cms/store/group/phys_heavyions/jvelazqu/energycorr/condor_R4_axisWTA_cen//0005/L1_object_data_5916_processed.root
hadd Source file 66: /eos/cms/store/group/phys_heavyions/jvelazqu/energycorr/condor_R4_axisWTA_cen//0003/L1_object_data_3500_processed.root
hadd Source file 80: /eos/cms/store/group/phys_heavyions/jvelazqu/energycorr/condor_R4_axisWTA_cen//0002/L1_object_data_2304_processed.root
hadd Source file 71: /eos/cms/store/group/phys_heavyions/jvelazqu/energycorr/condor_R4_axisWTA_cen//0004/L1_object_data_4715_processed.root
hadd Source file 75: /eos/cms/store/group/phys_heavyions/jvelazqu/energycorr/condor_R4_axisWTA_cen//0000/L1_object_data_1876_processed.root
hadd Source file 52: /eos/cms/store/group/phys_heavyions/jvelazqu/energycorr/condor_R4_axisWTA_cen//0000/L1_object_data_56_processed.root
hadd Source file 70: /eos/cms/store/group/phys_heavyions/jvelazqu/energycorr/condor_R4_axisWTA_cen//0001/L1_object_data_1478_processed.root
hadd Source file 73: /eos/cms/store/group/phys_heavyions/jvelazqu/energycorr/condor_R4_axisWTA_cen//0002/L1_object_data_2902_processed.root
hadd Source file 63: /eos/cms/store/group/phys_heavyions/jvelazqu/energycorr/condor_R4_axisWTA_cen//0005/L1_object_data_5917_processed.root
hadd Source file 72: /eos/cms/store/group/phys_heavyions/jvelazqu/energycorr/condor_R4_axisWTA_cen//0004/L1_object_data_4716_processed.root
hadd Source file 67: /eos/cms/store/group/phys_heavyions/jvelazqu/energycorr/condor_R4_axisWTA_cen//0003/L1_object_data_3501_processed.root
hadd Source file 76: /eos/cms/store/group/phys_heavyions/jvelazqu/energycorr/condor_R4_axisWTA_cen//0000/L1_object_data_1877_processed.root
hadd Source file 81: /eos/cms/store/group/phys_heavyions/jvelazqu/energycorr/condor_R4_axisWTA_cen//0002/L1_object_data_2305_processed.root
hadd Source file 60: /eos/cms/store/group/phys_heavyions/jvelazqu/energycorr/condor_R4_axisWTA_cen//0004/L1_object_data_4099_processed.root
hadd Source file 53: /eos/cms/store/group/phys_heavyions/jvelazqu/energycorr/condor_R4_axisWTA_cen//0000/L1_object_data_57_processed.root
hadd Source file 74: /eos/cms/store/group/phys_heavyions/jvelazqu/energycorr/condor_R4_axisWTA_cen//0002/L1_object_data_2903_processed.root
hadd Source file 64: /eos/cms/store/group/phys_heavyions/jvelazqu/energycorr/condor_R4_axisWTA_cen//0005/L1_object_data_5918_processed.root
hadd Source file 77: /eos/cms/store/group/phys_heavyions/jvelazqu/energycorr/condor_R4_axisWTA_cen//0000/L1_object_data_1878_processed.root
hadd Source file 73: /eos/cms/store/group/phys_heavyions/jvelazqu/energycorr/condor_R4_axisWTA_cen//0004/L1_object_data_4717_processed.root
hadd Source file 68: /eos/cms/store/group/phys_heavyions/jvelazqu/energycorr/condor_R4_axisWTA_cen//0003/L1_object_data_3502_processed.root
hadd Source file 82: /eos/cms/store/group/phys_heavyions/jvelazqu/energycorr/condor_R4_axisWTA_cen//0002/L1_object_data_2306_processed.root
hadd Source file 54: /eos/cms/store/group/phys_heavyions/jvelazqu/energycorr/condor_R4_axisWTA_cen//0000/L1_object_data_58_processed.root
hadd Source file 71: /eos/cms/store/group/phys_heavyions/jvelazqu/energycorr/condor_R4_axisWTA_cen//0001/L1_object_data_1479_processed.root
hadd Source file 75: /eos/cms/store/group/phys_heavyions/jvelazqu/energycorr/condor_R4_axisWTA_cen//0002/L1_object_data_2904_processed.root
hadd Source file 61: /eos/cms/store/group/phys_heavyions/jvelazqu/energycorr/condor_R4_axisWTA_cen//0004/L1_object_data_4100_processed.root
hadd Source file 83: /eos/cms/store/group/phys_heavyions/jvelazqu/energycorr/condor_R4_axisWTA_cen//0002/L1_object_data_2307_processed.root
hadd Source file 74: /eos/cms/store/group/phys_heavyions/jvelazqu/energycorr/condor_R4_axisWTA_cen//0004/L1_object_data_4718_processed.root
hadd Source file 69: /eos/cms/store/group/phys_heavyions/jvelazqu/energycorr/condor_R4_axisWTA_cen//0003/L1_object_data_3503_processed.root
hadd Source file 55: /eos/cms/store/group/phys_heavyions/jvelazqu/energycorr/condor_R4_axisWTA_cen//0000/L1_object_data_59_processed.root
hadd Source file 65: /eos/cms/store/group/phys_heavyions/jvelazqu/energycorr/condor_R4_axisWTA_cen//0005/L1_object_data_5919_processed.root
hadd Source file 72: /eos/cms/store/group/phys_heavyions/jvelazqu/energycorr/condor_R4_axisWTA_cen//0001/L1_object_data_1480_processed.root
hadd Source file 78: /eos/cms/store/group/phys_heavyions/jvelazqu/energycorr/condor_R4_axisWTA_cen//0000/L1_object_data_1879_processed.root
hadd Source file 76: /eos/cms/store/group/phys_heavyions/jvelazqu/energycorr/condor_R4_axisWTA_cen//0002/L1_object_data_2905_processed.root
hadd Source file 84: /eos/cms/store/group/phys_heavyions/jvelazqu/energycorr/condor_R4_axisWTA_cen//0002/L1_object_data_2308_processed.root
hadd Source file 75: /eos/cms/store/group/phys_heavyions/jvelazqu/energycorr/condor_R4_axisWTA_cen//0004/L1_object_data_4719_processed.root
hadd Source file 62: /eos/cms/store/group/phys_heavyions/jvelazqu/energycorr/condor_R4_axisWTA_cen//0004/L1_object_data_4101_processed.root
hadd Source file 73: /eos/cms/store/group/phys_heavyions/jvelazqu/energycorr/condor_R4_axisWTA_cen//0001/L1_object_data_1481_processed.root
hadd Source file 56: /eos/cms/store/group/phys_heavyions/jvelazqu/energycorr/condor_R4_axisWTA_cen//0000/L1_object_data_60_processed.root
hadd Source file 70: /eos/cms/store/group/phys_heavyions/jvelazqu/energycorr/condor_R4_axisWTA_cen//0003/L1_object_data_3504_processed.root
hadd Source file 66: /eos/cms/store/group/phys_heavyions/jvelazqu/energycorr/condor_R4_axisWTA_cen//0005/L1_object_data_5920_processed.root
hadd Source file 79: /eos/cms/store/group/phys_heavyions/jvelazqu/energycorr/condor_R4_axisWTA_cen//0000/L1_object_data_1880_processed.root
hadd Source file 76: /eos/cms/store/group/phys_heavyions/jvelazqu/energycorr/condor_R4_axisWTA_cen//0004/L1_object_data_4720_processed.root
hadd Source file 57: /eos/cms/store/group/phys_heavyions/jvelazqu/energycorr/condor_R4_axisWTA_cen//0000/L1_object_data_61_processed.root
hadd Source file 77: /eos/cms/store/group/phys_heavyions/jvelazqu/energycorr/condor_R4_axisWTA_cen//0002/L1_object_data_2906_processed.root
hadd Source file 85: /eos/cms/store/group/phys_heavyions/jvelazqu/energycorr/condor_R4_axisWTA_cen//0002/L1_object_data_2309_processed.root
hadd Source file 67: /eos/cms/store/group/phys_heavyions/jvelazqu/energycorr/condor_R4_axisWTA_cen//0005/L1_object_data_5921_processed.root
hadd Source file 71: /eos/cms/store/group/phys_heavyions/jvelazqu/energycorr/condor_R4_axisWTA_cen//0003/L1_object_data_3505_processed.root
hadd Source file 77: /eos/cms/store/group/phys_heavyions/jvelazqu/energycorr/condor_R4_axisWTA_cen//0004/L1_object_data_4721_processed.root
hadd Source file 74: /eos/cms/store/group/phys_heavyions/jvelazqu/energycorr/condor_R4_axisWTA_cen//0001/L1_object_data_1482_processed.root
hadd Source file 58: /eos/cms/store/group/phys_heavyions/jvelazqu/energycorr/condor_R4_axisWTA_cen//0000/L1_object_data_62_processed.root
hadd Source file 86: /eos/cms/store/group/phys_heavyions/jvelazqu/energycorr/condor_R4_axisWTA_cen//0002/L1_object_data_2310_processed.root
hadd Source file 63: /eos/cms/store/group/phys_heavyions/jvelazqu/energycorr/condor_R4_axisWTA_cen//0004/L1_object_data_4102_processed.root
hadd Source file 78: /eos/cms/store/group/phys_heavyions/jvelazqu/energycorr/condor_R4_axisWTA_cen//0002/L1_object_data_2907_processed.root
hadd Source file 72: /eos/cms/store/group/phys_heavyions/jvelazqu/energycorr/condor_R4_axisWTA_cen//0003/L1_object_data_3506_processed.root
hadd Source file 75: /eos/cms/store/group/phys_heavyions/jvelazqu/energycorr/condor_R4_axisWTA_cen//0001/L1_object_data_1483_processed.root
hadd Source file 68: /eos/cms/store/group/phys_heavyions/jvelazqu/energycorr/condor_R4_axisWTA_cen//0005/L1_object_data_5922_processed.root
hadd Source file 59: /eos/cms/store/group/phys_heavyions/jvelazqu/energycorr/condor_R4_axisWTA_cen//0000/L1_object_data_63_processed.root
hadd Source file 64: /eos/cms/store/group/phys_heavyions/jvelazqu/energycorr/condor_R4_axisWTA_cen//0004/L1_object_data_4103_processed.root
hadd Source file 79: /eos/cms/store/group/phys_heavyions/jvelazqu/energycorr/condor_R4_axisWTA_cen//0002/L1_object_data_2908_processed.root
hadd Source file 60: /eos/cms/store/group/phys_heavyions/jvelazqu/energycorr/condor_R4_axisWTA_cen//0000/L1_object_data_100_processed.root
hadd Source file 87: /eos/cms/store/group/phys_heavyions/jvelazqu/energycorr/condor_R4_axisWTA_cen//0002/L1_object_data_2311_processed.root
hadd Source file 76: /eos/cms/store/group/phys_heavyions/jvelazqu/energycorr/condor_R4_axisWTA_cen//0001/L1_object_data_1484_processed.root
hadd Source file 69: /eos/cms/store/group/phys_heavyions/jvelazqu/energycorr/condor_R4_axisWTA_cen//0005/L1_object_data_5923_processed.root
hadd Source file 73: /eos/cms/store/group/phys_heavyions/jvelazqu/energycorr/condor_R4_axisWTA_cen//0003/L1_object_data_3507_processed.root
hadd Source file 80: /eos/cms/store/group/phys_heavyions/jvelazqu/energycorr/condor_R4_axisWTA_cen//0002/L1_object_data_2909_processed.root
hadd Source file 65: /eos/cms/store/group/phys_heavyions/jvelazqu/energycorr/condor_R4_axisWTA_cen//0004/L1_object_data_4104_processed.root
hadd Source file 80: /eos/cms/store/group/phys_heavyions/jvelazqu/energycorr/condor_R4_axisWTA_cen//0000/L1_object_data_1881_processed.root
hadd Source file 77: /eos/cms/store/group/phys_heavyions/jvelazqu/energycorr/condor_R4_axisWTA_cen//0001/L1_object_data_1485_processed.root
hadd Source file 61: /eos/cms/store/group/phys_heavyions/jvelazqu/energycorr/condor_R4_axisWTA_cen//0000/L1_object_data_101_processed.root
hadd Source file 74: /eos/cms/store/group/phys_heavyions/jvelazqu/energycorr/condor_R4_axisWTA_cen//0003/L1_object_data_3508_processed.root
hadd Source file 66: /eos/cms/store/group/phys_heavyions/jvelazqu/energycorr/condor_R4_axisWTA_cen//0004/L1_object_data_4105_processed.root
hadd Source file 62: /eos/cms/store/group/phys_heavyions/jvelazqu/energycorr/condor_R4_axisWTA_cen//0000/L1_object_data_102_processed.root
hadd Source file 78: /eos/cms/store/group/phys_heavyions/jvelazqu/energycorr/condor_R4_axisWTA_cen//0004/L1_object_data_4722_processed.root
hadd Source file 81: /eos/cms/store/group/phys_heavyions/jvelazqu/energycorr/condor_R4_axisWTA_cen//0000/L1_object_data_1882_processed.root
hadd Source file 81: /eos/cms/store/group/phys_heavyions/jvelazqu/energycorr/condor_R4_axisWTA_cen//0002/L1_object_data_2910_processed.root
hadd Source file 75: /eos/cms/store/group/phys_heavyions/jvelazqu/energycorr/condor_R4_axisWTA_cen//0003/L1_object_data_3509_processed.root
hadd Source file 79: /eos/cms/store/group/phys_heavyions/jvelazqu/energycorr/condor_R4_axisWTA_cen//0004/L1_object_data_4723_processed.root
hadd Source file 82: /eos/cms/store/group/phys_heavyions/jvelazqu/energycorr/condor_R4_axisWTA_cen//0002/L1_object_data_2911_processed.root
hadd Source file 82: /eos/cms/store/group/phys_heavyions/jvelazqu/energycorr/condor_R4_axisWTA_cen//0000/L1_object_data_1883_processed.root
hadd Source file 88: /eos/cms/store/group/phys_heavyions/jvelazqu/energycorr/condor_R4_axisWTA_cen//0002/L1_object_data_2312_processed.root
hadd Source file 76: /eos/cms/store/group/phys_heavyions/jvelazqu/energycorr/condor_R4_axisWTA_cen//0003/L1_object_data_3510_processed.root
hadd Source file 70: /eos/cms/store/group/phys_heavyions/jvelazqu/energycorr/condor_R4_axisWTA_cen//0005/L1_object_data_5924_processed.root
hadd Source file 63: /eos/cms/store/group/phys_heavyions/jvelazqu/energycorr/condor_R4_axisWTA_cen//0000/L1_object_data_103_processed.root
hadd Source file 80: /eos/cms/store/group/phys_heavyions/jvelazqu/energycorr/condor_R4_axisWTA_cen//0004/L1_object_data_4724_processed.root
hadd Source file 83: /eos/cms/store/group/phys_heavyions/jvelazqu/energycorr/condor_R4_axisWTA_cen//0002/L1_object_data_2912_processed.root
hadd Source file 81: /eos/cms/store/group/phys_heavyions/jvelazqu/energycorr/condor_R4_axisWTA_cen//0004/L1_object_data_4725_processed.root
hadd Source file 78: /eos/cms/store/group/phys_heavyions/jvelazqu/energycorr/condor_R4_axisWTA_cen//0001/L1_object_data_1486_processed.root
hadd Source file 77: /eos/cms/store/group/phys_heavyions/jvelazqu/energycorr/condor_R4_axisWTA_cen//0003/L1_object_data_3511_processed.root
hadd Source file 71: /eos/cms/store/group/phys_heavyions/jvelazqu/energycorr/condor_R4_axisWTA_cen//0005/L1_object_data_5925_processed.root
hadd Source file 89: /eos/cms/store/group/phys_heavyions/jvelazqu/energycorr/condor_R4_axisWTA_cen//0002/L1_object_data_2313_processed.root
hadd Source file 84: /eos/cms/store/group/phys_heavyions/jvelazqu/energycorr/condor_R4_axisWTA_cen//0002/L1_object_data_2913_processed.root
hadd Source file 79: /eos/cms/store/group/phys_heavyions/jvelazqu/energycorr/condor_R4_axisWTA_cen//0001/L1_object_data_1487_processed.root
hadd Source file 85: /eos/cms/store/group/phys_heavyions/jvelazqu/energycorr/condor_R4_axisWTA_cen//0002/L1_object_data_2914_processed.root
hadd Source file 78: /eos/cms/store/group/phys_heavyions/jvelazqu/energycorr/condor_R4_axisWTA_cen//0003/L1_object_data_3512_processed.root
hadd Source file 72: /eos/cms/store/group/phys_heavyions/jvelazqu/energycorr/condor_R4_axisWTA_cen//0005/L1_object_data_5926_processed.root
hadd Source file 90: /eos/cms/store/group/phys_heavyions/jvelazqu/energycorr/condor_R4_axisWTA_cen//0002/L1_object_data_2314_processed.root
hadd Source file 67: /eos/cms/store/group/phys_heavyions/jvelazqu/energycorr/condor_R4_axisWTA_cen//0004/L1_object_data_4106_processed.root
hadd Source file 91: /eos/cms/store/group/phys_heavyions/jvelazqu/energycorr/condor_R4_axisWTA_cen//0002/L1_object_data_2315_processed.root
hadd Source file 86: /eos/cms/store/group/phys_heavyions/jvelazqu/energycorr/condor_R4_axisWTA_cen//0002/L1_object_data_2915_processed.root
hadd Source file 73: /eos/cms/store/group/phys_heavyions/jvelazqu/energycorr/condor_R4_axisWTA_cen//0005/L1_object_data_5927_processed.root
hadd Source file 79: /eos/cms/store/group/phys_heavyions/jvelazqu/energycorr/condor_R4_axisWTA_cen//0003/L1_object_data_3513_processed.root
hadd Source file 80: /eos/cms/store/group/phys_heavyions/jvelazqu/energycorr/condor_R4_axisWTA_cen//0001/L1_object_data_1488_processed.root
hadd Source file 68: /eos/cms/store/group/phys_heavyions/jvelazqu/energycorr/condor_R4_axisWTA_cen//0004/L1_object_data_4107_processed.root
hadd Source file 87: /eos/cms/store/group/phys_heavyions/jvelazqu/energycorr/condor_R4_axisWTA_cen//0002/L1_object_data_2916_processed.root
hadd Source file 92: /eos/cms/store/group/phys_heavyions/jvelazqu/energycorr/condor_R4_axisWTA_cen//0002/L1_object_data_2316_processed.root
hadd Source file 82: /eos/cms/store/group/phys_heavyions/jvelazqu/energycorr/condor_R4_axisWTA_cen//0004/L1_object_data_4726_processed.root
hadd Source file 64: /eos/cms/store/group/phys_heavyions/jvelazqu/energycorr/condor_R4_axisWTA_cen//0000/L1_object_data_104_processed.root
hadd Source file 80: /eos/cms/store/group/phys_heavyions/jvelazqu/energycorr/condor_R4_axisWTA_cen//0003/L1_object_data_3514_processed.root
hadd Source file 93: /eos/cms/store/group/phys_heavyions/jvelazqu/energycorr/condor_R4_axisWTA_cen//0002/L1_object_data_2317_processed.root
hadd Source file 88: /eos/cms/store/group/phys_heavyions/jvelazqu/energycorr/condor_R4_axisWTA_cen//0002/L1_object_data_2917_processed.root
hadd Source file 81: /eos/cms/store/group/phys_heavyions/jvelazqu/energycorr/condor_R4_axisWTA_cen//0001/L1_object_data_1489_processed.root
hadd Source file 65: /eos/cms/store/group/phys_heavyions/jvelazqu/energycorr/condor_R4_axisWTA_cen//0000/L1_object_data_105_processed.root
hadd Source file 74: /eos/cms/store/group/phys_heavyions/jvelazqu/energycorr/condor_R4_axisWTA_cen//0005/L1_object_data_5928_processed.root
hadd Source file 81: /eos/cms/store/group/phys_heavyions/jvelazqu/energycorr/condor_R4_axisWTA_cen//0003/L1_object_data_3515_processed.root
hadd Source file 83: /eos/cms/store/group/phys_heavyions/jvelazqu/energycorr/condor_R4_axisWTA_cen//0000/L1_object_data_1884_processed.root
hadd Source file 82: /eos/cms/store/group/phys_heavyions/jvelazqu/energycorr/condor_R4_axisWTA_cen//0001/L1_object_data_1490_processed.root
hadd Source file 69: /eos/cms/store/group/phys_heavyions/jvelazqu/energycorr/condor_R4_axisWTA_cen//0004/L1_object_data_4108_processed.root
hadd Source file 94: /eos/cms/store/group/phys_heavyions/jvelazqu/energycorr/condor_R4_axisWTA_cen//0002/L1_object_data_2318_processed.root
hadd Source file 89: /eos/cms/store/group/phys_heavyions/jvelazqu/energycorr/condor_R4_axisWTA_cen//0002/L1_object_data_2918_processed.root
hadd Source file 83: /eos/cms/store/group/phys_heavyions/jvelazqu/energycorr/condor_R4_axisWTA_cen//0004/L1_object_data_4727_processed.root
hadd Source file 83: /eos/cms/store/group/phys_heavyions/jvelazqu/energycorr/condor_R4_axisWTA_cen//0001/L1_object_data_1491_processed.root
hadd Source file 82: /eos/cms/store/group/phys_heavyions/jvelazqu/energycorr/condor_R4_axisWTA_cen//0003/L1_object_data_3516_processed.root
hadd Source file 70: /eos/cms/store/group/phys_heavyions/jvelazqu/energycorr/condor_R4_axisWTA_cen//0004/L1_object_data_4109_processed.root
hadd Source file 95: /eos/cms/store/group/phys_heavyions/jvelazqu/energycorr/condor_R4_axisWTA_cen//0002/L1_object_data_2319_processed.root
hadd Source file 84: /eos/cms/store/group/phys_heavyions/jvelazqu/energycorr/condor_R4_axisWTA_cen//0004/L1_object_data_4728_processed.root
hadd Source file 90: /eos/cms/store/group/phys_heavyions/jvelazqu/energycorr/condor_R4_axisWTA_cen//0002/L1_object_data_2919_processed.root
hadd Source file 71: /eos/cms/store/group/phys_heavyions/jvelazqu/energycorr/condor_R4_axisWTA_cen//0004/L1_object_data_4110_processed.root
hadd Source file 85: /eos/cms/store/group/phys_heavyions/jvelazqu/energycorr/condor_R4_axisWTA_cen//0004/L1_object_data_4729_processed.root
hadd Source file 72: /eos/cms/store/group/phys_heavyions/jvelazqu/energycorr/condor_R4_axisWTA_cen//0004/L1_object_data_4111_processed.root
hadd Source file 91: /eos/cms/store/group/phys_heavyions/jvelazqu/energycorr/condor_R4_axisWTA_cen//0002/L1_object_data_2920_processed.root
hadd Source file 73: /eos/cms/store/group/phys_heavyions/jvelazqu/energycorr/condor_R4_axisWTA_cen//0004/L1_object_data_4112_processed.root
hadd Source file 86: /eos/cms/store/group/phys_heavyions/jvelazqu/energycorr/condor_R4_axisWTA_cen//0004/L1_object_data_4730_processed.root
hadd Source file 66: /eos/cms/store/group/phys_heavyions/jvelazqu/energycorr/condor_R4_axisWTA_cen//0000/L1_object_data_106_processed.root
hadd Source file 92: /eos/cms/store/group/phys_heavyions/jvelazqu/energycorr/condor_R4_axisWTA_cen//0002/L1_object_data_2921_processed.root
hadd Source file 75: /eos/cms/store/group/phys_heavyions/jvelazqu/energycorr/condor_R4_axisWTA_cen//0005/L1_object_data_5929_processed.root
hadd Source file 84: /eos/cms/store/group/phys_heavyions/jvelazqu/energycorr/condor_R4_axisWTA_cen//0000/L1_object_data_1885_processed.root
hadd Source file 74: /eos/cms/store/group/phys_heavyions/jvelazqu/energycorr/condor_R4_axisWTA_cen//0004/L1_object_data_4113_processed.root
hadd Source file 87: /eos/cms/store/group/phys_heavyions/jvelazqu/energycorr/condor_R4_axisWTA_cen//0004/L1_object_data_4731_processed.root
hadd Source file 93: /eos/cms/store/group/phys_heavyions/jvelazqu/energycorr/condor_R4_axisWTA_cen//0002/L1_object_data_2922_processed.root
hadd Source file 84: /eos/cms/store/group/phys_heavyions/jvelazqu/energycorr/condor_R4_axisWTA_cen//0001/L1_object_data_1492_processed.root
hadd Source file 76: /eos/cms/store/group/phys_heavyions/jvelazqu/energycorr/condor_R4_axisWTA_cen//0005/L1_object_data_5930_processed.root
hadd Source file 85: /eos/cms/store/group/phys_heavyions/jvelazqu/energycorr/condor_R4_axisWTA_cen//0000/L1_object_data_1886_processed.root
hadd Source file 83: /eos/cms/store/group/phys_heavyions/jvelazqu/energycorr/condor_R4_axisWTA_cen//0003/L1_object_data_3517_processed.root
hadd Source file 75: /eos/cms/store/group/phys_heavyions/jvelazqu/energycorr/condor_R4_axisWTA_cen//0004/L1_object_data_4114_processed.root
hadd Source file 67: /eos/cms/store/group/phys_heavyions/jvelazqu/energycorr/condor_R4_axisWTA_cen//0000/L1_object_data_107_processed.root
hadd Source file 94: /eos/cms/store/group/phys_heavyions/jvelazqu/energycorr/condor_R4_axisWTA_cen//0002/L1_object_data_2923_processed.root
hadd Source file 85: /eos/cms/store/group/phys_heavyions/jvelazqu/energycorr/condor_R4_axisWTA_cen//0001/L1_object_data_1493_processed.root
hadd Source file 77: /eos/cms/store/group/phys_heavyions/jvelazqu/energycorr/condor_R4_axisWTA_cen//0005/L1_object_data_5931_processed.root
hadd Source file 86: /eos/cms/store/group/phys_heavyions/jvelazqu/energycorr/condor_R4_axisWTA_cen//0000/L1_object_data_1887_processed.root
hadd Source file 84: /eos/cms/store/group/phys_heavyions/jvelazqu/energycorr/condor_R4_axisWTA_cen//0003/L1_object_data_3518_processed.root
hadd Source file 68: /eos/cms/store/group/phys_heavyions/jvelazqu/energycorr/condor_R4_axisWTA_cen//0000/L1_object_data_108_processed.root
hadd Source file 76: /eos/cms/store/group/phys_heavyions/jvelazqu/energycorr/condor_R4_axisWTA_cen//0004/L1_object_data_4115_processed.root
hadd Source file 96: /eos/cms/store/group/phys_heavyions/jvelazqu/energycorr/condor_R4_axisWTA_cen//0002/L1_object_data_2320_processed.root
hadd Source file 86: /eos/cms/store/group/phys_heavyions/jvelazqu/energycorr/condor_R4_axisWTA_cen//0001/L1_object_data_1494_processed.root
hadd Source file 78: /eos/cms/store/group/phys_heavyions/jvelazqu/energycorr/condor_R4_axisWTA_cen//0005/L1_object_data_5932_processed.root
hadd Source file 95: /eos/cms/store/group/phys_heavyions/jvelazqu/energycorr/condor_R4_axisWTA_cen//0002/L1_object_data_2924_processed.root
hadd Source file 77: /eos/cms/store/group/phys_heavyions/jvelazqu/energycorr/condor_R4_axisWTA_cen//0004/L1_object_data_4116_processed.root
hadd Source file 87: /eos/cms/store/group/phys_heavyions/jvelazqu/energycorr/condor_R4_axisWTA_cen//0000/L1_object_data_1888_processed.root
hadd Source file 85: /eos/cms/store/group/phys_heavyions/jvelazqu/energycorr/condor_R4_axisWTA_cen//0003/L1_object_data_3519_processed.root
hadd Source file 87: /eos/cms/store/group/phys_heavyions/jvelazqu/energycorr/condor_R4_axisWTA_cen//0001/L1_object_data_1495_processed.root
hadd Source file 97: /eos/cms/store/group/phys_heavyions/jvelazqu/energycorr/condor_R4_axisWTA_cen//0002/L1_object_data_2321_processed.root
hadd Source file 69: /eos/cms/store/group/phys_heavyions/jvelazqu/energycorr/condor_R4_axisWTA_cen//0000/L1_object_data_109_processed.root
hadd Source file 96: /eos/cms/store/group/phys_heavyions/jvelazqu/energycorr/condor_R4_axisWTA_cen//0002/L1_object_data_2925_processed.root
hadd Source file 79: /eos/cms/store/group/phys_heavyions/jvelazqu/energycorr/condor_R4_axisWTA_cen//0005/L1_object_data_5933_processed.root
hadd Source file 88: /eos/cms/store/group/phys_heavyions/jvelazqu/energycorr/condor_R4_axisWTA_cen//0004/L1_object_data_4732_processed.root
hadd Source file 78: /eos/cms/store/group/phys_heavyions/jvelazqu/energycorr/condor_R4_axisWTA_cen//0004/L1_object_data_4117_processed.root
hadd Source file 86: /eos/cms/store/group/phys_heavyions/jvelazqu/energycorr/condor_R4_axisWTA_cen//0003/L1_object_data_3520_processed.root
hadd Source file 98: /eos/cms/store/group/phys_heavyions/jvelazqu/energycorr/condor_R4_axisWTA_cen//0002/L1_object_data_2322_processed.root
hadd Source file 88: /eos/cms/store/group/phys_heavyions/jvelazqu/energycorr/condor_R4_axisWTA_cen//0000/L1_object_data_1889_processed.root
hadd Source file 97: /eos/cms/store/group/phys_heavyions/jvelazqu/energycorr/condor_R4_axisWTA_cen//0002/L1_object_data_2926_processed.root
hadd Source file 70: /eos/cms/store/group/phys_heavyions/jvelazqu/energycorr/condor_R4_axisWTA_cen//0000/L1_object_data_110_processed.root
hadd Source file 89: /eos/cms/store/group/phys_heavyions/jvelazqu/energycorr/condor_R4_axisWTA_cen//0004/L1_object_data_4733_processed.root
hadd Source file 80: /eos/cms/store/group/phys_heavyions/jvelazqu/energycorr/condor_R4_axisWTA_cen//0005/L1_object_data_5934_processed.root
hadd Source file 79: /eos/cms/store/group/phys_heavyions/jvelazqu/energycorr/condor_R4_axisWTA_cen//0004/L1_object_data_4118_processed.root
hadd Source file 88: /eos/cms/store/group/phys_heavyions/jvelazqu/energycorr/condor_R4_axisWTA_cen//0001/L1_object_data_1496_processed.root
hadd Source file 87: /eos/cms/store/group/phys_heavyions/jvelazqu/energycorr/condor_R4_axisWTA_cen//0003/L1_object_data_3521_processed.root
hadd Source file 89: /eos/cms/store/group/phys_heavyions/jvelazqu/energycorr/condor_R4_axisWTA_cen//0000/L1_object_data_1890_processed.root
hadd Source file 98: /eos/cms/store/group/phys_heavyions/jvelazqu/energycorr/condor_R4_axisWTA_cen//0002/L1_object_data_2927_processed.root
hadd Source file 81: /eos/cms/store/group/phys_heavyions/jvelazqu/energycorr/condor_R4_axisWTA_cen//0005/L1_object_data_5935_processed.root
hadd Source file 71: /eos/cms/store/group/phys_heavyions/jvelazqu/energycorr/condor_R4_axisWTA_cen//0000/L1_object_data_111_processed.root
hadd Source file 80: /eos/cms/store/group/phys_heavyions/jvelazqu/energycorr/condor_R4_axisWTA_cen//0004/L1_object_data_4119_processed.root
hadd Source file 99: /eos/cms/store/group/phys_heavyions/jvelazqu/energycorr/condor_R4_axisWTA_cen//0002/L1_object_data_2323_processed.root
hadd Source file 90: /eos/cms/store/group/phys_heavyions/jvelazqu/energycorr/condor_R4_axisWTA_cen//0000/L1_object_data_1891_processed.root
hadd Source file 88: /eos/cms/store/group/phys_heavyions/jvelazqu/energycorr/condor_R4_axisWTA_cen//0003/L1_object_data_3522_processed.root
hadd Source file 99: /eos/cms/store/group/phys_heavyions/jvelazqu/energycorr/condor_R4_axisWTA_cen//0002/L1_object_data_2928_processed.root
hadd Source file 89: /eos/cms/store/group/phys_heavyions/jvelazqu/energycorr/condor_R4_axisWTA_cen//0001/L1_object_data_1497_processed.root
hadd Source file 72: /eos/cms/store/group/phys_heavyions/jvelazqu/energycorr/condor_R4_axisWTA_cen//0000/L1_object_data_112_processed.root
hadd Source file 81: /eos/cms/store/group/phys_heavyions/jvelazqu/energycorr/condor_R4_axisWTA_cen//0004/L1_object_data_4120_processed.root
hadd Source file 89: /eos/cms/store/group/phys_heavyions/jvelazqu/energycorr/condor_R4_axisWTA_cen//0003/L1_object_data_3523_processed.root
hadd Source file 100: /eos/cms/store/group/phys_heavyions/jvelazqu/energycorr/condor_R4_axisWTA_cen//0002/L1_object_data_2929_processed.root
hadd Source file 82: /eos/cms/store/group/phys_heavyions/jvelazqu/energycorr/condor_R4_axisWTA_cen//0005/L1_object_data_5936_processed.root
hadd Source file 73: /eos/cms/store/group/phys_heavyions/jvelazqu/energycorr/condor_R4_axisWTA_cen//0000/L1_object_data_113_processed.root
hadd Source file 90: /eos/cms/store/group/phys_heavyions/jvelazqu/energycorr/condor_R4_axisWTA_cen//0001/L1_object_data_1498_processed.root
hadd Source file 100: /eos/cms/store/group/phys_heavyions/jvelazqu/energycorr/condor_R4_axisWTA_cen//0002/L1_object_data_2324_processed.root
hadd Source file 90: /eos/cms/store/group/phys_heavyions/jvelazqu/energycorr/condor_R4_axisWTA_cen//0003/L1_object_data_3524_processed.root
hadd Source file 82: /eos/cms/store/group/phys_heavyions/jvelazqu/energycorr/condor_R4_axisWTA_cen//0004/L1_object_data_4121_processed.root
hadd Source file 90: /eos/cms/store/group/phys_heavyions/jvelazqu/energycorr/condor_R4_axisWTA_cen//0004/L1_object_data_4734_processed.root
hadd Source file 83: /eos/cms/store/group/phys_heavyions/jvelazqu/energycorr/condor_R4_axisWTA_cen//0005/L1_object_data_5937_processed.root
hadd Source file 74: /eos/cms/store/group/phys_heavyions/jvelazqu/energycorr/condor_R4_axisWTA_cen//0000/L1_object_data_114_processed.root
hadd Source file 91: /eos/cms/store/group/phys_heavyions/jvelazqu/energycorr/condor_R4_axisWTA_cen//0001/L1_object_data_1499_processed.root
hadd Source file 91: /eos/cms/store/group/phys_heavyions/jvelazqu/energycorr/condor_R4_axisWTA_cen//0003/L1_object_data_3525_processed.root
hadd Source file 91: /eos/cms/store/group/phys_heavyions/jvelazqu/energycorr/condor_R4_axisWTA_cen//0004/L1_object_data_4735_processed.root
hadd Source file 91: /eos/cms/store/group/phys_heavyions/jvelazqu/energycorr/condor_R4_axisWTA_cen//0000/L1_object_data_1892_processed.root
hadd Source file 84: /eos/cms/store/group/phys_heavyions/jvelazqu/energycorr/condor_R4_axisWTA_cen//0005/L1_object_data_5938_processed.root
hadd Source file 75: /eos/cms/store/group/phys_heavyions/jvelazqu/energycorr/condor_R4_axisWTA_cen//0000/L1_object_data_115_processed.root
hadd Source file 83: /eos/cms/store/group/phys_heavyions/jvelazqu/energycorr/condor_R4_axisWTA_cen//0004/L1_object_data_4122_processed.root
hadd Source file 92: /eos/cms/store/group/phys_heavyions/jvelazqu/energycorr/condor_R4_axisWTA_cen//0003/L1_object_data_3526_processed.root
hadd Source file 92: /eos/cms/store/group/phys_heavyions/jvelazqu/energycorr/condor_R4_axisWTA_cen//0004/L1_object_data_4736_processed.root
hadd Source file 76: /eos/cms/store/group/phys_heavyions/jvelazqu/energycorr/condor_R4_axisWTA_cen//0000/L1_object_data_116_processed.root
hadd Source file 92: /eos/cms/store/group/phys_heavyions/jvelazqu/energycorr/condor_R4_axisWTA_cen//0000/L1_object_data_1893_processed.root
hadd Source file 93: /eos/cms/store/group/phys_heavyions/jvelazqu/energycorr/condor_R4_axisWTA_cen//0003/L1_object_data_3527_processed.root
hadd Source file 84: /eos/cms/store/group/phys_heavyions/jvelazqu/energycorr/condor_R4_axisWTA_cen//0004/L1_object_data_4123_processed.root
hadd Source file 85: /eos/cms/store/group/phys_heavyions/jvelazqu/energycorr/condor_R4_axisWTA_cen//0005/L1_object_data_5939_processed.root
hadd Source file 101: /eos/cms/store/group/phys_heavyions/jvelazqu/energycorr/condor_R4_axisWTA_cen//0002/L1_object_data_2325_processed.root
hadd Source file 77: /eos/cms/store/group/phys_heavyions/jvelazqu/energycorr/condor_R4_axisWTA_cen//0000/L1_object_data_117_processed.root
hadd Source file 86: /eos/cms/store/group/phys_heavyions/jvelazqu/energycorr/condor_R4_axisWTA_cen//0005/L1_object_data_5940_processed.root
hadd Source file 93: /eos/cms/store/group/phys_heavyions/jvelazqu/energycorr/condor_R4_axisWTA_cen//0004/L1_object_data_4737_processed.root
hadd Source file 94: /eos/cms/store/group/phys_heavyions/jvelazqu/energycorr/condor_R4_axisWTA_cen//0003/L1_object_data_3528_processed.root
hadd Source file 85: /eos/cms/store/group/phys_heavyions/jvelazqu/energycorr/condor_R4_axisWTA_cen//0004/L1_object_data_4124_processed.root
hadd Source file 78: /eos/cms/store/group/phys_heavyions/jvelazqu/energycorr/condor_R4_axisWTA_cen//0000/L1_object_data_118_processed.root
hadd Source file 94: /eos/cms/store/group/phys_heavyions/jvelazqu/energycorr/condor_R4_axisWTA_cen//0004/L1_object_data_4738_processed.root
hadd Source file 92: /eos/cms/store/group/phys_heavyions/jvelazqu/energycorr/condor_R4_axisWTA_cen//0001/L1_object_data_1500_processed.root
hadd Source file 87: /eos/cms/store/group/phys_heavyions/jvelazqu/energycorr/condor_R4_axisWTA_cen//0005/L1_object_data_5941_processed.root
hadd Source file 95: /eos/cms/store/group/phys_heavyions/jvelazqu/energycorr/condor_R4_axisWTA_cen//0003/L1_object_data_3529_processed.root
hadd Source file 101: /eos/cms/store/group/phys_heavyions/jvelazqu/energycorr/condor_R4_axisWTA_cen//0002/L1_object_data_2930_processed.root
hadd Source file 86: /eos/cms/store/group/phys_heavyions/jvelazqu/energycorr/condor_R4_axisWTA_cen//0004/L1_object_data_4125_processed.root
hadd Source file 93: /eos/cms/store/group/phys_heavyions/jvelazqu/energycorr/condor_R4_axisWTA_cen//0001/L1_object_data_1501_processed.root
hadd Source file 79: /eos/cms/store/group/phys_heavyions/jvelazqu/energycorr/condor_R4_axisWTA_cen//0000/L1_object_data_119_processed.root
hadd Source file 95: /eos/cms/store/group/phys_heavyions/jvelazqu/energycorr/condor_R4_axisWTA_cen//0004/L1_object_data_4739_processed.root
hadd Source file 88: /eos/cms/store/group/phys_heavyions/jvelazqu/energycorr/condor_R4_axisWTA_cen//0005/L1_object_data_5942_processed.root
hadd Source file 96: /eos/cms/store/group/phys_heavyions/jvelazqu/energycorr/condor_R4_axisWTA_cen//0003/L1_object_data_3530_processed.root
hadd Source file 102: /eos/cms/store/group/phys_heavyions/jvelazqu/energycorr/condor_R4_axisWTA_cen//0002/L1_object_data_2931_processed.root
hadd Source file 94: /eos/cms/store/group/phys_heavyions/jvelazqu/energycorr/condor_R4_axisWTA_cen//0001/L1_object_data_1502_processed.root
hadd Source file 80: /eos/cms/store/group/phys_heavyions/jvelazqu/energycorr/condor_R4_axisWTA_cen//0000/L1_object_data_120_processed.root
hadd Source file 87: /eos/cms/store/group/phys_heavyions/jvelazqu/energycorr/condor_R4_axisWTA_cen//0004/L1_object_data_4126_processed.root
hadd Source file 97: /eos/cms/store/group/phys_heavyions/jvelazqu/energycorr/condor_R4_axisWTA_cen//0003/L1_object_data_3531_processed.root
hadd Source file 96: /eos/cms/store/group/phys_heavyions/jvelazqu/energycorr/condor_R4_axisWTA_cen//0004/L1_object_data_4740_processed.root
hadd Source file 102: /eos/cms/store/group/phys_heavyions/jvelazqu/energycorr/condor_R4_axisWTA_cen//0002/L1_object_data_2326_processed.root
hadd Source file 95: /eos/cms/store/group/phys_heavyions/jvelazqu/energycorr/condor_R4_axisWTA_cen//0001/L1_object_data_1503_processed.root
hadd Source file 88: /eos/cms/store/group/phys_heavyions/jvelazqu/energycorr/condor_R4_axisWTA_cen//0004/L1_object_data_4127_processed.root
hadd Source file 97: /eos/cms/store/group/phys_heavyions/jvelazqu/energycorr/condor_R4_axisWTA_cen//0004/L1_object_data_4741_processed.root
hadd Source file 89: /eos/cms/store/group/phys_heavyions/jvelazqu/energycorr/condor_R4_axisWTA_cen//0005/L1_object_data_5943_processed.root
hadd Source file 96: /eos/cms/store/group/phys_heavyions/jvelazqu/energycorr/condor_R4_axisWTA_cen//0001/L1_object_data_1504_processed.root
hadd Source file 103: /eos/cms/store/group/phys_heavyions/jvelazqu/energycorr/condor_R4_axisWTA_cen//0002/L1_object_data_2327_processed.root
hadd Source file 98: /eos/cms/store/group/phys_heavyions/jvelazqu/energycorr/condor_R4_axisWTA_cen//0003/L1_object_data_3532_processed.root
hadd Source file 93: /eos/cms/store/group/phys_heavyions/jvelazqu/energycorr/condor_R4_axisWTA_cen//0000/L1_object_data_1894_processed.root
hadd Source file 89: /eos/cms/store/group/phys_heavyions/jvelazqu/energycorr/condor_R4_axisWTA_cen//0004/L1_object_data_4128_processed.root
hadd Source file 99: /eos/cms/store/group/phys_heavyions/jvelazqu/energycorr/condor_R4_axisWTA_cen//0003/L1_object_data_3533_processed.root
hadd Source file 94: /eos/cms/store/group/phys_heavyions/jvelazqu/energycorr/condor_R4_axisWTA_cen//0000/L1_object_data_1895_processed.root
hadd Source file 97: /eos/cms/store/group/phys_heavyions/jvelazqu/energycorr/condor_R4_axisWTA_cen//0001/L1_object_data_1505_processed.root
hadd Source file 81: /eos/cms/store/group/phys_heavyions/jvelazqu/energycorr/condor_R4_axisWTA_cen//0000/L1_object_data_121_processed.root
hadd Source file 98: /eos/cms/store/group/phys_heavyions/jvelazqu/energycorr/condor_R4_axisWTA_cen//0001/L1_object_data_1506_processed.root
hadd Source file 100: /eos/cms/store/group/phys_heavyions/jvelazqu/energycorr/condor_R4_axisWTA_cen//0003/L1_object_data_3534_processed.root
hadd Source file 104: /eos/cms/store/group/phys_heavyions/jvelazqu/energycorr/condor_R4_axisWTA_cen//0002/L1_object_data_2328_processed.root
hadd Source file 95: /eos/cms/store/group/phys_heavyions/jvelazqu/energycorr/condor_R4_axisWTA_cen//0000/L1_object_data_1896_processed.root
hadd Source file 103: /eos/cms/store/group/phys_heavyions/jvelazqu/energycorr/condor_R4_axisWTA_cen//0002/L1_object_data_2932_processed.root
hadd Source file 96: /eos/cms/store/group/phys_heavyions/jvelazqu/energycorr/condor_R4_axisWTA_cen//0000/L1_object_data_1897_processed.root
hadd Source file 105: /eos/cms/store/group/phys_heavyions/jvelazqu/energycorr/condor_R4_axisWTA_cen//0002/L1_object_data_2329_processed.root
hadd Source file 104: /eos/cms/store/group/phys_heavyions/jvelazqu/energycorr/condor_R4_axisWTA_cen//0002/L1_object_data_2933_processed.root
hadd Source file 99: /eos/cms/store/group/phys_heavyions/jvelazqu/energycorr/condor_R4_axisWTA_cen//0001/L1_object_data_1507_processed.root
hadd Source file 98: /eos/cms/store/group/phys_heavyions/jvelazqu/energycorr/condor_R4_axisWTA_cen//0004/L1_object_data_4742_processed.root
hadd Source file 82: /eos/cms/store/group/phys_heavyions/jvelazqu/energycorr/condor_R4_axisWTA_cen//0000/L1_object_data_122_processed.root
hadd Source file 97: /eos/cms/store/group/phys_heavyions/jvelazqu/energycorr/condor_R4_axisWTA_cen//0000/L1_object_data_1898_processed.root
hadd Source file 105: /eos/cms/store/group/phys_heavyions/jvelazqu/energycorr/condor_R4_axisWTA_cen//0002/L1_object_data_2934_processed.root
hadd Source file 90: /eos/cms/store/group/phys_heavyions/jvelazqu/energycorr/condor_R4_axisWTA_cen//0004/L1_object_data_4129_processed.root
hadd Source file 100: /eos/cms/store/group/phys_heavyions/jvelazqu/energycorr/condor_R4_axisWTA_cen//0001/L1_object_data_1508_processed.root
hadd Source file 106: /eos/cms/store/group/phys_heavyions/jvelazqu/energycorr/condor_R4_axisWTA_cen//0002/L1_object_data_2330_processed.root
hadd Source file 99: /eos/cms/store/group/phys_heavyions/jvelazqu/energycorr/condor_R4_axisWTA_cen//0004/L1_object_data_4743_processed.root
hadd Source file 98: /eos/cms/store/group/phys_heavyions/jvelazqu/energycorr/condor_R4_axisWTA_cen//0000/L1_object_data_1899_processed.root
hadd Source file 83: /eos/cms/store/group/phys_heavyions/jvelazqu/energycorr/condor_R4_axisWTA_cen//0000/L1_object_data_123_processed.root
hadd Source file 90: /eos/cms/store/group/phys_heavyions/jvelazqu/energycorr/condor_R4_axisWTA_cen//0005/L1_object_data_5944_processed.root
hadd Source file 107: /eos/cms/store/group/phys_heavyions/jvelazqu/energycorr/condor_R4_axisWTA_cen//0002/L1_object_data_2331_processed.root
hadd Source file 101: /eos/cms/store/group/phys_heavyions/jvelazqu/energycorr/condor_R4_axisWTA_cen//0003/L1_object_data_3535_processed.root
hadd Source file 106: /eos/cms/store/group/phys_heavyions/jvelazqu/energycorr/condor_R4_axisWTA_cen//0002/L1_object_data_2935_processed.root
hadd Source file 91: /eos/cms/store/group/phys_heavyions/jvelazqu/energycorr/condor_R4_axisWTA_cen//0004/L1_object_data_4130_processed.root
hadd Source file 91: /eos/cms/store/group/phys_heavyions/jvelazqu/energycorr/condor_R4_axisWTA_cen//0005/L1_object_data_5945_processed.root
hadd Source file 84: /eos/cms/store/group/phys_heavyions/jvelazqu/energycorr/condor_R4_axisWTA_cen//0000/L1_object_data_124_processed.root
hadd Source file 99: /eos/cms/store/group/phys_heavyions/jvelazqu/energycorr/condor_R4_axisWTA_cen//0000/L1_object_data_1900_processed.root
hadd Source file 92: /eos/cms/store/group/phys_heavyions/jvelazqu/energycorr/condor_R4_axisWTA_cen//0004/L1_object_data_4131_processed.root
hadd Source file 102: /eos/cms/store/group/phys_heavyions/jvelazqu/energycorr/condor_R4_axisWTA_cen//0003/L1_object_data_3536_processed.root
hadd Source file 107: /eos/cms/store/group/phys_heavyions/jvelazqu/energycorr/condor_R4_axisWTA_cen//0002/L1_object_data_2936_processed.root
hadd Source file 100: /eos/cms/store/group/phys_heavyions/jvelazqu/energycorr/condor_R4_axisWTA_cen//0000/L1_object_data_1901_processed.root
hadd Source file 85: /eos/cms/store/group/phys_heavyions/jvelazqu/energycorr/condor_R4_axisWTA_cen//0000/L1_object_data_125_processed.root
hadd Source file 108: /eos/cms/store/group/phys_heavyions/jvelazqu/energycorr/condor_R4_axisWTA_cen//0002/L1_object_data_2332_processed.root
hadd Source file 92: /eos/cms/store/group/phys_heavyions/jvelazqu/energycorr/condor_R4_axisWTA_cen//0005/L1_object_data_5946_processed.root
hadd Source file 101: /eos/cms/store/group/phys_heavyions/jvelazqu/energycorr/condor_R4_axisWTA_cen//0000/L1_object_data_1902_processed.root
hadd Source file 86: /eos/cms/store/group/phys_heavyions/jvelazqu/energycorr/condor_R4_axisWTA_cen//0000/L1_object_data_126_processed.root
hadd Source file 100: /eos/cms/store/group/phys_heavyions/jvelazqu/energycorr/condor_R4_axisWTA_cen//0004/L1_object_data_4744_processed.root
hadd Source file 109: /eos/cms/store/group/phys_heavyions/jvelazqu/energycorr/condor_R4_axisWTA_cen//0002/L1_object_data_2333_processed.root
hadd Source file 93: /eos/cms/store/group/phys_heavyions/jvelazqu/energycorr/condor_R4_axisWTA_cen//0005/L1_object_data_5947_processed.root
hadd Source file 101: /eos/cms/store/group/phys_heavyions/jvelazqu/energycorr/condor_R4_axisWTA_cen//0004/L1_object_data_4745_processed.root
hadd Source file 108: /eos/cms/store/group/phys_heavyions/jvelazqu/energycorr/condor_R4_axisWTA_cen//0002/L1_object_data_2937_processed.root
hadd Source file 87: /eos/cms/store/group/phys_heavyions/jvelazqu/energycorr/condor_R4_axisWTA_cen//0000/L1_object_data_127_processed.root
hadd Source file 110: /eos/cms/store/group/phys_heavyions/jvelazqu/energycorr/condor_R4_axisWTA_cen//0002/L1_object_data_2334_processed.root
hadd Source file 94: /eos/cms/store/group/phys_heavyions/jvelazqu/energycorr/condor_R4_axisWTA_cen//0005/L1_object_data_5948_processed.root
hadd Source file 101: /eos/cms/store/group/phys_heavyions/jvelazqu/energycorr/condor_R4_axisWTA_cen//0001/L1_object_data_1509_processed.root
hadd Source file 102: /eos/cms/store/group/phys_heavyions/jvelazqu/energycorr/condor_R4_axisWTA_cen//0004/L1_object_data_4746_processed.root
hadd Source file 102: /eos/cms/store/group/phys_heavyions/jvelazqu/energycorr/condor_R4_axisWTA_cen//0000/L1_object_data_1903_processed.root
hadd Source file 109: /eos/cms/store/group/phys_heavyions/jvelazqu/energycorr/condor_R4_axisWTA_cen//0002/L1_object_data_2938_processed.root
hadd Source file 111: /eos/cms/store/group/phys_heavyions/jvelazqu/energycorr/condor_R4_axisWTA_cen//0002/L1_object_data_2335_processed.root
hadd Source file 95: /eos/cms/store/group/phys_heavyions/jvelazqu/energycorr/condor_R4_axisWTA_cen//0005/L1_object_data_5949_processed.root
hadd Source file 88: /eos/cms/store/group/phys_heavyions/jvelazqu/energycorr/condor_R4_axisWTA_cen//0000/L1_object_data_128_processed.root
hadd Source file 93: /eos/cms/store/group/phys_heavyions/jvelazqu/energycorr/condor_R4_axisWTA_cen//0004/L1_object_data_4132_processed.root
hadd Source file 103: /eos/cms/store/group/phys_heavyions/jvelazqu/energycorr/condor_R4_axisWTA_cen//0003/L1_object_data_3537_processed.root
hadd Source file 103: /eos/cms/store/group/phys_heavyions/jvelazqu/energycorr/condor_R4_axisWTA_cen//0000/L1_object_data_1904_processed.root
hadd Source file 110: /eos/cms/store/group/phys_heavyions/jvelazqu/energycorr/condor_R4_axisWTA_cen//0002/L1_object_data_2939_processed.root
hadd Source file 103: /eos/cms/store/group/phys_heavyions/jvelazqu/energycorr/condor_R4_axisWTA_cen//0004/L1_object_data_4747_processed.root
hadd Source file 89: /eos/cms/store/group/phys_heavyions/jvelazqu/energycorr/condor_R4_axisWTA_cen//0000/L1_object_data_129_processed.root
hadd Source file 96: /eos/cms/store/group/phys_heavyions/jvelazqu/energycorr/condor_R4_axisWTA_cen//0005/L1_object_data_5950_processed.root
hadd Source file 112: /eos/cms/store/group/phys_heavyions/jvelazqu/energycorr/condor_R4_axisWTA_cen//0002/L1_object_data_2336_processed.root
hadd Source file 104: /eos/cms/store/group/phys_heavyions/jvelazqu/energycorr/condor_R4_axisWTA_cen//0003/L1_object_data_3538_processed.root
hadd Source file 94: /eos/cms/store/group/phys_heavyions/jvelazqu/energycorr/condor_R4_axisWTA_cen//0004/L1_object_data_4133_processed.root
hadd Source file 113: /eos/cms/store/group/phys_heavyions/jvelazqu/energycorr/condor_R4_axisWTA_cen//0002/L1_object_data_2337_processed.root
hadd Source file 104: /eos/cms/store/group/phys_heavyions/jvelazqu/energycorr/condor_R4_axisWTA_cen//0000/L1_object_data_1905_processed.root
hadd Source file 104: /eos/cms/store/group/phys_heavyions/jvelazqu/energycorr/condor_R4_axisWTA_cen//0004/L1_object_data_4748_processed.root
hadd Source file 111: /eos/cms/store/group/phys_heavyions/jvelazqu/energycorr/condor_R4_axisWTA_cen//0002/L1_object_data_2940_processed.root
hadd Source file 97: /eos/cms/store/group/phys_heavyions/jvelazqu/energycorr/condor_R4_axisWTA_cen//0005/L1_object_data_5951_processed.root
hadd Source file 90: /eos/cms/store/group/phys_heavyions/jvelazqu/energycorr/condor_R4_axisWTA_cen//0000/L1_object_data_130_processed.root
hadd Source file 105: /eos/cms/store/group/phys_heavyions/jvelazqu/energycorr/condor_R4_axisWTA_cen//0003/L1_object_data_3539_processed.root
hadd Source file 105: /eos/cms/store/group/phys_heavyions/jvelazqu/energycorr/condor_R4_axisWTA_cen//0004/L1_object_data_4749_processed.root
hadd Source file 105: /eos/cms/store/group/phys_heavyions/jvelazqu/energycorr/condor_R4_axisWTA_cen//0000/L1_object_data_1906_processed.root
hadd Source file 95: /eos/cms/store/group/phys_heavyions/jvelazqu/energycorr/condor_R4_axisWTA_cen//0004/L1_object_data_4134_processed.root
hadd Source file 112: /eos/cms/store/group/phys_heavyions/jvelazqu/energycorr/condor_R4_axisWTA_cen//0002/L1_object_data_2941_processed.root
hadd Source file 102: /eos/cms/store/group/phys_heavyions/jvelazqu/energycorr/condor_R4_axisWTA_cen//0001/L1_object_data_1510_processed.root
hadd Source file 91: /eos/cms/store/group/phys_heavyions/jvelazqu/energycorr/condor_R4_axisWTA_cen//0000/L1_object_data_131_processed.root
hadd Source file 98: /eos/cms/store/group/phys_heavyions/jvelazqu/energycorr/condor_R4_axisWTA_cen//0005/L1_object_data_5952_processed.root
hadd Source file 96: /eos/cms/store/group/phys_heavyions/jvelazqu/energycorr/condor_R4_axisWTA_cen//0004/L1_object_data_4135_processed.root
hadd Source file 106: /eos/cms/store/group/phys_heavyions/jvelazqu/energycorr/condor_R4_axisWTA_cen//0004/L1_object_data_4750_processed.root
hadd Source file 113: /eos/cms/store/group/phys_heavyions/jvelazqu/energycorr/condor_R4_axisWTA_cen//0002/L1_object_data_2942_processed.root
hadd Source file 103: /eos/cms/store/group/phys_heavyions/jvelazqu/energycorr/condor_R4_axisWTA_cen//0001/L1_object_data_1511_processed.root
hadd Source file 92: /eos/cms/store/group/phys_heavyions/jvelazqu/energycorr/condor_R4_axisWTA_cen//0000/L1_object_data_132_processed.root
hadd Source file 106: /eos/cms/store/group/phys_heavyions/jvelazqu/energycorr/condor_R4_axisWTA_cen//0000/L1_object_data_1907_processed.root
hadd Source file 99: /eos/cms/store/group/phys_heavyions/jvelazqu/energycorr/condor_R4_axisWTA_cen//0005/L1_object_data_5953_processed.root
hadd Source file 107: /eos/cms/store/group/phys_heavyions/jvelazqu/energycorr/condor_R4_axisWTA_cen//0004/L1_object_data_4751_processed.root
hadd Source file 93: /eos/cms/store/group/phys_heavyions/jvelazqu/energycorr/condor_R4_axisWTA_cen//0000/L1_object_data_133_processed.root
hadd Source file 114: /eos/cms/store/group/phys_heavyions/jvelazqu/energycorr/condor_R4_axisWTA_cen//0002/L1_object_data_2943_processed.root
hadd Source file 107: /eos/cms/store/group/phys_heavyions/jvelazqu/energycorr/condor_R4_axisWTA_cen//0000/L1_object_data_1908_processed.root
hadd Source file 114: /eos/cms/store/group/phys_heavyions/jvelazqu/energycorr/condor_R4_axisWTA_cen//0002/L1_object_data_2338_processed.root
hadd Source file 108: /eos/cms/store/group/phys_heavyions/jvelazqu/energycorr/condor_R4_axisWTA_cen//0004/L1_object_data_4752_processed.root
hadd Source file 100: /eos/cms/store/group/phys_heavyions/jvelazqu/energycorr/condor_R4_axisWTA_cen//0005/L1_object_data_5954_processed.root
hadd Source file 115: /eos/cms/store/group/phys_heavyions/jvelazqu/energycorr/condor_R4_axisWTA_cen//0002/L1_object_data_2944_processed.root
hadd Source file 109: /eos/cms/store/group/phys_heavyions/jvelazqu/energycorr/condor_R4_axisWTA_cen//0004/L1_object_data_4753_processed.root
hadd Source file 108: /eos/cms/store/group/phys_heavyions/jvelazqu/energycorr/condor_R4_axisWTA_cen//0000/L1_object_data_1909_processed.root
hadd Source file 94: /eos/cms/store/group/phys_heavyions/jvelazqu/energycorr/condor_R4_axisWTA_cen//0000/L1_object_data_134_processed.root
hadd Source file 115: /eos/cms/store/group/phys_heavyions/jvelazqu/energycorr/condor_R4_axisWTA_cen//0002/L1_object_data_2339_processed.root
hadd Source file 116: /eos/cms/store/group/phys_heavyions/jvelazqu/energycorr/condor_R4_axisWTA_cen//0002/L1_object_data_2945_processed.root
hadd Source file 97: /eos/cms/store/group/phys_heavyions/jvelazqu/energycorr/condor_R4_axisWTA_cen//0004/L1_object_data_4136_processed.root
hadd Source file 95: /eos/cms/store/group/phys_heavyions/jvelazqu/energycorr/condor_R4_axisWTA_cen//0000/L1_object_data_135_processed.root
hadd Source file 109: /eos/cms/store/group/phys_heavyions/jvelazqu/energycorr/condor_R4_axisWTA_cen//0000/L1_object_data_1910_processed.root
hadd Source file 110: /eos/cms/store/group/phys_heavyions/jvelazqu/energycorr/condor_R4_axisWTA_cen//0004/L1_object_data_4754_processed.root
hadd Source file 104: /eos/cms/store/group/phys_heavyions/jvelazqu/energycorr/condor_R4_axisWTA_cen//0001/L1_object_data_1512_processed.root
hadd Source file 101: /eos/cms/store/group/phys_heavyions/jvelazqu/energycorr/condor_R4_axisWTA_cen//0005/L1_object_data_5955_processed.root
hadd Source file 116: /eos/cms/store/group/phys_heavyions/jvelazqu/energycorr/condor_R4_axisWTA_cen//0002/L1_object_data_2340_processed.root
hadd Source file 110: /eos/cms/store/group/phys_heavyions/jvelazqu/energycorr/condor_R4_axisWTA_cen//0000/L1_object_data_1911_processed.root
hadd Source file 117: /eos/cms/store/group/phys_heavyions/jvelazqu/energycorr/condor_R4_axisWTA_cen//0002/L1_object_data_2946_processed.root
hadd Source file 105: /eos/cms/store/group/phys_heavyions/jvelazqu/energycorr/condor_R4_axisWTA_cen//0001/L1_object_data_1513_processed.root
hadd Source file 98: /eos/cms/store/group/phys_heavyions/jvelazqu/energycorr/condor_R4_axisWTA_cen//0004/L1_object_data_4137_processed.root
hadd Source file 111: /eos/cms/store/group/phys_heavyions/jvelazqu/energycorr/condor_R4_axisWTA_cen//0004/L1_object_data_4755_processed.root
hadd Source file 96: /eos/cms/store/group/phys_heavyions/jvelazqu/energycorr/condor_R4_axisWTA_cen//0000/L1_object_data_136_processed.root
hadd Source file 117: /eos/cms/store/group/phys_heavyions/jvelazqu/energycorr/condor_R4_axisWTA_cen//0002/L1_object_data_2341_processed.root
hadd Source file 102: /eos/cms/store/group/phys_heavyions/jvelazqu/energycorr/condor_R4_axisWTA_cen//0005/L1_object_data_5956_processed.root
hadd Source file 111: /eos/cms/store/group/phys_heavyions/jvelazqu/energycorr/condor_R4_axisWTA_cen//0000/L1_object_data_1912_processed.root
hadd Source file 106: /eos/cms/store/group/phys_heavyions/jvelazqu/energycorr/condor_R4_axisWTA_cen//0001/L1_object_data_1514_processed.root
hadd Source file 118: /eos/cms/store/group/phys_heavyions/jvelazqu/energycorr/condor_R4_axisWTA_cen//0002/L1_object_data_2947_processed.root
hadd Source file 112: /eos/cms/store/group/phys_heavyions/jvelazqu/energycorr/condor_R4_axisWTA_cen//0004/L1_object_data_4756_processed.root
hadd Source file 99: /eos/cms/store/group/phys_heavyions/jvelazqu/energycorr/condor_R4_axisWTA_cen//0004/L1_object_data_4138_processed.root
hadd Source file 100: /eos/cms/store/group/phys_heavyions/jvelazqu/energycorr/condor_R4_axisWTA_cen//0004/L1_object_data_4139_processed.root
hadd Source file 112: /eos/cms/store/group/phys_heavyions/jvelazqu/energycorr/condor_R4_axisWTA_cen//0000/L1_object_data_1913_processed.root
hadd Source file 107: /eos/cms/store/group/phys_heavyions/jvelazqu/energycorr/condor_R4_axisWTA_cen//0001/L1_object_data_1515_processed.root
hadd Source file 113: /eos/cms/store/group/phys_heavyions/jvelazqu/energycorr/condor_R4_axisWTA_cen//0004/L1_object_data_4757_processed.root
hadd Source file 119: /eos/cms/store/group/phys_heavyions/jvelazqu/energycorr/condor_R4_axisWTA_cen//0002/L1_object_data_2948_processed.root
hadd Source file 101: /eos/cms/store/group/phys_heavyions/jvelazqu/energycorr/condor_R4_axisWTA_cen//0004/L1_object_data_4140_processed.root
hadd Source file 108: /eos/cms/store/group/phys_heavyions/jvelazqu/energycorr/condor_R4_axisWTA_cen//0001/L1_object_data_1516_processed.root
hadd Source file 113: /eos/cms/store/group/phys_heavyions/jvelazqu/energycorr/condor_R4_axisWTA_cen//0000/L1_object_data_1914_processed.root
hadd Source file 114: /eos/cms/store/group/phys_heavyions/jvelazqu/energycorr/condor_R4_axisWTA_cen//0004/L1_object_data_4758_processed.root
hadd Source file 120: /eos/cms/store/group/phys_heavyions/jvelazqu/energycorr/condor_R4_axisWTA_cen//0002/L1_object_data_2949_processed.root
hadd Source file 114: /eos/cms/store/group/phys_heavyions/jvelazqu/energycorr/condor_R4_axisWTA_cen//0000/L1_object_data_1915_processed.root
hadd Source file 118: /eos/cms/store/group/phys_heavyions/jvelazqu/energycorr/condor_R4_axisWTA_cen//0002/L1_object_data_2342_processed.root
hadd Source file 106: /eos/cms/store/group/phys_heavyions/jvelazqu/energycorr/condor_R4_axisWTA_cen//0003/L1_object_data_3540_processed.root
hadd Source file 115: /eos/cms/store/group/phys_heavyions/jvelazqu/energycorr/condor_R4_axisWTA_cen//0004/L1_object_data_4759_processed.root
hadd Source file 102: /eos/cms/store/group/phys_heavyions/jvelazqu/energycorr/condor_R4_axisWTA_cen//0004/L1_object_data_4141_processed.root
hadd Source file 121: /eos/cms/store/group/phys_heavyions/jvelazqu/energycorr/condor_R4_axisWTA_cen//0002/L1_object_data_2950_processed.root
hadd Source file 115: /eos/cms/store/group/phys_heavyions/jvelazqu/energycorr/condor_R4_axisWTA_cen//0000/L1_object_data_1916_processed.root
hadd Source file 107: /eos/cms/store/group/phys_heavyions/jvelazqu/energycorr/condor_R4_axisWTA_cen//0003/L1_object_data_3541_processed.root
hadd Source file 116: /eos/cms/store/group/phys_heavyions/jvelazqu/energycorr/condor_R4_axisWTA_cen//0004/L1_object_data_4760_processed.root
hadd Source file 119: /eos/cms/store/group/phys_heavyions/jvelazqu/energycorr/condor_R4_axisWTA_cen//0002/L1_object_data_2343_processed.root
hadd Source file 103: /eos/cms/store/group/phys_heavyions/jvelazqu/energycorr/condor_R4_axisWTA_cen//0004/L1_object_data_4142_processed.root
hadd Source file 108: /eos/cms/store/group/phys_heavyions/jvelazqu/energycorr/condor_R4_axisWTA_cen//0003/L1_object_data_3542_processed.root
hadd Source file 103: /eos/cms/store/group/phys_heavyions/jvelazqu/energycorr/condor_R4_axisWTA_cen//0005/L1_object_data_5957_processed.root
hadd Source file 109: /eos/cms/store/group/phys_heavyions/jvelazqu/energycorr/condor_R4_axisWTA_cen//0003/L1_object_data_3543_processed.root
hadd Source file 109: /eos/cms/store/group/phys_heavyions/jvelazqu/energycorr/condor_R4_axisWTA_cen//0001/L1_object_data_1517_processed.root
hadd Source file 120: /eos/cms/store/group/phys_heavyions/jvelazqu/energycorr/condor_R4_axisWTA_cen//0002/L1_object_data_2344_processed.root
hadd Source file 117: /eos/cms/store/group/phys_heavyions/jvelazqu/energycorr/condor_R4_axisWTA_cen//0004/L1_object_data_4761_processed.root
hadd Source file 104: /eos/cms/store/group/phys_heavyions/jvelazqu/energycorr/condor_R4_axisWTA_cen//0004/L1_object_data_4143_processed.root
hadd Source file 104: /eos/cms/store/group/phys_heavyions/jvelazqu/energycorr/condor_R4_axisWTA_cen//0005/L1_object_data_5958_processed.root
hadd Source file 116: /eos/cms/store/group/phys_heavyions/jvelazqu/energycorr/condor_R4_axisWTA_cen//0000/L1_object_data_1917_processed.root
hadd Source file 110: /eos/cms/store/group/phys_heavyions/jvelazqu/energycorr/condor_R4_axisWTA_cen//0001/L1_object_data_1518_processed.root
hadd Source file 97: /eos/cms/store/group/phys_heavyions/jvelazqu/energycorr/condor_R4_axisWTA_cen//0000/L1_object_data_137_processed.root
hadd Source file 121: /eos/cms/store/group/phys_heavyions/jvelazqu/energycorr/condor_R4_axisWTA_cen//0002/L1_object_data_2345_processed.root
hadd Source file 110: /eos/cms/store/group/phys_heavyions/jvelazqu/energycorr/condor_R4_axisWTA_cen//0003/L1_object_data_3544_processed.root
hadd Source file 118: /eos/cms/store/group/phys_heavyions/jvelazqu/energycorr/condor_R4_axisWTA_cen//0004/L1_object_data_4762_processed.root
hadd Source file 105: /eos/cms/store/group/phys_heavyions/jvelazqu/energycorr/condor_R4_axisWTA_cen//0004/L1_object_data_4144_processed.root
hadd Source file 105: /eos/cms/store/group/phys_heavyions/jvelazqu/energycorr/condor_R4_axisWTA_cen//0005/L1_object_data_5959_processed.root
hadd Source file 111: /eos/cms/store/group/phys_heavyions/jvelazqu/energycorr/condor_R4_axisWTA_cen//0001/L1_object_data_1519_processed.root
hadd Source file 98: /eos/cms/store/group/phys_heavyions/jvelazqu/energycorr/condor_R4_axisWTA_cen//0000/L1_object_data_138_processed.root
hadd Source file 122: /eos/cms/store/group/phys_heavyions/jvelazqu/energycorr/condor_R4_axisWTA_cen//0002/L1_object_data_2951_processed.root
hadd Source file 122: /eos/cms/store/group/phys_heavyions/jvelazqu/energycorr/condor_R4_axisWTA_cen//0002/L1_object_data_2346_processed.root
hadd Source file 117: /eos/cms/store/group/phys_heavyions/jvelazqu/energycorr/condor_R4_axisWTA_cen//0000/L1_object_data_1918_processed.root
hadd Source file 99: /eos/cms/store/group/phys_heavyions/jvelazqu/energycorr/condor_R4_axisWTA_cen//0000/L1_object_data_139_processed.root
hadd Source file 106: /eos/cms/store/group/phys_heavyions/jvelazqu/energycorr/condor_R4_axisWTA_cen//0005/L1_object_data_5960_processed.root
hadd Source file 112: /eos/cms/store/group/phys_heavyions/jvelazqu/energycorr/condor_R4_axisWTA_cen//0001/L1_object_data_1520_processed.root
hadd Source file 106: /eos/cms/store/group/phys_heavyions/jvelazqu/energycorr/condor_R4_axisWTA_cen//0004/L1_object_data_4145_processed.root
hadd Source file 123: /eos/cms/store/group/phys_heavyions/jvelazqu/energycorr/condor_R4_axisWTA_cen//0002/L1_object_data_2952_processed.root
hadd Source file 123: /eos/cms/store/group/phys_heavyions/jvelazqu/energycorr/condor_R4_axisWTA_cen//0002/L1_object_data_2347_processed.root
hadd Source file 107: /eos/cms/store/group/phys_heavyions/jvelazqu/energycorr/condor_R4_axisWTA_cen//0004/L1_object_data_4146_processed.root
hadd Source file 107: /eos/cms/store/group/phys_heavyions/jvelazqu/energycorr/condor_R4_axisWTA_cen//0005/L1_object_data_5961_processed.root
hadd Source file 111: /eos/cms/store/group/phys_heavyions/jvelazqu/energycorr/condor_R4_axisWTA_cen//0003/L1_object_data_3545_processed.root
hadd Source file 124: /eos/cms/store/group/phys_heavyions/jvelazqu/energycorr/condor_R4_axisWTA_cen//0002/L1_object_data_2953_processed.root
hadd Source file 124: /eos/cms/store/group/phys_heavyions/jvelazqu/energycorr/condor_R4_axisWTA_cen//0002/L1_object_data_2348_processed.root
hadd Source file 108: /eos/cms/store/group/phys_heavyions/jvelazqu/energycorr/condor_R4_axisWTA_cen//0004/L1_object_data_4147_processed.root
hadd Source file 113: /eos/cms/store/group/phys_heavyions/jvelazqu/energycorr/condor_R4_axisWTA_cen//0001/L1_object_data_1521_processed.root
hadd Source file 125: /eos/cms/store/group/phys_heavyions/jvelazqu/energycorr/condor_R4_axisWTA_cen//0002/L1_object_data_2954_processed.root
hadd Source file 112: /eos/cms/store/group/phys_heavyions/jvelazqu/energycorr/condor_R4_axisWTA_cen//0003/L1_object_data_3546_processed.root
hadd Source file 119: /eos/cms/store/group/phys_heavyions/jvelazqu/energycorr/condor_R4_axisWTA_cen//0004/L1_object_data_4763_processed.root
hadd Source file 114: /eos/cms/store/group/phys_heavyions/jvelazqu/energycorr/condor_R4_axisWTA_cen//0001/L1_object_data_1522_processed.root
hadd Source file 108: /eos/cms/store/group/phys_heavyions/jvelazqu/energycorr/condor_R4_axisWTA_cen//0005/L1_object_data_5962_processed.root
hadd Source file 113: /eos/cms/store/group/phys_heavyions/jvelazqu/energycorr/condor_R4_axisWTA_cen//0003/L1_object_data_3547_processed.root
hadd Source file 126: /eos/cms/store/group/phys_heavyions/jvelazqu/energycorr/condor_R4_axisWTA_cen//0002/L1_object_data_2955_processed.root
hadd Source file 118: /eos/cms/store/group/phys_heavyions/jvelazqu/energycorr/condor_R4_axisWTA_cen//0000/L1_object_data_1919_processed.root
hadd Source file 120: /eos/cms/store/group/phys_heavyions/jvelazqu/energycorr/condor_R4_axisWTA_cen//0004/L1_object_data_4764_processed.root
hadd Source file 109: /eos/cms/store/group/phys_heavyions/jvelazqu/energycorr/condor_R4_axisWTA_cen//0004/L1_object_data_4148_processed.root
hadd Source file 100: /eos/cms/store/group/phys_heavyions/jvelazqu/energycorr/condor_R4_axisWTA_cen//0000/L1_object_data_140_processed.root
hadd Source file 114: /eos/cms/store/group/phys_heavyions/jvelazqu/energycorr/condor_R4_axisWTA_cen//0003/L1_object_data_3548_processed.root
hadd Source file 115: /eos/cms/store/group/phys_heavyions/jvelazqu/energycorr/condor_R4_axisWTA_cen//0001/L1_object_data_1523_processed.root
hadd Source file 127: /eos/cms/store/group/phys_heavyions/jvelazqu/energycorr/condor_R4_axisWTA_cen//0002/L1_object_data_2956_processed.root
hadd Source file 125: /eos/cms/store/group/phys_heavyions/jvelazqu/energycorr/condor_R4_axisWTA_cen//0002/L1_object_data_2349_processed.root
hadd Source file 119: /eos/cms/store/group/phys_heavyions/jvelazqu/energycorr/condor_R4_axisWTA_cen//0000/L1_object_data_1920_processed.root
hadd Source file 110: /eos/cms/store/group/phys_heavyions/jvelazqu/energycorr/condor_R4_axisWTA_cen//0004/L1_object_data_4149_processed.root
hadd Source file 121: /eos/cms/store/group/phys_heavyions/jvelazqu/energycorr/condor_R4_axisWTA_cen//0004/L1_object_data_4765_processed.root
hadd Source file 115: /eos/cms/store/group/phys_heavyions/jvelazqu/energycorr/condor_R4_axisWTA_cen//0003/L1_object_data_3549_processed.root
hadd Source file 101: /eos/cms/store/group/phys_heavyions/jvelazqu/energycorr/condor_R4_axisWTA_cen//0000/L1_object_data_141_processed.root
hadd Source file 109: /eos/cms/store/group/phys_heavyions/jvelazqu/energycorr/condor_R4_axisWTA_cen//0005/L1_object_data_5963_processed.root
hadd Source file 126: /eos/cms/store/group/phys_heavyions/jvelazqu/energycorr/condor_R4_axisWTA_cen//0002/L1_object_data_2350_processed.root
hadd Source file 116: /eos/cms/store/group/phys_heavyions/jvelazqu/energycorr/condor_R4_axisWTA_cen//0003/L1_object_data_3550_processed.root
hadd Source file 111: /eos/cms/store/group/phys_heavyions/jvelazqu/energycorr/condor_R4_axisWTA_cen//0004/L1_object_data_4150_processed.root
hadd Source file 128: /eos/cms/store/group/phys_heavyions/jvelazqu/energycorr/condor_R4_axisWTA_cen//0002/L1_object_data_2957_processed.root
hadd Source file 116: /eos/cms/store/group/phys_heavyions/jvelazqu/energycorr/condor_R4_axisWTA_cen//0001/L1_object_data_1524_processed.root
hadd Source file 120: /eos/cms/store/group/phys_heavyions/jvelazqu/energycorr/condor_R4_axisWTA_cen//0000/L1_object_data_1921_processed.root
hadd Source file 102: /eos/cms/store/group/phys_heavyions/jvelazqu/energycorr/condor_R4_axisWTA_cen//0000/L1_object_data_142_processed.root
hadd Source file 121: /eos/cms/store/group/phys_heavyions/jvelazqu/energycorr/condor_R4_axisWTA_cen//0000/L1_object_data_1922_processed.root
hadd Source file 127: /eos/cms/store/group/phys_heavyions/jvelazqu/energycorr/condor_R4_axisWTA_cen//0002/L1_object_data_2351_processed.root
hadd Source file 112: /eos/cms/store/group/phys_heavyions/jvelazqu/energycorr/condor_R4_axisWTA_cen//0004/L1_object_data_4151_processed.root
hadd Source file 117: /eos/cms/store/group/phys_heavyions/jvelazqu/energycorr/condor_R4_axisWTA_cen//0003/L1_object_data_3551_processed.root
hadd Source file 129: /eos/cms/store/group/phys_heavyions/jvelazqu/energycorr/condor_R4_axisWTA_cen//0002/L1_object_data_2958_processed.root
hadd Source file 117: /eos/cms/store/group/phys_heavyions/jvelazqu/energycorr/condor_R4_axisWTA_cen//0001/L1_object_data_1525_processed.root
hadd Source file 122: /eos/cms/store/group/phys_heavyions/jvelazqu/energycorr/condor_R4_axisWTA_cen//0000/L1_object_data_1923_processed.root
hadd Source file 103: /eos/cms/store/group/phys_heavyions/jvelazqu/energycorr/condor_R4_axisWTA_cen//0000/L1_object_data_143_processed.root
hadd Source file 118: /eos/cms/store/group/phys_heavyions/jvelazqu/energycorr/condor_R4_axisWTA_cen//0001/L1_object_data_1526_processed.root
hadd Source file 130: /eos/cms/store/group/phys_heavyions/jvelazqu/energycorr/condor_R4_axisWTA_cen//0002/L1_object_data_2959_processed.root
hadd Source file 113: /eos/cms/store/group/phys_heavyions/jvelazqu/energycorr/condor_R4_axisWTA_cen//0004/L1_object_data_4152_processed.root
hadd Source file 123: /eos/cms/store/group/phys_heavyions/jvelazqu/energycorr/condor_R4_axisWTA_cen//0000/L1_object_data_1924_processed.root
hadd Source file 128: /eos/cms/store/group/phys_heavyions/jvelazqu/energycorr/condor_R4_axisWTA_cen//0002/L1_object_data_2352_processed.root
hadd Source file 104: /eos/cms/store/group/phys_heavyions/jvelazqu/energycorr/condor_R4_axisWTA_cen//0000/L1_object_data_144_processed.root
hadd Source file 122: /eos/cms/store/group/phys_heavyions/jvelazqu/energycorr/condor_R4_axisWTA_cen//0004/L1_object_data_4766_processed.root
hadd Source file 119: /eos/cms/store/group/phys_heavyions/jvelazqu/energycorr/condor_R4_axisWTA_cen//0001/L1_object_data_1527_processed.root
hadd Source file 110: /eos/cms/store/group/phys_heavyions/jvelazqu/energycorr/condor_R4_axisWTA_cen//0005/L1_object_data_5964_processed.root
hadd Source file 131: /eos/cms/store/group/phys_heavyions/jvelazqu/energycorr/condor_R4_axisWTA_cen//0002/L1_object_data_2960_processed.root
hadd Source file 124: /eos/cms/store/group/phys_heavyions/jvelazqu/energycorr/condor_R4_axisWTA_cen//0000/L1_object_data_1925_processed.root
hadd Source file 114: /eos/cms/store/group/phys_heavyions/jvelazqu/energycorr/condor_R4_axisWTA_cen//0004/L1_object_data_4153_processed.root
hadd Source file 123: /eos/cms/store/group/phys_heavyions/jvelazqu/energycorr/condor_R4_axisWTA_cen//0004/L1_object_data_4767_processed.root
hadd Source file 120: /eos/cms/store/group/phys_heavyions/jvelazqu/energycorr/condor_R4_axisWTA_cen//0001/L1_object_data_1528_processed.root
hadd Source file 111: /eos/cms/store/group/phys_heavyions/jvelazqu/energycorr/condor_R4_axisWTA_cen//0005/L1_object_data_5965_processed.root
hadd Source file 105: /eos/cms/store/group/phys_heavyions/jvelazqu/energycorr/condor_R4_axisWTA_cen//0000/L1_object_data_145_processed.root
hadd Source file 129: /eos/cms/store/group/phys_heavyions/jvelazqu/energycorr/condor_R4_axisWTA_cen//0002/L1_object_data_2353_processed.root
hadd Source file 132: /eos/cms/store/group/phys_heavyions/jvelazqu/energycorr/condor_R4_axisWTA_cen//0002/L1_object_data_2961_processed.root
hadd Source file 118: /eos/cms/store/group/phys_heavyions/jvelazqu/energycorr/condor_R4_axisWTA_cen//0003/L1_object_data_3552_processed.root
hadd Source file 124: /eos/cms/store/group/phys_heavyions/jvelazqu/energycorr/condor_R4_axisWTA_cen//0004/L1_object_data_4768_processed.root
hadd Source file 106: /eos/cms/store/group/phys_heavyions/jvelazqu/energycorr/condor_R4_axisWTA_cen//0000/L1_object_data_146_processed.root
hadd Source file 112: /eos/cms/store/group/phys_heavyions/jvelazqu/energycorr/condor_R4_axisWTA_cen//0005/L1_object_data_5966_processed.root
hadd Source file 130: /eos/cms/store/group/phys_heavyions/jvelazqu/energycorr/condor_R4_axisWTA_cen//0002/L1_object_data_2354_processed.root
hadd Source file 107: /eos/cms/store/group/phys_heavyions/jvelazqu/energycorr/condor_R4_axisWTA_cen//0000/L1_object_data_147_processed.root
hadd Source file 125: /eos/cms/store/group/phys_heavyions/jvelazqu/energycorr/condor_R4_axisWTA_cen//0004/L1_object_data_4769_processed.root
hadd Source file 119: /eos/cms/store/group/phys_heavyions/jvelazqu/energycorr/condor_R4_axisWTA_cen//0003/L1_object_data_3553_processed.root
hadd Source file 133: /eos/cms/store/group/phys_heavyions/jvelazqu/energycorr/condor_R4_axisWTA_cen//0002/L1_object_data_2962_processed.root
hadd Source file 131: /eos/cms/store/group/phys_heavyions/jvelazqu/energycorr/condor_R4_axisWTA_cen//0002/L1_object_data_2355_processed.root
hadd Source file 108: /eos/cms/store/group/phys_heavyions/jvelazqu/energycorr/condor_R4_axisWTA_cen//0000/L1_object_data_148_processed.root
hadd Source file 132: /eos/cms/store/group/phys_heavyions/jvelazqu/energycorr/condor_R4_axisWTA_cen//0002/L1_object_data_2356_processed.root
hadd Source file 120: /eos/cms/store/group/phys_heavyions/jvelazqu/energycorr/condor_R4_axisWTA_cen//0003/L1_object_data_3554_processed.root
hadd Source file 125: /eos/cms/store/group/phys_heavyions/jvelazqu/energycorr/condor_R4_axisWTA_cen//0000/L1_object_data_1926_processed.root
hadd Source file 115: /eos/cms/store/group/phys_heavyions/jvelazqu/energycorr/condor_R4_axisWTA_cen//0004/L1_object_data_4154_processed.root
hadd Source file 121: /eos/cms/store/group/phys_heavyions/jvelazqu/energycorr/condor_R4_axisWTA_cen//0001/L1_object_data_1529_processed.root
hadd Source file 133: /eos/cms/store/group/phys_heavyions/jvelazqu/energycorr/condor_R4_axisWTA_cen//0002/L1_object_data_2357_processed.root
hadd Source file 109: /eos/cms/store/group/phys_heavyions/jvelazqu/energycorr/condor_R4_axisWTA_cen//0000/L1_object_data_149_processed.root
hadd Source file 116: /eos/cms/store/group/phys_heavyions/jvelazqu/energycorr/condor_R4_axisWTA_cen//0004/L1_object_data_4155_processed.root
hadd Source file 121: /eos/cms/store/group/phys_heavyions/jvelazqu/energycorr/condor_R4_axisWTA_cen//0003/L1_object_data_3555_processed.root
hadd Source file 122: /eos/cms/store/group/phys_heavyions/jvelazqu/energycorr/condor_R4_axisWTA_cen//0001/L1_object_data_1530_processed.root
hadd Source file 126: /eos/cms/store/group/phys_heavyions/jvelazqu/energycorr/condor_R4_axisWTA_cen//0000/L1_object_data_1927_processed.root
hadd Source file 113: /eos/cms/store/group/phys_heavyions/jvelazqu/energycorr/condor_R4_axisWTA_cen//0005/L1_object_data_5967_processed.root
hadd Source file 110: /eos/cms/store/group/phys_heavyions/jvelazqu/energycorr/condor_R4_axisWTA_cen//0000/L1_object_data_150_processed.root
hadd Source file 127: /eos/cms/store/group/phys_heavyions/jvelazqu/energycorr/condor_R4_axisWTA_cen//0000/L1_object_data_1928_processed.root
hadd Source file 123: /eos/cms/store/group/phys_heavyions/jvelazqu/energycorr/condor_R4_axisWTA_cen//0001/L1_object_data_1531_processed.root
hadd Source file 126: /eos/cms/store/group/phys_heavyions/jvelazqu/energycorr/condor_R4_axisWTA_cen//0004/L1_object_data_4770_processed.root
hadd Source file 122: /eos/cms/store/group/phys_heavyions/jvelazqu/energycorr/condor_R4_axisWTA_cen//0003/L1_object_data_3556_processed.root
hadd Source file 111: /eos/cms/store/group/phys_heavyions/jvelazqu/energycorr/condor_R4_axisWTA_cen//0000/L1_object_data_151_processed.root
hadd Source file 117: /eos/cms/store/group/phys_heavyions/jvelazqu/energycorr/condor_R4_axisWTA_cen//0004/L1_object_data_4156_processed.root
hadd Source file 134: /eos/cms/store/group/phys_heavyions/jvelazqu/energycorr/condor_R4_axisWTA_cen//0002/L1_object_data_2358_processed.root
hadd Source file 134: /eos/cms/store/group/phys_heavyions/jvelazqu/energycorr/condor_R4_axisWTA_cen//0002/L1_object_data_2963_processed.root
hadd Source file 127: /eos/cms/store/group/phys_heavyions/jvelazqu/energycorr/condor_R4_axisWTA_cen//0004/L1_object_data_4771_processed.root
hadd Source file 123: /eos/cms/store/group/phys_heavyions/jvelazqu/energycorr/condor_R4_axisWTA_cen//0003/L1_object_data_3557_processed.root
hadd Source file 135: /eos/cms/store/group/phys_heavyions/jvelazqu/energycorr/condor_R4_axisWTA_cen//0002/L1_object_data_2964_processed.root
hadd Source file 124: /eos/cms/store/group/phys_heavyions/jvelazqu/energycorr/condor_R4_axisWTA_cen//0001/L1_object_data_1532_processed.root
hadd Source file 112: /eos/cms/store/group/phys_heavyions/jvelazqu/energycorr/condor_R4_axisWTA_cen//0000/L1_object_data_152_processed.root
hadd Source file 135: /eos/cms/store/group/phys_heavyions/jvelazqu/energycorr/condor_R4_axisWTA_cen//0002/L1_object_data_2359_processed.root
hadd Source file 118: /eos/cms/store/group/phys_heavyions/jvelazqu/energycorr/condor_R4_axisWTA_cen//0004/L1_object_data_4157_processed.root
hadd Source file 128: /eos/cms/store/group/phys_heavyions/jvelazqu/energycorr/condor_R4_axisWTA_cen//0004/L1_object_data_4772_processed.root
hadd Source file 136: /eos/cms/store/group/phys_heavyions/jvelazqu/energycorr/condor_R4_axisWTA_cen//0002/L1_object_data_2965_processed.root
hadd Source file 124: /eos/cms/store/group/phys_heavyions/jvelazqu/energycorr/condor_R4_axisWTA_cen//0003/L1_object_data_3558_processed.root
hadd Source file 113: /eos/cms/store/group/phys_heavyions/jvelazqu/energycorr/condor_R4_axisWTA_cen//0000/L1_object_data_153_processed.root
hadd Source file 136: /eos/cms/store/group/phys_heavyions/jvelazqu/energycorr/condor_R4_axisWTA_cen//0002/L1_object_data_2360_processed.root
hadd Source file 119: /eos/cms/store/group/phys_heavyions/jvelazqu/energycorr/condor_R4_axisWTA_cen//0004/L1_object_data_4158_processed.root
hadd Source file 137: /eos/cms/store/group/phys_heavyions/jvelazqu/energycorr/condor_R4_axisWTA_cen//0002/L1_object_data_2966_processed.root
hadd Source file 129: /eos/cms/store/group/phys_heavyions/jvelazqu/energycorr/condor_R4_axisWTA_cen//0004/L1_object_data_4773_processed.root
hadd Source file 114: /eos/cms/store/group/phys_heavyions/jvelazqu/energycorr/condor_R4_axisWTA_cen//0005/L1_object_data_5968_processed.root
hadd Source file 114: /eos/cms/store/group/phys_heavyions/jvelazqu/energycorr/condor_R4_axisWTA_cen//0000/L1_object_data_154_processed.root
hadd Source file 125: /eos/cms/store/group/phys_heavyions/jvelazqu/energycorr/condor_R4_axisWTA_cen//0001/L1_object_data_1533_processed.root
hadd Source file 125: /eos/cms/store/group/phys_heavyions/jvelazqu/energycorr/condor_R4_axisWTA_cen//0003/L1_object_data_3559_processed.root
hadd Source file 120: /eos/cms/store/group/phys_heavyions/jvelazqu/energycorr/condor_R4_axisWTA_cen//0004/L1_object_data_4159_processed.root
hadd Source file 137: /eos/cms/store/group/phys_heavyions/jvelazqu/energycorr/condor_R4_axisWTA_cen//0002/L1_object_data_2361_processed.root
hadd Source file 130: /eos/cms/store/group/phys_heavyions/jvelazqu/energycorr/condor_R4_axisWTA_cen//0004/L1_object_data_4774_processed.root
hadd Source file 115: /eos/cms/store/group/phys_heavyions/jvelazqu/energycorr/condor_R4_axisWTA_cen//0000/L1_object_data_155_processed.root
hadd Source file 128: /eos/cms/store/group/phys_heavyions/jvelazqu/energycorr/condor_R4_axisWTA_cen//0000/L1_object_data_1929_processed.root
hadd Source file 126: /eos/cms/store/group/phys_heavyions/jvelazqu/energycorr/condor_R4_axisWTA_cen//0001/L1_object_data_1534_processed.root
hadd Source file 126: /eos/cms/store/group/phys_heavyions/jvelazqu/energycorr/condor_R4_axisWTA_cen//0003/L1_object_data_3560_processed.root
hadd Source file 121: /eos/cms/store/group/phys_heavyions/jvelazqu/energycorr/condor_R4_axisWTA_cen//0004/L1_object_data_4160_processed.root
hadd Source file 129: /eos/cms/store/group/phys_heavyions/jvelazqu/energycorr/condor_R4_axisWTA_cen//0000/L1_object_data_1930_processed.root
hadd Source file 138: /eos/cms/store/group/phys_heavyions/jvelazqu/energycorr/condor_R4_axisWTA_cen//0002/L1_object_data_2362_processed.root
hadd Source file 116: /eos/cms/store/group/phys_heavyions/jvelazqu/energycorr/condor_R4_axisWTA_cen//0000/L1_object_data_156_processed.root
hadd Source file 131: /eos/cms/store/group/phys_heavyions/jvelazqu/energycorr/condor_R4_axisWTA_cen//0004/L1_object_data_4775_processed.root
hadd Source file 127: /eos/cms/store/group/phys_heavyions/jvelazqu/energycorr/condor_R4_axisWTA_cen//0001/L1_object_data_1535_processed.root
hadd Source file 138: /eos/cms/store/group/phys_heavyions/jvelazqu/energycorr/condor_R4_axisWTA_cen//0002/L1_object_data_2967_processed.root
hadd Source file 127: /eos/cms/store/group/phys_heavyions/jvelazqu/energycorr/condor_R4_axisWTA_cen//0003/L1_object_data_3561_processed.root
hadd Source file 122: /eos/cms/store/group/phys_heavyions/jvelazqu/energycorr/condor_R4_axisWTA_cen//0004/L1_object_data_4161_processed.root
hadd Source file 130: /eos/cms/store/group/phys_heavyions/jvelazqu/energycorr/condor_R4_axisWTA_cen//0000/L1_object_data_1931_processed.root
hadd Source file 117: /eos/cms/store/group/phys_heavyions/jvelazqu/energycorr/condor_R4_axisWTA_cen//0000/L1_object_data_157_processed.root
hadd Source file 132: /eos/cms/store/group/phys_heavyions/jvelazqu/energycorr/condor_R4_axisWTA_cen//0004/L1_object_data_4776_processed.root
hadd Source file 128: /eos/cms/store/group/phys_heavyions/jvelazqu/energycorr/condor_R4_axisWTA_cen//0001/L1_object_data_1536_processed.root
hadd Source file 139: /eos/cms/store/group/phys_heavyions/jvelazqu/energycorr/condor_R4_axisWTA_cen//0002/L1_object_data_2968_processed.root
hadd Source file 139: /eos/cms/store/group/phys_heavyions/jvelazqu/energycorr/condor_R4_axisWTA_cen//0002/L1_object_data_2363_processed.root
hadd Source file 131: /eos/cms/store/group/phys_heavyions/jvelazqu/energycorr/condor_R4_axisWTA_cen//0000/L1_object_data_1932_processed.root
hadd Source file 123: /eos/cms/store/group/phys_heavyions/jvelazqu/energycorr/condor_R4_axisWTA_cen//0004/L1_object_data_4162_processed.root
hadd Source file 115: /eos/cms/store/group/phys_heavyions/jvelazqu/energycorr/condor_R4_axisWTA_cen//0005/L1_object_data_5969_processed.root
hadd Source file 133: /eos/cms/store/group/phys_heavyions/jvelazqu/energycorr/condor_R4_axisWTA_cen//0004/L1_object_data_4777_processed.root
hadd Source file 128: /eos/cms/store/group/phys_heavyions/jvelazqu/energycorr/condor_R4_axisWTA_cen//0003/L1_object_data_3562_processed.root
hadd Source file 129: /eos/cms/store/group/phys_heavyions/jvelazqu/energycorr/condor_R4_axisWTA_cen//0001/L1_object_data_1537_processed.root
hadd Source file 140: /eos/cms/store/group/phys_heavyions/jvelazqu/energycorr/condor_R4_axisWTA_cen//0002/L1_object_data_2364_processed.root
hadd Source file 118: /eos/cms/store/group/phys_heavyions/jvelazqu/energycorr/condor_R4_axisWTA_cen//0000/L1_object_data_158_processed.root
hadd Source file 124: /eos/cms/store/group/phys_heavyions/jvelazqu/energycorr/condor_R4_axisWTA_cen//0004/L1_object_data_4163_processed.root
hadd Source file 116: /eos/cms/store/group/phys_heavyions/jvelazqu/energycorr/condor_R4_axisWTA_cen//0005/L1_object_data_5970_processed.root
hadd Source file 132: /eos/cms/store/group/phys_heavyions/jvelazqu/energycorr/condor_R4_axisWTA_cen//0000/L1_object_data_1933_processed.root
hadd Source file 140: /eos/cms/store/group/phys_heavyions/jvelazqu/energycorr/condor_R4_axisWTA_cen//0002/L1_object_data_2969_processed.root
hadd Source file 141: /eos/cms/store/group/phys_heavyions/jvelazqu/energycorr/condor_R4_axisWTA_cen//0002/L1_object_data_2365_processed.root
hadd Source file 129: /eos/cms/store/group/phys_heavyions/jvelazqu/energycorr/condor_R4_axisWTA_cen//0003/L1_object_data_3563_processed.root
hadd Source file 134: /eos/cms/store/group/phys_heavyions/jvelazqu/energycorr/condor_R4_axisWTA_cen//0004/L1_object_data_4778_processed.root
hadd Source file 119: /eos/cms/store/group/phys_heavyions/jvelazqu/energycorr/condor_R4_axisWTA_cen//0000/L1_object_data_159_processed.root
hadd Source file 117: /eos/cms/store/group/phys_heavyions/jvelazqu/energycorr/condor_R4_axisWTA_cen//0005/L1_object_data_5971_processed.root
hadd Source file 125: /eos/cms/store/group/phys_heavyions/jvelazqu/energycorr/condor_R4_axisWTA_cen//0004/L1_object_data_4164_processed.root
hadd Source file 130: /eos/cms/store/group/phys_heavyions/jvelazqu/energycorr/condor_R4_axisWTA_cen//0003/L1_object_data_3564_processed.root
hadd Source file 141: /eos/cms/store/group/phys_heavyions/jvelazqu/energycorr/condor_R4_axisWTA_cen//0002/L1_object_data_2970_processed.root
hadd Source file 133: /eos/cms/store/group/phys_heavyions/jvelazqu/energycorr/condor_R4_axisWTA_cen//0000/L1_object_data_1934_processed.root
hadd Source file 120: /eos/cms/store/group/phys_heavyions/jvelazqu/energycorr/condor_R4_axisWTA_cen//0000/L1_object_data_160_processed.root
hadd Source file 126: /eos/cms/store/group/phys_heavyions/jvelazqu/energycorr/condor_R4_axisWTA_cen//0004/L1_object_data_4165_processed.root
hadd Source file 118: /eos/cms/store/group/phys_heavyions/jvelazqu/energycorr/condor_R4_axisWTA_cen//0005/L1_object_data_5972_processed.root
hadd Source file 131: /eos/cms/store/group/phys_heavyions/jvelazqu/energycorr/condor_R4_axisWTA_cen//0003/L1_object_data_3565_processed.root
hadd Source file 134: /eos/cms/store/group/phys_heavyions/jvelazqu/energycorr/condor_R4_axisWTA_cen//0000/L1_object_data_1935_processed.root
hadd Source file 121: /eos/cms/store/group/phys_heavyions/jvelazqu/energycorr/condor_R4_axisWTA_cen//0000/L1_object_data_161_processed.root
hadd Source file 130: /eos/cms/store/group/phys_heavyions/jvelazqu/energycorr/condor_R4_axisWTA_cen//0001/L1_object_data_1538_processed.root
hadd Source file 132: /eos/cms/store/group/phys_heavyions/jvelazqu/energycorr/condor_R4_axisWTA_cen//0003/L1_object_data_3566_processed.root
hadd Source file 142: /eos/cms/store/group/phys_heavyions/jvelazqu/energycorr/condor_R4_axisWTA_cen//0002/L1_object_data_2366_processed.root
hadd Source file 127: /eos/cms/store/group/phys_heavyions/jvelazqu/energycorr/condor_R4_axisWTA_cen//0004/L1_object_data_4166_processed.root
hadd Source file 119: /eos/cms/store/group/phys_heavyions/jvelazqu/energycorr/condor_R4_axisWTA_cen//0005/L1_object_data_5973_processed.root
hadd Source file 135: /eos/cms/store/group/phys_heavyions/jvelazqu/energycorr/condor_R4_axisWTA_cen//0000/L1_object_data_1936_processed.root
hadd Source file 131: /eos/cms/store/group/phys_heavyions/jvelazqu/energycorr/condor_R4_axisWTA_cen//0001/L1_object_data_1539_processed.root
hadd Source file 143: /eos/cms/store/group/phys_heavyions/jvelazqu/energycorr/condor_R4_axisWTA_cen//0002/L1_object_data_2367_processed.root
hadd Source file 133: /eos/cms/store/group/phys_heavyions/jvelazqu/energycorr/condor_R4_axisWTA_cen//0003/L1_object_data_3567_processed.root
hadd Source file 136: /eos/cms/store/group/phys_heavyions/jvelazqu/energycorr/condor_R4_axisWTA_cen//0000/L1_object_data_1937_processed.root
hadd Source file 128: /eos/cms/store/group/phys_heavyions/jvelazqu/energycorr/condor_R4_axisWTA_cen//0004/L1_object_data_4167_processed.root
hadd Source file 122: /eos/cms/store/group/phys_heavyions/jvelazqu/energycorr/condor_R4_axisWTA_cen//0000/L1_object_data_162_processed.root
hadd Source file 135: /eos/cms/store/group/phys_heavyions/jvelazqu/energycorr/condor_R4_axisWTA_cen//0004/L1_object_data_4779_processed.root
hadd Source file 132: /eos/cms/store/group/phys_heavyions/jvelazqu/energycorr/condor_R4_axisWTA_cen//0001/L1_object_data_1540_processed.root
hadd Source file 120: /eos/cms/store/group/phys_heavyions/jvelazqu/energycorr/condor_R4_axisWTA_cen//0005/L1_object_data_5974_processed.root
hadd Source file 137: /eos/cms/store/group/phys_heavyions/jvelazqu/energycorr/condor_R4_axisWTA_cen//0000/L1_object_data_1938_processed.root
hadd Source file 142: /eos/cms/store/group/phys_heavyions/jvelazqu/energycorr/condor_R4_axisWTA_cen//0002/L1_object_data_2971_processed.root
hadd Source file 136: /eos/cms/store/group/phys_heavyions/jvelazqu/energycorr/condor_R4_axisWTA_cen//0004/L1_object_data_4780_processed.root
hadd Source file 129: /eos/cms/store/group/phys_heavyions/jvelazqu/energycorr/condor_R4_axisWTA_cen//0004/L1_object_data_4168_processed.root
hadd Source file 138: /eos/cms/store/group/phys_heavyions/jvelazqu/energycorr/condor_R4_axisWTA_cen//0000/L1_object_data_1939_processed.root
hadd Source file 123: /eos/cms/store/group/phys_heavyions/jvelazqu/energycorr/condor_R4_axisWTA_cen//0000/L1_object_data_163_processed.root
hadd Source file 133: /eos/cms/store/group/phys_heavyions/jvelazqu/energycorr/condor_R4_axisWTA_cen//0001/L1_object_data_1541_processed.root
hadd Source file 137: /eos/cms/store/group/phys_heavyions/jvelazqu/energycorr/condor_R4_axisWTA_cen//0004/L1_object_data_4781_processed.root
hadd Source file 124: /eos/cms/store/group/phys_heavyions/jvelazqu/energycorr/condor_R4_axisWTA_cen//0000/L1_object_data_164_processed.root
hadd Source file 130: /eos/cms/store/group/phys_heavyions/jvelazqu/energycorr/condor_R4_axisWTA_cen//0004/L1_object_data_4169_processed.root
hadd Source file 134: /eos/cms/store/group/phys_heavyions/jvelazqu/energycorr/condor_R4_axisWTA_cen//0001/L1_object_data_1542_processed.root
hadd Source file 144: /eos/cms/store/group/phys_heavyions/jvelazqu/energycorr/condor_R4_axisWTA_cen//0002/L1_object_data_2368_processed.root
hadd Source file 138: /eos/cms/store/group/phys_heavyions/jvelazqu/energycorr/condor_R4_axisWTA_cen//0004/L1_object_data_4782_processed.root
hadd Source file 131: /eos/cms/store/group/phys_heavyions/jvelazqu/energycorr/condor_R4_axisWTA_cen//0004/L1_object_data_4170_processed.root
hadd Source file 125: /eos/cms/store/group/phys_heavyions/jvelazqu/energycorr/condor_R4_axisWTA_cen//0000/L1_object_data_165_processed.root
hadd Source file 145: /eos/cms/store/group/phys_heavyions/jvelazqu/energycorr/condor_R4_axisWTA_cen//0002/L1_object_data_2369_processed.root
hadd Source file 134: /eos/cms/store/group/phys_heavyions/jvelazqu/energycorr/condor_R4_axisWTA_cen//0003/L1_object_data_3568_processed.root
hadd Source file 135: /eos/cms/store/group/phys_heavyions/jvelazqu/energycorr/condor_R4_axisWTA_cen//0001/L1_object_data_1543_processed.root
hadd Source file 121: /eos/cms/store/group/phys_heavyions/jvelazqu/energycorr/condor_R4_axisWTA_cen//0005/L1_object_data_5975_processed.root
hadd Source file 139: /eos/cms/store/group/phys_heavyions/jvelazqu/energycorr/condor_R4_axisWTA_cen//0004/L1_object_data_4783_processed.root
hadd Source file 126: /eos/cms/store/group/phys_heavyions/jvelazqu/energycorr/condor_R4_axisWTA_cen//0000/L1_object_data_166_processed.root
hadd Source file 146: /eos/cms/store/group/phys_heavyions/jvelazqu/energycorr/condor_R4_axisWTA_cen//0002/L1_object_data_2370_processed.root
hadd Source file 135: /eos/cms/store/group/phys_heavyions/jvelazqu/energycorr/condor_R4_axisWTA_cen//0003/L1_object_data_3569_processed.root
hadd Source file 132: /eos/cms/store/group/phys_heavyions/jvelazqu/energycorr/condor_R4_axisWTA_cen//0004/L1_object_data_4171_processed.root
hadd Source file 143: /eos/cms/store/group/phys_heavyions/jvelazqu/energycorr/condor_R4_axisWTA_cen//0002/L1_object_data_2972_processed.root
hadd Source file 136: /eos/cms/store/group/phys_heavyions/jvelazqu/energycorr/condor_R4_axisWTA_cen//0001/L1_object_data_1544_processed.root
hadd Source file 147: /eos/cms/store/group/phys_heavyions/jvelazqu/energycorr/condor_R4_axisWTA_cen//0002/L1_object_data_2371_processed.root
hadd Source file 140: /eos/cms/store/group/phys_heavyions/jvelazqu/energycorr/condor_R4_axisWTA_cen//0004/L1_object_data_4784_processed.root
hadd Source file 122: /eos/cms/store/group/phys_heavyions/jvelazqu/energycorr/condor_R4_axisWTA_cen//0005/L1_object_data_5976_processed.root
hadd Source file 136: /eos/cms/store/group/phys_heavyions/jvelazqu/energycorr/condor_R4_axisWTA_cen//0003/L1_object_data_3570_processed.root
hadd Source file 137: /eos/cms/store/group/phys_heavyions/jvelazqu/energycorr/condor_R4_axisWTA_cen//0001/L1_object_data_1545_processed.root
hadd Source file 127: /eos/cms/store/group/phys_heavyions/jvelazqu/energycorr/condor_R4_axisWTA_cen//0000/L1_object_data_167_processed.root
hadd Source file 133: /eos/cms/store/group/phys_heavyions/jvelazqu/energycorr/condor_R4_axisWTA_cen//0004/L1_object_data_4172_processed.root
hadd Source file 144: /eos/cms/store/group/phys_heavyions/jvelazqu/energycorr/condor_R4_axisWTA_cen//0002/L1_object_data_2973_processed.root
hadd Source file 141: /eos/cms/store/group/phys_heavyions/jvelazqu/energycorr/condor_R4_axisWTA_cen//0004/L1_object_data_4785_processed.root
hadd Source file 148: /eos/cms/store/group/phys_heavyions/jvelazqu/energycorr/condor_R4_axisWTA_cen//0002/L1_object_data_2372_processed.root
hadd Source file 123: /eos/cms/store/group/phys_heavyions/jvelazqu/energycorr/condor_R4_axisWTA_cen//0005/L1_object_data_5977_processed.root
hadd Source file 145: /eos/cms/store/group/phys_heavyions/jvelazqu/energycorr/condor_R4_axisWTA_cen//0002/L1_object_data_2974_processed.root
hadd Source file 137: /eos/cms/store/group/phys_heavyions/jvelazqu/energycorr/condor_R4_axisWTA_cen//0003/L1_object_data_3571_processed.root
hadd Source file 142: /eos/cms/store/group/phys_heavyions/jvelazqu/energycorr/condor_R4_axisWTA_cen//0004/L1_object_data_4786_processed.root
hadd Source file 134: /eos/cms/store/group/phys_heavyions/jvelazqu/energycorr/condor_R4_axisWTA_cen//0004/L1_object_data_4173_processed.root
hadd Source file 149: /eos/cms/store/group/phys_heavyions/jvelazqu/energycorr/condor_R4_axisWTA_cen//0002/L1_object_data_2373_processed.root
hadd Source file 146: /eos/cms/store/group/phys_heavyions/jvelazqu/energycorr/condor_R4_axisWTA_cen//0002/L1_object_data_2975_processed.root
hadd Source file 128: /eos/cms/store/group/phys_heavyions/jvelazqu/energycorr/condor_R4_axisWTA_cen//0000/L1_object_data_168_processed.root
hadd Source file 143: /eos/cms/store/group/phys_heavyions/jvelazqu/energycorr/condor_R4_axisWTA_cen//0004/L1_object_data_4787_processed.root
hadd Source file 138: /eos/cms/store/group/phys_heavyions/jvelazqu/energycorr/condor_R4_axisWTA_cen//0003/L1_object_data_3572_processed.root
hadd Source file 150: /eos/cms/store/group/phys_heavyions/jvelazqu/energycorr/condor_R4_axisWTA_cen//0002/L1_object_data_2374_processed.root
hadd Source file 129: /eos/cms/store/group/phys_heavyions/jvelazqu/energycorr/condor_R4_axisWTA_cen//0000/L1_object_data_169_processed.root
hadd Source file 144: /eos/cms/store/group/phys_heavyions/jvelazqu/energycorr/condor_R4_axisWTA_cen//0004/L1_object_data_4788_processed.root
hadd Source file 151: /eos/cms/store/group/phys_heavyions/jvelazqu/energycorr/condor_R4_axisWTA_cen//0002/L1_object_data_2375_processed.root
hadd Source file 147: /eos/cms/store/group/phys_heavyions/jvelazqu/energycorr/condor_R4_axisWTA_cen//0002/L1_object_data_2976_processed.root
hadd Source file 139: /eos/cms/store/group/phys_heavyions/jvelazqu/energycorr/condor_R4_axisWTA_cen//0003/L1_object_data_3573_processed.root
hadd Source file 135: /eos/cms/store/group/phys_heavyions/jvelazqu/energycorr/condor_R4_axisWTA_cen//0004/L1_object_data_4174_processed.root
hadd Source file 130: /eos/cms/store/group/phys_heavyions/jvelazqu/energycorr/condor_R4_axisWTA_cen//0000/L1_object_data_170_processed.root
hadd Source file 138: /eos/cms/store/group/phys_heavyions/jvelazqu/energycorr/condor_R4_axisWTA_cen//0001/L1_object_data_1546_processed.root
hadd Source file 148: /eos/cms/store/group/phys_heavyions/jvelazqu/energycorr/condor_R4_axisWTA_cen//0002/L1_object_data_2977_processed.root
hadd Source file 145: /eos/cms/store/group/phys_heavyions/jvelazqu/energycorr/condor_R4_axisWTA_cen//0004/L1_object_data_4789_processed.root
hadd Source file 136: /eos/cms/store/group/phys_heavyions/jvelazqu/energycorr/condor_R4_axisWTA_cen//0004/L1_object_data_4175_processed.root
hadd Source file 131: /eos/cms/store/group/phys_heavyions/jvelazqu/energycorr/condor_R4_axisWTA_cen//0000/L1_object_data_171_processed.root
hadd Source file 139: /eos/cms/store/group/phys_heavyions/jvelazqu/energycorr/condor_R4_axisWTA_cen//0001/L1_object_data_1547_processed.root
hadd Source file 140: /eos/cms/store/group/phys_heavyions/jvelazqu/energycorr/condor_R4_axisWTA_cen//0003/L1_object_data_3574_processed.root
hadd Source file 152: /eos/cms/store/group/phys_heavyions/jvelazqu/energycorr/condor_R4_axisWTA_cen//0002/L1_object_data_2376_processed.root
hadd Source file 146: /eos/cms/store/group/phys_heavyions/jvelazqu/energycorr/condor_R4_axisWTA_cen//0004/L1_object_data_4790_processed.root
hadd Source file 132: /eos/cms/store/group/phys_heavyions/jvelazqu/energycorr/condor_R4_axisWTA_cen//0000/L1_object_data_172_processed.root
hadd Source file 149: /eos/cms/store/group/phys_heavyions/jvelazqu/energycorr/condor_R4_axisWTA_cen//0002/L1_object_data_2978_processed.root
hadd Source file 124: /eos/cms/store/group/phys_heavyions/jvelazqu/energycorr/condor_R4_axisWTA_cen//0005/L1_object_data_5978_processed.root
hadd Source file 150: /eos/cms/store/group/phys_heavyions/jvelazqu/energycorr/condor_R4_axisWTA_cen//0002/L1_object_data_2979_processed.root
hadd Source file 153: /eos/cms/store/group/phys_heavyions/jvelazqu/energycorr/condor_R4_axisWTA_cen//0002/L1_object_data_2377_processed.root
hadd Source file 147: /eos/cms/store/group/phys_heavyions/jvelazqu/energycorr/condor_R4_axisWTA_cen//0004/L1_object_data_4791_processed.root
hadd Source file 133: /eos/cms/store/group/phys_heavyions/jvelazqu/energycorr/condor_R4_axisWTA_cen//0000/L1_object_data_173_processed.root
hadd Source file 139: /eos/cms/store/group/phys_heavyions/jvelazqu/energycorr/condor_R4_axisWTA_cen//0000/L1_object_data_1940_processed.root
hadd Source file 125: /eos/cms/store/group/phys_heavyions/jvelazqu/energycorr/condor_R4_axisWTA_cen//0005/L1_object_data_5979_processed.root
hadd Source file 151: /eos/cms/store/group/phys_heavyions/jvelazqu/energycorr/condor_R4_axisWTA_cen//0002/L1_object_data_2980_processed.root
hadd Source file 134: /eos/cms/store/group/phys_heavyions/jvelazqu/energycorr/condor_R4_axisWTA_cen//0000/L1_object_data_174_processed.root
hadd Source file 154: /eos/cms/store/group/phys_heavyions/jvelazqu/energycorr/condor_R4_axisWTA_cen//0002/L1_object_data_2378_processed.root
hadd Source file 148: /eos/cms/store/group/phys_heavyions/jvelazqu/energycorr/condor_R4_axisWTA_cen//0004/L1_object_data_4792_processed.root
hadd Source file 126: /eos/cms/store/group/phys_heavyions/jvelazqu/energycorr/condor_R4_axisWTA_cen//0005/L1_object_data_5980_processed.root
hadd Source file 155: /eos/cms/store/group/phys_heavyions/jvelazqu/energycorr/condor_R4_axisWTA_cen//0002/L1_object_data_2379_processed.root
hadd Source file 135: /eos/cms/store/group/phys_heavyions/jvelazqu/energycorr/condor_R4_axisWTA_cen//0000/L1_object_data_175_processed.root
hadd Source file 140: /eos/cms/store/group/phys_heavyions/jvelazqu/energycorr/condor_R4_axisWTA_cen//0000/L1_object_data_1941_processed.root
hadd Source file 149: /eos/cms/store/group/phys_heavyions/jvelazqu/energycorr/condor_R4_axisWTA_cen//0004/L1_object_data_4793_processed.root
hadd Source file 141: /eos/cms/store/group/phys_heavyions/jvelazqu/energycorr/condor_R4_axisWTA_cen//0003/L1_object_data_3575_processed.root
hadd Source file 127: /eos/cms/store/group/phys_heavyions/jvelazqu/energycorr/condor_R4_axisWTA_cen//0005/L1_object_data_5981_processed.root
hadd Source file 156: /eos/cms/store/group/phys_heavyions/jvelazqu/energycorr/condor_R4_axisWTA_cen//0002/L1_object_data_2380_processed.root
hadd Source file 152: /eos/cms/store/group/phys_heavyions/jvelazqu/energycorr/condor_R4_axisWTA_cen//0002/L1_object_data_2981_processed.root
hadd Source file 150: /eos/cms/store/group/phys_heavyions/jvelazqu/energycorr/condor_R4_axisWTA_cen//0004/L1_object_data_4794_processed.root
hadd Source file 136: /eos/cms/store/group/phys_heavyions/jvelazqu/energycorr/condor_R4_axisWTA_cen//0000/L1_object_data_176_processed.root
hadd Source file 140: /eos/cms/store/group/phys_heavyions/jvelazqu/energycorr/condor_R4_axisWTA_cen//0001/L1_object_data_1548_processed.root
hadd Source file 128: /eos/cms/store/group/phys_heavyions/jvelazqu/energycorr/condor_R4_axisWTA_cen//0005/L1_object_data_5982_processed.root
hadd Source file 141: /eos/cms/store/group/phys_heavyions/jvelazqu/energycorr/condor_R4_axisWTA_cen//0000/L1_object_data_1942_processed.root
hadd Source file 157: /eos/cms/store/group/phys_heavyions/jvelazqu/energycorr/condor_R4_axisWTA_cen//0002/L1_object_data_2381_processed.root
hadd Source file 153: /eos/cms/store/group/phys_heavyions/jvelazqu/energycorr/condor_R4_axisWTA_cen//0002/L1_object_data_2982_processed.root
hadd Source file 158: /eos/cms/store/group/phys_heavyions/jvelazqu/energycorr/condor_R4_axisWTA_cen//0002/L1_object_data_2382_processed.root
hadd Source file 137: /eos/cms/store/group/phys_heavyions/jvelazqu/energycorr/condor_R4_axisWTA_cen//0000/L1_object_data_177_processed.root
hadd Source file 141: /eos/cms/store/group/phys_heavyions/jvelazqu/energycorr/condor_R4_axisWTA_cen//0001/L1_object_data_1549_processed.root
hadd Source file 142: /eos/cms/store/group/phys_heavyions/jvelazqu/energycorr/condor_R4_axisWTA_cen//0000/L1_object_data_1943_processed.root
hadd Source file 129: /eos/cms/store/group/phys_heavyions/jvelazqu/energycorr/condor_R4_axisWTA_cen//0005/L1_object_data_5983_processed.root
hadd Source file 159: /eos/cms/store/group/phys_heavyions/jvelazqu/energycorr/condor_R4_axisWTA_cen//0002/L1_object_data_2383_processed.root
hadd Source file 154: /eos/cms/store/group/phys_heavyions/jvelazqu/energycorr/condor_R4_axisWTA_cen//0002/L1_object_data_2983_processed.root
hadd Source file 151: /eos/cms/store/group/phys_heavyions/jvelazqu/energycorr/condor_R4_axisWTA_cen//0004/L1_object_data_4795_processed.root
hadd Source file 142: /eos/cms/store/group/phys_heavyions/jvelazqu/energycorr/condor_R4_axisWTA_cen//0001/L1_object_data_1550_processed.root
hadd Source file 138: /eos/cms/store/group/phys_heavyions/jvelazqu/energycorr/condor_R4_axisWTA_cen//0000/L1_object_data_178_processed.root
hadd Source file 143: /eos/cms/store/group/phys_heavyions/jvelazqu/energycorr/condor_R4_axisWTA_cen//0000/L1_object_data_1944_processed.root
hadd Source file 130: /eos/cms/store/group/phys_heavyions/jvelazqu/energycorr/condor_R4_axisWTA_cen//0005/L1_object_data_5984_processed.root
hadd Source file 155: /eos/cms/store/group/phys_heavyions/jvelazqu/energycorr/condor_R4_axisWTA_cen//0002/L1_object_data_2984_processed.root
hadd Source file 142: /eos/cms/store/group/phys_heavyions/jvelazqu/energycorr/condor_R4_axisWTA_cen//0003/L1_object_data_3576_processed.root
hadd Source file 160: /eos/cms/store/group/phys_heavyions/jvelazqu/energycorr/condor_R4_axisWTA_cen//0002/L1_object_data_2384_processed.root
hadd Source file 131: /eos/cms/store/group/phys_heavyions/jvelazqu/energycorr/condor_R4_axisWTA_cen//0005/L1_object_data_5985_processed.root
hadd Source file 144: /eos/cms/store/group/phys_heavyions/jvelazqu/energycorr/condor_R4_axisWTA_cen//0000/L1_object_data_1945_processed.root
hadd Source file 161: /eos/cms/store/group/phys_heavyions/jvelazqu/energycorr/condor_R4_axisWTA_cen//0002/L1_object_data_2385_processed.root
hadd Source file 143: /eos/cms/store/group/phys_heavyions/jvelazqu/energycorr/condor_R4_axisWTA_cen//0003/L1_object_data_3577_processed.root
hadd Source file 162: /eos/cms/store/group/phys_heavyions/jvelazqu/energycorr/condor_R4_axisWTA_cen//0002/L1_object_data_2386_processed.root
hadd Source file 132: /eos/cms/store/group/phys_heavyions/jvelazqu/energycorr/condor_R4_axisWTA_cen//0005/L1_object_data_5986_processed.root
hadd Source file 145: /eos/cms/store/group/phys_heavyions/jvelazqu/energycorr/condor_R4_axisWTA_cen//0000/L1_object_data_1946_processed.root
hadd Source file 156: /eos/cms/store/group/phys_heavyions/jvelazqu/energycorr/condor_R4_axisWTA_cen//0002/L1_object_data_2985_processed.root
hadd Source file 152: /eos/cms/store/group/phys_heavyions/jvelazqu/energycorr/condor_R4_axisWTA_cen//0004/L1_object_data_4796_processed.root
hadd Source file 146: /eos/cms/store/group/phys_heavyions/jvelazqu/energycorr/condor_R4_axisWTA_cen//0000/L1_object_data_1947_processed.root
hadd Source file 163: /eos/cms/store/group/phys_heavyions/jvelazqu/energycorr/condor_R4_axisWTA_cen//0002/L1_object_data_2387_processed.root
hadd Source file 133: /eos/cms/store/group/phys_heavyions/jvelazqu/energycorr/condor_R4_axisWTA_cen//0005/L1_object_data_5987_processed.root
hadd Source file 139: /eos/cms/store/group/phys_heavyions/jvelazqu/energycorr/condor_R4_axisWTA_cen//0000/L1_object_data_179_processed.root
hadd Source file 144: /eos/cms/store/group/phys_heavyions/jvelazqu/energycorr/condor_R4_axisWTA_cen//0003/L1_object_data_3578_processed.root
hadd Source file 143: /eos/cms/store/group/phys_heavyions/jvelazqu/energycorr/condor_R4_axisWTA_cen//0001/L1_object_data_1551_processed.root
hadd Source file 153: /eos/cms/store/group/phys_heavyions/jvelazqu/energycorr/condor_R4_axisWTA_cen//0004/L1_object_data_4797_processed.root
hadd Source file 164: /eos/cms/store/group/phys_heavyions/jvelazqu/energycorr/condor_R4_axisWTA_cen//0002/L1_object_data_2388_processed.root
hadd Source file 140: /eos/cms/store/group/phys_heavyions/jvelazqu/energycorr/condor_R4_axisWTA_cen//0000/L1_object_data_180_processed.root
hadd Source file 157: /eos/cms/store/group/phys_heavyions/jvelazqu/energycorr/condor_R4_axisWTA_cen//0002/L1_object_data_2986_processed.root
hadd Source file 144: /eos/cms/store/group/phys_heavyions/jvelazqu/energycorr/condor_R4_axisWTA_cen//0001/L1_object_data_1552_processed.root
hadd Source file 145: /eos/cms/store/group/phys_heavyions/jvelazqu/energycorr/condor_R4_axisWTA_cen//0003/L1_object_data_3579_processed.root
hadd Source file 154: /eos/cms/store/group/phys_heavyions/jvelazqu/energycorr/condor_R4_axisWTA_cen//0004/L1_object_data_4798_processed.root
hadd Source file 134: /eos/cms/store/group/phys_heavyions/jvelazqu/energycorr/condor_R4_axisWTA_cen//0005/L1_object_data_5988_processed.root
hadd Source file 147: /eos/cms/store/group/phys_heavyions/jvelazqu/energycorr/condor_R4_axisWTA_cen//0000/L1_object_data_1948_processed.root
hadd Source file 141: /eos/cms/store/group/phys_heavyions/jvelazqu/energycorr/condor_R4_axisWTA_cen//0000/L1_object_data_181_processed.root
hadd Source file 165: /eos/cms/store/group/phys_heavyions/jvelazqu/energycorr/condor_R4_axisWTA_cen//0002/L1_object_data_2389_processed.root
hadd Source file 158: /eos/cms/store/group/phys_heavyions/jvelazqu/energycorr/condor_R4_axisWTA_cen//0002/L1_object_data_2987_processed.root
hadd Source file 135: /eos/cms/store/group/phys_heavyions/jvelazqu/energycorr/condor_R4_axisWTA_cen//0005/L1_object_data_5989_processed.root
hadd Source file 146: /eos/cms/store/group/phys_heavyions/jvelazqu/energycorr/condor_R4_axisWTA_cen//0003/L1_object_data_3580_processed.root
hadd Source file 145: /eos/cms/store/group/phys_heavyions/jvelazqu/energycorr/condor_R4_axisWTA_cen//0001/L1_object_data_1553_processed.root
hadd Source file 159: /eos/cms/store/group/phys_heavyions/jvelazqu/energycorr/condor_R4_axisWTA_cen//0002/L1_object_data_2988_processed.root
hadd Source file 142: /eos/cms/store/group/phys_heavyions/jvelazqu/energycorr/condor_R4_axisWTA_cen//0000/L1_object_data_182_processed.root
hadd Source file 166: /eos/cms/store/group/phys_heavyions/jvelazqu/energycorr/condor_R4_axisWTA_cen//0002/L1_object_data_2390_processed.root
hadd Source file 148: /eos/cms/store/group/phys_heavyions/jvelazqu/energycorr/condor_R4_axisWTA_cen//0000/L1_object_data_1949_processed.root
hadd Source file 137: /eos/cms/store/group/phys_heavyions/jvelazqu/energycorr/condor_R4_axisWTA_cen//0004/L1_object_data_4176_processed.root
hadd Source file 146: /eos/cms/store/group/phys_heavyions/jvelazqu/energycorr/condor_R4_axisWTA_cen//0001/L1_object_data_1554_processed.root
hadd Source file 143: /eos/cms/store/group/phys_heavyions/jvelazqu/energycorr/condor_R4_axisWTA_cen//0000/L1_object_data_183_processed.root
hadd Source file 160: /eos/cms/store/group/phys_heavyions/jvelazqu/energycorr/condor_R4_axisWTA_cen//0002/L1_object_data_2989_processed.root
hadd Source file 147: /eos/cms/store/group/phys_heavyions/jvelazqu/energycorr/condor_R4_axisWTA_cen//0003/L1_object_data_3581_processed.root
hadd Source file 167: /eos/cms/store/group/phys_heavyions/jvelazqu/energycorr/condor_R4_axisWTA_cen//0002/L1_object_data_2391_processed.root
hadd Source file 149: /eos/cms/store/group/phys_heavyions/jvelazqu/energycorr/condor_R4_axisWTA_cen//0000/L1_object_data_1950_processed.root
hadd Source file 155: /eos/cms/store/group/phys_heavyions/jvelazqu/energycorr/condor_R4_axisWTA_cen//0004/L1_object_data_4799_processed.root
hadd Source file 138: /eos/cms/store/group/phys_heavyions/jvelazqu/energycorr/condor_R4_axisWTA_cen//0004/L1_object_data_4177_processed.root
hadd Source file 136: /eos/cms/store/group/phys_heavyions/jvelazqu/energycorr/condor_R4_axisWTA_cen//0005/L1_object_data_5990_processed.root
hadd Source file 161: /eos/cms/store/group/phys_heavyions/jvelazqu/energycorr/condor_R4_axisWTA_cen//0002/L1_object_data_2990_processed.root
hadd Source file 168: /eos/cms/store/group/phys_heavyions/jvelazqu/energycorr/condor_R4_axisWTA_cen//0002/L1_object_data_2392_processed.root
hadd Source file 144: /eos/cms/store/group/phys_heavyions/jvelazqu/energycorr/condor_R4_axisWTA_cen//0000/L1_object_data_184_processed.root
hadd Source file 150: /eos/cms/store/group/phys_heavyions/jvelazqu/energycorr/condor_R4_axisWTA_cen//0000/L1_object_data_1951_processed.root
hadd Source file 139: /eos/cms/store/group/phys_heavyions/jvelazqu/energycorr/condor_R4_axisWTA_cen//0004/L1_object_data_4178_processed.root
hadd Source file 156: /eos/cms/store/group/phys_heavyions/jvelazqu/energycorr/condor_R4_axisWTA_cen//0004/L1_object_data_4800_processed.root
hadd Source file 169: /eos/cms/store/group/phys_heavyions/jvelazqu/energycorr/condor_R4_axisWTA_cen//0002/L1_object_data_2393_processed.root
hadd Source file 147: /eos/cms/store/group/phys_heavyions/jvelazqu/energycorr/condor_R4_axisWTA_cen//0001/L1_object_data_1555_processed.root
hadd Source file 137: /eos/cms/store/group/phys_heavyions/jvelazqu/energycorr/condor_R4_axisWTA_cen//0005/L1_object_data_5991_processed.root
hadd Source file 162: /eos/cms/store/group/phys_heavyions/jvelazqu/energycorr/condor_R4_axisWTA_cen//0002/L1_object_data_2991_processed.root
hadd Source file 170: /eos/cms/store/group/phys_heavyions/jvelazqu/energycorr/condor_R4_axisWTA_cen//0002/L1_object_data_2394_processed.root
hadd Source file 151: /eos/cms/store/group/phys_heavyions/jvelazqu/energycorr/condor_R4_axisWTA_cen//0000/L1_object_data_1952_processed.root
hadd Source file 140: /eos/cms/store/group/phys_heavyions/jvelazqu/energycorr/condor_R4_axisWTA_cen//0004/L1_object_data_4179_processed.root
hadd Source file 145: /eos/cms/store/group/phys_heavyions/jvelazqu/energycorr/condor_R4_axisWTA_cen//0000/L1_object_data_185_processed.root
hadd Source file 157: /eos/cms/store/group/phys_heavyions/jvelazqu/energycorr/condor_R4_axisWTA_cen//0004/L1_object_data_4801_processed.root
hadd Source file 148: /eos/cms/store/group/phys_heavyions/jvelazqu/energycorr/condor_R4_axisWTA_cen//0001/L1_object_data_1556_processed.root
hadd Source file 138: /eos/cms/store/group/phys_heavyions/jvelazqu/energycorr/condor_R4_axisWTA_cen//0005/L1_object_data_5992_processed.root
hadd Source file 171: /eos/cms/store/group/phys_heavyions/jvelazqu/energycorr/condor_R4_axisWTA_cen//0002/L1_object_data_2395_processed.root
hadd Source file 152: /eos/cms/store/group/phys_heavyions/jvelazqu/energycorr/condor_R4_axisWTA_cen//0000/L1_object_data_1953_processed.root
hadd Source file 163: /eos/cms/store/group/phys_heavyions/jvelazqu/energycorr/condor_R4_axisWTA_cen//0002/L1_object_data_2992_processed.root
hadd Source file 149: /eos/cms/store/group/phys_heavyions/jvelazqu/energycorr/condor_R4_axisWTA_cen//0001/L1_object_data_1557_processed.root
hadd Source file 141: /eos/cms/store/group/phys_heavyions/jvelazqu/energycorr/condor_R4_axisWTA_cen//0004/L1_object_data_4180_processed.root
hadd Source file 158: /eos/cms/store/group/phys_heavyions/jvelazqu/energycorr/condor_R4_axisWTA_cen//0004/L1_object_data_4802_processed.root
hadd Source file 139: /eos/cms/store/group/phys_heavyions/jvelazqu/energycorr/condor_R4_axisWTA_cen//0005/L1_object_data_5993_processed.root
hadd Source file 146: /eos/cms/store/group/phys_heavyions/jvelazqu/energycorr/condor_R4_axisWTA_cen//0000/L1_object_data_186_processed.root
hadd Source file 148: /eos/cms/store/group/phys_heavyions/jvelazqu/energycorr/condor_R4_axisWTA_cen//0003/L1_object_data_3582_processed.root
hadd Source file 142: /eos/cms/store/group/phys_heavyions/jvelazqu/energycorr/condor_R4_axisWTA_cen//0004/L1_object_data_4181_processed.root
hadd Source file 150: /eos/cms/store/group/phys_heavyions/jvelazqu/energycorr/condor_R4_axisWTA_cen//0001/L1_object_data_1558_processed.root
hadd Source file 153: /eos/cms/store/group/phys_heavyions/jvelazqu/energycorr/condor_R4_axisWTA_cen//0000/L1_object_data_1954_processed.root
hadd Source file 164: /eos/cms/store/group/phys_heavyions/jvelazqu/energycorr/condor_R4_axisWTA_cen//0002/L1_object_data_2993_processed.root
hadd Source file 172: /eos/cms/store/group/phys_heavyions/jvelazqu/energycorr/condor_R4_axisWTA_cen//0002/L1_object_data_2396_processed.root
hadd Source file 140: /eos/cms/store/group/phys_heavyions/jvelazqu/energycorr/condor_R4_axisWTA_cen//0005/L1_object_data_5994_processed.root
hadd Source file 151: /eos/cms/store/group/phys_heavyions/jvelazqu/energycorr/condor_R4_axisWTA_cen//0001/L1_object_data_1559_processed.root
hadd Source file 165: /eos/cms/store/group/phys_heavyions/jvelazqu/energycorr/condor_R4_axisWTA_cen//0002/L1_object_data_2994_processed.root
hadd Source file 159: /eos/cms/store/group/phys_heavyions/jvelazqu/energycorr/condor_R4_axisWTA_cen//0004/L1_object_data_4803_processed.root
hadd Source file 143: /eos/cms/store/group/phys_heavyions/jvelazqu/energycorr/condor_R4_axisWTA_cen//0004/L1_object_data_4182_processed.root
hadd Source file 149: /eos/cms/store/group/phys_heavyions/jvelazqu/energycorr/condor_R4_axisWTA_cen//0003/L1_object_data_3583_processed.root
hadd Source file 173: /eos/cms/store/group/phys_heavyions/jvelazqu/energycorr/condor_R4_axisWTA_cen//0002/L1_object_data_2397_processed.root
hadd Source file 154: /eos/cms/store/group/phys_heavyions/jvelazqu/energycorr/condor_R4_axisWTA_cen//0000/L1_object_data_1955_processed.root
hadd Source file 152: /eos/cms/store/group/phys_heavyions/jvelazqu/energycorr/condor_R4_axisWTA_cen//0001/L1_object_data_1560_processed.root
hadd Source file 147: /eos/cms/store/group/phys_heavyions/jvelazqu/energycorr/condor_R4_axisWTA_cen//0000/L1_object_data_187_processed.root
hadd Source file 141: /eos/cms/store/group/phys_heavyions/jvelazqu/energycorr/condor_R4_axisWTA_cen//0005/L1_object_data_5995_processed.root
hadd Source file 166: /eos/cms/store/group/phys_heavyions/jvelazqu/energycorr/condor_R4_axisWTA_cen//0002/L1_object_data_2995_processed.root
hadd Source file 174: /eos/cms/store/group/phys_heavyions/jvelazqu/energycorr/condor_R4_axisWTA_cen//0002/L1_object_data_2398_processed.root
hadd Source file 148: /eos/cms/store/group/phys_heavyions/jvelazqu/energycorr/condor_R4_axisWTA_cen//0000/L1_object_data_188_processed.root
hadd Source file 160: /eos/cms/store/group/phys_heavyions/jvelazqu/energycorr/condor_R4_axisWTA_cen//0004/L1_object_data_4804_processed.root
hadd Source file 150: /eos/cms/store/group/phys_heavyions/jvelazqu/energycorr/condor_R4_axisWTA_cen//0003/L1_object_data_3584_processed.root
hadd Source file 144: /eos/cms/store/group/phys_heavyions/jvelazqu/energycorr/condor_R4_axisWTA_cen//0004/L1_object_data_4183_processed.root
hadd Source file 142: /eos/cms/store/group/phys_heavyions/jvelazqu/energycorr/condor_R4_axisWTA_cen//0005/L1_object_data_5996_processed.root
hadd Source file 167: /eos/cms/store/group/phys_heavyions/jvelazqu/energycorr/condor_R4_axisWTA_cen//0002/L1_object_data_2996_processed.root
hadd Source file 175: /eos/cms/store/group/phys_heavyions/jvelazqu/energycorr/condor_R4_axisWTA_cen//0002/L1_object_data_2399_processed.root
hadd Source file 151: /eos/cms/store/group/phys_heavyions/jvelazqu/energycorr/condor_R4_axisWTA_cen//0003/L1_object_data_3585_processed.root
hadd Source file 161: /eos/cms/store/group/phys_heavyions/jvelazqu/energycorr/condor_R4_axisWTA_cen//0004/L1_object_data_4805_processed.root
hadd Source file 145: /eos/cms/store/group/phys_heavyions/jvelazqu/energycorr/condor_R4_axisWTA_cen//0004/L1_object_data_4184_processed.root
hadd Source file 176: /eos/cms/store/group/phys_heavyions/jvelazqu/energycorr/condor_R4_axisWTA_cen//0002/L1_object_data_2400_processed.root
hadd Source file 155: /eos/cms/store/group/phys_heavyions/jvelazqu/energycorr/condor_R4_axisWTA_cen//0000/L1_object_data_1956_processed.root
hadd Source file 143: /eos/cms/store/group/phys_heavyions/jvelazqu/energycorr/condor_R4_axisWTA_cen//0005/L1_object_data_5997_processed.root
hadd Source file 168: /eos/cms/store/group/phys_heavyions/jvelazqu/energycorr/condor_R4_axisWTA_cen//0002/L1_object_data_2997_processed.root
hadd Source file 149: /eos/cms/store/group/phys_heavyions/jvelazqu/energycorr/condor_R4_axisWTA_cen//0000/L1_object_data_189_processed.root
hadd Source file 177: /eos/cms/store/group/phys_heavyions/jvelazqu/energycorr/condor_R4_axisWTA_cen//0002/L1_object_data_2401_processed.root
hadd Source file 144: /eos/cms/store/group/phys_heavyions/jvelazqu/energycorr/condor_R4_axisWTA_cen//0005/L1_object_data_5998_processed.root
hadd Source file 153: /eos/cms/store/group/phys_heavyions/jvelazqu/energycorr/condor_R4_axisWTA_cen//0001/L1_object_data_1561_processed.root
hadd Source file 146: /eos/cms/store/group/phys_heavyions/jvelazqu/energycorr/condor_R4_axisWTA_cen//0004/L1_object_data_4185_processed.root
hadd Source file 169: /eos/cms/store/group/phys_heavyions/jvelazqu/energycorr/condor_R4_axisWTA_cen//0002/L1_object_data_2998_processed.root
hadd Source file 150: /eos/cms/store/group/phys_heavyions/jvelazqu/energycorr/condor_R4_axisWTA_cen//0000/L1_object_data_190_processed.root
hadd Source file 162: /eos/cms/store/group/phys_heavyions/jvelazqu/energycorr/condor_R4_axisWTA_cen//0004/L1_object_data_4806_processed.root
hadd Source file 178: /eos/cms/store/group/phys_heavyions/jvelazqu/energycorr/condor_R4_axisWTA_cen//0002/L1_object_data_2402_processed.root
hadd Source file 170: /eos/cms/store/group/phys_heavyions/jvelazqu/energycorr/condor_R4_axisWTA_cen//0002/L1_object_data_2999_processed.root
hadd Source file 154: /eos/cms/store/group/phys_heavyions/jvelazqu/energycorr/condor_R4_axisWTA_cen//0001/L1_object_data_1562_processed.root
hadd Source file 145: /eos/cms/store/group/phys_heavyions/jvelazqu/energycorr/condor_R4_axisWTA_cen//0005/L1_object_data_5999_processed.root
hadd Source file 147: /eos/cms/store/group/phys_heavyions/jvelazqu/energycorr/condor_R4_axisWTA_cen//0004/L1_object_data_4186_processed.root
hadd Source file 146: /eos/cms/store/group/phys_heavyions/jvelazqu/energycorr/condor_R4_axisWTA_cen//0006/L1_object_data_6_processed.root
hadd Source file 156: /eos/cms/store/group/phys_heavyions/jvelazqu/energycorr/condor_R4_axisWTA_cen//0000/L1_object_data_1957_processed.root
hadd Source file 155: /eos/cms/store/group/phys_heavyions/jvelazqu/energycorr/condor_R4_axisWTA_cen//0001/L1_object_data_1563_processed.root
hadd Source file 179: /eos/cms/store/group/phys_heavyions/jvelazqu/energycorr/condor_R4_axisWTA_cen//0002/L1_object_data_2403_processed.root
hadd Source file 151: /eos/cms/store/group/phys_heavyions/jvelazqu/energycorr/condor_R4_axisWTA_cen//0000/L1_object_data_191_processed.root
hadd Source file 171: /eos/cms/store/group/phys_heavyions/jvelazqu/energycorr/condor_R4_axisWTA_cen//0003/L1_object_data_3000_processed.root
hadd Source file 152: /eos/cms/store/group/phys_heavyions/jvelazqu/energycorr/condor_R4_axisWTA_cen//0003/L1_object_data_3586_processed.root
hadd Source file 157: /eos/cms/store/group/phys_heavyions/jvelazqu/energycorr/condor_R4_axisWTA_cen//0000/L1_object_data_1958_processed.root
hadd Source file 180: /eos/cms/store/group/phys_heavyions/jvelazqu/energycorr/condor_R4_axisWTA_cen//0002/L1_object_data_2404_processed.root
hadd Source file 152: /eos/cms/store/group/phys_heavyions/jvelazqu/energycorr/condor_R4_axisWTA_cen//0000/L1_object_data_192_processed.root
hadd Source file 172: /eos/cms/store/group/phys_heavyions/jvelazqu/energycorr/condor_R4_axisWTA_cen//0003/L1_object_data_3001_processed.root
hadd Source file 156: /eos/cms/store/group/phys_heavyions/jvelazqu/energycorr/condor_R4_axisWTA_cen//0001/L1_object_data_1564_processed.root
hadd Source file 153: /eos/cms/store/group/phys_heavyions/jvelazqu/energycorr/condor_R4_axisWTA_cen//0003/L1_object_data_3587_processed.root
hadd Source file 158: /eos/cms/store/group/phys_heavyions/jvelazqu/energycorr/condor_R4_axisWTA_cen//0000/L1_object_data_1959_processed.root
hadd Source file 153: /eos/cms/store/group/phys_heavyions/jvelazqu/energycorr/condor_R4_axisWTA_cen//0000/L1_object_data_193_processed.root
hadd Source file 181: /eos/cms/store/group/phys_heavyions/jvelazqu/energycorr/condor_R4_axisWTA_cen//0002/L1_object_data_2405_processed.root
hadd Source file 173: /eos/cms/store/group/phys_heavyions/jvelazqu/energycorr/condor_R4_axisWTA_cen//0003/L1_object_data_3002_processed.root
hadd Source file 154: /eos/cms/store/group/phys_heavyions/jvelazqu/energycorr/condor_R4_axisWTA_cen//0003/L1_object_data_3588_processed.root
hadd Source file 163: /eos/cms/store/group/phys_heavyions/jvelazqu/energycorr/condor_R4_axisWTA_cen//0004/L1_object_data_4807_processed.root
hadd Source file 182: /eos/cms/store/group/phys_heavyions/jvelazqu/energycorr/condor_R4_axisWTA_cen//0002/L1_object_data_2406_processed.root
hadd Source file 164: /eos/cms/store/group/phys_heavyions/jvelazqu/energycorr/condor_R4_axisWTA_cen//0004/L1_object_data_4808_processed.root
hadd Source file 148: /eos/cms/store/group/phys_heavyions/jvelazqu/energycorr/condor_R4_axisWTA_cen//0004/L1_object_data_4187_processed.root
hadd Source file 147: /eos/cms/store/group/phys_heavyions/jvelazqu/energycorr/condor_R4_axisWTA_cen//0006/L1_object_data_7_processed.root
hadd Source file 159: /eos/cms/store/group/phys_heavyions/jvelazqu/energycorr/condor_R4_axisWTA_cen//0000/L1_object_data_1960_processed.root
hadd Source file 154: /eos/cms/store/group/phys_heavyions/jvelazqu/energycorr/condor_R4_axisWTA_cen//0000/L1_object_data_194_processed.root
hadd Source file 174: /eos/cms/store/group/phys_heavyions/jvelazqu/energycorr/condor_R4_axisWTA_cen//0003/L1_object_data_3003_processed.root
hadd Source file 155: /eos/cms/store/group/phys_heavyions/jvelazqu/energycorr/condor_R4_axisWTA_cen//0003/L1_object_data_3589_processed.root
hadd Source file 148: /eos/cms/store/group/phys_heavyions/jvelazqu/energycorr/condor_R4_axisWTA_cen//0006/L1_object_data_8_processed.root
hadd Source file 160: /eos/cms/store/group/phys_heavyions/jvelazqu/energycorr/condor_R4_axisWTA_cen//0000/L1_object_data_1961_processed.root
hadd Source file 183: /eos/cms/store/group/phys_heavyions/jvelazqu/energycorr/condor_R4_axisWTA_cen//0002/L1_object_data_2407_processed.root
hadd Source file 175: /eos/cms/store/group/phys_heavyions/jvelazqu/energycorr/condor_R4_axisWTA_cen//0003/L1_object_data_3004_processed.root
hadd Source file 155: /eos/cms/store/group/phys_heavyions/jvelazqu/energycorr/condor_R4_axisWTA_cen//0000/L1_object_data_195_processed.root
hadd Source file 149: /eos/cms/store/group/phys_heavyions/jvelazqu/energycorr/condor_R4_axisWTA_cen//0004/L1_object_data_4188_processed.root
hadd Source file 165: /eos/cms/store/group/phys_heavyions/jvelazqu/energycorr/condor_R4_axisWTA_cen//0004/L1_object_data_4809_processed.root
hadd Source file 157: /eos/cms/store/group/phys_heavyions/jvelazqu/energycorr/condor_R4_axisWTA_cen//0001/L1_object_data_1565_processed.root
hadd Source file 184: /eos/cms/store/group/phys_heavyions/jvelazqu/energycorr/condor_R4_axisWTA_cen//0002/L1_object_data_2408_processed.root
hadd Source file 149: /eos/cms/store/group/phys_heavyions/jvelazqu/energycorr/condor_R4_axisWTA_cen//0006/L1_object_data_9_processed.root
hadd Source file 156: /eos/cms/store/group/phys_heavyions/jvelazqu/energycorr/condor_R4_axisWTA_cen//0000/L1_object_data_196_processed.root
hadd Source file 158: /eos/cms/store/group/phys_heavyions/jvelazqu/energycorr/condor_R4_axisWTA_cen//0001/L1_object_data_1566_processed.root
hadd Source file 161: /eos/cms/store/group/phys_heavyions/jvelazqu/energycorr/condor_R4_axisWTA_cen//0000/L1_object_data_1962_processed.root
hadd Source file 176: /eos/cms/store/group/phys_heavyions/jvelazqu/energycorr/condor_R4_axisWTA_cen//0003/L1_object_data_3005_processed.root
hadd Source file 166: /eos/cms/store/group/phys_heavyions/jvelazqu/energycorr/condor_R4_axisWTA_cen//0004/L1_object_data_4810_processed.root
hadd Source file 150: /eos/cms/store/group/phys_heavyions/jvelazqu/energycorr/condor_R4_axisWTA_cen//0006/L1_object_data_64_processed.root
hadd Source file 185: /eos/cms/store/group/phys_heavyions/jvelazqu/energycorr/condor_R4_axisWTA_cen//0002/L1_object_data_2409_processed.root
hadd Source file 159: /eos/cms/store/group/phys_heavyions/jvelazqu/energycorr/condor_R4_axisWTA_cen//0001/L1_object_data_1567_processed.root
hadd Source file 162: /eos/cms/store/group/phys_heavyions/jvelazqu/energycorr/condor_R4_axisWTA_cen//0000/L1_object_data_1963_processed.root
hadd Source file 157: /eos/cms/store/group/phys_heavyions/jvelazqu/energycorr/condor_R4_axisWTA_cen//0000/L1_object_data_197_processed.root
hadd Source file 150: /eos/cms/store/group/phys_heavyions/jvelazqu/energycorr/condor_R4_axisWTA_cen//0004/L1_object_data_4189_processed.root
hadd Source file 167: /eos/cms/store/group/phys_heavyions/jvelazqu/energycorr/condor_R4_axisWTA_cen//0004/L1_object_data_4811_processed.root
hadd Source file 163: /eos/cms/store/group/phys_heavyions/jvelazqu/energycorr/condor_R4_axisWTA_cen//0000/L1_object_data_1964_processed.root
hadd Source file 151: /eos/cms/store/group/phys_heavyions/jvelazqu/energycorr/condor_R4_axisWTA_cen//0006/L1_object_data_65_processed.root
hadd Source file 160: /eos/cms/store/group/phys_heavyions/jvelazqu/energycorr/condor_R4_axisWTA_cen//0001/L1_object_data_1568_processed.root
hadd Source file 186: /eos/cms/store/group/phys_heavyions/jvelazqu/energycorr/condor_R4_axisWTA_cen//0002/L1_object_data_2410_processed.root
hadd Source file 177: /eos/cms/store/group/phys_heavyions/jvelazqu/energycorr/condor_R4_axisWTA_cen//0003/L1_object_data_3006_processed.root
hadd Source file 151: /eos/cms/store/group/phys_heavyions/jvelazqu/energycorr/condor_R4_axisWTA_cen//0004/L1_object_data_4190_processed.root
hadd Source file 168: /eos/cms/store/group/phys_heavyions/jvelazqu/energycorr/condor_R4_axisWTA_cen//0004/L1_object_data_4812_processed.root
hadd Source file 164: /eos/cms/store/group/phys_heavyions/jvelazqu/energycorr/condor_R4_axisWTA_cen//0000/L1_object_data_1965_processed.root
hadd Source file 187: /eos/cms/store/group/phys_heavyions/jvelazqu/energycorr/condor_R4_axisWTA_cen//0002/L1_object_data_2411_processed.root
hadd Source file 156: /eos/cms/store/group/phys_heavyions/jvelazqu/energycorr/condor_R4_axisWTA_cen//0003/L1_object_data_3590_processed.root
hadd Source file 152: /eos/cms/store/group/phys_heavyions/jvelazqu/energycorr/condor_R4_axisWTA_cen//0006/L1_object_data_66_processed.root
hadd Source file 152: /eos/cms/store/group/phys_heavyions/jvelazqu/energycorr/condor_R4_axisWTA_cen//0004/L1_object_data_4191_processed.root
hadd Source file 161: /eos/cms/store/group/phys_heavyions/jvelazqu/energycorr/condor_R4_axisWTA_cen//0001/L1_object_data_1569_processed.root
hadd Source file 188: /eos/cms/store/group/phys_heavyions/jvelazqu/energycorr/condor_R4_axisWTA_cen//0002/L1_object_data_2412_processed.root
hadd Source file 169: /eos/cms/store/group/phys_heavyions/jvelazqu/energycorr/condor_R4_axisWTA_cen//0004/L1_object_data_4813_processed.root
hadd Source file 165: /eos/cms/store/group/phys_heavyions/jvelazqu/energycorr/condor_R4_axisWTA_cen//0000/L1_object_data_1966_processed.root
hadd Source file 162: /eos/cms/store/group/phys_heavyions/jvelazqu/energycorr/condor_R4_axisWTA_cen//0001/L1_object_data_1570_processed.root
hadd Source file 153: /eos/cms/store/group/phys_heavyions/jvelazqu/energycorr/condor_R4_axisWTA_cen//0006/L1_object_data_67_processed.root
hadd Source file 157: /eos/cms/store/group/phys_heavyions/jvelazqu/energycorr/condor_R4_axisWTA_cen//0003/L1_object_data_3591_processed.root
hadd Source file 153: /eos/cms/store/group/phys_heavyions/jvelazqu/energycorr/condor_R4_axisWTA_cen//0004/L1_object_data_4192_processed.root
hadd Source file 189: /eos/cms/store/group/phys_heavyions/jvelazqu/energycorr/condor_R4_axisWTA_cen//0002/L1_object_data_2413_processed.root
hadd Source file 158: /eos/cms/store/group/phys_heavyions/jvelazqu/energycorr/condor_R4_axisWTA_cen//0000/L1_object_data_198_processed.root
hadd Source file 163: /eos/cms/store/group/phys_heavyions/jvelazqu/energycorr/condor_R4_axisWTA_cen//0001/L1_object_data_1571_processed.root
hadd Source file 170: /eos/cms/store/group/phys_heavyions/jvelazqu/energycorr/condor_R4_axisWTA_cen//0004/L1_object_data_4814_processed.root
hadd Source file 154: /eos/cms/store/group/phys_heavyions/jvelazqu/energycorr/condor_R4_axisWTA_cen//0004/L1_object_data_4193_processed.root
hadd Source file 154: /eos/cms/store/group/phys_heavyions/jvelazqu/energycorr/condor_R4_axisWTA_cen//0006/L1_object_data_68_processed.root
hadd Source file 166: /eos/cms/store/group/phys_heavyions/jvelazqu/energycorr/condor_R4_axisWTA_cen//0000/L1_object_data_1967_processed.root
hadd Source file 178: /eos/cms/store/group/phys_heavyions/jvelazqu/energycorr/condor_R4_axisWTA_cen//0003/L1_object_data_3007_processed.root
hadd Source file 190: /eos/cms/store/group/phys_heavyions/jvelazqu/energycorr/condor_R4_axisWTA_cen//0002/L1_object_data_2414_processed.root
hadd Source file 159: /eos/cms/store/group/phys_heavyions/jvelazqu/energycorr/condor_R4_axisWTA_cen//0000/L1_object_data_199_processed.root
hadd Source file 164: /eos/cms/store/group/phys_heavyions/jvelazqu/energycorr/condor_R4_axisWTA_cen//0001/L1_object_data_1572_processed.root
hadd Source file 171: /eos/cms/store/group/phys_heavyions/jvelazqu/energycorr/condor_R4_axisWTA_cen//0004/L1_object_data_4815_processed.root
hadd Source file 155: /eos/cms/store/group/phys_heavyions/jvelazqu/energycorr/condor_R4_axisWTA_cen//0006/L1_object_data_69_processed.root
hadd Source file 155: /eos/cms/store/group/phys_heavyions/jvelazqu/energycorr/condor_R4_axisWTA_cen//0004/L1_object_data_4194_processed.root
hadd Source file 160: /eos/cms/store/group/phys_heavyions/jvelazqu/energycorr/condor_R4_axisWTA_cen//0000/L1_object_data_200_processed.root
hadd Source file 167: /eos/cms/store/group/phys_heavyions/jvelazqu/energycorr/condor_R4_axisWTA_cen//0000/L1_object_data_1968_processed.root
hadd Source file 179: /eos/cms/store/group/phys_heavyions/jvelazqu/energycorr/condor_R4_axisWTA_cen//0003/L1_object_data_3008_processed.root
hadd Source file 191: /eos/cms/store/group/phys_heavyions/jvelazqu/energycorr/condor_R4_axisWTA_cen//0002/L1_object_data_2415_processed.root
hadd Source file 165: /eos/cms/store/group/phys_heavyions/jvelazqu/energycorr/condor_R4_axisWTA_cen//0001/L1_object_data_1573_processed.root
hadd Source file 168: /eos/cms/store/group/phys_heavyions/jvelazqu/energycorr/condor_R4_axisWTA_cen//0000/L1_object_data_1969_processed.root
hadd Source file 161: /eos/cms/store/group/phys_heavyions/jvelazqu/energycorr/condor_R4_axisWTA_cen//0000/L1_object_data_201_processed.root
hadd Source file 156: /eos/cms/store/group/phys_heavyions/jvelazqu/energycorr/condor_R4_axisWTA_cen//0006/L1_object_data_70_processed.root
hadd Source file 180: /eos/cms/store/group/phys_heavyions/jvelazqu/energycorr/condor_R4_axisWTA_cen//0003/L1_object_data_3009_processed.root
hadd Source file 156: /eos/cms/store/group/phys_heavyions/jvelazqu/energycorr/condor_R4_axisWTA_cen//0004/L1_object_data_4195_processed.root
hadd Source file 166: /eos/cms/store/group/phys_heavyions/jvelazqu/energycorr/condor_R4_axisWTA_cen//0001/L1_object_data_1574_processed.root
hadd Source file 158: /eos/cms/store/group/phys_heavyions/jvelazqu/energycorr/condor_R4_axisWTA_cen//0003/L1_object_data_3592_processed.root
hadd Source file 192: /eos/cms/store/group/phys_heavyions/jvelazqu/energycorr/condor_R4_axisWTA_cen//0002/L1_object_data_2416_processed.root
hadd Source file 157: /eos/cms/store/group/phys_heavyions/jvelazqu/energycorr/condor_R4_axisWTA_cen//0006/L1_object_data_71_processed.root
hadd Source file 181: /eos/cms/store/group/phys_heavyions/jvelazqu/energycorr/condor_R4_axisWTA_cen//0003/L1_object_data_3010_processed.root
hadd Source file 157: /eos/cms/store/group/phys_heavyions/jvelazqu/energycorr/condor_R4_axisWTA_cen//0004/L1_object_data_4196_processed.root
hadd Source file 167: /eos/cms/store/group/phys_heavyions/jvelazqu/energycorr/condor_R4_axisWTA_cen//0001/L1_object_data_1575_processed.root
hadd Source file 193: /eos/cms/store/group/phys_heavyions/jvelazqu/energycorr/condor_R4_axisWTA_cen//0002/L1_object_data_2417_processed.root
hadd Source file 168: /eos/cms/store/group/phys_heavyions/jvelazqu/energycorr/condor_R4_axisWTA_cen//0001/L1_object_data_1576_processed.root
hadd Source file 158: /eos/cms/store/group/phys_heavyions/jvelazqu/energycorr/condor_R4_axisWTA_cen//0006/L1_object_data_72_processed.root
hadd Source file 158: /eos/cms/store/group/phys_heavyions/jvelazqu/energycorr/condor_R4_axisWTA_cen//0004/L1_object_data_4197_processed.root
hadd Source file 169: /eos/cms/store/group/phys_heavyions/jvelazqu/energycorr/condor_R4_axisWTA_cen//0001/L1_object_data_1577_processed.root
hadd Source file 172: /eos/cms/store/group/phys_heavyions/jvelazqu/energycorr/condor_R4_axisWTA_cen//0004/L1_object_data_4816_processed.root
hadd Source file 169: /eos/cms/store/group/phys_heavyions/jvelazqu/energycorr/condor_R4_axisWTA_cen//0000/L1_object_data_1970_processed.root
hadd Source file 159: /eos/cms/store/group/phys_heavyions/jvelazqu/energycorr/condor_R4_axisWTA_cen//0006/L1_object_data_73_processed.root
hadd Source file 162: /eos/cms/store/group/phys_heavyions/jvelazqu/energycorr/condor_R4_axisWTA_cen//0000/L1_object_data_202_processed.root
hadd Source file 173: /eos/cms/store/group/phys_heavyions/jvelazqu/energycorr/condor_R4_axisWTA_cen//0004/L1_object_data_4817_processed.root
hadd Source file 159: /eos/cms/store/group/phys_heavyions/jvelazqu/energycorr/condor_R4_axisWTA_cen//0004/L1_object_data_4198_processed.root
hadd Source file 170: /eos/cms/store/group/phys_heavyions/jvelazqu/energycorr/condor_R4_axisWTA_cen//0001/L1_object_data_1578_processed.root
hadd Source file 170: /eos/cms/store/group/phys_heavyions/jvelazqu/energycorr/condor_R4_axisWTA_cen//0000/L1_object_data_1971_processed.root
hadd Source file 160: /eos/cms/store/group/phys_heavyions/jvelazqu/energycorr/condor_R4_axisWTA_cen//0006/L1_object_data_74_processed.root
hadd Source file 174: /eos/cms/store/group/phys_heavyions/jvelazqu/energycorr/condor_R4_axisWTA_cen//0004/L1_object_data_4818_processed.root
hadd Source file 171: /eos/cms/store/group/phys_heavyions/jvelazqu/energycorr/condor_R4_axisWTA_cen//0000/L1_object_data_1972_processed.root
hadd Source file 182: /eos/cms/store/group/phys_heavyions/jvelazqu/energycorr/condor_R4_axisWTA_cen//0003/L1_object_data_3011_processed.root
hadd Source file 160: /eos/cms/store/group/phys_heavyions/jvelazqu/energycorr/condor_R4_axisWTA_cen//0004/L1_object_data_4199_processed.root
hadd Source file 171: /eos/cms/store/group/phys_heavyions/jvelazqu/energycorr/condor_R4_axisWTA_cen//0001/L1_object_data_1579_processed.root
hadd Source file 161: /eos/cms/store/group/phys_heavyions/jvelazqu/energycorr/condor_R4_axisWTA_cen//0006/L1_object_data_75_processed.root
hadd Source file 194: /eos/cms/store/group/phys_heavyions/jvelazqu/energycorr/condor_R4_axisWTA_cen//0002/L1_object_data_2418_processed.root
hadd Source file 172: /eos/cms/store/group/phys_heavyions/jvelazqu/energycorr/condor_R4_axisWTA_cen//0000/L1_object_data_1973_processed.root
hadd Source file 159: /eos/cms/store/group/phys_heavyions/jvelazqu/energycorr/condor_R4_axisWTA_cen//0003/L1_object_data_3593_processed.root
hadd Source file 172: /eos/cms/store/group/phys_heavyions/jvelazqu/energycorr/condor_R4_axisWTA_cen//0001/L1_object_data_1580_processed.root
hadd Source file 183: /eos/cms/store/group/phys_heavyions/jvelazqu/energycorr/condor_R4_axisWTA_cen//0003/L1_object_data_3012_processed.root
hadd Source file 163: /eos/cms/store/group/phys_heavyions/jvelazqu/energycorr/condor_R4_axisWTA_cen//0000/L1_object_data_203_processed.root
hadd Source file 195: /eos/cms/store/group/phys_heavyions/jvelazqu/energycorr/condor_R4_axisWTA_cen//0002/L1_object_data_2419_processed.root
hadd Source file 160: /eos/cms/store/group/phys_heavyions/jvelazqu/energycorr/condor_R4_axisWTA_cen//0003/L1_object_data_3594_processed.root
hadd Source file 161: /eos/cms/store/group/phys_heavyions/jvelazqu/energycorr/condor_R4_axisWTA_cen//0004/L1_object_data_4200_processed.root
hadd Source file 162: /eos/cms/store/group/phys_heavyions/jvelazqu/energycorr/condor_R4_axisWTA_cen//0006/L1_object_data_76_processed.root
hadd Source file 173: /eos/cms/store/group/phys_heavyions/jvelazqu/energycorr/condor_R4_axisWTA_cen//0000/L1_object_data_1974_processed.root
hadd Source file 173: /eos/cms/store/group/phys_heavyions/jvelazqu/energycorr/condor_R4_axisWTA_cen//0001/L1_object_data_1581_processed.root
hadd Source file 162: /eos/cms/store/group/phys_heavyions/jvelazqu/energycorr/condor_R4_axisWTA_cen//0004/L1_object_data_4201_processed.root
hadd Source file 184: /eos/cms/store/group/phys_heavyions/jvelazqu/energycorr/condor_R4_axisWTA_cen//0003/L1_object_data_3013_processed.root
hadd Source file 174: /eos/cms/store/group/phys_heavyions/jvelazqu/energycorr/condor_R4_axisWTA_cen//0000/L1_object_data_1975_processed.root
hadd Source file 174: /eos/cms/store/group/phys_heavyions/jvelazqu/energycorr/condor_R4_axisWTA_cen//0001/L1_object_data_1582_processed.root
hadd Source file 175: /eos/cms/store/group/phys_heavyions/jvelazqu/energycorr/condor_R4_axisWTA_cen//0004/L1_object_data_4819_processed.root
hadd Source file 163: /eos/cms/store/group/phys_heavyions/jvelazqu/energycorr/condor_R4_axisWTA_cen//0006/L1_object_data_77_processed.root
hadd Source file 185: /eos/cms/store/group/phys_heavyions/jvelazqu/energycorr/condor_R4_axisWTA_cen//0003/L1_object_data_3014_processed.root
hadd Source file 164: /eos/cms/store/group/phys_heavyions/jvelazqu/energycorr/condor_R4_axisWTA_cen//0000/L1_object_data_204_processed.root
hadd Source file 175: /eos/cms/store/group/phys_heavyions/jvelazqu/energycorr/condor_R4_axisWTA_cen//0001/L1_object_data_1583_processed.root
hadd Source file 164: /eos/cms/store/group/phys_heavyions/jvelazqu/energycorr/condor_R4_axisWTA_cen//0006/L1_object_data_78_processed.root
hadd Source file 165: /eos/cms/store/group/phys_heavyions/jvelazqu/energycorr/condor_R4_axisWTA_cen//0000/L1_object_data_205_processed.root
hadd Source file 163: /eos/cms/store/group/phys_heavyions/jvelazqu/energycorr/condor_R4_axisWTA_cen//0004/L1_object_data_4202_processed.root
hadd Source file 176: /eos/cms/store/group/phys_heavyions/jvelazqu/energycorr/condor_R4_axisWTA_cen//0004/L1_object_data_4820_processed.root
hadd Source file 165: /eos/cms/store/group/phys_heavyions/jvelazqu/energycorr/condor_R4_axisWTA_cen//0006/L1_object_data_79_processed.root
hadd Source file 196: /eos/cms/store/group/phys_heavyions/jvelazqu/energycorr/condor_R4_axisWTA_cen//0002/L1_object_data_2420_processed.root
hadd Source file 166: /eos/cms/store/group/phys_heavyions/jvelazqu/energycorr/condor_R4_axisWTA_cen//0000/L1_object_data_206_processed.root
hadd Source file 164: /eos/cms/store/group/phys_heavyions/jvelazqu/energycorr/condor_R4_axisWTA_cen//0004/L1_object_data_4203_processed.root
hadd Source file 177: /eos/cms/store/group/phys_heavyions/jvelazqu/energycorr/condor_R4_axisWTA_cen//0004/L1_object_data_4821_processed.root
hadd Source file 161: /eos/cms/store/group/phys_heavyions/jvelazqu/energycorr/condor_R4_axisWTA_cen//0003/L1_object_data_3595_processed.root
hadd Source file 166: /eos/cms/store/group/phys_heavyions/jvelazqu/energycorr/condor_R4_axisWTA_cen//0006/L1_object_data_80_processed.root
hadd Source file 175: /eos/cms/store/group/phys_heavyions/jvelazqu/energycorr/condor_R4_axisWTA_cen//0000/L1_object_data_1976_processed.root
hadd Source file 197: /eos/cms/store/group/phys_heavyions/jvelazqu/energycorr/condor_R4_axisWTA_cen//0002/L1_object_data_2421_processed.root
hadd Source file 165: /eos/cms/store/group/phys_heavyions/jvelazqu/energycorr/condor_R4_axisWTA_cen//0004/L1_object_data_4204_processed.root
hadd Source file 167: /eos/cms/store/group/phys_heavyions/jvelazqu/energycorr/condor_R4_axisWTA_cen//0000/L1_object_data_207_processed.root
hadd Source file 162: /eos/cms/store/group/phys_heavyions/jvelazqu/energycorr/condor_R4_axisWTA_cen//0003/L1_object_data_3596_processed.root
hadd Source file 178: /eos/cms/store/group/phys_heavyions/jvelazqu/energycorr/condor_R4_axisWTA_cen//0004/L1_object_data_4822_processed.root
hadd Source file 167: /eos/cms/store/group/phys_heavyions/jvelazqu/energycorr/condor_R4_axisWTA_cen//0006/L1_object_data_81_processed.root
hadd Source file 176: /eos/cms/store/group/phys_heavyions/jvelazqu/energycorr/condor_R4_axisWTA_cen//0000/L1_object_data_1977_processed.root
hadd Source file 168: /eos/cms/store/group/phys_heavyions/jvelazqu/energycorr/condor_R4_axisWTA_cen//0000/L1_object_data_208_processed.root
hadd Source file 179: /eos/cms/store/group/phys_heavyions/jvelazqu/energycorr/condor_R4_axisWTA_cen//0004/L1_object_data_4823_processed.root
hadd Source file 168: /eos/cms/store/group/phys_heavyions/jvelazqu/energycorr/condor_R4_axisWTA_cen//0006/L1_object_data_82_processed.root
hadd Source file 176: /eos/cms/store/group/phys_heavyions/jvelazqu/energycorr/condor_R4_axisWTA_cen//0001/L1_object_data_1584_processed.root
hadd Source file 198: /eos/cms/store/group/phys_heavyions/jvelazqu/energycorr/condor_R4_axisWTA_cen//0002/L1_object_data_2422_processed.root
hadd Source file 177: /eos/cms/store/group/phys_heavyions/jvelazqu/energycorr/condor_R4_axisWTA_cen//0000/L1_object_data_1978_processed.root
hadd Source file 177: /eos/cms/store/group/phys_heavyions/jvelazqu/energycorr/condor_R4_axisWTA_cen//0001/L1_object_data_1585_processed.root
hadd Source file 169: /eos/cms/store/group/phys_heavyions/jvelazqu/energycorr/condor_R4_axisWTA_cen//0006/L1_object_data_83_processed.root
hadd Source file 169: /eos/cms/store/group/phys_heavyions/jvelazqu/energycorr/condor_R4_axisWTA_cen//0000/L1_object_data_209_processed.root
hadd Source file 199: /eos/cms/store/group/phys_heavyions/jvelazqu/energycorr/condor_R4_axisWTA_cen//0002/L1_object_data_2423_processed.root
hadd Source file 163: /eos/cms/store/group/phys_heavyions/jvelazqu/energycorr/condor_R4_axisWTA_cen//0003/L1_object_data_3597_processed.root
hadd Source file 170: /eos/cms/store/group/phys_heavyions/jvelazqu/energycorr/condor_R4_axisWTA_cen//0000/L1_object_data_210_processed.root
hadd Source file 178: /eos/cms/store/group/phys_heavyions/jvelazqu/energycorr/condor_R4_axisWTA_cen//0000/L1_object_data_1979_processed.root
hadd Source file 170: /eos/cms/store/group/phys_heavyions/jvelazqu/energycorr/condor_R4_axisWTA_cen//0006/L1_object_data_84_processed.root
hadd Source file 178: /eos/cms/store/group/phys_heavyions/jvelazqu/energycorr/condor_R4_axisWTA_cen//0001/L1_object_data_1586_processed.root
hadd Source file 179: /eos/cms/store/group/phys_heavyions/jvelazqu/energycorr/condor_R4_axisWTA_cen//0000/L1_object_data_1980_processed.root
hadd Source file 166: /eos/cms/store/group/phys_heavyions/jvelazqu/energycorr/condor_R4_axisWTA_cen//0004/L1_object_data_4205_processed.root
hadd Source file 164: /eos/cms/store/group/phys_heavyions/jvelazqu/energycorr/condor_R4_axisWTA_cen//0003/L1_object_data_3598_processed.root
hadd Source file 179: /eos/cms/store/group/phys_heavyions/jvelazqu/energycorr/condor_R4_axisWTA_cen//0001/L1_object_data_1587_processed.root
hadd Source file 171: /eos/cms/store/group/phys_heavyions/jvelazqu/energycorr/condor_R4_axisWTA_cen//0000/L1_object_data_211_processed.root
hadd Source file 167: /eos/cms/store/group/phys_heavyions/jvelazqu/energycorr/condor_R4_axisWTA_cen//0004/L1_object_data_4206_processed.root
hadd Source file 180: /eos/cms/store/group/phys_heavyions/jvelazqu/energycorr/condor_R4_axisWTA_cen//0000/L1_object_data_1981_processed.root
hadd Source file 180: /eos/cms/store/group/phys_heavyions/jvelazqu/energycorr/condor_R4_axisWTA_cen//0001/L1_object_data_1588_processed.root
hadd Source file 172: /eos/cms/store/group/phys_heavyions/jvelazqu/energycorr/condor_R4_axisWTA_cen//0000/L1_object_data_212_processed.root
hadd Source file 165: /eos/cms/store/group/phys_heavyions/jvelazqu/energycorr/condor_R4_axisWTA_cen//0003/L1_object_data_3599_processed.root
hadd Source file 181: /eos/cms/store/group/phys_heavyions/jvelazqu/energycorr/condor_R4_axisWTA_cen//0001/L1_object_data_1589_processed.root
hadd Source file 166: /eos/cms/store/group/phys_heavyions/jvelazqu/energycorr/condor_R4_axisWTA_cen//0003/L1_object_data_3600_processed.root
hadd Source file 200: /eos/cms/store/group/phys_heavyions/jvelazqu/energycorr/condor_R4_axisWTA_cen//0002/L1_object_data_2424_processed.root
hadd Source file 173: /eos/cms/store/group/phys_heavyions/jvelazqu/energycorr/condor_R4_axisWTA_cen//0000/L1_object_data_213_processed.root
hadd Source file 168: /eos/cms/store/group/phys_heavyions/jvelazqu/energycorr/condor_R4_axisWTA_cen//0004/L1_object_data_4207_processed.root
hadd Source file 182: /eos/cms/store/group/phys_heavyions/jvelazqu/energycorr/condor_R4_axisWTA_cen//0001/L1_object_data_1590_processed.root
hadd Source file 171: /eos/cms/store/group/phys_heavyions/jvelazqu/energycorr/condor_R4_axisWTA_cen//0006/L1_object_data_85_processed.root
hadd Source file 172: /eos/cms/store/group/phys_heavyions/jvelazqu/energycorr/condor_R4_axisWTA_cen//0006/L1_object_data_86_processed.root
hadd Source file 167: /eos/cms/store/group/phys_heavyions/jvelazqu/energycorr/condor_R4_axisWTA_cen//0003/L1_object_data_3601_processed.root
hadd Source file 201: /eos/cms/store/group/phys_heavyions/jvelazqu/energycorr/condor_R4_axisWTA_cen//0002/L1_object_data_2425_processed.root
hadd Source file 174: /eos/cms/store/group/phys_heavyions/jvelazqu/energycorr/condor_R4_axisWTA_cen//0000/L1_object_data_214_processed.root
hadd Source file 169: /eos/cms/store/group/phys_heavyions/jvelazqu/energycorr/condor_R4_axisWTA_cen//0004/L1_object_data_4208_processed.root
hadd Source file 168: /eos/cms/store/group/phys_heavyions/jvelazqu/energycorr/condor_R4_axisWTA_cen//0003/L1_object_data_3602_processed.root
hadd Source file 173: /eos/cms/store/group/phys_heavyions/jvelazqu/energycorr/condor_R4_axisWTA_cen//0006/L1_object_data_87_processed.root
hadd Source file 175: /eos/cms/store/group/phys_heavyions/jvelazqu/energycorr/condor_R4_axisWTA_cen//0000/L1_object_data_215_processed.root
hadd Source file 181: /eos/cms/store/group/phys_heavyions/jvelazqu/energycorr/condor_R4_axisWTA_cen//0000/L1_object_data_1982_processed.root
hadd Source file 202: /eos/cms/store/group/phys_heavyions/jvelazqu/energycorr/condor_R4_axisWTA_cen//0002/L1_object_data_2426_processed.root
hadd Source file 176: /eos/cms/store/group/phys_heavyions/jvelazqu/energycorr/condor_R4_axisWTA_cen//0000/L1_object_data_216_processed.root
hadd Source file 169: /eos/cms/store/group/phys_heavyions/jvelazqu/energycorr/condor_R4_axisWTA_cen//0003/L1_object_data_3603_processed.root
hadd Source file 170: /eos/cms/store/group/phys_heavyions/jvelazqu/energycorr/condor_R4_axisWTA_cen//0004/L1_object_data_4209_processed.root
hadd Source file 203: /eos/cms/store/group/phys_heavyions/jvelazqu/energycorr/condor_R4_axisWTA_cen//0002/L1_object_data_2427_processed.root
hadd Source file 182: /eos/cms/store/group/phys_heavyions/jvelazqu/energycorr/condor_R4_axisWTA_cen//0000/L1_object_data_1983_processed.root
hadd Source file 186: /eos/cms/store/group/phys_heavyions/jvelazqu/energycorr/condor_R4_axisWTA_cen//0003/L1_object_data_3015_processed.root
hadd Source file 183: /eos/cms/store/group/phys_heavyions/jvelazqu/energycorr/condor_R4_axisWTA_cen//0001/L1_object_data_1591_processed.root
hadd Source file 180: /eos/cms/store/group/phys_heavyions/jvelazqu/energycorr/condor_R4_axisWTA_cen//0004/L1_object_data_4824_processed.root
hadd Source file 174: /eos/cms/store/group/phys_heavyions/jvelazqu/energycorr/condor_R4_axisWTA_cen//0006/L1_object_data_88_processed.root
hadd Source file 177: /eos/cms/store/group/phys_heavyions/jvelazqu/energycorr/condor_R4_axisWTA_cen//0000/L1_object_data_217_processed.root
hadd Source file 184: /eos/cms/store/group/phys_heavyions/jvelazqu/energycorr/condor_R4_axisWTA_cen//0001/L1_object_data_1592_processed.root
hadd Source file 170: /eos/cms/store/group/phys_heavyions/jvelazqu/energycorr/condor_R4_axisWTA_cen//0003/L1_object_data_3604_processed.root
hadd Source file 181: /eos/cms/store/group/phys_heavyions/jvelazqu/energycorr/condor_R4_axisWTA_cen//0004/L1_object_data_4825_processed.root
hadd Source file 187: /eos/cms/store/group/phys_heavyions/jvelazqu/energycorr/condor_R4_axisWTA_cen//0003/L1_object_data_3016_processed.root
hadd Source file 175: /eos/cms/store/group/phys_heavyions/jvelazqu/energycorr/condor_R4_axisWTA_cen//0006/L1_object_data_89_processed.root
hadd Source file 183: /eos/cms/store/group/phys_heavyions/jvelazqu/energycorr/condor_R4_axisWTA_cen//0000/L1_object_data_1984_processed.root
hadd Source file 171: /eos/cms/store/group/phys_heavyions/jvelazqu/energycorr/condor_R4_axisWTA_cen//0004/L1_object_data_4210_processed.root
hadd Source file 185: /eos/cms/store/group/phys_heavyions/jvelazqu/energycorr/condor_R4_axisWTA_cen//0001/L1_object_data_1593_processed.root
hadd Source file 176: /eos/cms/store/group/phys_heavyions/jvelazqu/energycorr/condor_R4_axisWTA_cen//0006/L1_object_data_90_processed.root
hadd Source file 184: /eos/cms/store/group/phys_heavyions/jvelazqu/energycorr/condor_R4_axisWTA_cen//0000/L1_object_data_1985_processed.root
hadd Source file 177: /eos/cms/store/group/phys_heavyions/jvelazqu/energycorr/condor_R4_axisWTA_cen//0006/L1_object_data_91_processed.root
hadd Source file 172: /eos/cms/store/group/phys_heavyions/jvelazqu/energycorr/condor_R4_axisWTA_cen//0004/L1_object_data_4211_processed.root
hadd Source file 186: /eos/cms/store/group/phys_heavyions/jvelazqu/energycorr/condor_R4_axisWTA_cen//0001/L1_object_data_1594_processed.root
hadd Source file 69: /eos/cms/store/group/phys_heavyions/jvelazqu/energycorr/condor_R4_axisWTA_cen//0005/L1_object_data_5318_processed.root
hadd Source file 204: /eos/cms/store/group/phys_heavyions/jvelazqu/energycorr/condor_R4_axisWTA_cen//0002/L1_object_data_2428_processed.root
hadd Source file 173: /eos/cms/store/group/phys_heavyions/jvelazqu/energycorr/condor_R4_axisWTA_cen//0004/L1_object_data_4212_processed.root
hadd Source file 182: /eos/cms/store/group/phys_heavyions/jvelazqu/energycorr/condor_R4_axisWTA_cen//0004/L1_object_data_4826_processed.root
hadd Source file 178: /eos/cms/store/group/phys_heavyions/jvelazqu/energycorr/condor_R4_axisWTA_cen//0000/L1_object_data_218_processed.root
hadd Source file 187: /eos/cms/store/group/phys_heavyions/jvelazqu/energycorr/condor_R4_axisWTA_cen//0001/L1_object_data_1595_processed.root
hadd Source file 185: /eos/cms/store/group/phys_heavyions/jvelazqu/energycorr/condor_R4_axisWTA_cen//0000/L1_object_data_1986_processed.root
hadd Source file 188: /eos/cms/store/group/phys_heavyions/jvelazqu/energycorr/condor_R4_axisWTA_cen//0003/L1_object_data_3017_processed.root
hadd Source file 179: /eos/cms/store/group/phys_heavyions/jvelazqu/energycorr/condor_R4_axisWTA_cen//0000/L1_object_data_219_processed.root
hadd Source file 174: /eos/cms/store/group/phys_heavyions/jvelazqu/energycorr/condor_R4_axisWTA_cen//0004/L1_object_data_4213_processed.root
hadd Source file 205: /eos/cms/store/group/phys_heavyions/jvelazqu/energycorr/condor_R4_axisWTA_cen//0002/L1_object_data_2429_processed.root
hadd Source file 70: /eos/cms/store/group/phys_heavyions/jvelazqu/energycorr/condor_R4_axisWTA_cen//0005/L1_object_data_5319_processed.root
hadd Source file 188: /eos/cms/store/group/phys_heavyions/jvelazqu/energycorr/condor_R4_axisWTA_cen//0001/L1_object_data_1596_processed.root
hadd Source file 183: /eos/cms/store/group/phys_heavyions/jvelazqu/energycorr/condor_R4_axisWTA_cen//0004/L1_object_data_4827_processed.root
hadd Source file 206: /eos/cms/store/group/phys_heavyions/jvelazqu/energycorr/condor_R4_axisWTA_cen//0002/L1_object_data_2430_processed.root
hadd Source file 189: /eos/cms/store/group/phys_heavyions/jvelazqu/energycorr/condor_R4_axisWTA_cen//0003/L1_object_data_3018_processed.root
hadd Source file 175: /eos/cms/store/group/phys_heavyions/jvelazqu/energycorr/condor_R4_axisWTA_cen//0004/L1_object_data_4214_processed.root
hadd Source file 71: /eos/cms/store/group/phys_heavyions/jvelazqu/energycorr/condor_R4_axisWTA_cen//0005/L1_object_data_5320_processed.root
hadd Source file 189: /eos/cms/store/group/phys_heavyions/jvelazqu/energycorr/condor_R4_axisWTA_cen//0001/L1_object_data_1597_processed.root
hadd Source file 171: /eos/cms/store/group/phys_heavyions/jvelazqu/energycorr/condor_R4_axisWTA_cen//0003/L1_object_data_3605_processed.root
hadd Source file 178: /eos/cms/store/group/phys_heavyions/jvelazqu/energycorr/condor_R4_axisWTA_cen//0006/L1_object_data_92_processed.root
hadd Source file 184: /eos/cms/store/group/phys_heavyions/jvelazqu/energycorr/condor_R4_axisWTA_cen//0004/L1_object_data_4828_processed.root
hadd Source file 190: /eos/cms/store/group/phys_heavyions/jvelazqu/energycorr/condor_R4_axisWTA_cen//0003/L1_object_data_3019_processed.root
hadd Source file 176: /eos/cms/store/group/phys_heavyions/jvelazqu/energycorr/condor_R4_axisWTA_cen//0004/L1_object_data_4215_processed.root
hadd Source file 207: /eos/cms/store/group/phys_heavyions/jvelazqu/energycorr/condor_R4_axisWTA_cen//0002/L1_object_data_2431_processed.root
hadd Source file 190: /eos/cms/store/group/phys_heavyions/jvelazqu/energycorr/condor_R4_axisWTA_cen//0001/L1_object_data_1598_processed.root
hadd Source file 172: /eos/cms/store/group/phys_heavyions/jvelazqu/energycorr/condor_R4_axisWTA_cen//0003/L1_object_data_3606_processed.root
hadd Source file 179: /eos/cms/store/group/phys_heavyions/jvelazqu/energycorr/condor_R4_axisWTA_cen//0006/L1_object_data_93_processed.root
hadd Source file 72: /eos/cms/store/group/phys_heavyions/jvelazqu/energycorr/condor_R4_axisWTA_cen//0005/L1_object_data_5321_processed.root
hadd Source file 185: /eos/cms/store/group/phys_heavyions/jvelazqu/energycorr/condor_R4_axisWTA_cen//0004/L1_object_data_4829_processed.root
hadd Source file 191: /eos/cms/store/group/phys_heavyions/jvelazqu/energycorr/condor_R4_axisWTA_cen//0003/L1_object_data_3020_processed.root
hadd Source file 177: /eos/cms/store/group/phys_heavyions/jvelazqu/energycorr/condor_R4_axisWTA_cen//0004/L1_object_data_4216_processed.root
hadd Source file 208: /eos/cms/store/group/phys_heavyions/jvelazqu/energycorr/condor_R4_axisWTA_cen//0002/L1_object_data_2432_processed.root
hadd Source file 191: /eos/cms/store/group/phys_heavyions/jvelazqu/energycorr/condor_R4_axisWTA_cen//0001/L1_object_data_1599_processed.root
hadd Source file 186: /eos/cms/store/group/phys_heavyions/jvelazqu/energycorr/condor_R4_axisWTA_cen//0000/L1_object_data_1987_processed.root
hadd Source file 73: /eos/cms/store/group/phys_heavyions/jvelazqu/energycorr/condor_R4_axisWTA_cen//0005/L1_object_data_5322_processed.root
hadd Source file 180: /eos/cms/store/group/phys_heavyions/jvelazqu/energycorr/condor_R4_axisWTA_cen//0006/L1_object_data_94_processed.root
hadd Source file 186: /eos/cms/store/group/phys_heavyions/jvelazqu/energycorr/condor_R4_axisWTA_cen//0004/L1_object_data_4830_processed.root
hadd Source file 178: /eos/cms/store/group/phys_heavyions/jvelazqu/energycorr/condor_R4_axisWTA_cen//0004/L1_object_data_4217_processed.root
hadd Source file 209: /eos/cms/store/group/phys_heavyions/jvelazqu/energycorr/condor_R4_axisWTA_cen//0002/L1_object_data_2433_processed.root
hadd Source file 192: /eos/cms/store/group/phys_heavyions/jvelazqu/energycorr/condor_R4_axisWTA_cen//0003/L1_object_data_3021_processed.root
hadd Source file 173: /eos/cms/store/group/phys_heavyions/jvelazqu/energycorr/condor_R4_axisWTA_cen//0003/L1_object_data_3607_processed.root
hadd Source file 74: /eos/cms/store/group/phys_heavyions/jvelazqu/energycorr/condor_R4_axisWTA_cen//0005/L1_object_data_5323_processed.root
hadd Source file 192: /eos/cms/store/group/phys_heavyions/jvelazqu/energycorr/condor_R4_axisWTA_cen//0001/L1_object_data_1600_processed.root
hadd Source file 187: /eos/cms/store/group/phys_heavyions/jvelazqu/energycorr/condor_R4_axisWTA_cen//0004/L1_object_data_4831_processed.root
hadd Source file 181: /eos/cms/store/group/phys_heavyions/jvelazqu/energycorr/condor_R4_axisWTA_cen//0006/L1_object_data_95_processed.root
hadd Source file 179: /eos/cms/store/group/phys_heavyions/jvelazqu/energycorr/condor_R4_axisWTA_cen//0004/L1_object_data_4218_processed.root
hadd Source file 187: /eos/cms/store/group/phys_heavyions/jvelazqu/energycorr/condor_R4_axisWTA_cen//0000/L1_object_data_1988_processed.root
hadd Source file 193: /eos/cms/store/group/phys_heavyions/jvelazqu/energycorr/condor_R4_axisWTA_cen//0003/L1_object_data_3022_processed.root
hadd Source file 193: /eos/cms/store/group/phys_heavyions/jvelazqu/energycorr/condor_R4_axisWTA_cen//0001/L1_object_data_1601_processed.root
hadd Source file 182: /eos/cms/store/group/phys_heavyions/jvelazqu/energycorr/condor_R4_axisWTA_cen//0006/L1_object_data_96_processed.root
hadd Source file 210: /eos/cms/store/group/phys_heavyions/jvelazqu/energycorr/condor_R4_axisWTA_cen//0002/L1_object_data_2434_processed.root
hadd Source file 188: /eos/cms/store/group/phys_heavyions/jvelazqu/energycorr/condor_R4_axisWTA_cen//0000/L1_object_data_1989_processed.root
hadd Source file 188: /eos/cms/store/group/phys_heavyions/jvelazqu/energycorr/condor_R4_axisWTA_cen//0004/L1_object_data_4832_processed.root
hadd Source file 180: /eos/cms/store/group/phys_heavyions/jvelazqu/energycorr/condor_R4_axisWTA_cen//0004/L1_object_data_4219_processed.root
hadd Source file 75: /eos/cms/store/group/phys_heavyions/jvelazqu/energycorr/condor_R4_axisWTA_cen//0005/L1_object_data_5324_processed.root
hadd Source file 174: /eos/cms/store/group/phys_heavyions/jvelazqu/energycorr/condor_R4_axisWTA_cen//0003/L1_object_data_3608_processed.root
hadd Source file 194: /eos/cms/store/group/phys_heavyions/jvelazqu/energycorr/condor_R4_axisWTA_cen//0003/L1_object_data_3023_processed.root
hadd Source file 194: /eos/cms/store/group/phys_heavyions/jvelazqu/energycorr/condor_R4_axisWTA_cen//0001/L1_object_data_1602_processed.root
hadd Source file 181: /eos/cms/store/group/phys_heavyions/jvelazqu/energycorr/condor_R4_axisWTA_cen//0004/L1_object_data_4220_processed.root
hadd Source file 183: /eos/cms/store/group/phys_heavyions/jvelazqu/energycorr/condor_R4_axisWTA_cen//0006/L1_object_data_97_processed.root
hadd Source file 189: /eos/cms/store/group/phys_heavyions/jvelazqu/energycorr/condor_R4_axisWTA_cen//0000/L1_object_data_1990_processed.root
hadd Source file 195: /eos/cms/store/group/phys_heavyions/jvelazqu/energycorr/condor_R4_axisWTA_cen//0003/L1_object_data_3024_processed.root
hadd Source file 175: /eos/cms/store/group/phys_heavyions/jvelazqu/energycorr/condor_R4_axisWTA_cen//0003/L1_object_data_3609_processed.root
hadd Source file 76: /eos/cms/store/group/phys_heavyions/jvelazqu/energycorr/condor_R4_axisWTA_cen//0005/L1_object_data_5325_processed.root
hadd Source file 195: /eos/cms/store/group/phys_heavyions/jvelazqu/energycorr/condor_R4_axisWTA_cen//0001/L1_object_data_1603_processed.root
hadd Source file 182: /eos/cms/store/group/phys_heavyions/jvelazqu/energycorr/condor_R4_axisWTA_cen//0004/L1_object_data_4221_processed.root
hadd Source file 190: /eos/cms/store/group/phys_heavyions/jvelazqu/energycorr/condor_R4_axisWTA_cen//0000/L1_object_data_1991_processed.root
hadd Source file 196: /eos/cms/store/group/phys_heavyions/jvelazqu/energycorr/condor_R4_axisWTA_cen//0003/L1_object_data_3025_processed.root
hadd Source file 196: /eos/cms/store/group/phys_heavyions/jvelazqu/energycorr/condor_R4_axisWTA_cen//0001/L1_object_data_1604_processed.root
hadd Source file 184: /eos/cms/store/group/phys_heavyions/jvelazqu/energycorr/condor_R4_axisWTA_cen//0006/L1_object_data_98_processed.root
hadd Source file 77: /eos/cms/store/group/phys_heavyions/jvelazqu/energycorr/condor_R4_axisWTA_cen//0005/L1_object_data_5326_processed.root
hadd Source file 197: /eos/cms/store/group/phys_heavyions/jvelazqu/energycorr/condor_R4_axisWTA_cen//0003/L1_object_data_3026_processed.root
hadd Source file 191: /eos/cms/store/group/phys_heavyions/jvelazqu/energycorr/condor_R4_axisWTA_cen//0000/L1_object_data_1992_processed.root
hadd Source file 183: /eos/cms/store/group/phys_heavyions/jvelazqu/energycorr/condor_R4_axisWTA_cen//0004/L1_object_data_4222_processed.root
hadd Source file 176: /eos/cms/store/group/phys_heavyions/jvelazqu/energycorr/condor_R4_axisWTA_cen//0003/L1_object_data_3610_processed.root
hadd Source file 197: /eos/cms/store/group/phys_heavyions/jvelazqu/energycorr/condor_R4_axisWTA_cen//0001/L1_object_data_1605_processed.root
hadd Source file 78: /eos/cms/store/group/phys_heavyions/jvelazqu/energycorr/condor_R4_axisWTA_cen//0005/L1_object_data_5327_processed.root
hadd Source file 189: /eos/cms/store/group/phys_heavyions/jvelazqu/energycorr/condor_R4_axisWTA_cen//0004/L1_object_data_4833_processed.root
hadd Source file 211: /eos/cms/store/group/phys_heavyions/jvelazqu/energycorr/condor_R4_axisWTA_cen//0002/L1_object_data_2435_processed.root
hadd Source file 185: /eos/cms/store/group/phys_heavyions/jvelazqu/energycorr/condor_R4_axisWTA_cen//0006/L1_object_data_99_processed.root
hadd Source file 192: /eos/cms/store/group/phys_heavyions/jvelazqu/energycorr/condor_R4_axisWTA_cen//0000/L1_object_data_1993_processed.root
hadd Source file 180: /eos/cms/store/group/phys_heavyions/jvelazqu/energycorr/condor_R4_axisWTA_cen//0000/L1_object_data_220_processed.root
hadd Source file 198: /eos/cms/store/group/phys_heavyions/jvelazqu/energycorr/condor_R4_axisWTA_cen//0001/L1_object_data_1606_processed.root
hadd Source file 198: /eos/cms/store/group/phys_heavyions/jvelazqu/energycorr/condor_R4_axisWTA_cen//0003/L1_object_data_3027_processed.root
hadd Source file 177: /eos/cms/store/group/phys_heavyions/jvelazqu/energycorr/condor_R4_axisWTA_cen//0003/L1_object_data_3611_processed.root
hadd Source file 212: /eos/cms/store/group/phys_heavyions/jvelazqu/energycorr/condor_R4_axisWTA_cen//0002/L1_object_data_2436_processed.root
hadd Source file 184: /eos/cms/store/group/phys_heavyions/jvelazqu/energycorr/condor_R4_axisWTA_cen//0004/L1_object_data_4223_processed.root
hadd Source file 190: /eos/cms/store/group/phys_heavyions/jvelazqu/energycorr/condor_R4_axisWTA_cen//0004/L1_object_data_4834_processed.root
hadd Source file 79: /eos/cms/store/group/phys_heavyions/jvelazqu/energycorr/condor_R4_axisWTA_cen//0005/L1_object_data_5328_processed.root
hadd Source file 199: /eos/cms/store/group/phys_heavyions/jvelazqu/energycorr/condor_R4_axisWTA_cen//0001/L1_object_data_1607_processed.root
hadd Source file 181: /eos/cms/store/group/phys_heavyions/jvelazqu/energycorr/condor_R4_axisWTA_cen//0000/L1_object_data_221_processed.root
hadd Source file 186: /eos/cms/store/group/phys_heavyions/jvelazqu/energycorr/condor_R4_axisWTA_cen//0006/L1_object_data_259_processed.root
hadd Source file 178: /eos/cms/store/group/phys_heavyions/jvelazqu/energycorr/condor_R4_axisWTA_cen//0003/L1_object_data_3612_processed.root
hadd Source file 193: /eos/cms/store/group/phys_heavyions/jvelazqu/energycorr/condor_R4_axisWTA_cen//0000/L1_object_data_1994_processed.root
hadd Source file 80: /eos/cms/store/group/phys_heavyions/jvelazqu/energycorr/condor_R4_axisWTA_cen//0005/L1_object_data_5329_processed.root
hadd Source file 200: /eos/cms/store/group/phys_heavyions/jvelazqu/energycorr/condor_R4_axisWTA_cen//0001/L1_object_data_1608_processed.root
hadd Source file 194: /eos/cms/store/group/phys_heavyions/jvelazqu/energycorr/condor_R4_axisWTA_cen//0000/L1_object_data_1995_processed.root
hadd Source file 81: /eos/cms/store/group/phys_heavyions/jvelazqu/energycorr/condor_R4_axisWTA_cen//0005/L1_object_data_5330_processed.root
hadd Source file 201: /eos/cms/store/group/phys_heavyions/jvelazqu/energycorr/condor_R4_axisWTA_cen//0001/L1_object_data_1609_processed.root
hadd Source file 195: /eos/cms/store/group/phys_heavyions/jvelazqu/energycorr/condor_R4_axisWTA_cen//0000/L1_object_data_1996_processed.root
hadd Source file 202: /eos/cms/store/group/phys_heavyions/jvelazqu/energycorr/condor_R4_axisWTA_cen//0001/L1_object_data_1610_processed.root
hadd Source file 82: /eos/cms/store/group/phys_heavyions/jvelazqu/energycorr/condor_R4_axisWTA_cen//0005/L1_object_data_5331_processed.root
hadd Source file 187: /eos/cms/store/group/phys_heavyions/jvelazqu/energycorr/condor_R4_axisWTA_cen//0006/L1_object_data_344_processed.root
hadd Source file 199: /eos/cms/store/group/phys_heavyions/jvelazqu/energycorr/condor_R4_axisWTA_cen//0003/L1_object_data_3028_processed.root
hadd Source file 213: /eos/cms/store/group/phys_heavyions/jvelazqu/energycorr/condor_R4_axisWTA_cen//0002/L1_object_data_2437_processed.root
hadd Source file 196: /eos/cms/store/group/phys_heavyions/jvelazqu/energycorr/condor_R4_axisWTA_cen//0000/L1_object_data_1997_processed.root
hadd Source file 203: /eos/cms/store/group/phys_heavyions/jvelazqu/energycorr/condor_R4_axisWTA_cen//0001/L1_object_data_1611_processed.root
hadd Source file 182: /eos/cms/store/group/phys_heavyions/jvelazqu/energycorr/condor_R4_axisWTA_cen//0000/L1_object_data_222_processed.root
hadd Source file 185: /eos/cms/store/group/phys_heavyions/jvelazqu/energycorr/condor_R4_axisWTA_cen//0004/L1_object_data_4224_processed.root
hadd Source file 188: /eos/cms/store/group/phys_heavyions/jvelazqu/energycorr/condor_R4_axisWTA_cen//0006/L1_object_data_382_processed.root
hadd Source file 179: /eos/cms/store/group/phys_heavyions/jvelazqu/energycorr/condor_R4_axisWTA_cen//0003/L1_object_data_3613_processed.root
hadd Source file 214: /eos/cms/store/group/phys_heavyions/jvelazqu/energycorr/condor_R4_axisWTA_cen//0002/L1_object_data_2438_processed.root
hadd Source file 200: /eos/cms/store/group/phys_heavyions/jvelazqu/energycorr/condor_R4_axisWTA_cen//0003/L1_object_data_3029_processed.root
hadd Source file 189: /eos/cms/store/group/phys_heavyions/jvelazqu/energycorr/condor_R4_axisWTA_cen//0006/L1_object_data_403_processed.root
hadd Source file 183: /eos/cms/store/group/phys_heavyions/jvelazqu/energycorr/condor_R4_axisWTA_cen//0000/L1_object_data_223_processed.root
hadd Source file 186: /eos/cms/store/group/phys_heavyions/jvelazqu/energycorr/condor_R4_axisWTA_cen//0004/L1_object_data_4225_processed.root
hadd Source file 204: /eos/cms/store/group/phys_heavyions/jvelazqu/energycorr/condor_R4_axisWTA_cen//0001/L1_object_data_1612_processed.root
hadd Source file 197: /eos/cms/store/group/phys_heavyions/jvelazqu/energycorr/condor_R4_axisWTA_cen//0000/L1_object_data_1998_processed.root
hadd Source file 180: /eos/cms/store/group/phys_heavyions/jvelazqu/energycorr/condor_R4_axisWTA_cen//0003/L1_object_data_3614_processed.root
hadd Source file 201: /eos/cms/store/group/phys_heavyions/jvelazqu/energycorr/condor_R4_axisWTA_cen//0003/L1_object_data_3030_processed.root
hadd Source file 184: /eos/cms/store/group/phys_heavyions/jvelazqu/energycorr/condor_R4_axisWTA_cen//0000/L1_object_data_224_processed.root
hadd Source file 215: /eos/cms/store/group/phys_heavyions/jvelazqu/energycorr/condor_R4_axisWTA_cen//0002/L1_object_data_2439_processed.root
hadd Source file 187: /eos/cms/store/group/phys_heavyions/jvelazqu/energycorr/condor_R4_axisWTA_cen//0004/L1_object_data_4226_processed.root
hadd Source file 190: /eos/cms/store/group/phys_heavyions/jvelazqu/energycorr/condor_R4_axisWTA_cen//0006/L1_object_data_465_processed.root
hadd Source file 205: /eos/cms/store/group/phys_heavyions/jvelazqu/energycorr/condor_R4_axisWTA_cen//0001/L1_object_data_1613_processed.root
hadd Source file 202: /eos/cms/store/group/phys_heavyions/jvelazqu/energycorr/condor_R4_axisWTA_cen//0003/L1_object_data_3031_processed.root
hadd Source file 191: /eos/cms/store/group/phys_heavyions/jvelazqu/energycorr/condor_R4_axisWTA_cen//0006/L1_object_data_485_processed.root
hadd Source file 185: /eos/cms/store/group/phys_heavyions/jvelazqu/energycorr/condor_R4_axisWTA_cen//0000/L1_object_data_225_processed.root
hadd Source file 188: /eos/cms/store/group/phys_heavyions/jvelazqu/energycorr/condor_R4_axisWTA_cen//0004/L1_object_data_4227_processed.root
hadd Source file 206: /eos/cms/store/group/phys_heavyions/jvelazqu/energycorr/condor_R4_axisWTA_cen//0001/L1_object_data_1614_processed.root
hadd Source file 203: /eos/cms/store/group/phys_heavyions/jvelazqu/energycorr/condor_R4_axisWTA_cen//0003/L1_object_data_3032_processed.root
hadd Source file 83: /eos/cms/store/group/phys_heavyions/jvelazqu/energycorr/condor_R4_axisWTA_cen//0005/L1_object_data_5332_processed.root
hadd Source file 189: /eos/cms/store/group/phys_heavyions/jvelazqu/energycorr/condor_R4_axisWTA_cen//0004/L1_object_data_4228_processed.root
hadd Source file 181: /eos/cms/store/group/phys_heavyions/jvelazqu/energycorr/condor_R4_axisWTA_cen//0003/L1_object_data_3615_processed.root
hadd Source file 207: /eos/cms/store/group/phys_heavyions/jvelazqu/energycorr/condor_R4_axisWTA_cen//0001/L1_object_data_1615_processed.root
hadd Source file 186: /eos/cms/store/group/phys_heavyions/jvelazqu/energycorr/condor_R4_axisWTA_cen//0000/L1_object_data_226_processed.root
hadd Source file 192: /eos/cms/store/group/phys_heavyions/jvelazqu/energycorr/condor_R4_axisWTA_cen//0006/L1_object_data_530_processed.root
hadd Source file 204: /eos/cms/store/group/phys_heavyions/jvelazqu/energycorr/condor_R4_axisWTA_cen//0003/L1_object_data_3033_processed.root
hadd Source file 190: /eos/cms/store/group/phys_heavyions/jvelazqu/energycorr/condor_R4_axisWTA_cen//0004/L1_object_data_4229_processed.root
hadd Source file 208: /eos/cms/store/group/phys_heavyions/jvelazqu/energycorr/condor_R4_axisWTA_cen//0001/L1_object_data_1616_processed.root
hadd Source file 84: /eos/cms/store/group/phys_heavyions/jvelazqu/energycorr/condor_R4_axisWTA_cen//0005/L1_object_data_5333_processed.root
hadd Source file 182: /eos/cms/store/group/phys_heavyions/jvelazqu/energycorr/condor_R4_axisWTA_cen//0003/L1_object_data_3616_processed.root
hadd Source file 198: /eos/cms/store/group/phys_heavyions/jvelazqu/energycorr/condor_R4_axisWTA_cen//0000/L1_object_data_1999_processed.root
hadd Source file 216: /eos/cms/store/group/phys_heavyions/jvelazqu/energycorr/condor_R4_axisWTA_cen//0002/L1_object_data_2440_processed.root
hadd Source file 187: /eos/cms/store/group/phys_heavyions/jvelazqu/energycorr/condor_R4_axisWTA_cen//0000/L1_object_data_227_processed.root
hadd Source file 193: /eos/cms/store/group/phys_heavyions/jvelazqu/energycorr/condor_R4_axisWTA_cen//0006/L1_object_data_551_processed.root
hadd Source file 191: /eos/cms/store/group/phys_heavyions/jvelazqu/energycorr/condor_R4_axisWTA_cen//0004/L1_object_data_4230_processed.root
hadd Source file 199: /eos/cms/store/group/phys_heavyions/jvelazqu/energycorr/condor_R4_axisWTA_cen//0001/L1_object_data_1000_processed.root
hadd Source file 209: /eos/cms/store/group/phys_heavyions/jvelazqu/energycorr/condor_R4_axisWTA_cen//0001/L1_object_data_1617_processed.root
hadd Source file 85: /eos/cms/store/group/phys_heavyions/jvelazqu/energycorr/condor_R4_axisWTA_cen//0005/L1_object_data_5334_processed.root
hadd Source file 183: /eos/cms/store/group/phys_heavyions/jvelazqu/energycorr/condor_R4_axisWTA_cen//0003/L1_object_data_3617_processed.root
hadd Source file 191: /eos/cms/store/group/phys_heavyions/jvelazqu/energycorr/condor_R4_axisWTA_cen//0004/L1_object_data_4835_processed.root
hadd Source file 217: /eos/cms/store/group/phys_heavyions/jvelazqu/energycorr/condor_R4_axisWTA_cen//0002/L1_object_data_2441_processed.root
hadd Source file 194: /eos/cms/store/group/phys_heavyions/jvelazqu/energycorr/condor_R4_axisWTA_cen//0006/L1_object_data_594_processed.root
hadd Source file 188: /eos/cms/store/group/phys_heavyions/jvelazqu/energycorr/condor_R4_axisWTA_cen//0000/L1_object_data_228_processed.root
hadd Source file 210: /eos/cms/store/group/phys_heavyions/jvelazqu/energycorr/condor_R4_axisWTA_cen//0001/L1_object_data_1618_processed.root
hadd Source file 192: /eos/cms/store/group/phys_heavyions/jvelazqu/energycorr/condor_R4_axisWTA_cen//0004/L1_object_data_4231_processed.root
hadd Source file 200: /eos/cms/store/group/phys_heavyions/jvelazqu/energycorr/condor_R4_axisWTA_cen//0001/L1_object_data_1001_processed.root
hadd Source file 189: /eos/cms/store/group/phys_heavyions/jvelazqu/energycorr/condor_R4_axisWTA_cen//0000/L1_object_data_229_processed.root
hadd Source file 184: /eos/cms/store/group/phys_heavyions/jvelazqu/energycorr/condor_R4_axisWTA_cen//0003/L1_object_data_3618_processed.root
hadd Source file 195: /eos/cms/store/group/phys_heavyions/jvelazqu/energycorr/condor_R4_axisWTA_cen//0006/L1_object_data_600_processed.root
hadd Source file 211: /eos/cms/store/group/phys_heavyions/jvelazqu/energycorr/condor_R4_axisWTA_cen//0001/L1_object_data_1619_processed.root
hadd Source file 86: /eos/cms/store/group/phys_heavyions/jvelazqu/energycorr/condor_R4_axisWTA_cen//0005/L1_object_data_5335_processed.root
hadd Source file 193: /eos/cms/store/group/phys_heavyions/jvelazqu/energycorr/condor_R4_axisWTA_cen//0004/L1_object_data_4232_processed.root
hadd Source file 192: /eos/cms/store/group/phys_heavyions/jvelazqu/energycorr/condor_R4_axisWTA_cen//0004/L1_object_data_4836_processed.root
hadd Source file 201: /eos/cms/store/group/phys_heavyions/jvelazqu/energycorr/condor_R4_axisWTA_cen//0001/L1_object_data_1002_processed.root
hadd Source file 212: /eos/cms/store/group/phys_heavyions/jvelazqu/energycorr/condor_R4_axisWTA_cen//0001/L1_object_data_1620_processed.root
hadd Source file 205: /eos/cms/store/group/phys_heavyions/jvelazqu/energycorr/condor_R4_axisWTA_cen//0003/L1_object_data_3034_processed.root
hadd Source file 185: /eos/cms/store/group/phys_heavyions/jvelazqu/energycorr/condor_R4_axisWTA_cen//0003/L1_object_data_3619_processed.root
hadd Source file 87: /eos/cms/store/group/phys_heavyions/jvelazqu/energycorr/condor_R4_axisWTA_cen//0005/L1_object_data_5336_processed.root
hadd Source file 190: /eos/cms/store/group/phys_heavyions/jvelazqu/energycorr/condor_R4_axisWTA_cen//0000/L1_object_data_230_processed.root
hadd Source file 196: /eos/cms/store/group/phys_heavyions/jvelazqu/energycorr/condor_R4_axisWTA_cen//0006/L1_object_data_623_processed.root
hadd Source file 194: /eos/cms/store/group/phys_heavyions/jvelazqu/energycorr/condor_R4_axisWTA_cen//0004/L1_object_data_4233_processed.root
hadd Source file 193: /eos/cms/store/group/phys_heavyions/jvelazqu/energycorr/condor_R4_axisWTA_cen//0004/L1_object_data_4837_processed.root
hadd Source file 213: /eos/cms/store/group/phys_heavyions/jvelazqu/energycorr/condor_R4_axisWTA_cen//0001/L1_object_data_1621_processed.root
hadd Source file 191: /eos/cms/store/group/phys_heavyions/jvelazqu/energycorr/condor_R4_axisWTA_cen//0000/L1_object_data_231_processed.root
hadd Source file 206: /eos/cms/store/group/phys_heavyions/jvelazqu/energycorr/condor_R4_axisWTA_cen//0003/L1_object_data_3035_processed.root
hadd Source file 88: /eos/cms/store/group/phys_heavyions/jvelazqu/energycorr/condor_R4_axisWTA_cen//0005/L1_object_data_5337_processed.root
hadd Source file 197: /eos/cms/store/group/phys_heavyions/jvelazqu/energycorr/condor_R4_axisWTA_cen//0006/L1_object_data_627_processed.root
hadd Source file 195: /eos/cms/store/group/phys_heavyions/jvelazqu/energycorr/condor_R4_axisWTA_cen//0004/L1_object_data_4234_processed.root
hadd Source file 207: /eos/cms/store/group/phys_heavyions/jvelazqu/energycorr/condor_R4_axisWTA_cen//0003/L1_object_data_3036_processed.root
hadd Source file 194: /eos/cms/store/group/phys_heavyions/jvelazqu/energycorr/condor_R4_axisWTA_cen//0004/L1_object_data_4838_processed.root
hadd Source file 202: /eos/cms/store/group/phys_heavyions/jvelazqu/energycorr/condor_R4_axisWTA_cen//0001/L1_object_data_1003_processed.root
hadd Source file 198: /eos/cms/store/group/phys_heavyions/jvelazqu/energycorr/condor_R4_axisWTA_cen//0006/L1_object_data_635_processed.root
hadd Source file 218: /eos/cms/store/group/phys_heavyions/jvelazqu/energycorr/condor_R4_axisWTA_cen//0002/L1_object_data_2442_processed.root
hadd Source file 192: /eos/cms/store/group/phys_heavyions/jvelazqu/energycorr/condor_R4_axisWTA_cen//0000/L1_object_data_232_processed.root
hadd Source file 89: /eos/cms/store/group/phys_heavyions/jvelazqu/energycorr/condor_R4_axisWTA_cen//0005/L1_object_data_5338_processed.root
hadd Source file 196: /eos/cms/store/group/phys_heavyions/jvelazqu/energycorr/condor_R4_axisWTA_cen//0004/L1_object_data_4235_processed.root
hadd Source file 195: /eos/cms/store/group/phys_heavyions/jvelazqu/energycorr/condor_R4_axisWTA_cen//0004/L1_object_data_4839_processed.root
hadd Source file 208: /eos/cms/store/group/phys_heavyions/jvelazqu/energycorr/condor_R4_axisWTA_cen//0003/L1_object_data_3037_processed.root
hadd Source file 203: /eos/cms/store/group/phys_heavyions/jvelazqu/energycorr/condor_R4_axisWTA_cen//0001/L1_object_data_1004_processed.root
hadd Source file 90: /eos/cms/store/group/phys_heavyions/jvelazqu/energycorr/condor_R4_axisWTA_cen//0005/L1_object_data_5339_processed.root
hadd Source file 193: /eos/cms/store/group/phys_heavyions/jvelazqu/energycorr/condor_R4_axisWTA_cen//0000/L1_object_data_233_processed.root
hadd Source file 196: /eos/cms/store/group/phys_heavyions/jvelazqu/energycorr/condor_R4_axisWTA_cen//0004/L1_object_data_4840_processed.root
hadd Source file 197: /eos/cms/store/group/phys_heavyions/jvelazqu/energycorr/condor_R4_axisWTA_cen//0004/L1_object_data_4236_processed.root
hadd Source file 209: /eos/cms/store/group/phys_heavyions/jvelazqu/energycorr/condor_R4_axisWTA_cen//0003/L1_object_data_3038_processed.root
hadd Source file 194: /eos/cms/store/group/phys_heavyions/jvelazqu/energycorr/condor_R4_axisWTA_cen//0000/L1_object_data_234_processed.root
hadd Source file 186: /eos/cms/store/group/phys_heavyions/jvelazqu/energycorr/condor_R4_axisWTA_cen//0003/L1_object_data_3620_processed.root
hadd Source file 204: /eos/cms/store/group/phys_heavyions/jvelazqu/energycorr/condor_R4_axisWTA_cen//0001/L1_object_data_1005_processed.root
hadd Source file 197: /eos/cms/store/group/phys_heavyions/jvelazqu/energycorr/condor_R4_axisWTA_cen//0004/L1_object_data_4841_processed.root
hadd Source file 214: /eos/cms/store/group/phys_heavyions/jvelazqu/energycorr/condor_R4_axisWTA_cen//0001/L1_object_data_1622_processed.root
hadd Source file 198: /eos/cms/store/group/phys_heavyions/jvelazqu/energycorr/condor_R4_axisWTA_cen//0004/L1_object_data_4237_processed.root
hadd Source file 210: /eos/cms/store/group/phys_heavyions/jvelazqu/energycorr/condor_R4_axisWTA_cen//0003/L1_object_data_3039_processed.root
hadd Source file 91: /eos/cms/store/group/phys_heavyions/jvelazqu/energycorr/condor_R4_axisWTA_cen//0005/L1_object_data_5340_processed.root
hadd Source file 187: /eos/cms/store/group/phys_heavyions/jvelazqu/energycorr/condor_R4_axisWTA_cen//0003/L1_object_data_3621_processed.root
hadd Source file 205: /eos/cms/store/group/phys_heavyions/jvelazqu/energycorr/condor_R4_axisWTA_cen//0001/L1_object_data_1006_processed.root
hadd Source file 219: /eos/cms/store/group/phys_heavyions/jvelazqu/energycorr/condor_R4_axisWTA_cen//0002/L1_object_data_2443_processed.root
hadd Source file 198: /eos/cms/store/group/phys_heavyions/jvelazqu/energycorr/condor_R4_axisWTA_cen//0004/L1_object_data_4842_processed.root
hadd Source file 195: /eos/cms/store/group/phys_heavyions/jvelazqu/energycorr/condor_R4_axisWTA_cen//0000/L1_object_data_235_processed.root
hadd Source file 215: /eos/cms/store/group/phys_heavyions/jvelazqu/energycorr/condor_R4_axisWTA_cen//0001/L1_object_data_1623_processed.root
hadd Source file 199: /eos/cms/store/group/phys_heavyions/jvelazqu/energycorr/condor_R4_axisWTA_cen//0006/L1_object_data_642_processed.root
hadd Source file 199: /eos/cms/store/group/phys_heavyions/jvelazqu/energycorr/condor_R4_axisWTA_cen//0004/L1_object_data_4238_processed.root
hadd Source file 92: /eos/cms/store/group/phys_heavyions/jvelazqu/energycorr/condor_R4_axisWTA_cen//0005/L1_object_data_5341_processed.root
hadd Source file 188: /eos/cms/store/group/phys_heavyions/jvelazqu/energycorr/condor_R4_axisWTA_cen//0003/L1_object_data_3622_processed.root
hadd Source file 196: /eos/cms/store/group/phys_heavyions/jvelazqu/energycorr/condor_R4_axisWTA_cen//0000/L1_object_data_236_processed.root
hadd Source file 220: /eos/cms/store/group/phys_heavyions/jvelazqu/energycorr/condor_R4_axisWTA_cen//0002/L1_object_data_2444_processed.root
hadd Source file 216: /eos/cms/store/group/phys_heavyions/jvelazqu/energycorr/condor_R4_axisWTA_cen//0001/L1_object_data_1624_processed.root
hadd Source file 200: /eos/cms/store/group/phys_heavyions/jvelazqu/energycorr/condor_R4_axisWTA_cen//0006/L1_object_data_645_processed.root
hadd Source file 200: /eos/cms/store/group/phys_heavyions/jvelazqu/energycorr/condor_R4_axisWTA_cen//0004/L1_object_data_4239_processed.root
hadd Source file 206: /eos/cms/store/group/phys_heavyions/jvelazqu/energycorr/condor_R4_axisWTA_cen//0001/L1_object_data_1007_processed.root
hadd Source file 217: /eos/cms/store/group/phys_heavyions/jvelazqu/energycorr/condor_R4_axisWTA_cen//0001/L1_object_data_1625_processed.root
hadd Source file 221: /eos/cms/store/group/phys_heavyions/jvelazqu/energycorr/condor_R4_axisWTA_cen//0002/L1_object_data_2445_processed.root
hadd Source file 201: /eos/cms/store/group/phys_heavyions/jvelazqu/energycorr/condor_R4_axisWTA_cen//0006/L1_object_data_646_processed.root
hadd Source file 199: /eos/cms/store/group/phys_heavyions/jvelazqu/energycorr/condor_R4_axisWTA_cen//0004/L1_object_data_4843_processed.root
hadd Source file 93: /eos/cms/store/group/phys_heavyions/jvelazqu/energycorr/condor_R4_axisWTA_cen//0005/L1_object_data_5342_processed.root
hadd Source file 207: /eos/cms/store/group/phys_heavyions/jvelazqu/energycorr/condor_R4_axisWTA_cen//0001/L1_object_data_1008_processed.root
hadd Source file 222: /eos/cms/store/group/phys_heavyions/jvelazqu/energycorr/condor_R4_axisWTA_cen//0002/L1_object_data_2446_processed.root
hadd Source file 200: /eos/cms/store/group/phys_heavyions/jvelazqu/energycorr/condor_R4_axisWTA_cen//0004/L1_object_data_4844_processed.root
hadd Source file 218: /eos/cms/store/group/phys_heavyions/jvelazqu/energycorr/condor_R4_axisWTA_cen//0001/L1_object_data_1626_processed.root
hadd Source file 94: /eos/cms/store/group/phys_heavyions/jvelazqu/energycorr/condor_R4_axisWTA_cen//0005/L1_object_data_5343_processed.root
hadd Source file 208: /eos/cms/store/group/phys_heavyions/jvelazqu/energycorr/condor_R4_axisWTA_cen//0001/L1_object_data_1009_processed.root
hadd Source file 201: /eos/cms/store/group/phys_heavyions/jvelazqu/energycorr/condor_R4_axisWTA_cen//0004/L1_object_data_4845_processed.root
hadd Source file 223: /eos/cms/store/group/phys_heavyions/jvelazqu/energycorr/condor_R4_axisWTA_cen//0002/L1_object_data_2447_processed.root
hadd Source file 219: /eos/cms/store/group/phys_heavyions/jvelazqu/energycorr/condor_R4_axisWTA_cen//0001/L1_object_data_1627_processed.root
hadd Source file 201: /eos/cms/store/group/phys_heavyions/jvelazqu/energycorr/condor_R4_axisWTA_cen//0004/L1_object_data_4240_processed.root
hadd Source file 209: /eos/cms/store/group/phys_heavyions/jvelazqu/energycorr/condor_R4_axisWTA_cen//0001/L1_object_data_1010_processed.root
hadd Source file 197: /eos/cms/store/group/phys_heavyions/jvelazqu/energycorr/condor_R4_axisWTA_cen//0000/L1_object_data_237_processed.root
hadd Source file 189: /eos/cms/store/group/phys_heavyions/jvelazqu/energycorr/condor_R4_axisWTA_cen//0003/L1_object_data_3623_processed.root
hadd Source file 95: /eos/cms/store/group/phys_heavyions/jvelazqu/energycorr/condor_R4_axisWTA_cen//0005/L1_object_data_5344_processed.root
hadd Source file 220: /eos/cms/store/group/phys_heavyions/jvelazqu/energycorr/condor_R4_axisWTA_cen//0001/L1_object_data_1628_processed.root
hadd Source file 210: /eos/cms/store/group/phys_heavyions/jvelazqu/energycorr/condor_R4_axisWTA_cen//0001/L1_object_data_1011_processed.root
hadd Source file 211: /eos/cms/store/group/phys_heavyions/jvelazqu/energycorr/condor_R4_axisWTA_cen//0003/L1_object_data_3040_processed.root
hadd Source file 190: /eos/cms/store/group/phys_heavyions/jvelazqu/energycorr/condor_R4_axisWTA_cen//0003/L1_object_data_3624_processed.root
hadd Source file 202: /eos/cms/store/group/phys_heavyions/jvelazqu/energycorr/condor_R4_axisWTA_cen//0006/L1_object_data_647_processed.root
hadd Source file 202: /eos/cms/store/group/phys_heavyions/jvelazqu/energycorr/condor_R4_axisWTA_cen//0004/L1_object_data_4846_processed.root
hadd Source file 221: /eos/cms/store/group/phys_heavyions/jvelazqu/energycorr/condor_R4_axisWTA_cen//0001/L1_object_data_1629_processed.root
hadd Source file 202: /eos/cms/store/group/phys_heavyions/jvelazqu/energycorr/condor_R4_axisWTA_cen//0004/L1_object_data_4241_processed.root
hadd Source file 198: /eos/cms/store/group/phys_heavyions/jvelazqu/energycorr/condor_R4_axisWTA_cen//0000/L1_object_data_238_processed.root
hadd Source file 212: /eos/cms/store/group/phys_heavyions/jvelazqu/energycorr/condor_R4_axisWTA_cen//0003/L1_object_data_3041_processed.root
hadd Source file 211: /eos/cms/store/group/phys_heavyions/jvelazqu/energycorr/condor_R4_axisWTA_cen//0001/L1_object_data_1012_processed.root
hadd Source file 222: /eos/cms/store/group/phys_heavyions/jvelazqu/energycorr/condor_R4_axisWTA_cen//0001/L1_object_data_1630_processed.root
hadd Source file 203: /eos/cms/store/group/phys_heavyions/jvelazqu/energycorr/condor_R4_axisWTA_cen//0006/L1_object_data_648_processed.root
hadd Source file 203: /eos/cms/store/group/phys_heavyions/jvelazqu/energycorr/condor_R4_axisWTA_cen//0004/L1_object_data_4242_processed.root
hadd Source file 96: /eos/cms/store/group/phys_heavyions/jvelazqu/energycorr/condor_R4_axisWTA_cen//0005/L1_object_data_5345_processed.root
hadd Source file 199: /eos/cms/store/group/phys_heavyions/jvelazqu/energycorr/condor_R4_axisWTA_cen//0000/L1_object_data_239_processed.root
hadd Source file 203: /eos/cms/store/group/phys_heavyions/jvelazqu/energycorr/condor_R4_axisWTA_cen//0004/L1_object_data_4847_processed.root
hadd Source file 213: /eos/cms/store/group/phys_heavyions/jvelazqu/energycorr/condor_R4_axisWTA_cen//0003/L1_object_data_3042_processed.root
hadd Source file 191: /eos/cms/store/group/phys_heavyions/jvelazqu/energycorr/condor_R4_axisWTA_cen//0003/L1_object_data_3625_processed.root
hadd Source file 223: /eos/cms/store/group/phys_heavyions/jvelazqu/energycorr/condor_R4_axisWTA_cen//0001/L1_object_data_1631_processed.root
hadd Source file 204: /eos/cms/store/group/phys_heavyions/jvelazqu/energycorr/condor_R4_axisWTA_cen//0006/L1_object_data_649_processed.root
hadd Source file 97: /eos/cms/store/group/phys_heavyions/jvelazqu/energycorr/condor_R4_axisWTA_cen//0005/L1_object_data_5346_processed.root
hadd Source file 204: /eos/cms/store/group/phys_heavyions/jvelazqu/energycorr/condor_R4_axisWTA_cen//0004/L1_object_data_4243_processed.root
hadd Source file 224: /eos/cms/store/group/phys_heavyions/jvelazqu/energycorr/condor_R4_axisWTA_cen//0002/L1_object_data_2448_processed.root
hadd Source file 224: /eos/cms/store/group/phys_heavyions/jvelazqu/energycorr/condor_R4_axisWTA_cen//0001/L1_object_data_1632_processed.root
hadd Source file 214: /eos/cms/store/group/phys_heavyions/jvelazqu/energycorr/condor_R4_axisWTA_cen//0003/L1_object_data_3043_processed.root
hadd Source file 212: /eos/cms/store/group/phys_heavyions/jvelazqu/energycorr/condor_R4_axisWTA_cen//0001/L1_object_data_1013_processed.root
hadd Source file 98: /eos/cms/store/group/phys_heavyions/jvelazqu/energycorr/condor_R4_axisWTA_cen//0005/L1_object_data_5347_processed.root
hadd Source file 205: /eos/cms/store/group/phys_heavyions/jvelazqu/energycorr/condor_R4_axisWTA_cen//0004/L1_object_data_4244_processed.root
hadd Source file 205: /eos/cms/store/group/phys_heavyions/jvelazqu/energycorr/condor_R4_axisWTA_cen//0006/L1_object_data_650_processed.root
hadd Source file 225: /eos/cms/store/group/phys_heavyions/jvelazqu/energycorr/condor_R4_axisWTA_cen//0002/L1_object_data_2449_processed.root
hadd Source file 215: /eos/cms/store/group/phys_heavyions/jvelazqu/energycorr/condor_R4_axisWTA_cen//0003/L1_object_data_3044_processed.root
hadd Source file 213: /eos/cms/store/group/phys_heavyions/jvelazqu/energycorr/condor_R4_axisWTA_cen//0001/L1_object_data_1014_processed.root
hadd Source file 225: /eos/cms/store/group/phys_heavyions/jvelazqu/energycorr/condor_R4_axisWTA_cen//0001/L1_object_data_1633_processed.root
hadd Source file 206: /eos/cms/store/group/phys_heavyions/jvelazqu/energycorr/condor_R4_axisWTA_cen//0004/L1_object_data_4245_processed.root
hadd Source file 206: /eos/cms/store/group/phys_heavyions/jvelazqu/energycorr/condor_R4_axisWTA_cen//0006/L1_object_data_651_processed.root
hadd Source file 216: /eos/cms/store/group/phys_heavyions/jvelazqu/energycorr/condor_R4_axisWTA_cen//0003/L1_object_data_3045_processed.root
hadd Source file 226: /eos/cms/store/group/phys_heavyions/jvelazqu/energycorr/condor_R4_axisWTA_cen//0001/L1_object_data_1634_processed.root
hadd Source file 214: /eos/cms/store/group/phys_heavyions/jvelazqu/energycorr/condor_R4_axisWTA_cen//0001/L1_object_data_1015_processed.root
hadd Source file 200: /eos/cms/store/group/phys_heavyions/jvelazqu/energycorr/condor_R4_axisWTA_cen//0000/L1_object_data_240_processed.root
hadd Source file 204: /eos/cms/store/group/phys_heavyions/jvelazqu/energycorr/condor_R4_axisWTA_cen//0004/L1_object_data_4848_processed.root
hadd Source file 226: /eos/cms/store/group/phys_heavyions/jvelazqu/energycorr/condor_R4_axisWTA_cen//0002/L1_object_data_2450_processed.root
hadd Source file 192: /eos/cms/store/group/phys_heavyions/jvelazqu/energycorr/condor_R4_axisWTA_cen//0003/L1_object_data_3626_processed.root
hadd Source file 217: /eos/cms/store/group/phys_heavyions/jvelazqu/energycorr/condor_R4_axisWTA_cen//0003/L1_object_data_3046_processed.root
hadd Source file 207: /eos/cms/store/group/phys_heavyions/jvelazqu/energycorr/condor_R4_axisWTA_cen//0006/L1_object_data_652_processed.root
hadd Source file 227: /eos/cms/store/group/phys_heavyions/jvelazqu/energycorr/condor_R4_axisWTA_cen//0001/L1_object_data_1635_processed.root
hadd Source file 215: /eos/cms/store/group/phys_heavyions/jvelazqu/energycorr/condor_R4_axisWTA_cen//0001/L1_object_data_1016_processed.root
hadd Source file 201: /eos/cms/store/group/phys_heavyions/jvelazqu/energycorr/condor_R4_axisWTA_cen//0000/L1_object_data_241_processed.root
hadd Source file 205: /eos/cms/store/group/phys_heavyions/jvelazqu/energycorr/condor_R4_axisWTA_cen//0004/L1_object_data_4849_processed.root
hadd Source file 193: /eos/cms/store/group/phys_heavyions/jvelazqu/energycorr/condor_R4_axisWTA_cen//0003/L1_object_data_3627_processed.root
hadd Source file 228: /eos/cms/store/group/phys_heavyions/jvelazqu/energycorr/condor_R4_axisWTA_cen//0001/L1_object_data_1636_processed.root
hadd Source file 216: /eos/cms/store/group/phys_heavyions/jvelazqu/energycorr/condor_R4_axisWTA_cen//0001/L1_object_data_1017_processed.root
hadd Source file 202: /eos/cms/store/group/phys_heavyions/jvelazqu/energycorr/condor_R4_axisWTA_cen//0000/L1_object_data_242_processed.root
hadd Source file 99: /eos/cms/store/group/phys_heavyions/jvelazqu/energycorr/condor_R4_axisWTA_cen//0005/L1_object_data_5348_processed.root
hadd Source file 227: /eos/cms/store/group/phys_heavyions/jvelazqu/energycorr/condor_R4_axisWTA_cen//0002/L1_object_data_2451_processed.root
hadd Source file 206: /eos/cms/store/group/phys_heavyions/jvelazqu/energycorr/condor_R4_axisWTA_cen//0004/L1_object_data_4850_processed.root
hadd Source file 194: /eos/cms/store/group/phys_heavyions/jvelazqu/energycorr/condor_R4_axisWTA_cen//0003/L1_object_data_3628_processed.root
hadd Source file 208: /eos/cms/store/group/phys_heavyions/jvelazqu/energycorr/condor_R4_axisWTA_cen//0006/L1_object_data_653_processed.root
hadd Source file 229: /eos/cms/store/group/phys_heavyions/jvelazqu/energycorr/condor_R4_axisWTA_cen//0001/L1_object_data_1637_processed.root
hadd Source file 217: /eos/cms/store/group/phys_heavyions/jvelazqu/energycorr/condor_R4_axisWTA_cen//0001/L1_object_data_1018_processed.root
hadd Source file 203: /eos/cms/store/group/phys_heavyions/jvelazqu/energycorr/condor_R4_axisWTA_cen//0000/L1_object_data_243_processed.root
hadd Source file 228: /eos/cms/store/group/phys_heavyions/jvelazqu/energycorr/condor_R4_axisWTA_cen//0002/L1_object_data_2452_processed.root
hadd Source file 195: /eos/cms/store/group/phys_heavyions/jvelazqu/energycorr/condor_R4_axisWTA_cen//0003/L1_object_data_3629_processed.root
hadd Source file 100: /eos/cms/store/group/phys_heavyions/jvelazqu/energycorr/condor_R4_axisWTA_cen//0005/L1_object_data_5349_processed.root
hadd Source file 207: /eos/cms/store/group/phys_heavyions/jvelazqu/energycorr/condor_R4_axisWTA_cen//0004/L1_object_data_4851_processed.root
hadd Source file 209: /eos/cms/store/group/phys_heavyions/jvelazqu/energycorr/condor_R4_axisWTA_cen//0006/L1_object_data_654_processed.root
hadd Source file 207: /eos/cms/store/group/phys_heavyions/jvelazqu/energycorr/condor_R4_axisWTA_cen//0004/L1_object_data_4246_processed.root
hadd Source file 230: /eos/cms/store/group/phys_heavyions/jvelazqu/energycorr/condor_R4_axisWTA_cen//0001/L1_object_data_1638_processed.root
hadd Source file 196: /eos/cms/store/group/phys_heavyions/jvelazqu/energycorr/condor_R4_axisWTA_cen//0003/L1_object_data_3630_processed.root
hadd Source file 208: /eos/cms/store/group/phys_heavyions/jvelazqu/energycorr/condor_R4_axisWTA_cen//0004/L1_object_data_4852_processed.root
hadd Source file 204: /eos/cms/store/group/phys_heavyions/jvelazqu/energycorr/condor_R4_axisWTA_cen//0000/L1_object_data_244_processed.root
hadd Source file 210: /eos/cms/store/group/phys_heavyions/jvelazqu/energycorr/condor_R4_axisWTA_cen//0006/L1_object_data_655_processed.root
hadd Source file 231: /eos/cms/store/group/phys_heavyions/jvelazqu/energycorr/condor_R4_axisWTA_cen//0001/L1_object_data_1639_processed.root
hadd Source file 218: /eos/cms/store/group/phys_heavyions/jvelazqu/energycorr/condor_R4_axisWTA_cen//0003/L1_object_data_3047_processed.root
hadd Source file 208: /eos/cms/store/group/phys_heavyions/jvelazqu/energycorr/condor_R4_axisWTA_cen//0004/L1_object_data_4247_processed.root
hadd Source file 229: /eos/cms/store/group/phys_heavyions/jvelazqu/energycorr/condor_R4_axisWTA_cen//0002/L1_object_data_2453_processed.root
hadd Source file 209: /eos/cms/store/group/phys_heavyions/jvelazqu/energycorr/condor_R4_axisWTA_cen//0004/L1_object_data_4853_processed.root
hadd Source file 205: /eos/cms/store/group/phys_heavyions/jvelazqu/energycorr/condor_R4_axisWTA_cen//0000/L1_object_data_245_processed.root
hadd Source file 211: /eos/cms/store/group/phys_heavyions/jvelazqu/energycorr/condor_R4_axisWTA_cen//0006/L1_object_data_656_processed.root
hadd Source file 230: /eos/cms/store/group/phys_heavyions/jvelazqu/energycorr/condor_R4_axisWTA_cen//0002/L1_object_data_2454_processed.root
hadd Source file 232: /eos/cms/store/group/phys_heavyions/jvelazqu/energycorr/condor_R4_axisWTA_cen//0001/L1_object_data_1640_processed.root
hadd Source file 219: /eos/cms/store/group/phys_heavyions/jvelazqu/energycorr/condor_R4_axisWTA_cen//0003/L1_object_data_3048_processed.root
hadd Source file 209: /eos/cms/store/group/phys_heavyions/jvelazqu/energycorr/condor_R4_axisWTA_cen//0004/L1_object_data_4248_processed.root
hadd Source file 101: /eos/cms/store/group/phys_heavyions/jvelazqu/energycorr/condor_R4_axisWTA_cen//0005/L1_object_data_5350_processed.root
hadd Source file 206: /eos/cms/store/group/phys_heavyions/jvelazqu/energycorr/condor_R4_axisWTA_cen//0000/L1_object_data_246_processed.root
hadd Source file 210: /eos/cms/store/group/phys_heavyions/jvelazqu/energycorr/condor_R4_axisWTA_cen//0004/L1_object_data_4854_processed.root
hadd Source file 233: /eos/cms/store/group/phys_heavyions/jvelazqu/energycorr/condor_R4_axisWTA_cen//0001/L1_object_data_1641_processed.root
hadd Source file 231: /eos/cms/store/group/phys_heavyions/jvelazqu/energycorr/condor_R4_axisWTA_cen//0002/L1_object_data_2455_processed.root
hadd Source file 218: /eos/cms/store/group/phys_heavyions/jvelazqu/energycorr/condor_R4_axisWTA_cen//0001/L1_object_data_1019_processed.root
hadd Source file 102: /eos/cms/store/group/phys_heavyions/jvelazqu/energycorr/condor_R4_axisWTA_cen//0005/L1_object_data_5351_processed.root
hadd Source file 207: /eos/cms/store/group/phys_heavyions/jvelazqu/energycorr/condor_R4_axisWTA_cen//0000/L1_object_data_247_processed.root
hadd Source file 211: /eos/cms/store/group/phys_heavyions/jvelazqu/energycorr/condor_R4_axisWTA_cen//0004/L1_object_data_4855_processed.root
hadd Source file 212: /eos/cms/store/group/phys_heavyions/jvelazqu/energycorr/condor_R4_axisWTA_cen//0006/L1_object_data_657_processed.root
hadd Source file 220: /eos/cms/store/group/phys_heavyions/jvelazqu/energycorr/condor_R4_axisWTA_cen//0003/L1_object_data_3049_processed.root
hadd Source file 234: /eos/cms/store/group/phys_heavyions/jvelazqu/energycorr/condor_R4_axisWTA_cen//0001/L1_object_data_1642_processed.root
hadd Source file 232: /eos/cms/store/group/phys_heavyions/jvelazqu/energycorr/condor_R4_axisWTA_cen//0002/L1_object_data_2456_processed.root
hadd Source file 210: /eos/cms/store/group/phys_heavyions/jvelazqu/energycorr/condor_R4_axisWTA_cen//0004/L1_object_data_4249_processed.root
hadd Source file 219: /eos/cms/store/group/phys_heavyions/jvelazqu/energycorr/condor_R4_axisWTA_cen//0001/L1_object_data_1020_processed.root
hadd Source file 197: /eos/cms/store/group/phys_heavyions/jvelazqu/energycorr/condor_R4_axisWTA_cen//0003/L1_object_data_3631_processed.root
hadd Source file 103: /eos/cms/store/group/phys_heavyions/jvelazqu/energycorr/condor_R4_axisWTA_cen//0005/L1_object_data_5352_processed.root
hadd Source file 208: /eos/cms/store/group/phys_heavyions/jvelazqu/energycorr/condor_R4_axisWTA_cen//0000/L1_object_data_248_processed.root
hadd Source file 235: /eos/cms/store/group/phys_heavyions/jvelazqu/energycorr/condor_R4_axisWTA_cen//0001/L1_object_data_1643_processed.root
hadd Source file 221: /eos/cms/store/group/phys_heavyions/jvelazqu/energycorr/condor_R4_axisWTA_cen//0003/L1_object_data_3050_processed.root
hadd Source file 211: /eos/cms/store/group/phys_heavyions/jvelazqu/energycorr/condor_R4_axisWTA_cen//0004/L1_object_data_4250_processed.root
hadd Source file 198: /eos/cms/store/group/phys_heavyions/jvelazqu/energycorr/condor_R4_axisWTA_cen//0003/L1_object_data_3632_processed.root
hadd Source file 104: /eos/cms/store/group/phys_heavyions/jvelazqu/energycorr/condor_R4_axisWTA_cen//0005/L1_object_data_5353_processed.root
hadd Source file 209: /eos/cms/store/group/phys_heavyions/jvelazqu/energycorr/condor_R4_axisWTA_cen//0000/L1_object_data_249_processed.root
hadd Source file 212: /eos/cms/store/group/phys_heavyions/jvelazqu/energycorr/condor_R4_axisWTA_cen//0004/L1_object_data_4251_processed.root
hadd Source file 220: /eos/cms/store/group/phys_heavyions/jvelazqu/energycorr/condor_R4_axisWTA_cen//0001/L1_object_data_1021_processed.root
hadd Source file 236: /eos/cms/store/group/phys_heavyions/jvelazqu/energycorr/condor_R4_axisWTA_cen//0001/L1_object_data_1644_processed.root
hadd Source file 222: /eos/cms/store/group/phys_heavyions/jvelazqu/energycorr/condor_R4_axisWTA_cen//0003/L1_object_data_3051_processed.root
hadd Source file 105: /eos/cms/store/group/phys_heavyions/jvelazqu/energycorr/condor_R4_axisWTA_cen//0005/L1_object_data_5354_processed.root
hadd Source file 199: /eos/cms/store/group/phys_heavyions/jvelazqu/energycorr/condor_R4_axisWTA_cen//0003/L1_object_data_3633_processed.root
hadd Source file 213: /eos/cms/store/group/phys_heavyions/jvelazqu/energycorr/condor_R4_axisWTA_cen//0004/L1_object_data_4252_processed.root
hadd Source file 221: /eos/cms/store/group/phys_heavyions/jvelazqu/energycorr/condor_R4_axisWTA_cen//0001/L1_object_data_1022_processed.root
hadd Source file 223: /eos/cms/store/group/phys_heavyions/jvelazqu/energycorr/condor_R4_axisWTA_cen//0003/L1_object_data_3052_processed.root
hadd Source file 213: /eos/cms/store/group/phys_heavyions/jvelazqu/energycorr/condor_R4_axisWTA_cen//0006/L1_object_data_658_processed.root
hadd Source file 106: /eos/cms/store/group/phys_heavyions/jvelazqu/energycorr/condor_R4_axisWTA_cen//0005/L1_object_data_5355_processed.root
hadd Source file 200: /eos/cms/store/group/phys_heavyions/jvelazqu/energycorr/condor_R4_axisWTA_cen//0003/L1_object_data_3634_processed.root
hadd Source file 212: /eos/cms/store/group/phys_heavyions/jvelazqu/energycorr/condor_R4_axisWTA_cen//0004/L1_object_data_4856_processed.root
hadd Source file 210: /eos/cms/store/group/phys_heavyions/jvelazqu/energycorr/condor_R4_axisWTA_cen//0000/L1_object_data_250_processed.root
hadd Source file 233: /eos/cms/store/group/phys_heavyions/jvelazqu/energycorr/condor_R4_axisWTA_cen//0002/L1_object_data_2457_processed.root
hadd Source file 224: /eos/cms/store/group/phys_heavyions/jvelazqu/energycorr/condor_R4_axisWTA_cen//0003/L1_object_data_3053_processed.root
hadd Source file 214: /eos/cms/store/group/phys_heavyions/jvelazqu/energycorr/condor_R4_axisWTA_cen//0004/L1_object_data_4253_processed.root
hadd Source file 214: /eos/cms/store/group/phys_heavyions/jvelazqu/energycorr/condor_R4_axisWTA_cen//0006/L1_object_data_659_processed.root
hadd Source file 107: /eos/cms/store/group/phys_heavyions/jvelazqu/energycorr/condor_R4_axisWTA_cen//0005/L1_object_data_5356_processed.root
hadd Source file 222: /eos/cms/store/group/phys_heavyions/jvelazqu/energycorr/condor_R4_axisWTA_cen//0001/L1_object_data_1023_processed.root
hadd Source file 213: /eos/cms/store/group/phys_heavyions/jvelazqu/energycorr/condor_R4_axisWTA_cen//0004/L1_object_data_4857_processed.root
hadd Source file 211: /eos/cms/store/group/phys_heavyions/jvelazqu/energycorr/condor_R4_axisWTA_cen//0000/L1_object_data_251_processed.root
hadd Source file 201: /eos/cms/store/group/phys_heavyions/jvelazqu/energycorr/condor_R4_axisWTA_cen//0003/L1_object_data_3635_processed.root
hadd Source file 234: /eos/cms/store/group/phys_heavyions/jvelazqu/energycorr/condor_R4_axisWTA_cen//0002/L1_object_data_2458_processed.root
hadd Source file 215: /eos/cms/store/group/phys_heavyions/jvelazqu/energycorr/condor_R4_axisWTA_cen//0006/L1_object_data_660_processed.root
hadd Source file 215: /eos/cms/store/group/phys_heavyions/jvelazqu/energycorr/condor_R4_axisWTA_cen//0004/L1_object_data_4254_processed.root
hadd Source file 225: /eos/cms/store/group/phys_heavyions/jvelazqu/energycorr/condor_R4_axisWTA_cen//0003/L1_object_data_3054_processed.root
hadd Source file 223: /eos/cms/store/group/phys_heavyions/jvelazqu/energycorr/condor_R4_axisWTA_cen//0001/L1_object_data_1024_processed.root
hadd Source file 212: /eos/cms/store/group/phys_heavyions/jvelazqu/energycorr/condor_R4_axisWTA_cen//0000/L1_object_data_252_processed.root
hadd Source file 108: /eos/cms/store/group/phys_heavyions/jvelazqu/energycorr/condor_R4_axisWTA_cen//0005/L1_object_data_5357_processed.root
hadd Source file 237: /eos/cms/store/group/phys_heavyions/jvelazqu/energycorr/condor_R4_axisWTA_cen//0001/L1_object_data_1645_processed.root
hadd Source file 214: /eos/cms/store/group/phys_heavyions/jvelazqu/energycorr/condor_R4_axisWTA_cen//0004/L1_object_data_4858_processed.root
hadd Source file 216: /eos/cms/store/group/phys_heavyions/jvelazqu/energycorr/condor_R4_axisWTA_cen//0004/L1_object_data_4255_processed.root
hadd Source file 213: /eos/cms/store/group/phys_heavyions/jvelazqu/energycorr/condor_R4_axisWTA_cen//0000/L1_object_data_253_processed.root
hadd Source file 216: /eos/cms/store/group/phys_heavyions/jvelazqu/energycorr/condor_R4_axisWTA_cen//0006/L1_object_data_661_processed.root
hadd Source file 226: /eos/cms/store/group/phys_heavyions/jvelazqu/energycorr/condor_R4_axisWTA_cen//0003/L1_object_data_3055_processed.root
hadd Source file 224: /eos/cms/store/group/phys_heavyions/jvelazqu/energycorr/condor_R4_axisWTA_cen//0001/L1_object_data_1025_processed.root
hadd Source file 202: /eos/cms/store/group/phys_heavyions/jvelazqu/energycorr/condor_R4_axisWTA_cen//0003/L1_object_data_3636_processed.root
hadd Source file 217: /eos/cms/store/group/phys_heavyions/jvelazqu/energycorr/condor_R4_axisWTA_cen//0004/L1_object_data_4256_processed.root
hadd Source file 215: /eos/cms/store/group/phys_heavyions/jvelazqu/energycorr/condor_R4_axisWTA_cen//0004/L1_object_data_4859_processed.root
hadd Source file 109: /eos/cms/store/group/phys_heavyions/jvelazqu/energycorr/condor_R4_axisWTA_cen//0005/L1_object_data_5358_processed.root
hadd Source file 214: /eos/cms/store/group/phys_heavyions/jvelazqu/energycorr/condor_R4_axisWTA_cen//0000/L1_object_data_254_processed.root
hadd Source file 238: /eos/cms/store/group/phys_heavyions/jvelazqu/energycorr/condor_R4_axisWTA_cen//0001/L1_object_data_1646_processed.root
hadd Source file 227: /eos/cms/store/group/phys_heavyions/jvelazqu/energycorr/condor_R4_axisWTA_cen//0003/L1_object_data_3056_processed.root
hadd Source file 203: /eos/cms/store/group/phys_heavyions/jvelazqu/energycorr/condor_R4_axisWTA_cen//0003/L1_object_data_3637_processed.root
hadd Source file 215: /eos/cms/store/group/phys_heavyions/jvelazqu/energycorr/condor_R4_axisWTA_cen//0000/L1_object_data_255_processed.root
hadd Source file 239: /eos/cms/store/group/phys_heavyions/jvelazqu/energycorr/condor_R4_axisWTA_cen//0001/L1_object_data_1647_processed.root
hadd Source file 216: /eos/cms/store/group/phys_heavyions/jvelazqu/energycorr/condor_R4_axisWTA_cen//0004/L1_object_data_4860_processed.root
hadd Source file 218: /eos/cms/store/group/phys_heavyions/jvelazqu/energycorr/condor_R4_axisWTA_cen//0004/L1_object_data_4257_processed.root
hadd Source file 217: /eos/cms/store/group/phys_heavyions/jvelazqu/energycorr/condor_R4_axisWTA_cen//0006/L1_object_data_662_processed.root
hadd Source file 228: /eos/cms/store/group/phys_heavyions/jvelazqu/energycorr/condor_R4_axisWTA_cen//0003/L1_object_data_3057_processed.root
hadd Source file 235: /eos/cms/store/group/phys_heavyions/jvelazqu/energycorr/condor_R4_axisWTA_cen//0002/L1_object_data_2459_processed.root
hadd Source file 219: /eos/cms/store/group/phys_heavyions/jvelazqu/energycorr/condor_R4_axisWTA_cen//0004/L1_object_data_4258_processed.root
hadd Source file 218: /eos/cms/store/group/phys_heavyions/jvelazqu/energycorr/condor_R4_axisWTA_cen//0006/L1_object_data_663_processed.root
hadd Source file 217: /eos/cms/store/group/phys_heavyions/jvelazqu/energycorr/condor_R4_axisWTA_cen//0004/L1_object_data_4861_processed.root
hadd Source file 216: /eos/cms/store/group/phys_heavyions/jvelazqu/energycorr/condor_R4_axisWTA_cen//0000/L1_object_data_256_processed.root
hadd Source file 204: /eos/cms/store/group/phys_heavyions/jvelazqu/energycorr/condor_R4_axisWTA_cen//0003/L1_object_data_3638_processed.root
hadd Source file 229: /eos/cms/store/group/phys_heavyions/jvelazqu/energycorr/condor_R4_axisWTA_cen//0003/L1_object_data_3058_processed.root
hadd Source file 219: /eos/cms/store/group/phys_heavyions/jvelazqu/energycorr/condor_R4_axisWTA_cen//0006/L1_object_data_664_processed.root
hadd Source file 220: /eos/cms/store/group/phys_heavyions/jvelazqu/energycorr/condor_R4_axisWTA_cen//0004/L1_object_data_4259_processed.root
hadd Source file 225: /eos/cms/store/group/phys_heavyions/jvelazqu/energycorr/condor_R4_axisWTA_cen//0001/L1_object_data_1026_processed.root
hadd Source file 236: /eos/cms/store/group/phys_heavyions/jvelazqu/energycorr/condor_R4_axisWTA_cen//0002/L1_object_data_2460_processed.root
hadd Source file 230: /eos/cms/store/group/phys_heavyions/jvelazqu/energycorr/condor_R4_axisWTA_cen//0003/L1_object_data_3059_processed.root
hadd Source file 217: /eos/cms/store/group/phys_heavyions/jvelazqu/energycorr/condor_R4_axisWTA_cen//0000/L1_object_data_257_processed.root
hadd Source file 205: /eos/cms/store/group/phys_heavyions/jvelazqu/energycorr/condor_R4_axisWTA_cen//0003/L1_object_data_3639_processed.root
hadd Source file 220: /eos/cms/store/group/phys_heavyions/jvelazqu/energycorr/condor_R4_axisWTA_cen//0006/L1_object_data_665_processed.root
hadd Source file 110: /eos/cms/store/group/phys_heavyions/jvelazqu/energycorr/condor_R4_axisWTA_cen//0005/L1_object_data_5359_processed.root
hadd Source file 237: /eos/cms/store/group/phys_heavyions/jvelazqu/energycorr/condor_R4_axisWTA_cen//0002/L1_object_data_2461_processed.root
hadd Source file 226: /eos/cms/store/group/phys_heavyions/jvelazqu/energycorr/condor_R4_axisWTA_cen//0001/L1_object_data_1027_processed.root
hadd Source file 218: /eos/cms/store/group/phys_heavyions/jvelazqu/energycorr/condor_R4_axisWTA_cen//0000/L1_object_data_258_processed.root
hadd Source file 221: /eos/cms/store/group/phys_heavyions/jvelazqu/energycorr/condor_R4_axisWTA_cen//0006/L1_object_data_666_processed.root
hadd Source file 206: /eos/cms/store/group/phys_heavyions/jvelazqu/energycorr/condor_R4_axisWTA_cen//0003/L1_object_data_3640_processed.root
hadd Source file 231: /eos/cms/store/group/phys_heavyions/jvelazqu/energycorr/condor_R4_axisWTA_cen//0003/L1_object_data_3060_processed.root
hadd Source file 111: /eos/cms/store/group/phys_heavyions/jvelazqu/energycorr/condor_R4_axisWTA_cen//0005/L1_object_data_5360_processed.root
hadd Source file 240: /eos/cms/store/group/phys_heavyions/jvelazqu/energycorr/condor_R4_axisWTA_cen//0001/L1_object_data_1648_processed.root
hadd Source file 219: /eos/cms/store/group/phys_heavyions/jvelazqu/energycorr/condor_R4_axisWTA_cen//0000/L1_object_data_260_processed.root
hadd Source file 227: /eos/cms/store/group/phys_heavyions/jvelazqu/energycorr/condor_R4_axisWTA_cen//0001/L1_object_data_1028_processed.root
hadd Source file 238: /eos/cms/store/group/phys_heavyions/jvelazqu/energycorr/condor_R4_axisWTA_cen//0002/L1_object_data_2462_processed.root
hadd Source file 207: /eos/cms/store/group/phys_heavyions/jvelazqu/energycorr/condor_R4_axisWTA_cen//0003/L1_object_data_3641_processed.root
hadd Source file 112: /eos/cms/store/group/phys_heavyions/jvelazqu/energycorr/condor_R4_axisWTA_cen//0005/L1_object_data_5361_processed.root
hadd Source file 222: /eos/cms/store/group/phys_heavyions/jvelazqu/energycorr/condor_R4_axisWTA_cen//0006/L1_object_data_667_processed.root
hadd Source file 241: /eos/cms/store/group/phys_heavyions/jvelazqu/energycorr/condor_R4_axisWTA_cen//0001/L1_object_data_1649_processed.root
hadd Source file 220: /eos/cms/store/group/phys_heavyions/jvelazqu/energycorr/condor_R4_axisWTA_cen//0000/L1_object_data_261_processed.root
hadd Source file 228: /eos/cms/store/group/phys_heavyions/jvelazqu/energycorr/condor_R4_axisWTA_cen//0001/L1_object_data_1029_processed.root
hadd Source file 208: /eos/cms/store/group/phys_heavyions/jvelazqu/energycorr/condor_R4_axisWTA_cen//0003/L1_object_data_3642_processed.root
hadd Source file 113: /eos/cms/store/group/phys_heavyions/jvelazqu/energycorr/condor_R4_axisWTA_cen//0005/L1_object_data_5362_processed.root
hadd Source file 223: /eos/cms/store/group/phys_heavyions/jvelazqu/energycorr/condor_R4_axisWTA_cen//0006/L1_object_data_668_processed.root
hadd Source file 218: /eos/cms/store/group/phys_heavyions/jvelazqu/energycorr/condor_R4_axisWTA_cen//0004/L1_object_data_4862_processed.root
hadd Source file 229: /eos/cms/store/group/phys_heavyions/jvelazqu/energycorr/condor_R4_axisWTA_cen//0001/L1_object_data_1030_processed.root
hadd Source file 221: /eos/cms/store/group/phys_heavyions/jvelazqu/energycorr/condor_R4_axisWTA_cen//0000/L1_object_data_262_processed.root
hadd Source file 242: /eos/cms/store/group/phys_heavyions/jvelazqu/energycorr/condor_R4_axisWTA_cen//0001/L1_object_data_1650_processed.root
hadd Source file 209: /eos/cms/store/group/phys_heavyions/jvelazqu/energycorr/condor_R4_axisWTA_cen//0003/L1_object_data_3643_processed.root
hadd Source file 114: /eos/cms/store/group/phys_heavyions/jvelazqu/energycorr/condor_R4_axisWTA_cen//0005/L1_object_data_5363_processed.root
hadd Source file 219: /eos/cms/store/group/phys_heavyions/jvelazqu/energycorr/condor_R4_axisWTA_cen//0004/L1_object_data_4863_processed.root
hadd Source file 221: /eos/cms/store/group/phys_heavyions/jvelazqu/energycorr/condor_R4_axisWTA_cen//0004/L1_object_data_4260_processed.root
hadd Source file 224: /eos/cms/store/group/phys_heavyions/jvelazqu/energycorr/condor_R4_axisWTA_cen//0006/L1_object_data_669_processed.root
hadd Source file 232: /eos/cms/store/group/phys_heavyions/jvelazqu/energycorr/condor_R4_axisWTA_cen//0003/L1_object_data_3061_processed.root
hadd Source file 222: /eos/cms/store/group/phys_heavyions/jvelazqu/energycorr/condor_R4_axisWTA_cen//0000/L1_object_data_263_processed.root
hadd Source file 230: /eos/cms/store/group/phys_heavyions/jvelazqu/energycorr/condor_R4_axisWTA_cen//0001/L1_object_data_1031_processed.root
hadd Source file 210: /eos/cms/store/group/phys_heavyions/jvelazqu/energycorr/condor_R4_axisWTA_cen//0003/L1_object_data_3644_processed.root
hadd Source file 115: /eos/cms/store/group/phys_heavyions/jvelazqu/energycorr/condor_R4_axisWTA_cen//0005/L1_object_data_5364_processed.root
hadd Source file 222: /eos/cms/store/group/phys_heavyions/jvelazqu/energycorr/condor_R4_axisWTA_cen//0004/L1_object_data_4261_processed.root
hadd Source file 243: /eos/cms/store/group/phys_heavyions/jvelazqu/energycorr/condor_R4_axisWTA_cen//0001/L1_object_data_1651_processed.root
hadd Source file 223: /eos/cms/store/group/phys_heavyions/jvelazqu/energycorr/condor_R4_axisWTA_cen//0000/L1_object_data_264_processed.root
hadd Source file 225: /eos/cms/store/group/phys_heavyions/jvelazqu/energycorr/condor_R4_axisWTA_cen//0006/L1_object_data_670_processed.root
hadd Source file 239: /eos/cms/store/group/phys_heavyions/jvelazqu/energycorr/condor_R4_axisWTA_cen//0002/L1_object_data_2463_processed.root
hadd Source file 116: /eos/cms/store/group/phys_heavyions/jvelazqu/energycorr/condor_R4_axisWTA_cen//0005/L1_object_data_5365_processed.root
hadd Source file 231: /eos/cms/store/group/phys_heavyions/jvelazqu/energycorr/condor_R4_axisWTA_cen//0001/L1_object_data_1032_processed.root
hadd Source file 224: /eos/cms/store/group/phys_heavyions/jvelazqu/energycorr/condor_R4_axisWTA_cen//0000/L1_object_data_265_processed.root
hadd Source file 223: /eos/cms/store/group/phys_heavyions/jvelazqu/energycorr/condor_R4_axisWTA_cen//0004/L1_object_data_4262_processed.root
hadd Source file 244: /eos/cms/store/group/phys_heavyions/jvelazqu/energycorr/condor_R4_axisWTA_cen//0001/L1_object_data_1652_processed.root
hadd Source file 211: /eos/cms/store/group/phys_heavyions/jvelazqu/energycorr/condor_R4_axisWTA_cen//0003/L1_object_data_3645_processed.root
hadd Source file 233: /eos/cms/store/group/phys_heavyions/jvelazqu/energycorr/condor_R4_axisWTA_cen//0003/L1_object_data_3062_processed.root
hadd Source file 240: /eos/cms/store/group/phys_heavyions/jvelazqu/energycorr/condor_R4_axisWTA_cen//0002/L1_object_data_2464_processed.root
hadd Source file 117: /eos/cms/store/group/phys_heavyions/jvelazqu/energycorr/condor_R4_axisWTA_cen//0005/L1_object_data_5366_processed.root
hadd Source file 225: /eos/cms/store/group/phys_heavyions/jvelazqu/energycorr/condor_R4_axisWTA_cen//0000/L1_object_data_266_processed.root
hadd Source file 245: /eos/cms/store/group/phys_heavyions/jvelazqu/energycorr/condor_R4_axisWTA_cen//0001/L1_object_data_1653_processed.root
hadd Source file 226: /eos/cms/store/group/phys_heavyions/jvelazqu/energycorr/condor_R4_axisWTA_cen//0006/L1_object_data_671_processed.root
hadd Source file 234: /eos/cms/store/group/phys_heavyions/jvelazqu/energycorr/condor_R4_axisWTA_cen//0003/L1_object_data_3063_processed.root
hadd Source file 241: /eos/cms/store/group/phys_heavyions/jvelazqu/energycorr/condor_R4_axisWTA_cen//0002/L1_object_data_2465_processed.root
hadd Source file 220: /eos/cms/store/group/phys_heavyions/jvelazqu/energycorr/condor_R4_axisWTA_cen//0004/L1_object_data_4864_processed.root
hadd Source file 118: /eos/cms/store/group/phys_heavyions/jvelazqu/energycorr/condor_R4_axisWTA_cen//0005/L1_object_data_5367_processed.root
hadd Source file 246: /eos/cms/store/group/phys_heavyions/jvelazqu/energycorr/condor_R4_axisWTA_cen//0001/L1_object_data_1654_processed.root
hadd Source file 227: /eos/cms/store/group/phys_heavyions/jvelazqu/energycorr/condor_R4_axisWTA_cen//0006/L1_object_data_672_processed.root
hadd Source file 235: /eos/cms/store/group/phys_heavyions/jvelazqu/energycorr/condor_R4_axisWTA_cen//0003/L1_object_data_3064_processed.root
hadd Source file 226: /eos/cms/store/group/phys_heavyions/jvelazqu/energycorr/condor_R4_axisWTA_cen//0000/L1_object_data_267_processed.root
hadd Source file 242: /eos/cms/store/group/phys_heavyions/jvelazqu/energycorr/condor_R4_axisWTA_cen//0002/L1_object_data_2466_processed.root
hadd Source file 247: /eos/cms/store/group/phys_heavyions/jvelazqu/energycorr/condor_R4_axisWTA_cen//0001/L1_object_data_1655_processed.root
hadd Source file 119: /eos/cms/store/group/phys_heavyions/jvelazqu/energycorr/condor_R4_axisWTA_cen//0005/L1_object_data_5368_processed.root
hadd Source file 221: /eos/cms/store/group/phys_heavyions/jvelazqu/energycorr/condor_R4_axisWTA_cen//0004/L1_object_data_4865_processed.root
hadd Source file 224: /eos/cms/store/group/phys_heavyions/jvelazqu/energycorr/condor_R4_axisWTA_cen//0004/L1_object_data_4263_processed.root
hadd Source file 228: /eos/cms/store/group/phys_heavyions/jvelazqu/energycorr/condor_R4_axisWTA_cen//0006/L1_object_data_673_processed.root
hadd Source file 236: /eos/cms/store/group/phys_heavyions/jvelazqu/energycorr/condor_R4_axisWTA_cen//0003/L1_object_data_3065_processed.root
hadd Source file 227: /eos/cms/store/group/phys_heavyions/jvelazqu/energycorr/condor_R4_axisWTA_cen//0000/L1_object_data_268_processed.root
hadd Source file 248: /eos/cms/store/group/phys_heavyions/jvelazqu/energycorr/condor_R4_axisWTA_cen//0001/L1_object_data_1656_processed.root
hadd Source file 222: /eos/cms/store/group/phys_heavyions/jvelazqu/energycorr/condor_R4_axisWTA_cen//0004/L1_object_data_4866_processed.root
hadd Source file 120: /eos/cms/store/group/phys_heavyions/jvelazqu/energycorr/condor_R4_axisWTA_cen//0005/L1_object_data_5369_processed.root
hadd Source file 237: /eos/cms/store/group/phys_heavyions/jvelazqu/energycorr/condor_R4_axisWTA_cen//0003/L1_object_data_3066_processed.root
hadd Source file 212: /eos/cms/store/group/phys_heavyions/jvelazqu/energycorr/condor_R4_axisWTA_cen//0003/L1_object_data_3646_processed.root
hadd Source file 223: /eos/cms/store/group/phys_heavyions/jvelazqu/energycorr/condor_R4_axisWTA_cen//0004/L1_object_data_4867_processed.root
hadd Source file 249: /eos/cms/store/group/phys_heavyions/jvelazqu/energycorr/condor_R4_axisWTA_cen//0001/L1_object_data_1657_processed.root
hadd Source file 225: /eos/cms/store/group/phys_heavyions/jvelazqu/energycorr/condor_R4_axisWTA_cen//0004/L1_object_data_4264_processed.root
hadd Source file 121: /eos/cms/store/group/phys_heavyions/jvelazqu/energycorr/condor_R4_axisWTA_cen//0005/L1_object_data_5370_processed.root
hadd Source file 224: /eos/cms/store/group/phys_heavyions/jvelazqu/energycorr/condor_R4_axisWTA_cen//0004/L1_object_data_4868_processed.root
hadd Source file 213: /eos/cms/store/group/phys_heavyions/jvelazqu/energycorr/condor_R4_axisWTA_cen//0003/L1_object_data_3647_processed.root
hadd Source file 238: /eos/cms/store/group/phys_heavyions/jvelazqu/energycorr/condor_R4_axisWTA_cen//0003/L1_object_data_3067_processed.root
hadd Source file 250: /eos/cms/store/group/phys_heavyions/jvelazqu/energycorr/condor_R4_axisWTA_cen//0001/L1_object_data_1659_processed.root
hadd Source file 228: /eos/cms/store/group/phys_heavyions/jvelazqu/energycorr/condor_R4_axisWTA_cen//0000/L1_object_data_269_processed.root
hadd Source file 239: /eos/cms/store/group/phys_heavyions/jvelazqu/energycorr/condor_R4_axisWTA_cen//0003/L1_object_data_3068_processed.root
hadd Source file 225: /eos/cms/store/group/phys_heavyions/jvelazqu/energycorr/condor_R4_axisWTA_cen//0004/L1_object_data_4869_processed.root
hadd Source file 243: /eos/cms/store/group/phys_heavyions/jvelazqu/energycorr/condor_R4_axisWTA_cen//0002/L1_object_data_2467_processed.root
hadd Source file 214: /eos/cms/store/group/phys_heavyions/jvelazqu/energycorr/condor_R4_axisWTA_cen//0003/L1_object_data_3648_processed.root
hadd Source file 229: /eos/cms/store/group/phys_heavyions/jvelazqu/energycorr/condor_R4_axisWTA_cen//0000/L1_object_data_270_processed.root
hadd Source file 251: /eos/cms/store/group/phys_heavyions/jvelazqu/energycorr/condor_R4_axisWTA_cen//0001/L1_object_data_1660_processed.root
hadd Source file 240: /eos/cms/store/group/phys_heavyions/jvelazqu/energycorr/condor_R4_axisWTA_cen//0003/L1_object_data_3069_processed.root
hadd Source file 229: /eos/cms/store/group/phys_heavyions/jvelazqu/energycorr/condor_R4_axisWTA_cen//0006/L1_object_data_674_processed.root
hadd Source file 226: /eos/cms/store/group/phys_heavyions/jvelazqu/energycorr/condor_R4_axisWTA_cen//0004/L1_object_data_4870_processed.root
hadd Source file 244: /eos/cms/store/group/phys_heavyions/jvelazqu/energycorr/condor_R4_axisWTA_cen//0002/L1_object_data_2468_processed.root
hadd Source file 252: /eos/cms/store/group/phys_heavyions/jvelazqu/energycorr/condor_R4_axisWTA_cen//0001/L1_object_data_1661_processed.root
hadd Source file 215: /eos/cms/store/group/phys_heavyions/jvelazqu/energycorr/condor_R4_axisWTA_cen//0003/L1_object_data_3649_processed.root
hadd Source file 230: /eos/cms/store/group/phys_heavyions/jvelazqu/energycorr/condor_R4_axisWTA_cen//0000/L1_object_data_271_processed.root
hadd Source file 241: /eos/cms/store/group/phys_heavyions/jvelazqu/energycorr/condor_R4_axisWTA_cen//0003/L1_object_data_3070_processed.root
hadd Source file 230: /eos/cms/store/group/phys_heavyions/jvelazqu/energycorr/condor_R4_axisWTA_cen//0006/L1_object_data_675_processed.root
hadd Source file 245: /eos/cms/store/group/phys_heavyions/jvelazqu/energycorr/condor_R4_axisWTA_cen//0002/L1_object_data_2469_processed.root
hadd Source file 226: /eos/cms/store/group/phys_heavyions/jvelazqu/energycorr/condor_R4_axisWTA_cen//0004/L1_object_data_4265_processed.root
hadd Source file 227: /eos/cms/store/group/phys_heavyions/jvelazqu/energycorr/condor_R4_axisWTA_cen//0004/L1_object_data_4871_processed.root
hadd Source file 253: /eos/cms/store/group/phys_heavyions/jvelazqu/energycorr/condor_R4_axisWTA_cen//0001/L1_object_data_1663_processed.root
hadd Source file 216: /eos/cms/store/group/phys_heavyions/jvelazqu/energycorr/condor_R4_axisWTA_cen//0003/L1_object_data_3650_processed.root
hadd Source file 122: /eos/cms/store/group/phys_heavyions/jvelazqu/energycorr/condor_R4_axisWTA_cen//0005/L1_object_data_5371_processed.root
hadd Source file 231: /eos/cms/store/group/phys_heavyions/jvelazqu/energycorr/condor_R4_axisWTA_cen//0006/L1_object_data_676_processed.root
hadd Source file 227: /eos/cms/store/group/phys_heavyions/jvelazqu/energycorr/condor_R4_axisWTA_cen//0004/L1_object_data_4266_processed.root
hadd Source file 242: /eos/cms/store/group/phys_heavyions/jvelazqu/energycorr/condor_R4_axisWTA_cen//0003/L1_object_data_3071_processed.root
hadd Source file 231: /eos/cms/store/group/phys_heavyions/jvelazqu/energycorr/condor_R4_axisWTA_cen//0000/L1_object_data_272_processed.root
hadd Source file 246: /eos/cms/store/group/phys_heavyions/jvelazqu/energycorr/condor_R4_axisWTA_cen//0002/L1_object_data_2470_processed.root
hadd Source file 217: /eos/cms/store/group/phys_heavyions/jvelazqu/energycorr/condor_R4_axisWTA_cen//0003/L1_object_data_3651_processed.root
hadd Source file 228: /eos/cms/store/group/phys_heavyions/jvelazqu/energycorr/condor_R4_axisWTA_cen//0004/L1_object_data_4872_processed.root
hadd Source file 254: /eos/cms/store/group/phys_heavyions/jvelazqu/energycorr/condor_R4_axisWTA_cen//0001/L1_object_data_1664_processed.root
hadd Source file 123: /eos/cms/store/group/phys_heavyions/jvelazqu/energycorr/condor_R4_axisWTA_cen//0005/L1_object_data_5372_processed.root
hadd Source file 228: /eos/cms/store/group/phys_heavyions/jvelazqu/energycorr/condor_R4_axisWTA_cen//0004/L1_object_data_4267_processed.root
hadd Source file 243: /eos/cms/store/group/phys_heavyions/jvelazqu/energycorr/condor_R4_axisWTA_cen//0003/L1_object_data_3072_processed.root
hadd Source file 232: /eos/cms/store/group/phys_heavyions/jvelazqu/energycorr/condor_R4_axisWTA_cen//0000/L1_object_data_273_processed.root
hadd Source file 229: /eos/cms/store/group/phys_heavyions/jvelazqu/energycorr/condor_R4_axisWTA_cen//0004/L1_object_data_4873_processed.root
hadd Source file 218: /eos/cms/store/group/phys_heavyions/jvelazqu/energycorr/condor_R4_axisWTA_cen//0003/L1_object_data_3652_processed.root
hadd Source file 247: /eos/cms/store/group/phys_heavyions/jvelazqu/energycorr/condor_R4_axisWTA_cen//0002/L1_object_data_2471_processed.root
hadd Source file 255: /eos/cms/store/group/phys_heavyions/jvelazqu/energycorr/condor_R4_axisWTA_cen//0001/L1_object_data_1665_processed.root
hadd Source file 232: /eos/cms/store/group/phys_heavyions/jvelazqu/energycorr/condor_R4_axisWTA_cen//0006/L1_object_data_677_processed.root
hadd Source file 124: /eos/cms/store/group/phys_heavyions/jvelazqu/energycorr/condor_R4_axisWTA_cen//0005/L1_object_data_5373_processed.root
hadd Source file 229: /eos/cms/store/group/phys_heavyions/jvelazqu/energycorr/condor_R4_axisWTA_cen//0004/L1_object_data_4268_processed.root
hadd Source file 233: /eos/cms/store/group/phys_heavyions/jvelazqu/energycorr/condor_R4_axisWTA_cen//0000/L1_object_data_274_processed.root
hadd Source file 230: /eos/cms/store/group/phys_heavyions/jvelazqu/energycorr/condor_R4_axisWTA_cen//0004/L1_object_data_4874_processed.root
hadd Source file 244: /eos/cms/store/group/phys_heavyions/jvelazqu/energycorr/condor_R4_axisWTA_cen//0003/L1_object_data_3073_processed.root
hadd Source file 232: /eos/cms/store/group/phys_heavyions/jvelazqu/energycorr/condor_R4_axisWTA_cen//0001/L1_object_data_1033_processed.root
hadd Source file 248: /eos/cms/store/group/phys_heavyions/jvelazqu/energycorr/condor_R4_axisWTA_cen//0002/L1_object_data_2472_processed.root
hadd Source file 256: /eos/cms/store/group/phys_heavyions/jvelazqu/energycorr/condor_R4_axisWTA_cen//0001/L1_object_data_1666_processed.root
hadd Source file 234: /eos/cms/store/group/phys_heavyions/jvelazqu/energycorr/condor_R4_axisWTA_cen//0000/L1_object_data_275_processed.root
hadd Source file 233: /eos/cms/store/group/phys_heavyions/jvelazqu/energycorr/condor_R4_axisWTA_cen//0006/L1_object_data_678_processed.root
hadd Source file 125: /eos/cms/store/group/phys_heavyions/jvelazqu/energycorr/condor_R4_axisWTA_cen//0005/L1_object_data_5374_processed.root
hadd Source file 257: /eos/cms/store/group/phys_heavyions/jvelazqu/energycorr/condor_R4_axisWTA_cen//0001/L1_object_data_1667_processed.root
hadd Source file 231: /eos/cms/store/group/phys_heavyions/jvelazqu/energycorr/condor_R4_axisWTA_cen//0004/L1_object_data_4875_processed.root
hadd Source file 249: /eos/cms/store/group/phys_heavyions/jvelazqu/energycorr/condor_R4_axisWTA_cen//0002/L1_object_data_2473_processed.root
hadd Source file 233: /eos/cms/store/group/phys_heavyions/jvelazqu/energycorr/condor_R4_axisWTA_cen//0001/L1_object_data_1034_processed.root
hadd Source file 258: /eos/cms/store/group/phys_heavyions/jvelazqu/energycorr/condor_R4_axisWTA_cen//0001/L1_object_data_1668_processed.root
hadd Source file 235: /eos/cms/store/group/phys_heavyions/jvelazqu/energycorr/condor_R4_axisWTA_cen//0000/L1_object_data_276_processed.root
hadd Source file 126: /eos/cms/store/group/phys_heavyions/jvelazqu/energycorr/condor_R4_axisWTA_cen//0005/L1_object_data_5375_processed.root
hadd Source file 232: /eos/cms/store/group/phys_heavyions/jvelazqu/energycorr/condor_R4_axisWTA_cen//0004/L1_object_data_4876_processed.root
hadd Source file 259: /eos/cms/store/group/phys_heavyions/jvelazqu/energycorr/condor_R4_axisWTA_cen//0001/L1_object_data_1669_processed.root
hadd Source file 234: /eos/cms/store/group/phys_heavyions/jvelazqu/energycorr/condor_R4_axisWTA_cen//0001/L1_object_data_1035_processed.root
hadd Source file 250: /eos/cms/store/group/phys_heavyions/jvelazqu/energycorr/condor_R4_axisWTA_cen//0002/L1_object_data_2474_processed.root
hadd Source file 127: /eos/cms/store/group/phys_heavyions/jvelazqu/energycorr/condor_R4_axisWTA_cen//0005/L1_object_data_5376_processed.root
hadd Source file 236: /eos/cms/store/group/phys_heavyions/jvelazqu/energycorr/condor_R4_axisWTA_cen//0000/L1_object_data_277_processed.root
hadd Source file 260: /eos/cms/store/group/phys_heavyions/jvelazqu/energycorr/condor_R4_axisWTA_cen//0001/L1_object_data_1670_processed.root
hadd Source file 219: /eos/cms/store/group/phys_heavyions/jvelazqu/energycorr/condor_R4_axisWTA_cen//0003/L1_object_data_3653_processed.root
hadd Source file 233: /eos/cms/store/group/phys_heavyions/jvelazqu/energycorr/condor_R4_axisWTA_cen//0004/L1_object_data_4877_processed.root
hadd Source file 251: /eos/cms/store/group/phys_heavyions/jvelazqu/energycorr/condor_R4_axisWTA_cen//0002/L1_object_data_2475_processed.root
hadd Source file 237: /eos/cms/store/group/phys_heavyions/jvelazqu/energycorr/condor_R4_axisWTA_cen//0000/L1_object_data_278_processed.root
hadd Source file 235: /eos/cms/store/group/phys_heavyions/jvelazqu/energycorr/condor_R4_axisWTA_cen//0001/L1_object_data_1036_processed.root
hadd Source file 230: /eos/cms/store/group/phys_heavyions/jvelazqu/energycorr/condor_R4_axisWTA_cen//0004/L1_object_data_4269_processed.root
hadd Source file 238: /eos/cms/store/group/phys_heavyions/jvelazqu/energycorr/condor_R4_axisWTA_cen//0000/L1_object_data_279_processed.root
hadd Source file 128: /eos/cms/store/group/phys_heavyions/jvelazqu/energycorr/condor_R4_axisWTA_cen//0005/L1_object_data_5377_processed.root
hadd Source file 261: /eos/cms/store/group/phys_heavyions/jvelazqu/energycorr/condor_R4_axisWTA_cen//0001/L1_object_data_1671_processed.root
hadd Source file 236: /eos/cms/store/group/phys_heavyions/jvelazqu/energycorr/condor_R4_axisWTA_cen//0001/L1_object_data_1037_processed.root
hadd Source file 231: /eos/cms/store/group/phys_heavyions/jvelazqu/energycorr/condor_R4_axisWTA_cen//0004/L1_object_data_4270_processed.root
hadd Source file 239: /eos/cms/store/group/phys_heavyions/jvelazqu/energycorr/condor_R4_axisWTA_cen//0000/L1_object_data_280_processed.root
hadd Source file 129: /eos/cms/store/group/phys_heavyions/jvelazqu/energycorr/condor_R4_axisWTA_cen//0005/L1_object_data_5378_processed.root
hadd Source file 252: /eos/cms/store/group/phys_heavyions/jvelazqu/energycorr/condor_R4_axisWTA_cen//0002/L1_object_data_2476_processed.root
hadd Source file 234: /eos/cms/store/group/phys_heavyions/jvelazqu/energycorr/condor_R4_axisWTA_cen//0004/L1_object_data_4878_processed.root
hadd Source file 220: /eos/cms/store/group/phys_heavyions/jvelazqu/energycorr/condor_R4_axisWTA_cen//0003/L1_object_data_3654_processed.root
hadd Source file 237: /eos/cms/store/group/phys_heavyions/jvelazqu/energycorr/condor_R4_axisWTA_cen//0001/L1_object_data_1038_processed.root
hadd Source file 262: /eos/cms/store/group/phys_heavyions/jvelazqu/energycorr/condor_R4_axisWTA_cen//0001/L1_object_data_1672_processed.root
hadd Source file 234: /eos/cms/store/group/phys_heavyions/jvelazqu/energycorr/condor_R4_axisWTA_cen//0006/L1_object_data_679_processed.root
hadd Source file 232: /eos/cms/store/group/phys_heavyions/jvelazqu/energycorr/condor_R4_axisWTA_cen//0004/L1_object_data_4271_processed.root
hadd Source file 253: /eos/cms/store/group/phys_heavyions/jvelazqu/energycorr/condor_R4_axisWTA_cen//0002/L1_object_data_2477_processed.root
hadd Source file 240: /eos/cms/store/group/phys_heavyions/jvelazqu/energycorr/condor_R4_axisWTA_cen//0000/L1_object_data_281_processed.root
hadd Source file 235: /eos/cms/store/group/phys_heavyions/jvelazqu/energycorr/condor_R4_axisWTA_cen//0004/L1_object_data_4879_processed.root
hadd Source file 238: /eos/cms/store/group/phys_heavyions/jvelazqu/energycorr/condor_R4_axisWTA_cen//0001/L1_object_data_1039_processed.root
hadd Source file 130: /eos/cms/store/group/phys_heavyions/jvelazqu/energycorr/condor_R4_axisWTA_cen//0005/L1_object_data_5379_processed.root
hadd Source file 233: /eos/cms/store/group/phys_heavyions/jvelazqu/energycorr/condor_R4_axisWTA_cen//0004/L1_object_data_4272_processed.root
hadd Source file 254: /eos/cms/store/group/phys_heavyions/jvelazqu/energycorr/condor_R4_axisWTA_cen//0002/L1_object_data_2478_processed.root
hadd Source file 241: /eos/cms/store/group/phys_heavyions/jvelazqu/energycorr/condor_R4_axisWTA_cen//0000/L1_object_data_282_processed.root
hadd Source file 221: /eos/cms/store/group/phys_heavyions/jvelazqu/energycorr/condor_R4_axisWTA_cen//0003/L1_object_data_3655_processed.root
hadd Source file 235: /eos/cms/store/group/phys_heavyions/jvelazqu/energycorr/condor_R4_axisWTA_cen//0006/L1_object_data_680_processed.root
hadd Source file 263: /eos/cms/store/group/phys_heavyions/jvelazqu/energycorr/condor_R4_axisWTA_cen//0001/L1_object_data_1673_processed.root
hadd Source file 239: /eos/cms/store/group/phys_heavyions/jvelazqu/energycorr/condor_R4_axisWTA_cen//0001/L1_object_data_1040_processed.root
hadd Source file 131: /eos/cms/store/group/phys_heavyions/jvelazqu/energycorr/condor_R4_axisWTA_cen//0005/L1_object_data_5380_processed.root
hadd Source file 242: /eos/cms/store/group/phys_heavyions/jvelazqu/energycorr/condor_R4_axisWTA_cen//0000/L1_object_data_283_processed.root
hadd Source file 234: /eos/cms/store/group/phys_heavyions/jvelazqu/energycorr/condor_R4_axisWTA_cen//0004/L1_object_data_4273_processed.root
hadd Source file 222: /eos/cms/store/group/phys_heavyions/jvelazqu/energycorr/condor_R4_axisWTA_cen//0003/L1_object_data_3656_processed.root
hadd Source file 236: /eos/cms/store/group/phys_heavyions/jvelazqu/energycorr/condor_R4_axisWTA_cen//0006/L1_object_data_681_processed.root
hadd Source file 255: /eos/cms/store/group/phys_heavyions/jvelazqu/energycorr/condor_R4_axisWTA_cen//0002/L1_object_data_2479_processed.root
hadd Source file 240: /eos/cms/store/group/phys_heavyions/jvelazqu/energycorr/condor_R4_axisWTA_cen//0001/L1_object_data_1041_processed.root
hadd Source file 243: /eos/cms/store/group/phys_heavyions/jvelazqu/energycorr/condor_R4_axisWTA_cen//0000/L1_object_data_284_processed.root
hadd Source file 235: /eos/cms/store/group/phys_heavyions/jvelazqu/energycorr/condor_R4_axisWTA_cen//0004/L1_object_data_4274_processed.root
hadd Source file 132: /eos/cms/store/group/phys_heavyions/jvelazqu/energycorr/condor_R4_axisWTA_cen//0005/L1_object_data_5381_processed.root
hadd Source file 264: /eos/cms/store/group/phys_heavyions/jvelazqu/energycorr/condor_R4_axisWTA_cen//0001/L1_object_data_1674_processed.root
hadd Source file 237: /eos/cms/store/group/phys_heavyions/jvelazqu/energycorr/condor_R4_axisWTA_cen//0006/L1_object_data_682_processed.root
hadd Source file 223: /eos/cms/store/group/phys_heavyions/jvelazqu/energycorr/condor_R4_axisWTA_cen//0003/L1_object_data_3657_processed.root
hadd Source file 265: /eos/cms/store/group/phys_heavyions/jvelazqu/energycorr/condor_R4_axisWTA_cen//0001/L1_object_data_1675_processed.root
hadd Source file 241: /eos/cms/store/group/phys_heavyions/jvelazqu/energycorr/condor_R4_axisWTA_cen//0001/L1_object_data_1042_processed.root
hadd Source file 256: /eos/cms/store/group/phys_heavyions/jvelazqu/energycorr/condor_R4_axisWTA_cen//0002/L1_object_data_2480_processed.root
hadd Source file 244: /eos/cms/store/group/phys_heavyions/jvelazqu/energycorr/condor_R4_axisWTA_cen//0000/L1_object_data_285_processed.root
hadd Source file 133: /eos/cms/store/group/phys_heavyions/jvelazqu/energycorr/condor_R4_axisWTA_cen//0005/L1_object_data_5382_processed.root
hadd Source file 236: /eos/cms/store/group/phys_heavyions/jvelazqu/energycorr/condor_R4_axisWTA_cen//0004/L1_object_data_4275_processed.root
hadd Source file 266: /eos/cms/store/group/phys_heavyions/jvelazqu/energycorr/condor_R4_axisWTA_cen//0001/L1_object_data_1676_processed.root
hadd Source file 245: /eos/cms/store/group/phys_heavyions/jvelazqu/energycorr/condor_R4_axisWTA_cen//0000/L1_object_data_286_processed.root
hadd Source file 242: /eos/cms/store/group/phys_heavyions/jvelazqu/energycorr/condor_R4_axisWTA_cen//0001/L1_object_data_1043_processed.root
hadd Source file 238: /eos/cms/store/group/phys_heavyions/jvelazqu/energycorr/condor_R4_axisWTA_cen//0006/L1_object_data_683_processed.root
hadd Source file 257: /eos/cms/store/group/phys_heavyions/jvelazqu/energycorr/condor_R4_axisWTA_cen//0002/L1_object_data_2481_processed.root
hadd Source file 134: /eos/cms/store/group/phys_heavyions/jvelazqu/energycorr/condor_R4_axisWTA_cen//0005/L1_object_data_5383_processed.root
hadd Source file 224: /eos/cms/store/group/phys_heavyions/jvelazqu/energycorr/condor_R4_axisWTA_cen//0003/L1_object_data_3658_processed.root
hadd Source file 246: /eos/cms/store/group/phys_heavyions/jvelazqu/energycorr/condor_R4_axisWTA_cen//0000/L1_object_data_287_processed.root
hadd Source file 267: /eos/cms/store/group/phys_heavyions/jvelazqu/energycorr/condor_R4_axisWTA_cen//0001/L1_object_data_1677_processed.root
hadd Source file 225: /eos/cms/store/group/phys_heavyions/jvelazqu/energycorr/condor_R4_axisWTA_cen//0003/L1_object_data_3659_processed.root
hadd Source file 243: /eos/cms/store/group/phys_heavyions/jvelazqu/energycorr/condor_R4_axisWTA_cen//0001/L1_object_data_1044_processed.root
hadd Source file 239: /eos/cms/store/group/phys_heavyions/jvelazqu/energycorr/condor_R4_axisWTA_cen//0006/L1_object_data_684_processed.root
hadd Source file 237: /eos/cms/store/group/phys_heavyions/jvelazqu/energycorr/condor_R4_axisWTA_cen//0004/L1_object_data_4276_processed.root
hadd Source file 135: /eos/cms/store/group/phys_heavyions/jvelazqu/energycorr/condor_R4_axisWTA_cen//0005/L1_object_data_5384_processed.root
hadd Source file 258: /eos/cms/store/group/phys_heavyions/jvelazqu/energycorr/condor_R4_axisWTA_cen//0002/L1_object_data_2482_processed.root
hadd Source file 268: /eos/cms/store/group/phys_heavyions/jvelazqu/energycorr/condor_R4_axisWTA_cen//0001/L1_object_data_1678_processed.root
hadd Source file 136: /eos/cms/store/group/phys_heavyions/jvelazqu/energycorr/condor_R4_axisWTA_cen//0005/L1_object_data_5385_processed.root
hadd Source file 240: /eos/cms/store/group/phys_heavyions/jvelazqu/energycorr/condor_R4_axisWTA_cen//0006/L1_object_data_685_processed.root
hadd Source file 238: /eos/cms/store/group/phys_heavyions/jvelazqu/energycorr/condor_R4_axisWTA_cen//0004/L1_object_data_4277_processed.root
hadd Source file 259: /eos/cms/store/group/phys_heavyions/jvelazqu/energycorr/condor_R4_axisWTA_cen//0002/L1_object_data_2483_processed.root
hadd Source file 245: /eos/cms/store/group/phys_heavyions/jvelazqu/energycorr/condor_R4_axisWTA_cen//0003/L1_object_data_3074_processed.root
hadd Source file 269: /eos/cms/store/group/phys_heavyions/jvelazqu/energycorr/condor_R4_axisWTA_cen//0001/L1_object_data_1679_processed.root
hadd Source file 239: /eos/cms/store/group/phys_heavyions/jvelazqu/energycorr/condor_R4_axisWTA_cen//0004/L1_object_data_4278_processed.root
hadd Source file 241: /eos/cms/store/group/phys_heavyions/jvelazqu/energycorr/condor_R4_axisWTA_cen//0006/L1_object_data_686_processed.root
hadd Source file 137: /eos/cms/store/group/phys_heavyions/jvelazqu/energycorr/condor_R4_axisWTA_cen//0005/L1_object_data_5386_processed.root
hadd Source file 260: /eos/cms/store/group/phys_heavyions/jvelazqu/energycorr/condor_R4_axisWTA_cen//0002/L1_object_data_2484_processed.root
hadd Source file 246: /eos/cms/store/group/phys_heavyions/jvelazqu/energycorr/condor_R4_axisWTA_cen//0003/L1_object_data_3075_processed.root
hadd Source file 270: /eos/cms/store/group/phys_heavyions/jvelazqu/energycorr/condor_R4_axisWTA_cen//0001/L1_object_data_1680_processed.root
hadd Source file 242: /eos/cms/store/group/phys_heavyions/jvelazqu/energycorr/condor_R4_axisWTA_cen//0006/L1_object_data_687_processed.root
hadd Source file 138: /eos/cms/store/group/phys_heavyions/jvelazqu/energycorr/condor_R4_axisWTA_cen//0005/L1_object_data_5387_processed.root
hadd Source file 240: /eos/cms/store/group/phys_heavyions/jvelazqu/energycorr/condor_R4_axisWTA_cen//0004/L1_object_data_4279_processed.root
hadd Source file 226: /eos/cms/store/group/phys_heavyions/jvelazqu/energycorr/condor_R4_axisWTA_cen//0003/L1_object_data_3660_processed.root
hadd Source file 244: /eos/cms/store/group/phys_heavyions/jvelazqu/energycorr/condor_R4_axisWTA_cen//0001/L1_object_data_1045_processed.root
hadd Source file 247: /eos/cms/store/group/phys_heavyions/jvelazqu/energycorr/condor_R4_axisWTA_cen//0000/L1_object_data_288_processed.root
hadd Source file 261: /eos/cms/store/group/phys_heavyions/jvelazqu/energycorr/condor_R4_axisWTA_cen//0002/L1_object_data_2485_processed.root
hadd Source file 247: /eos/cms/store/group/phys_heavyions/jvelazqu/energycorr/condor_R4_axisWTA_cen//0003/L1_object_data_3076_processed.root
hadd Source file 271: /eos/cms/store/group/phys_heavyions/jvelazqu/energycorr/condor_R4_axisWTA_cen//0001/L1_object_data_1681_processed.root
hadd Source file 243: /eos/cms/store/group/phys_heavyions/jvelazqu/energycorr/condor_R4_axisWTA_cen//0006/L1_object_data_688_processed.root
hadd Source file 139: /eos/cms/store/group/phys_heavyions/jvelazqu/energycorr/condor_R4_axisWTA_cen//0005/L1_object_data_5388_processed.root
hadd Source file 227: /eos/cms/store/group/phys_heavyions/jvelazqu/energycorr/condor_R4_axisWTA_cen//0003/L1_object_data_3661_processed.root
hadd Source file 245: /eos/cms/store/group/phys_heavyions/jvelazqu/energycorr/condor_R4_axisWTA_cen//0001/L1_object_data_1046_processed.root
hadd Source file 262: /eos/cms/store/group/phys_heavyions/jvelazqu/energycorr/condor_R4_axisWTA_cen//0002/L1_object_data_2486_processed.root
hadd Source file 248: /eos/cms/store/group/phys_heavyions/jvelazqu/energycorr/condor_R4_axisWTA_cen//0003/L1_object_data_3077_processed.root
hadd Source file 241: /eos/cms/store/group/phys_heavyions/jvelazqu/energycorr/condor_R4_axisWTA_cen//0004/L1_object_data_4280_processed.root
hadd Source file 272: /eos/cms/store/group/phys_heavyions/jvelazqu/energycorr/condor_R4_axisWTA_cen//0001/L1_object_data_1682_processed.root
hadd Source file 228: /eos/cms/store/group/phys_heavyions/jvelazqu/energycorr/condor_R4_axisWTA_cen//0003/L1_object_data_3662_processed.root
hadd Source file 242: /eos/cms/store/group/phys_heavyions/jvelazqu/energycorr/condor_R4_axisWTA_cen//0004/L1_object_data_4281_processed.root
hadd Source file 248: /eos/cms/store/group/phys_heavyions/jvelazqu/energycorr/condor_R4_axisWTA_cen//0000/L1_object_data_289_processed.root
hadd Source file 263: /eos/cms/store/group/phys_heavyions/jvelazqu/energycorr/condor_R4_axisWTA_cen//0002/L1_object_data_2487_processed.root
hadd Source file 249: /eos/cms/store/group/phys_heavyions/jvelazqu/energycorr/condor_R4_axisWTA_cen//0003/L1_object_data_3078_processed.root
hadd Source file 246: /eos/cms/store/group/phys_heavyions/jvelazqu/energycorr/condor_R4_axisWTA_cen//0001/L1_object_data_1047_processed.root
hadd Source file 140: /eos/cms/store/group/phys_heavyions/jvelazqu/energycorr/condor_R4_axisWTA_cen//0005/L1_object_data_5389_processed.root
hadd Source file 229: /eos/cms/store/group/phys_heavyions/jvelazqu/energycorr/condor_R4_axisWTA_cen//0003/L1_object_data_3663_processed.root
hadd Source file 264: /eos/cms/store/group/phys_heavyions/jvelazqu/energycorr/condor_R4_axisWTA_cen//0002/L1_object_data_2488_processed.root
hadd Source file 249: /eos/cms/store/group/phys_heavyions/jvelazqu/energycorr/condor_R4_axisWTA_cen//0000/L1_object_data_290_processed.root
hadd Source file 247: /eos/cms/store/group/phys_heavyions/jvelazqu/energycorr/condor_R4_axisWTA_cen//0001/L1_object_data_1048_processed.root
hadd Source file 243: /eos/cms/store/group/phys_heavyions/jvelazqu/energycorr/condor_R4_axisWTA_cen//0004/L1_object_data_4282_processed.root
hadd Source file 141: /eos/cms/store/group/phys_heavyions/jvelazqu/energycorr/condor_R4_axisWTA_cen//0005/L1_object_data_5390_processed.root
hadd Source file 273: /eos/cms/store/group/phys_heavyions/jvelazqu/energycorr/condor_R4_axisWTA_cen//0001/L1_object_data_1683_processed.root
hadd Source file 265: /eos/cms/store/group/phys_heavyions/jvelazqu/energycorr/condor_R4_axisWTA_cen//0002/L1_object_data_2489_processed.root
hadd Source file 250: /eos/cms/store/group/phys_heavyions/jvelazqu/energycorr/condor_R4_axisWTA_cen//0000/L1_object_data_291_processed.root
hadd Source file 250: /eos/cms/store/group/phys_heavyions/jvelazqu/energycorr/condor_R4_axisWTA_cen//0003/L1_object_data_3079_processed.root
hadd Source file 244: /eos/cms/store/group/phys_heavyions/jvelazqu/energycorr/condor_R4_axisWTA_cen//0004/L1_object_data_4283_processed.root
hadd Source file 266: /eos/cms/store/group/phys_heavyions/jvelazqu/energycorr/condor_R4_axisWTA_cen//0002/L1_object_data_2490_processed.root
hadd Source file 142: /eos/cms/store/group/phys_heavyions/jvelazqu/energycorr/condor_R4_axisWTA_cen//0005/L1_object_data_5391_processed.root
hadd Source file 274: /eos/cms/store/group/phys_heavyions/jvelazqu/energycorr/condor_R4_axisWTA_cen//0001/L1_object_data_1684_processed.root
hadd Source file 244: /eos/cms/store/group/phys_heavyions/jvelazqu/energycorr/condor_R4_axisWTA_cen//0006/L1_object_data_689_processed.root
hadd Source file 251: /eos/cms/store/group/phys_heavyions/jvelazqu/energycorr/condor_R4_axisWTA_cen//0003/L1_object_data_3080_processed.root
hadd Source file 251: /eos/cms/store/group/phys_heavyions/jvelazqu/energycorr/condor_R4_axisWTA_cen//0000/L1_object_data_292_processed.root
hadd Source file 143: /eos/cms/store/group/phys_heavyions/jvelazqu/energycorr/condor_R4_axisWTA_cen//0005/L1_object_data_5392_processed.root
hadd Source file 275: /eos/cms/store/group/phys_heavyions/jvelazqu/energycorr/condor_R4_axisWTA_cen//0001/L1_object_data_1685_processed.root
hadd Source file 267: /eos/cms/store/group/phys_heavyions/jvelazqu/energycorr/condor_R4_axisWTA_cen//0002/L1_object_data_2491_processed.root
hadd Source file 248: /eos/cms/store/group/phys_heavyions/jvelazqu/energycorr/condor_R4_axisWTA_cen//0001/L1_object_data_1049_processed.root
hadd Source file 245: /eos/cms/store/group/phys_heavyions/jvelazqu/energycorr/condor_R4_axisWTA_cen//0004/L1_object_data_4284_processed.root
hadd Source file 252: /eos/cms/store/group/phys_heavyions/jvelazqu/energycorr/condor_R4_axisWTA_cen//0000/L1_object_data_293_processed.root
hadd Source file 245: /eos/cms/store/group/phys_heavyions/jvelazqu/energycorr/condor_R4_axisWTA_cen//0006/L1_object_data_690_processed.root
hadd Source file 276: /eos/cms/store/group/phys_heavyions/jvelazqu/energycorr/condor_R4_axisWTA_cen//0001/L1_object_data_1686_processed.root
hadd Source file 230: /eos/cms/store/group/phys_heavyions/jvelazqu/energycorr/condor_R4_axisWTA_cen//0003/L1_object_data_3664_processed.root
hadd Source file 246: /eos/cms/store/group/phys_heavyions/jvelazqu/energycorr/condor_R4_axisWTA_cen//0004/L1_object_data_4285_processed.root
hadd Source file 144: /eos/cms/store/group/phys_heavyions/jvelazqu/energycorr/condor_R4_axisWTA_cen//0005/L1_object_data_5393_processed.root
hadd Source file 253: /eos/cms/store/group/phys_heavyions/jvelazqu/energycorr/condor_R4_axisWTA_cen//0000/L1_object_data_294_processed.root
hadd Source file 246: /eos/cms/store/group/phys_heavyions/jvelazqu/energycorr/condor_R4_axisWTA_cen//0006/L1_object_data_691_processed.root
hadd Source file 268: /eos/cms/store/group/phys_heavyions/jvelazqu/energycorr/condor_R4_axisWTA_cen//0002/L1_object_data_2492_processed.root
hadd Source file 277: /eos/cms/store/group/phys_heavyions/jvelazqu/energycorr/condor_R4_axisWTA_cen//0001/L1_object_data_1687_processed.root
hadd Source file 252: /eos/cms/store/group/phys_heavyions/jvelazqu/energycorr/condor_R4_axisWTA_cen//0003/L1_object_data_3081_processed.root
hadd Source file 254: /eos/cms/store/group/phys_heavyions/jvelazqu/energycorr/condor_R4_axisWTA_cen//0000/L1_object_data_295_processed.root
hadd Source file 247: /eos/cms/store/group/phys_heavyions/jvelazqu/energycorr/condor_R4_axisWTA_cen//0004/L1_object_data_4286_processed.root
hadd Source file 247: /eos/cms/store/group/phys_heavyions/jvelazqu/energycorr/condor_R4_axisWTA_cen//0006/L1_object_data_692_processed.root
hadd Source file 278: /eos/cms/store/group/phys_heavyions/jvelazqu/energycorr/condor_R4_axisWTA_cen//0001/L1_object_data_1688_processed.root
hadd Source file 269: /eos/cms/store/group/phys_heavyions/jvelazqu/energycorr/condor_R4_axisWTA_cen//0002/L1_object_data_2493_processed.root
hadd Source file 249: /eos/cms/store/group/phys_heavyions/jvelazqu/energycorr/condor_R4_axisWTA_cen//0001/L1_object_data_1050_processed.root
hadd Source file 253: /eos/cms/store/group/phys_heavyions/jvelazqu/energycorr/condor_R4_axisWTA_cen//0003/L1_object_data_3082_processed.root
hadd Source file 231: /eos/cms/store/group/phys_heavyions/jvelazqu/energycorr/condor_R4_axisWTA_cen//0003/L1_object_data_3665_processed.root
hadd Source file 248: /eos/cms/store/group/phys_heavyions/jvelazqu/energycorr/condor_R4_axisWTA_cen//0004/L1_object_data_4287_processed.root
hadd Source file 255: /eos/cms/store/group/phys_heavyions/jvelazqu/energycorr/condor_R4_axisWTA_cen//0000/L1_object_data_296_processed.root
hadd Source file 248: /eos/cms/store/group/phys_heavyions/jvelazqu/energycorr/condor_R4_axisWTA_cen//0006/L1_object_data_693_processed.root
hadd Source file 270: /eos/cms/store/group/phys_heavyions/jvelazqu/energycorr/condor_R4_axisWTA_cen//0002/L1_object_data_2494_processed.root
hadd Source file 254: /eos/cms/store/group/phys_heavyions/jvelazqu/energycorr/condor_R4_axisWTA_cen//0003/L1_object_data_3083_processed.root
hadd Source file 250: /eos/cms/store/group/phys_heavyions/jvelazqu/energycorr/condor_R4_axisWTA_cen//0001/L1_object_data_1051_processed.root
hadd Source file 232: /eos/cms/store/group/phys_heavyions/jvelazqu/energycorr/condor_R4_axisWTA_cen//0003/L1_object_data_3666_processed.root
hadd Source file 279: /eos/cms/store/group/phys_heavyions/jvelazqu/energycorr/condor_R4_axisWTA_cen//0001/L1_object_data_1689_processed.root
hadd Source file 249: /eos/cms/store/group/phys_heavyions/jvelazqu/energycorr/condor_R4_axisWTA_cen//0006/L1_object_data_694_processed.root
hadd Source file 249: /eos/cms/store/group/phys_heavyions/jvelazqu/energycorr/condor_R4_axisWTA_cen//0004/L1_object_data_4288_processed.root
hadd Source file 280: /eos/cms/store/group/phys_heavyions/jvelazqu/energycorr/condor_R4_axisWTA_cen//0001/L1_object_data_1690_processed.root
hadd Source file 256: /eos/cms/store/group/phys_heavyions/jvelazqu/energycorr/condor_R4_axisWTA_cen//0000/L1_object_data_297_processed.root
hadd Source file 251: /eos/cms/store/group/phys_heavyions/jvelazqu/energycorr/condor_R4_axisWTA_cen//0001/L1_object_data_1052_processed.root
hadd Source file 271: /eos/cms/store/group/phys_heavyions/jvelazqu/energycorr/condor_R4_axisWTA_cen//0002/L1_object_data_2495_processed.root
hadd Source file 233: /eos/cms/store/group/phys_heavyions/jvelazqu/energycorr/condor_R4_axisWTA_cen//0003/L1_object_data_3667_processed.root
hadd Source file 250: /eos/cms/store/group/phys_heavyions/jvelazqu/energycorr/condor_R4_axisWTA_cen//0006/L1_object_data_695_processed.root
hadd Source file 257: /eos/cms/store/group/phys_heavyions/jvelazqu/energycorr/condor_R4_axisWTA_cen//0000/L1_object_data_298_processed.root
hadd Source file 252: /eos/cms/store/group/phys_heavyions/jvelazqu/energycorr/condor_R4_axisWTA_cen//0001/L1_object_data_1053_processed.root
hadd Source file 236: /eos/cms/store/group/phys_heavyions/jvelazqu/energycorr/condor_R4_axisWTA_cen//0004/L1_object_data_4880_processed.root
hadd Source file 250: /eos/cms/store/group/phys_heavyions/jvelazqu/energycorr/condor_R4_axisWTA_cen//0004/L1_object_data_4289_processed.root
hadd Source file 281: /eos/cms/store/group/phys_heavyions/jvelazqu/energycorr/condor_R4_axisWTA_cen//0001/L1_object_data_1691_processed.root
hadd Source file 272: /eos/cms/store/group/phys_heavyions/jvelazqu/energycorr/condor_R4_axisWTA_cen//0002/L1_object_data_2496_processed.root
hadd Source file 253: /eos/cms/store/group/phys_heavyions/jvelazqu/energycorr/condor_R4_axisWTA_cen//0001/L1_object_data_1054_processed.root
hadd Source file 145: /eos/cms/store/group/phys_heavyions/jvelazqu/energycorr/condor_R4_axisWTA_cen//0005/L1_object_data_5394_processed.root
hadd Source file 258: /eos/cms/store/group/phys_heavyions/jvelazqu/energycorr/condor_R4_axisWTA_cen//0000/L1_object_data_299_processed.root
hadd Source file 234: /eos/cms/store/group/phys_heavyions/jvelazqu/energycorr/condor_R4_axisWTA_cen//0003/L1_object_data_3668_processed.root
hadd Source file 254: /eos/cms/store/group/phys_heavyions/jvelazqu/energycorr/condor_R4_axisWTA_cen//0001/L1_object_data_1055_processed.root
hadd Source file 282: /eos/cms/store/group/phys_heavyions/jvelazqu/energycorr/condor_R4_axisWTA_cen//0001/L1_object_data_1692_processed.root
hadd Source file 273: /eos/cms/store/group/phys_heavyions/jvelazqu/energycorr/condor_R4_axisWTA_cen//0002/L1_object_data_2497_processed.root
hadd Source file 237: /eos/cms/store/group/phys_heavyions/jvelazqu/energycorr/condor_R4_axisWTA_cen//0004/L1_object_data_4881_processed.root
hadd Source file 235: /eos/cms/store/group/phys_heavyions/jvelazqu/energycorr/condor_R4_axisWTA_cen//0003/L1_object_data_3669_processed.root
hadd Source file 259: /eos/cms/store/group/phys_heavyions/jvelazqu/energycorr/condor_R4_axisWTA_cen//0000/L1_object_data_300_processed.root
hadd Source file 255: /eos/cms/store/group/phys_heavyions/jvelazqu/energycorr/condor_R4_axisWTA_cen//0003/L1_object_data_3084_processed.root
hadd Source file 283: /eos/cms/store/group/phys_heavyions/jvelazqu/energycorr/condor_R4_axisWTA_cen//0001/L1_object_data_1693_processed.root
hadd Source file 255: /eos/cms/store/group/phys_heavyions/jvelazqu/energycorr/condor_R4_axisWTA_cen//0001/L1_object_data_1056_processed.root
hadd Source file 238: /eos/cms/store/group/phys_heavyions/jvelazqu/energycorr/condor_R4_axisWTA_cen//0004/L1_object_data_4882_processed.root
hadd Source file 236: /eos/cms/store/group/phys_heavyions/jvelazqu/energycorr/condor_R4_axisWTA_cen//0003/L1_object_data_3670_processed.root
hadd Source file 256: /eos/cms/store/group/phys_heavyions/jvelazqu/energycorr/condor_R4_axisWTA_cen//0003/L1_object_data_3085_processed.root
hadd Source file 284: /eos/cms/store/group/phys_heavyions/jvelazqu/energycorr/condor_R4_axisWTA_cen//0001/L1_object_data_1694_processed.root
hadd Source file 251: /eos/cms/store/group/phys_heavyions/jvelazqu/energycorr/condor_R4_axisWTA_cen//0006/L1_object_data_696_processed.root
hadd Source file 237: /eos/cms/store/group/phys_heavyions/jvelazqu/energycorr/condor_R4_axisWTA_cen//0003/L1_object_data_3671_processed.root
hadd Source file 239: /eos/cms/store/group/phys_heavyions/jvelazqu/energycorr/condor_R4_axisWTA_cen//0004/L1_object_data_4883_processed.root
hadd Source file 257: /eos/cms/store/group/phys_heavyions/jvelazqu/energycorr/condor_R4_axisWTA_cen//0003/L1_object_data_3086_processed.root
hadd Source file 238: /eos/cms/store/group/phys_heavyions/jvelazqu/energycorr/condor_R4_axisWTA_cen//0003/L1_object_data_3672_processed.root
hadd Source file 146: /eos/cms/store/group/phys_heavyions/jvelazqu/energycorr/condor_R4_axisWTA_cen//0005/L1_object_data_5395_processed.root
hadd Source file 274: /eos/cms/store/group/phys_heavyions/jvelazqu/energycorr/condor_R4_axisWTA_cen//0002/L1_object_data_2498_processed.root
hadd Source file 251: /eos/cms/store/group/phys_heavyions/jvelazqu/energycorr/condor_R4_axisWTA_cen//0004/L1_object_data_4290_processed.root
hadd Source file 285: /eos/cms/store/group/phys_heavyions/jvelazqu/energycorr/condor_R4_axisWTA_cen//0001/L1_object_data_1695_processed.root
hadd Source file 252: /eos/cms/store/group/phys_heavyions/jvelazqu/energycorr/condor_R4_axisWTA_cen//0006/L1_object_data_697_processed.root
hadd Source file 240: /eos/cms/store/group/phys_heavyions/jvelazqu/energycorr/condor_R4_axisWTA_cen//0004/L1_object_data_4884_processed.root
hadd Source file 258: /eos/cms/store/group/phys_heavyions/jvelazqu/energycorr/condor_R4_axisWTA_cen//0003/L1_object_data_3087_processed.root
hadd Source file 275: /eos/cms/store/group/phys_heavyions/jvelazqu/energycorr/condor_R4_axisWTA_cen//0002/L1_object_data_2499_processed.root
hadd Source file 260: /eos/cms/store/group/phys_heavyions/jvelazqu/energycorr/condor_R4_axisWTA_cen//0000/L1_object_data_301_processed.root
hadd Source file 147: /eos/cms/store/group/phys_heavyions/jvelazqu/energycorr/condor_R4_axisWTA_cen//0005/L1_object_data_5396_processed.root
hadd Source file 286: /eos/cms/store/group/phys_heavyions/jvelazqu/energycorr/condor_R4_axisWTA_cen//0001/L1_object_data_1696_processed.root
hadd Source file 259: /eos/cms/store/group/phys_heavyions/jvelazqu/energycorr/condor_R4_axisWTA_cen//0003/L1_object_data_3088_processed.root
hadd Source file 241: /eos/cms/store/group/phys_heavyions/jvelazqu/energycorr/condor_R4_axisWTA_cen//0004/L1_object_data_4885_processed.root
hadd Source file 239: /eos/cms/store/group/phys_heavyions/jvelazqu/energycorr/condor_R4_axisWTA_cen//0003/L1_object_data_3673_processed.root
hadd Source file 253: /eos/cms/store/group/phys_heavyions/jvelazqu/energycorr/condor_R4_axisWTA_cen//0006/L1_object_data_698_processed.root
hadd Source file 256: /eos/cms/store/group/phys_heavyions/jvelazqu/energycorr/condor_R4_axisWTA_cen//0001/L1_object_data_1057_processed.root
hadd Source file 287: /eos/cms/store/group/phys_heavyions/jvelazqu/energycorr/condor_R4_axisWTA_cen//0001/L1_object_data_1697_processed.root
hadd Source file 261: /eos/cms/store/group/phys_heavyions/jvelazqu/energycorr/condor_R4_axisWTA_cen//0000/L1_object_data_302_processed.root
hadd Source file 254: /eos/cms/store/group/phys_heavyions/jvelazqu/energycorr/condor_R4_axisWTA_cen//0006/L1_object_data_699_processed.root
hadd Source file 148: /eos/cms/store/group/phys_heavyions/jvelazqu/energycorr/condor_R4_axisWTA_cen//0005/L1_object_data_5397_processed.root
hadd Source file 260: /eos/cms/store/group/phys_heavyions/jvelazqu/energycorr/condor_R4_axisWTA_cen//0003/L1_object_data_3089_processed.root
hadd Source file 242: /eos/cms/store/group/phys_heavyions/jvelazqu/energycorr/condor_R4_axisWTA_cen//0004/L1_object_data_4886_processed.root
hadd Source file 276: /eos/cms/store/group/phys_heavyions/jvelazqu/energycorr/condor_R4_axisWTA_cen//0002/L1_object_data_2500_processed.root
hadd Source file 240: /eos/cms/store/group/phys_heavyions/jvelazqu/energycorr/condor_R4_axisWTA_cen//0003/L1_object_data_3674_processed.root
hadd Source file 277: /eos/cms/store/group/phys_heavyions/jvelazqu/energycorr/condor_R4_axisWTA_cen//0002/L1_object_data_2501_processed.root
hadd Source file 288: /eos/cms/store/group/phys_heavyions/jvelazqu/energycorr/condor_R4_axisWTA_cen//0001/L1_object_data_1698_processed.root
hadd Source file 255: /eos/cms/store/group/phys_heavyions/jvelazqu/energycorr/condor_R4_axisWTA_cen//0006/L1_object_data_700_processed.root
hadd Source file 243: /eos/cms/store/group/phys_heavyions/jvelazqu/energycorr/condor_R4_axisWTA_cen//0004/L1_object_data_4887_processed.root
hadd Source file 257: /eos/cms/store/group/phys_heavyions/jvelazqu/energycorr/condor_R4_axisWTA_cen//0001/L1_object_data_1058_processed.root
hadd Source file 262: /eos/cms/store/group/phys_heavyions/jvelazqu/energycorr/condor_R4_axisWTA_cen//0000/L1_object_data_303_processed.root
hadd Source file 149: /eos/cms/store/group/phys_heavyions/jvelazqu/energycorr/condor_R4_axisWTA_cen//0005/L1_object_data_5398_processed.root
hadd Source file 241: /eos/cms/store/group/phys_heavyions/jvelazqu/energycorr/condor_R4_axisWTA_cen//0003/L1_object_data_3675_processed.root
hadd Source file 258: /eos/cms/store/group/phys_heavyions/jvelazqu/energycorr/condor_R4_axisWTA_cen//0001/L1_object_data_1059_processed.root
hadd Source file 263: /eos/cms/store/group/phys_heavyions/jvelazqu/energycorr/condor_R4_axisWTA_cen//0000/L1_object_data_304_processed.root
hadd Source file 278: /eos/cms/store/group/phys_heavyions/jvelazqu/energycorr/condor_R4_axisWTA_cen//0002/L1_object_data_2502_processed.root
hadd Source file 256: /eos/cms/store/group/phys_heavyions/jvelazqu/energycorr/condor_R4_axisWTA_cen//0006/L1_object_data_701_processed.root
hadd Source file 244: /eos/cms/store/group/phys_heavyions/jvelazqu/energycorr/condor_R4_axisWTA_cen//0004/L1_object_data_4888_processed.root
hadd Source file 252: /eos/cms/store/group/phys_heavyions/jvelazqu/energycorr/condor_R4_axisWTA_cen//0004/L1_object_data_4291_processed.root
hadd Source file 261: /eos/cms/store/group/phys_heavyions/jvelazqu/energycorr/condor_R4_axisWTA_cen//0003/L1_object_data_3090_processed.root
hadd Source file 264: /eos/cms/store/group/phys_heavyions/jvelazqu/energycorr/condor_R4_axisWTA_cen//0000/L1_object_data_305_processed.root
hadd Source file 289: /eos/cms/store/group/phys_heavyions/jvelazqu/energycorr/condor_R4_axisWTA_cen//0001/L1_object_data_1699_processed.root
hadd Source file 242: /eos/cms/store/group/phys_heavyions/jvelazqu/energycorr/condor_R4_axisWTA_cen//0003/L1_object_data_3676_processed.root
hadd Source file 150: /eos/cms/store/group/phys_heavyions/jvelazqu/energycorr/condor_R4_axisWTA_cen//0005/L1_object_data_5399_processed.root
hadd Source file 257: /eos/cms/store/group/phys_heavyions/jvelazqu/energycorr/condor_R4_axisWTA_cen//0006/L1_object_data_702_processed.root
hadd Source file 259: /eos/cms/store/group/phys_heavyions/jvelazqu/energycorr/condor_R4_axisWTA_cen//0001/L1_object_data_1060_processed.root
hadd Source file 290: /eos/cms/store/group/phys_heavyions/jvelazqu/energycorr/condor_R4_axisWTA_cen//0001/L1_object_data_1700_processed.root
hadd Source file 265: /eos/cms/store/group/phys_heavyions/jvelazqu/energycorr/condor_R4_axisWTA_cen//0000/L1_object_data_306_processed.root
hadd Source file 245: /eos/cms/store/group/phys_heavyions/jvelazqu/energycorr/condor_R4_axisWTA_cen//0004/L1_object_data_4889_processed.root
hadd Source file 279: /eos/cms/store/group/phys_heavyions/jvelazqu/energycorr/condor_R4_axisWTA_cen//0002/L1_object_data_2503_processed.root
hadd Source file 262: /eos/cms/store/group/phys_heavyions/jvelazqu/energycorr/condor_R4_axisWTA_cen//0003/L1_object_data_3091_processed.root
hadd Source file 258: /eos/cms/store/group/phys_heavyions/jvelazqu/energycorr/condor_R4_axisWTA_cen//0006/L1_object_data_703_processed.root
hadd Source file 260: /eos/cms/store/group/phys_heavyions/jvelazqu/energycorr/condor_R4_axisWTA_cen//0001/L1_object_data_1061_processed.root
hadd Source file 243: /eos/cms/store/group/phys_heavyions/jvelazqu/energycorr/condor_R4_axisWTA_cen//0003/L1_object_data_3677_processed.root
hadd Source file 291: /eos/cms/store/group/phys_heavyions/jvelazqu/energycorr/condor_R4_axisWTA_cen//0001/L1_object_data_1701_processed.root
hadd Source file 280: /eos/cms/store/group/phys_heavyions/jvelazqu/energycorr/condor_R4_axisWTA_cen//0002/L1_object_data_2504_processed.root
hadd Source file 259: /eos/cms/store/group/phys_heavyions/jvelazqu/energycorr/condor_R4_axisWTA_cen//0006/L1_object_data_704_processed.root
hadd Source file 253: /eos/cms/store/group/phys_heavyions/jvelazqu/energycorr/condor_R4_axisWTA_cen//0004/L1_object_data_4292_processed.root
hadd Source file 246: /eos/cms/store/group/phys_heavyions/jvelazqu/energycorr/condor_R4_axisWTA_cen//0004/L1_object_data_4890_processed.root
hadd Source file 263: /eos/cms/store/group/phys_heavyions/jvelazqu/energycorr/condor_R4_axisWTA_cen//0003/L1_object_data_3092_processed.root
hadd Source file 266: /eos/cms/store/group/phys_heavyions/jvelazqu/energycorr/condor_R4_axisWTA_cen//0000/L1_object_data_307_processed.root
hadd Source file 292: /eos/cms/store/group/phys_heavyions/jvelazqu/energycorr/condor_R4_axisWTA_cen//0001/L1_object_data_1702_processed.root
hadd Source file 281: /eos/cms/store/group/phys_heavyions/jvelazqu/energycorr/condor_R4_axisWTA_cen//0002/L1_object_data_2505_processed.root
hadd Source file 267: /eos/cms/store/group/phys_heavyions/jvelazqu/energycorr/condor_R4_axisWTA_cen//0000/L1_object_data_308_processed.root
hadd Source file 264: /eos/cms/store/group/phys_heavyions/jvelazqu/energycorr/condor_R4_axisWTA_cen//0003/L1_object_data_3093_processed.root
hadd Source file 151: /eos/cms/store/group/phys_heavyions/jvelazqu/energycorr/condor_R4_axisWTA_cen//0005/L1_object_data_5400_processed.root
hadd Source file 282: /eos/cms/store/group/phys_heavyions/jvelazqu/energycorr/condor_R4_axisWTA_cen//0002/L1_object_data_2506_processed.root
hadd Source file 261: /eos/cms/store/group/phys_heavyions/jvelazqu/energycorr/condor_R4_axisWTA_cen//0001/L1_object_data_1062_processed.root
hadd Source file 293: /eos/cms/store/group/phys_heavyions/jvelazqu/energycorr/condor_R4_axisWTA_cen//0001/L1_object_data_1703_processed.root
hadd Source file 247: /eos/cms/store/group/phys_heavyions/jvelazqu/energycorr/condor_R4_axisWTA_cen//0004/L1_object_data_4891_processed.root
hadd Source file 268: /eos/cms/store/group/phys_heavyions/jvelazqu/energycorr/condor_R4_axisWTA_cen//0000/L1_object_data_309_processed.root
hadd Source file 152: /eos/cms/store/group/phys_heavyions/jvelazqu/energycorr/condor_R4_axisWTA_cen//0005/L1_object_data_5401_processed.root
hadd Source file 265: /eos/cms/store/group/phys_heavyions/jvelazqu/energycorr/condor_R4_axisWTA_cen//0003/L1_object_data_3094_processed.root
hadd Source file 283: /eos/cms/store/group/phys_heavyions/jvelazqu/energycorr/condor_R4_axisWTA_cen//0002/L1_object_data_2507_processed.root
hadd Source file 269: /eos/cms/store/group/phys_heavyions/jvelazqu/energycorr/condor_R4_axisWTA_cen//0000/L1_object_data_310_processed.root
hadd Source file 248: /eos/cms/store/group/phys_heavyions/jvelazqu/energycorr/condor_R4_axisWTA_cen//0004/L1_object_data_4892_processed.root
hadd Source file 266: /eos/cms/store/group/phys_heavyions/jvelazqu/energycorr/condor_R4_axisWTA_cen//0003/L1_object_data_3095_processed.root
hadd Source file 153: /eos/cms/store/group/phys_heavyions/jvelazqu/energycorr/condor_R4_axisWTA_cen//0005/L1_object_data_5402_processed.root
hadd Source file 294: /eos/cms/store/group/phys_heavyions/jvelazqu/energycorr/condor_R4_axisWTA_cen//0001/L1_object_data_1704_processed.root
hadd Source file 260: /eos/cms/store/group/phys_heavyions/jvelazqu/energycorr/condor_R4_axisWTA_cen//0006/L1_object_data_705_processed.root
hadd Source file 284: /eos/cms/store/group/phys_heavyions/jvelazqu/energycorr/condor_R4_axisWTA_cen//0002/L1_object_data_2508_processed.root
hadd Source file 254: /eos/cms/store/group/phys_heavyions/jvelazqu/energycorr/condor_R4_axisWTA_cen//0004/L1_object_data_4293_processed.root
hadd Source file 249: /eos/cms/store/group/phys_heavyions/jvelazqu/energycorr/condor_R4_axisWTA_cen//0004/L1_object_data_4893_processed.root
hadd Source file 270: /eos/cms/store/group/phys_heavyions/jvelazqu/energycorr/condor_R4_axisWTA_cen//0000/L1_object_data_311_processed.root
hadd Source file 267: /eos/cms/store/group/phys_heavyions/jvelazqu/energycorr/condor_R4_axisWTA_cen//0003/L1_object_data_3096_processed.root
hadd Source file 295: /eos/cms/store/group/phys_heavyions/jvelazqu/energycorr/condor_R4_axisWTA_cen//0001/L1_object_data_1705_processed.root
hadd Source file 244: /eos/cms/store/group/phys_heavyions/jvelazqu/energycorr/condor_R4_axisWTA_cen//0003/L1_object_data_3678_processed.root
hadd Source file 261: /eos/cms/store/group/phys_heavyions/jvelazqu/energycorr/condor_R4_axisWTA_cen//0006/L1_object_data_706_processed.root
hadd Source file 285: /eos/cms/store/group/phys_heavyions/jvelazqu/energycorr/condor_R4_axisWTA_cen//0002/L1_object_data_2509_processed.root
hadd Source file 250: /eos/cms/store/group/phys_heavyions/jvelazqu/energycorr/condor_R4_axisWTA_cen//0004/L1_object_data_4894_processed.root
hadd Source file 296: /eos/cms/store/group/phys_heavyions/jvelazqu/energycorr/condor_R4_axisWTA_cen//0001/L1_object_data_1706_processed.root
hadd Source file 245: /eos/cms/store/group/phys_heavyions/jvelazqu/energycorr/condor_R4_axisWTA_cen//0003/L1_object_data_3679_processed.root
hadd Source file 154: /eos/cms/store/group/phys_heavyions/jvelazqu/energycorr/condor_R4_axisWTA_cen//0005/L1_object_data_5403_processed.root
hadd Source file 262: /eos/cms/store/group/phys_heavyions/jvelazqu/energycorr/condor_R4_axisWTA_cen//0001/L1_object_data_1063_processed.root
hadd Source file 246: /eos/cms/store/group/phys_heavyions/jvelazqu/energycorr/condor_R4_axisWTA_cen//0003/L1_object_data_3680_processed.root
hadd Source file 271: /eos/cms/store/group/phys_heavyions/jvelazqu/energycorr/condor_R4_axisWTA_cen//0000/L1_object_data_312_processed.root
hadd Source file 251: /eos/cms/store/group/phys_heavyions/jvelazqu/energycorr/condor_R4_axisWTA_cen//0004/L1_object_data_4895_processed.root
hadd Source file 155: /eos/cms/store/group/phys_heavyions/jvelazqu/energycorr/condor_R4_axisWTA_cen//0005/L1_object_data_5404_processed.root
hadd Source file 263: /eos/cms/store/group/phys_heavyions/jvelazqu/energycorr/condor_R4_axisWTA_cen//0001/L1_object_data_1064_processed.root
hadd Source file 247: /eos/cms/store/group/phys_heavyions/jvelazqu/energycorr/condor_R4_axisWTA_cen//0003/L1_object_data_3681_processed.root
hadd Source file 264: /eos/cms/store/group/phys_heavyions/jvelazqu/energycorr/condor_R4_axisWTA_cen//0001/L1_object_data_1065_processed.root
hadd Source file 272: /eos/cms/store/group/phys_heavyions/jvelazqu/energycorr/condor_R4_axisWTA_cen//0000/L1_object_data_313_processed.root
hadd Source file 252: /eos/cms/store/group/phys_heavyions/jvelazqu/energycorr/condor_R4_axisWTA_cen//0004/L1_object_data_4896_processed.root
hadd Source file 262: /eos/cms/store/group/phys_heavyions/jvelazqu/energycorr/condor_R4_axisWTA_cen//0006/L1_object_data_707_processed.root
hadd Source file 255: /eos/cms/store/group/phys_heavyions/jvelazqu/energycorr/condor_R4_axisWTA_cen//0004/L1_object_data_4294_processed.root
hadd Source file 268: /eos/cms/store/group/phys_heavyions/jvelazqu/energycorr/condor_R4_axisWTA_cen//0003/L1_object_data_3097_processed.root
hadd Source file 248: /eos/cms/store/group/phys_heavyions/jvelazqu/energycorr/condor_R4_axisWTA_cen//0003/L1_object_data_3682_processed.root
hadd Source file 253: /eos/cms/store/group/phys_heavyions/jvelazqu/energycorr/condor_R4_axisWTA_cen//0004/L1_object_data_4897_processed.root
hadd Source file 265: /eos/cms/store/group/phys_heavyions/jvelazqu/energycorr/condor_R4_axisWTA_cen//0001/L1_object_data_1066_processed.root
hadd Source file 273: /eos/cms/store/group/phys_heavyions/jvelazqu/energycorr/condor_R4_axisWTA_cen//0000/L1_object_data_314_processed.root
hadd Source file 256: /eos/cms/store/group/phys_heavyions/jvelazqu/energycorr/condor_R4_axisWTA_cen//0004/L1_object_data_4295_processed.root
hadd Source file 263: /eos/cms/store/group/phys_heavyions/jvelazqu/energycorr/condor_R4_axisWTA_cen//0006/L1_object_data_708_processed.root
hadd Source file 297: /eos/cms/store/group/phys_heavyions/jvelazqu/energycorr/condor_R4_axisWTA_cen//0001/L1_object_data_1707_processed.root
hadd Source file 249: /eos/cms/store/group/phys_heavyions/jvelazqu/energycorr/condor_R4_axisWTA_cen//0003/L1_object_data_3683_processed.root
hadd Source file 156: /eos/cms/store/group/phys_heavyions/jvelazqu/energycorr/condor_R4_axisWTA_cen//0005/L1_object_data_5405_processed.root
hadd Source file 266: /eos/cms/store/group/phys_heavyions/jvelazqu/energycorr/condor_R4_axisWTA_cen//0001/L1_object_data_1067_processed.root
hadd Source file 274: /eos/cms/store/group/phys_heavyions/jvelazqu/energycorr/condor_R4_axisWTA_cen//0000/L1_object_data_315_processed.root
hadd Source file 254: /eos/cms/store/group/phys_heavyions/jvelazqu/energycorr/condor_R4_axisWTA_cen//0004/L1_object_data_4898_processed.root
hadd Source file 269: /eos/cms/store/group/phys_heavyions/jvelazqu/energycorr/condor_R4_axisWTA_cen//0003/L1_object_data_3098_processed.root
hadd Source file 257: /eos/cms/store/group/phys_heavyions/jvelazqu/energycorr/condor_R4_axisWTA_cen//0004/L1_object_data_4296_processed.root
hadd Source file 264: /eos/cms/store/group/phys_heavyions/jvelazqu/energycorr/condor_R4_axisWTA_cen//0006/L1_object_data_709_processed.root
hadd Source file 286: /eos/cms/store/group/phys_heavyions/jvelazqu/energycorr/condor_R4_axisWTA_cen//0002/L1_object_data_2510_processed.root
hadd Source file 157: /eos/cms/store/group/phys_heavyions/jvelazqu/energycorr/condor_R4_axisWTA_cen//0005/L1_object_data_5406_processed.root
hadd Source file 275: /eos/cms/store/group/phys_heavyions/jvelazqu/energycorr/condor_R4_axisWTA_cen//0000/L1_object_data_316_processed.root
hadd Source file 250: /eos/cms/store/group/phys_heavyions/jvelazqu/energycorr/condor_R4_axisWTA_cen//0003/L1_object_data_3684_processed.root
hadd Source file 267: /eos/cms/store/group/phys_heavyions/jvelazqu/energycorr/condor_R4_axisWTA_cen//0001/L1_object_data_1068_processed.root
hadd Source file 270: /eos/cms/store/group/phys_heavyions/jvelazqu/energycorr/condor_R4_axisWTA_cen//0003/L1_object_data_3099_processed.root
hadd Source file 258: /eos/cms/store/group/phys_heavyions/jvelazqu/energycorr/condor_R4_axisWTA_cen//0004/L1_object_data_4297_processed.root
hadd Source file 255: /eos/cms/store/group/phys_heavyions/jvelazqu/energycorr/condor_R4_axisWTA_cen//0004/L1_object_data_4899_processed.root
hadd Source file 158: /eos/cms/store/group/phys_heavyions/jvelazqu/energycorr/condor_R4_axisWTA_cen//0005/L1_object_data_5407_processed.root
hadd Source file 276: /eos/cms/store/group/phys_heavyions/jvelazqu/energycorr/condor_R4_axisWTA_cen//0000/L1_object_data_317_processed.root
hadd Source file 268: /eos/cms/store/group/phys_heavyions/jvelazqu/energycorr/condor_R4_axisWTA_cen//0001/L1_object_data_1069_processed.root
hadd Source file 251: /eos/cms/store/group/phys_heavyions/jvelazqu/energycorr/condor_R4_axisWTA_cen//0003/L1_object_data_3685_processed.root
hadd Source file 287: /eos/cms/store/group/phys_heavyions/jvelazqu/energycorr/condor_R4_axisWTA_cen//0002/L1_object_data_2511_processed.root
hadd Source file 271: /eos/cms/store/group/phys_heavyions/jvelazqu/energycorr/condor_R4_axisWTA_cen//0003/L1_object_data_3100_processed.root
hadd Source file 259: /eos/cms/store/group/phys_heavyions/jvelazqu/energycorr/condor_R4_axisWTA_cen//0004/L1_object_data_4298_processed.root
hadd Source file 256: /eos/cms/store/group/phys_heavyions/jvelazqu/energycorr/condor_R4_axisWTA_cen//0004/L1_object_data_4900_processed.root
hadd Source file 277: /eos/cms/store/group/phys_heavyions/jvelazqu/energycorr/condor_R4_axisWTA_cen//0000/L1_object_data_318_processed.root
hadd Source file 288: /eos/cms/store/group/phys_heavyions/jvelazqu/energycorr/condor_R4_axisWTA_cen//0002/L1_object_data_2512_processed.root
hadd Source file 269: /eos/cms/store/group/phys_heavyions/jvelazqu/energycorr/condor_R4_axisWTA_cen//0001/L1_object_data_1070_processed.root
hadd Source file 298: /eos/cms/store/group/phys_heavyions/jvelazqu/energycorr/condor_R4_axisWTA_cen//0001/L1_object_data_1708_processed.root
hadd Source file 257: /eos/cms/store/group/phys_heavyions/jvelazqu/energycorr/condor_R4_axisWTA_cen//0004/L1_object_data_4901_processed.root
hadd Source file 260: /eos/cms/store/group/phys_heavyions/jvelazqu/energycorr/condor_R4_axisWTA_cen//0004/L1_object_data_4299_processed.root
hadd Source file 270: /eos/cms/store/group/phys_heavyions/jvelazqu/energycorr/condor_R4_axisWTA_cen//0001/L1_object_data_1071_processed.root
hadd Source file 289: /eos/cms/store/group/phys_heavyions/jvelazqu/energycorr/condor_R4_axisWTA_cen//0002/L1_object_data_2513_processed.root
hadd Source file 265: /eos/cms/store/group/phys_heavyions/jvelazqu/energycorr/condor_R4_axisWTA_cen//0006/L1_object_data_710_processed.root
hadd Source file 159: /eos/cms/store/group/phys_heavyions/jvelazqu/energycorr/condor_R4_axisWTA_cen//0005/L1_object_data_5408_processed.root
hadd Source file 252: /eos/cms/store/group/phys_heavyions/jvelazqu/energycorr/condor_R4_axisWTA_cen//0003/L1_object_data_3686_processed.root
hadd Source file 261: /eos/cms/store/group/phys_heavyions/jvelazqu/energycorr/condor_R4_axisWTA_cen//0004/L1_object_data_4300_processed.root
hadd Source file 160: /eos/cms/store/group/phys_heavyions/jvelazqu/energycorr/condor_R4_axisWTA_cen//0005/L1_object_data_5409_processed.root
hadd Source file 271: /eos/cms/store/group/phys_heavyions/jvelazqu/energycorr/condor_R4_axisWTA_cen//0001/L1_object_data_1072_processed.root
hadd Source file 258: /eos/cms/store/group/phys_heavyions/jvelazqu/energycorr/condor_R4_axisWTA_cen//0004/L1_object_data_4902_processed.root
hadd Source file 266: /eos/cms/store/group/phys_heavyions/jvelazqu/energycorr/condor_R4_axisWTA_cen//0006/L1_object_data_711_processed.root
hadd Source file 290: /eos/cms/store/group/phys_heavyions/jvelazqu/energycorr/condor_R4_axisWTA_cen//0002/L1_object_data_2514_processed.root
hadd Source file 262: /eos/cms/store/group/phys_heavyions/jvelazqu/energycorr/condor_R4_axisWTA_cen//0004/L1_object_data_4301_processed.root
hadd Source file 267: /eos/cms/store/group/phys_heavyions/jvelazqu/energycorr/condor_R4_axisWTA_cen//0006/L1_object_data_712_processed.root
hadd Source file 278: /eos/cms/store/group/phys_heavyions/jvelazqu/energycorr/condor_R4_axisWTA_cen//0000/L1_object_data_319_processed.root
hadd Source file 253: /eos/cms/store/group/phys_heavyions/jvelazqu/energycorr/condor_R4_axisWTA_cen//0003/L1_object_data_3687_processed.root
hadd Source file 272: /eos/cms/store/group/phys_heavyions/jvelazqu/energycorr/condor_R4_axisWTA_cen//0003/L1_object_data_3101_processed.root
hadd Source file 259: /eos/cms/store/group/phys_heavyions/jvelazqu/energycorr/condor_R4_axisWTA_cen//0004/L1_object_data_4903_processed.root
hadd Source file 291: /eos/cms/store/group/phys_heavyions/jvelazqu/energycorr/condor_R4_axisWTA_cen//0002/L1_object_data_2515_processed.root
hadd Source file 161: /eos/cms/store/group/phys_heavyions/jvelazqu/energycorr/condor_R4_axisWTA_cen//0005/L1_object_data_5410_processed.root
hadd Source file 272: /eos/cms/store/group/phys_heavyions/jvelazqu/energycorr/condor_R4_axisWTA_cen//0001/L1_object_data_1073_processed.root
hadd Source file 268: /eos/cms/store/group/phys_heavyions/jvelazqu/energycorr/condor_R4_axisWTA_cen//0006/L1_object_data_713_processed.root
hadd Source file 254: /eos/cms/store/group/phys_heavyions/jvelazqu/energycorr/condor_R4_axisWTA_cen//0003/L1_object_data_3688_processed.root
hadd Source file 263: /eos/cms/store/group/phys_heavyions/jvelazqu/energycorr/condor_R4_axisWTA_cen//0004/L1_object_data_4302_processed.root
hadd Source file 279: /eos/cms/store/group/phys_heavyions/jvelazqu/energycorr/condor_R4_axisWTA_cen//0000/L1_object_data_320_processed.root
hadd Source file 273: /eos/cms/store/group/phys_heavyions/jvelazqu/energycorr/condor_R4_axisWTA_cen//0001/L1_object_data_1074_processed.root
hadd Source file 299: /eos/cms/store/group/phys_heavyions/jvelazqu/energycorr/condor_R4_axisWTA_cen//0001/L1_object_data_1709_processed.root
hadd Source file 292: /eos/cms/store/group/phys_heavyions/jvelazqu/energycorr/condor_R4_axisWTA_cen//0002/L1_object_data_2516_processed.root
hadd Source file 269: /eos/cms/store/group/phys_heavyions/jvelazqu/energycorr/condor_R4_axisWTA_cen//0006/L1_object_data_714_processed.root
hadd Source file 293: /eos/cms/store/group/phys_heavyions/jvelazqu/energycorr/condor_R4_axisWTA_cen//0002/L1_object_data_2517_processed.root
hadd Source file 300: /eos/cms/store/group/phys_heavyions/jvelazqu/energycorr/condor_R4_axisWTA_cen//0001/L1_object_data_1710_processed.root
hadd Source file 273: /eos/cms/store/group/phys_heavyions/jvelazqu/energycorr/condor_R4_axisWTA_cen//0003/L1_object_data_3102_processed.root
hadd Source file 264: /eos/cms/store/group/phys_heavyions/jvelazqu/energycorr/condor_R4_axisWTA_cen//0004/L1_object_data_4303_processed.root
hadd Source file 280: /eos/cms/store/group/phys_heavyions/jvelazqu/energycorr/condor_R4_axisWTA_cen//0000/L1_object_data_321_processed.root
hadd Source file 255: /eos/cms/store/group/phys_heavyions/jvelazqu/energycorr/condor_R4_axisWTA_cen//0003/L1_object_data_3689_processed.root
hadd Source file 294: /eos/cms/store/group/phys_heavyions/jvelazqu/energycorr/condor_R4_axisWTA_cen//0002/L1_object_data_2518_processed.root
hadd Source file 270: /eos/cms/store/group/phys_heavyions/jvelazqu/energycorr/condor_R4_axisWTA_cen//0006/L1_object_data_715_processed.root
hadd Source file 265: /eos/cms/store/group/phys_heavyions/jvelazqu/energycorr/condor_R4_axisWTA_cen//0004/L1_object_data_4304_processed.root
hadd Source file 281: /eos/cms/store/group/phys_heavyions/jvelazqu/energycorr/condor_R4_axisWTA_cen//0000/L1_object_data_322_processed.root
hadd Source file 274: /eos/cms/store/group/phys_heavyions/jvelazqu/energycorr/condor_R4_axisWTA_cen//0003/L1_object_data_3103_processed.root
hadd Source file 274: /eos/cms/store/group/phys_heavyions/jvelazqu/energycorr/condor_R4_axisWTA_cen//0001/L1_object_data_1075_processed.root
hadd Source file 301: /eos/cms/store/group/phys_heavyions/jvelazqu/energycorr/condor_R4_axisWTA_cen//0001/L1_object_data_1711_processed.root
hadd Source file 256: /eos/cms/store/group/phys_heavyions/jvelazqu/energycorr/condor_R4_axisWTA_cen//0003/L1_object_data_3690_processed.root
hadd Source file 295: /eos/cms/store/group/phys_heavyions/jvelazqu/energycorr/condor_R4_axisWTA_cen//0002/L1_object_data_2519_processed.root
hadd Source file 162: /eos/cms/store/group/phys_heavyions/jvelazqu/energycorr/condor_R4_axisWTA_cen//0005/L1_object_data_5411_processed.root
hadd Source file 282: /eos/cms/store/group/phys_heavyions/jvelazqu/energycorr/condor_R4_axisWTA_cen//0000/L1_object_data_323_processed.root
hadd Source file 302: /eos/cms/store/group/phys_heavyions/jvelazqu/energycorr/condor_R4_axisWTA_cen//0001/L1_object_data_1712_processed.root
hadd Source file 275: /eos/cms/store/group/phys_heavyions/jvelazqu/energycorr/condor_R4_axisWTA_cen//0003/L1_object_data_3104_processed.root
hadd Source file 266: /eos/cms/store/group/phys_heavyions/jvelazqu/energycorr/condor_R4_axisWTA_cen//0004/L1_object_data_4305_processed.root
hadd Source file 271: /eos/cms/store/group/phys_heavyions/jvelazqu/energycorr/condor_R4_axisWTA_cen//0006/L1_object_data_716_processed.root
hadd Source file 296: /eos/cms/store/group/phys_heavyions/jvelazqu/energycorr/condor_R4_axisWTA_cen//0002/L1_object_data_2520_processed.root
hadd Source file 272: /eos/cms/store/group/phys_heavyions/jvelazqu/energycorr/condor_R4_axisWTA_cen//0006/L1_object_data_717_processed.root
hadd Source file 163: /eos/cms/store/group/phys_heavyions/jvelazqu/energycorr/condor_R4_axisWTA_cen//0005/L1_object_data_5412_processed.root
hadd Source file 267: /eos/cms/store/group/phys_heavyions/jvelazqu/energycorr/condor_R4_axisWTA_cen//0004/L1_object_data_4306_processed.root
hadd Source file 268: /eos/cms/store/group/phys_heavyions/jvelazqu/energycorr/condor_R4_axisWTA_cen//0004/L1_object_data_4307_processed.root
hadd Source file 297: /eos/cms/store/group/phys_heavyions/jvelazqu/energycorr/condor_R4_axisWTA_cen//0002/L1_object_data_2521_processed.root
hadd Source file 164: /eos/cms/store/group/phys_heavyions/jvelazqu/energycorr/condor_R4_axisWTA_cen//0005/L1_object_data_5413_processed.root
hadd Source file 273: /eos/cms/store/group/phys_heavyions/jvelazqu/energycorr/condor_R4_axisWTA_cen//0006/L1_object_data_718_processed.root
hadd Source file 276: /eos/cms/store/group/phys_heavyions/jvelazqu/energycorr/condor_R4_axisWTA_cen//0003/L1_object_data_3105_processed.root
hadd Source file 298: /eos/cms/store/group/phys_heavyions/jvelazqu/energycorr/condor_R4_axisWTA_cen//0002/L1_object_data_2522_processed.root
hadd Source file 269: /eos/cms/store/group/phys_heavyions/jvelazqu/energycorr/condor_R4_axisWTA_cen//0004/L1_object_data_4308_processed.root
hadd Source file 257: /eos/cms/store/group/phys_heavyions/jvelazqu/energycorr/condor_R4_axisWTA_cen//0003/L1_object_data_3691_processed.root
hadd Source file 275: /eos/cms/store/group/phys_heavyions/jvelazqu/energycorr/condor_R4_axisWTA_cen//0001/L1_object_data_1076_processed.root
hadd Source file 277: /eos/cms/store/group/phys_heavyions/jvelazqu/energycorr/condor_R4_axisWTA_cen//0003/L1_object_data_3106_processed.root
hadd Source file 165: /eos/cms/store/group/phys_heavyions/jvelazqu/energycorr/condor_R4_axisWTA_cen//0005/L1_object_data_5414_processed.root
hadd Source file 303: /eos/cms/store/group/phys_heavyions/jvelazqu/energycorr/condor_R4_axisWTA_cen//0001/L1_object_data_1713_processed.root
hadd Source file 299: /eos/cms/store/group/phys_heavyions/jvelazqu/energycorr/condor_R4_axisWTA_cen//0002/L1_object_data_2523_processed.root
hadd Source file 283: /eos/cms/store/group/phys_heavyions/jvelazqu/energycorr/condor_R4_axisWTA_cen//0000/L1_object_data_324_processed.root
hadd Source file 270: /eos/cms/store/group/phys_heavyions/jvelazqu/energycorr/condor_R4_axisWTA_cen//0004/L1_object_data_4309_processed.root
hadd Source file 300: /eos/cms/store/group/phys_heavyions/jvelazqu/energycorr/condor_R4_axisWTA_cen//0002/L1_object_data_2524_processed.root
hadd Source file 166: /eos/cms/store/group/phys_heavyions/jvelazqu/energycorr/condor_R4_axisWTA_cen//0005/L1_object_data_5415_processed.root
hadd Source file 278: /eos/cms/store/group/phys_heavyions/jvelazqu/energycorr/condor_R4_axisWTA_cen//0003/L1_object_data_3107_processed.root
hadd Source file 258: /eos/cms/store/group/phys_heavyions/jvelazqu/energycorr/condor_R4_axisWTA_cen//0003/L1_object_data_3692_processed.root
hadd Source file 304: /eos/cms/store/group/phys_heavyions/jvelazqu/energycorr/condor_R4_axisWTA_cen//0001/L1_object_data_1714_processed.root
hadd Source file 301: /eos/cms/store/group/phys_heavyions/jvelazqu/energycorr/condor_R4_axisWTA_cen//0002/L1_object_data_2525_processed.root
hadd Source file 271: /eos/cms/store/group/phys_heavyions/jvelazqu/energycorr/condor_R4_axisWTA_cen//0004/L1_object_data_4310_processed.root
hadd Source file 272: /eos/cms/store/group/phys_heavyions/jvelazqu/energycorr/condor_R4_axisWTA_cen//0004/L1_object_data_4311_processed.root
hadd Source file 279: /eos/cms/store/group/phys_heavyions/jvelazqu/energycorr/condor_R4_axisWTA_cen//0003/L1_object_data_3108_processed.root
hadd Source file 276: /eos/cms/store/group/phys_heavyions/jvelazqu/energycorr/condor_R4_axisWTA_cen//0001/L1_object_data_1077_processed.root
hadd Source file 167: /eos/cms/store/group/phys_heavyions/jvelazqu/energycorr/condor_R4_axisWTA_cen//0005/L1_object_data_5416_processed.root
hadd Source file 305: /eos/cms/store/group/phys_heavyions/jvelazqu/energycorr/condor_R4_axisWTA_cen//0001/L1_object_data_1715_processed.root
hadd Source file 302: /eos/cms/store/group/phys_heavyions/jvelazqu/energycorr/condor_R4_axisWTA_cen//0002/L1_object_data_2526_processed.root
hadd Source file 273: /eos/cms/store/group/phys_heavyions/jvelazqu/energycorr/condor_R4_axisWTA_cen//0004/L1_object_data_4312_processed.root
hadd Source file 280: /eos/cms/store/group/phys_heavyions/jvelazqu/energycorr/condor_R4_axisWTA_cen//0003/L1_object_data_3109_processed.root
hadd Source file 168: /eos/cms/store/group/phys_heavyions/jvelazqu/energycorr/condor_R4_axisWTA_cen//0005/L1_object_data_5417_processed.root
hadd Source file 306: /eos/cms/store/group/phys_heavyions/jvelazqu/energycorr/condor_R4_axisWTA_cen//0001/L1_object_data_1716_processed.root
hadd Source file 277: /eos/cms/store/group/phys_heavyions/jvelazqu/energycorr/condor_R4_axisWTA_cen//0001/L1_object_data_1078_processed.root
hadd Source file 303: /eos/cms/store/group/phys_heavyions/jvelazqu/energycorr/condor_R4_axisWTA_cen//0002/L1_object_data_2527_processed.root
hadd Source file 281: /eos/cms/store/group/phys_heavyions/jvelazqu/energycorr/condor_R4_axisWTA_cen//0003/L1_object_data_3110_processed.root
hadd Source file 169: /eos/cms/store/group/phys_heavyions/jvelazqu/energycorr/condor_R4_axisWTA_cen//0005/L1_object_data_5418_processed.root
hadd Source file 260: /eos/cms/store/group/phys_heavyions/jvelazqu/energycorr/condor_R4_axisWTA_cen//0004/L1_object_data_4904_processed.root
hadd Source file 304: /eos/cms/store/group/phys_heavyions/jvelazqu/energycorr/condor_R4_axisWTA_cen//0002/L1_object_data_2528_processed.root
hadd Source file 307: /eos/cms/store/group/phys_heavyions/jvelazqu/energycorr/condor_R4_axisWTA_cen//0001/L1_object_data_1717_processed.root
hadd Source file 170: /eos/cms/store/group/phys_heavyions/jvelazqu/energycorr/condor_R4_axisWTA_cen//0005/L1_object_data_5419_processed.root
hadd Source file 261: /eos/cms/store/group/phys_heavyions/jvelazqu/energycorr/condor_R4_axisWTA_cen//0004/L1_object_data_4905_processed.root
hadd Source file 259: /eos/cms/store/group/phys_heavyions/jvelazqu/energycorr/condor_R4_axisWTA_cen//0003/L1_object_data_3693_processed.root
hadd Source file 305: /eos/cms/store/group/phys_heavyions/jvelazqu/energycorr/condor_R4_axisWTA_cen//0002/L1_object_data_2529_processed.root
hadd Source file 282: /eos/cms/store/group/phys_heavyions/jvelazqu/energycorr/condor_R4_axisWTA_cen//0003/L1_object_data_3111_processed.root
hadd Source file 308: /eos/cms/store/group/phys_heavyions/jvelazqu/energycorr/condor_R4_axisWTA_cen//0001/L1_object_data_1719_processed.root
hadd Source file 260: /eos/cms/store/group/phys_heavyions/jvelazqu/energycorr/condor_R4_axisWTA_cen//0003/L1_object_data_3694_processed.root
hadd Source file 309: /eos/cms/store/group/phys_heavyions/jvelazqu/energycorr/condor_R4_axisWTA_cen//0001/L1_object_data_1720_processed.root
hadd Source file 262: /eos/cms/store/group/phys_heavyions/jvelazqu/energycorr/condor_R4_axisWTA_cen//0004/L1_object_data_4906_processed.root
hadd Source file 274: /eos/cms/store/group/phys_heavyions/jvelazqu/energycorr/condor_R4_axisWTA_cen//0006/L1_object_data_719_processed.root
hadd Source file 306: /eos/cms/store/group/phys_heavyions/jvelazqu/energycorr/condor_R4_axisWTA_cen//0002/L1_object_data_2530_processed.root
hadd Source file 310: /eos/cms/store/group/phys_heavyions/jvelazqu/energycorr/condor_R4_axisWTA_cen//0001/L1_object_data_1721_processed.root
hadd Source file 278: /eos/cms/store/group/phys_heavyions/jvelazqu/energycorr/condor_R4_axisWTA_cen//0001/L1_object_data_1079_processed.root
hadd Source file 261: /eos/cms/store/group/phys_heavyions/jvelazqu/energycorr/condor_R4_axisWTA_cen//0003/L1_object_data_3695_processed.root
hadd Source file 263: /eos/cms/store/group/phys_heavyions/jvelazqu/energycorr/condor_R4_axisWTA_cen//0004/L1_object_data_4907_processed.root
hadd Source file 275: /eos/cms/store/group/phys_heavyions/jvelazqu/energycorr/condor_R4_axisWTA_cen//0006/L1_object_data_720_processed.root
hadd Source file 279: /eos/cms/store/group/phys_heavyions/jvelazqu/energycorr/condor_R4_axisWTA_cen//0001/L1_object_data_1080_processed.root
hadd Source file 274: /eos/cms/store/group/phys_heavyions/jvelazqu/energycorr/condor_R4_axisWTA_cen//0004/L1_object_data_4313_processed.root
hadd Source file 311: /eos/cms/store/group/phys_heavyions/jvelazqu/energycorr/condor_R4_axisWTA_cen//0001/L1_object_data_1722_processed.root
hadd Source file 262: /eos/cms/store/group/phys_heavyions/jvelazqu/energycorr/condor_R4_axisWTA_cen//0003/L1_object_data_3696_processed.root
hadd Source file 171: /eos/cms/store/group/phys_heavyions/jvelazqu/energycorr/condor_R4_axisWTA_cen//0005/L1_object_data_5420_processed.root
hadd Source file 307: /eos/cms/store/group/phys_heavyions/jvelazqu/energycorr/condor_R4_axisWTA_cen//0002/L1_object_data_2531_processed.root
hadd Source file 264: /eos/cms/store/group/phys_heavyions/jvelazqu/energycorr/condor_R4_axisWTA_cen//0004/L1_object_data_4908_processed.root
hadd Source file 283: /eos/cms/store/group/phys_heavyions/jvelazqu/energycorr/condor_R4_axisWTA_cen//0003/L1_object_data_3112_processed.root
hadd Source file 312: /eos/cms/store/group/phys_heavyions/jvelazqu/energycorr/condor_R4_axisWTA_cen//0001/L1_object_data_1723_processed.root
hadd Source file 280: /eos/cms/store/group/phys_heavyions/jvelazqu/energycorr/condor_R4_axisWTA_cen//0001/L1_object_data_1081_processed.root
hadd Source file 308: /eos/cms/store/group/phys_heavyions/jvelazqu/energycorr/condor_R4_axisWTA_cen//0002/L1_object_data_2532_processed.root
hadd Source file 265: /eos/cms/store/group/phys_heavyions/jvelazqu/energycorr/condor_R4_axisWTA_cen//0004/L1_object_data_4909_processed.root
hadd Source file 263: /eos/cms/store/group/phys_heavyions/jvelazqu/energycorr/condor_R4_axisWTA_cen//0003/L1_object_data_3697_processed.root
hadd Source file 284: /eos/cms/store/group/phys_heavyions/jvelazqu/energycorr/condor_R4_axisWTA_cen//0003/L1_object_data_3113_processed.root
hadd Source file 313: /eos/cms/store/group/phys_heavyions/jvelazqu/energycorr/condor_R4_axisWTA_cen//0001/L1_object_data_1724_processed.root
hadd Source file 281: /eos/cms/store/group/phys_heavyions/jvelazqu/energycorr/condor_R4_axisWTA_cen//0001/L1_object_data_1082_processed.root
hadd Source file 264: /eos/cms/store/group/phys_heavyions/jvelazqu/energycorr/condor_R4_axisWTA_cen//0003/L1_object_data_3698_processed.root
hadd Source file 266: /eos/cms/store/group/phys_heavyions/jvelazqu/energycorr/condor_R4_axisWTA_cen//0004/L1_object_data_4910_processed.root
hadd Source file 314: /eos/cms/store/group/phys_heavyions/jvelazqu/energycorr/condor_R4_axisWTA_cen//0001/L1_object_data_1725_processed.root
hadd Source file 285: /eos/cms/store/group/phys_heavyions/jvelazqu/energycorr/condor_R4_axisWTA_cen//0003/L1_object_data_3114_processed.root
hadd Source file 172: /eos/cms/store/group/phys_heavyions/jvelazqu/energycorr/condor_R4_axisWTA_cen//0005/L1_object_data_5421_processed.root
hadd Source file 276: /eos/cms/store/group/phys_heavyions/jvelazqu/energycorr/condor_R4_axisWTA_cen//0006/L1_object_data_721_processed.root
hadd Source file 267: /eos/cms/store/group/phys_heavyions/jvelazqu/energycorr/condor_R4_axisWTA_cen//0004/L1_object_data_4911_processed.root
hadd Source file 265: /eos/cms/store/group/phys_heavyions/jvelazqu/energycorr/condor_R4_axisWTA_cen//0003/L1_object_data_3699_processed.root
hadd Source file 282: /eos/cms/store/group/phys_heavyions/jvelazqu/energycorr/condor_R4_axisWTA_cen//0001/L1_object_data_1083_processed.root
hadd Source file 286: /eos/cms/store/group/phys_heavyions/jvelazqu/energycorr/condor_R4_axisWTA_cen//0003/L1_object_data_3115_processed.root
hadd Source file 315: /eos/cms/store/group/phys_heavyions/jvelazqu/energycorr/condor_R4_axisWTA_cen//0001/L1_object_data_1726_processed.root
hadd Source file 275: /eos/cms/store/group/phys_heavyions/jvelazqu/energycorr/condor_R4_axisWTA_cen//0004/L1_object_data_4314_processed.root
hadd Source file 268: /eos/cms/store/group/phys_heavyions/jvelazqu/energycorr/condor_R4_axisWTA_cen//0004/L1_object_data_4912_processed.root
hadd Source file 266: /eos/cms/store/group/phys_heavyions/jvelazqu/energycorr/condor_R4_axisWTA_cen//0003/L1_object_data_3700_processed.root
hadd Source file 173: /eos/cms/store/group/phys_heavyions/jvelazqu/energycorr/condor_R4_axisWTA_cen//0005/L1_object_data_5422_processed.root
hadd Source file 316: /eos/cms/store/group/phys_heavyions/jvelazqu/energycorr/condor_R4_axisWTA_cen//0001/L1_object_data_1727_processed.root
hadd Source file 287: /eos/cms/store/group/phys_heavyions/jvelazqu/energycorr/condor_R4_axisWTA_cen//0003/L1_object_data_3116_processed.root
hadd Source file 277: /eos/cms/store/group/phys_heavyions/jvelazqu/energycorr/condor_R4_axisWTA_cen//0006/L1_object_data_722_processed.root
hadd Source file 276: /eos/cms/store/group/phys_heavyions/jvelazqu/energycorr/condor_R4_axisWTA_cen//0004/L1_object_data_4315_processed.root
hadd Source file 269: /eos/cms/store/group/phys_heavyions/jvelazqu/energycorr/condor_R4_axisWTA_cen//0004/L1_object_data_4913_processed.root
hadd Source file 267: /eos/cms/store/group/phys_heavyions/jvelazqu/energycorr/condor_R4_axisWTA_cen//0003/L1_object_data_3701_processed.root
hadd Source file 283: /eos/cms/store/group/phys_heavyions/jvelazqu/energycorr/condor_R4_axisWTA_cen//0001/L1_object_data_1084_processed.root
hadd Source file 174: /eos/cms/store/group/phys_heavyions/jvelazqu/energycorr/condor_R4_axisWTA_cen//0005/L1_object_data_5423_processed.root
hadd Source file 288: /eos/cms/store/group/phys_heavyions/jvelazqu/energycorr/condor_R4_axisWTA_cen//0003/L1_object_data_3117_processed.root
hadd Source file 309: /eos/cms/store/group/phys_heavyions/jvelazqu/energycorr/condor_R4_axisWTA_cen//0002/L1_object_data_2533_processed.root
hadd Source file 277: /eos/cms/store/group/phys_heavyions/jvelazqu/energycorr/condor_R4_axisWTA_cen//0004/L1_object_data_4316_processed.root
hadd Source file 284: /eos/cms/store/group/phys_heavyions/jvelazqu/energycorr/condor_R4_axisWTA_cen//0001/L1_object_data_1085_processed.root
hadd Source file 268: /eos/cms/store/group/phys_heavyions/jvelazqu/energycorr/condor_R4_axisWTA_cen//0003/L1_object_data_3702_processed.root
hadd Source file 289: /eos/cms/store/group/phys_heavyions/jvelazqu/energycorr/condor_R4_axisWTA_cen//0003/L1_object_data_3118_processed.root
hadd Source file 310: /eos/cms/store/group/phys_heavyions/jvelazqu/energycorr/condor_R4_axisWTA_cen//0002/L1_object_data_2534_processed.root
hadd Source file 278: /eos/cms/store/group/phys_heavyions/jvelazqu/energycorr/condor_R4_axisWTA_cen//0006/L1_object_data_723_processed.root
hadd Source file 285: /eos/cms/store/group/phys_heavyions/jvelazqu/energycorr/condor_R4_axisWTA_cen//0001/L1_object_data_1086_processed.root
hadd Source file 311: /eos/cms/store/group/phys_heavyions/jvelazqu/energycorr/condor_R4_axisWTA_cen//0002/L1_object_data_2535_processed.root
hadd Source file 279: /eos/cms/store/group/phys_heavyions/jvelazqu/energycorr/condor_R4_axisWTA_cen//0006/L1_object_data_724_processed.root
hadd Source file 278: /eos/cms/store/group/phys_heavyions/jvelazqu/energycorr/condor_R4_axisWTA_cen//0004/L1_object_data_4317_processed.root
hadd Source file 286: /eos/cms/store/group/phys_heavyions/jvelazqu/energycorr/condor_R4_axisWTA_cen//0001/L1_object_data_1087_processed.root
hadd Source file 317: /eos/cms/store/group/phys_heavyions/jvelazqu/energycorr/condor_R4_axisWTA_cen//0001/L1_object_data_1728_processed.root
hadd Source file 280: /eos/cms/store/group/phys_heavyions/jvelazqu/energycorr/condor_R4_axisWTA_cen//0006/L1_object_data_725_processed.root
hadd Source file 312: /eos/cms/store/group/phys_heavyions/jvelazqu/energycorr/condor_R4_axisWTA_cen//0002/L1_object_data_2536_processed.root
hadd Source file 270: /eos/cms/store/group/phys_heavyions/jvelazqu/energycorr/condor_R4_axisWTA_cen//0004/L1_object_data_4914_processed.root
hadd Source file 175: /eos/cms/store/group/phys_heavyions/jvelazqu/energycorr/condor_R4_axisWTA_cen//0005/L1_object_data_5424_processed.root
hadd Source file 287: /eos/cms/store/group/phys_heavyions/jvelazqu/energycorr/condor_R4_axisWTA_cen//0001/L1_object_data_1088_processed.root
hadd Source file 279: /eos/cms/store/group/phys_heavyions/jvelazqu/energycorr/condor_R4_axisWTA_cen//0004/L1_object_data_4318_processed.root
hadd Source file 318: /eos/cms/store/group/phys_heavyions/jvelazqu/energycorr/condor_R4_axisWTA_cen//0001/L1_object_data_1729_processed.root
hadd Source file 281: /eos/cms/store/group/phys_heavyions/jvelazqu/energycorr/condor_R4_axisWTA_cen//0006/L1_object_data_726_processed.root
hadd Source file 313: /eos/cms/store/group/phys_heavyions/jvelazqu/energycorr/condor_R4_axisWTA_cen//0002/L1_object_data_2537_processed.root
hadd Source file 288: /eos/cms/store/group/phys_heavyions/jvelazqu/energycorr/condor_R4_axisWTA_cen//0001/L1_object_data_1089_processed.root
hadd Source file 271: /eos/cms/store/group/phys_heavyions/jvelazqu/energycorr/condor_R4_axisWTA_cen//0004/L1_object_data_4915_processed.root
hadd Source file 269: /eos/cms/store/group/phys_heavyions/jvelazqu/energycorr/condor_R4_axisWTA_cen//0003/L1_object_data_3703_processed.root
hadd Source file 280: /eos/cms/store/group/phys_heavyions/jvelazqu/energycorr/condor_R4_axisWTA_cen//0004/L1_object_data_4319_processed.root
hadd Source file 282: /eos/cms/store/group/phys_heavyions/jvelazqu/energycorr/condor_R4_axisWTA_cen//0006/L1_object_data_727_processed.root
hadd Source file 319: /eos/cms/store/group/phys_heavyions/jvelazqu/energycorr/condor_R4_axisWTA_cen//0001/L1_object_data_1730_processed.root
hadd Source file 314: /eos/cms/store/group/phys_heavyions/jvelazqu/energycorr/condor_R4_axisWTA_cen//0002/L1_object_data_2538_processed.root
hadd Source file 270: /eos/cms/store/group/phys_heavyions/jvelazqu/energycorr/condor_R4_axisWTA_cen//0003/L1_object_data_3704_processed.root
hadd Source file 290: /eos/cms/store/group/phys_heavyions/jvelazqu/energycorr/condor_R4_axisWTA_cen//0003/L1_object_data_3119_processed.root
hadd Source file 289: /eos/cms/store/group/phys_heavyions/jvelazqu/energycorr/condor_R4_axisWTA_cen//0001/L1_object_data_1090_processed.root
hadd Source file 320: /eos/cms/store/group/phys_heavyions/jvelazqu/energycorr/condor_R4_axisWTA_cen//0001/L1_object_data_1731_processed.root
hadd Source file 271: /eos/cms/store/group/phys_heavyions/jvelazqu/energycorr/condor_R4_axisWTA_cen//0003/L1_object_data_3705_processed.root
hadd Source file 281: /eos/cms/store/group/phys_heavyions/jvelazqu/energycorr/condor_R4_axisWTA_cen//0004/L1_object_data_4320_processed.root
hadd Source file 315: /eos/cms/store/group/phys_heavyions/jvelazqu/energycorr/condor_R4_axisWTA_cen//0002/L1_object_data_2539_processed.root
hadd Source file 321: /eos/cms/store/group/phys_heavyions/jvelazqu/energycorr/condor_R4_axisWTA_cen//0001/L1_object_data_1732_processed.root
hadd Source file 316: /eos/cms/store/group/phys_heavyions/jvelazqu/energycorr/condor_R4_axisWTA_cen//0002/L1_object_data_2540_processed.root
hadd Source file 176: /eos/cms/store/group/phys_heavyions/jvelazqu/energycorr/condor_R4_axisWTA_cen//0005/L1_object_data_5425_processed.root
hadd Source file 272: /eos/cms/store/group/phys_heavyions/jvelazqu/energycorr/condor_R4_axisWTA_cen//0003/L1_object_data_3706_processed.root
hadd Source file 322: /eos/cms/store/group/phys_heavyions/jvelazqu/energycorr/condor_R4_axisWTA_cen//0001/L1_object_data_1733_processed.root
hadd Source file 177: /eos/cms/store/group/phys_heavyions/jvelazqu/energycorr/condor_R4_axisWTA_cen//0005/L1_object_data_5426_processed.root
hadd Source file 317: /eos/cms/store/group/phys_heavyions/jvelazqu/energycorr/condor_R4_axisWTA_cen//0002/L1_object_data_2541_processed.root
hadd Source file 273: /eos/cms/store/group/phys_heavyions/jvelazqu/energycorr/condor_R4_axisWTA_cen//0003/L1_object_data_3707_processed.root
hadd Source file 323: /eos/cms/store/group/phys_heavyions/jvelazqu/energycorr/condor_R4_axisWTA_cen//0001/L1_object_data_1734_processed.root
hadd Source file 282: /eos/cms/store/group/phys_heavyions/jvelazqu/energycorr/condor_R4_axisWTA_cen//0004/L1_object_data_4321_processed.root
hadd Source file 272: /eos/cms/store/group/phys_heavyions/jvelazqu/energycorr/condor_R4_axisWTA_cen//0004/L1_object_data_4916_processed.root
hadd Source file 283: /eos/cms/store/group/phys_heavyions/jvelazqu/energycorr/condor_R4_axisWTA_cen//0006/L1_object_data_728_processed.root
hadd Source file 291: /eos/cms/store/group/phys_heavyions/jvelazqu/energycorr/condor_R4_axisWTA_cen//0003/L1_object_data_3120_processed.root
hadd Source file 290: /eos/cms/store/group/phys_heavyions/jvelazqu/energycorr/condor_R4_axisWTA_cen//0001/L1_object_data_1091_processed.root
hadd Source file 324: /eos/cms/store/group/phys_heavyions/jvelazqu/energycorr/condor_R4_axisWTA_cen//0001/L1_object_data_1735_processed.root
hadd Source file 274: /eos/cms/store/group/phys_heavyions/jvelazqu/energycorr/condor_R4_axisWTA_cen//0003/L1_object_data_3708_processed.root
hadd Source file 178: /eos/cms/store/group/phys_heavyions/jvelazqu/energycorr/condor_R4_axisWTA_cen//0005/L1_object_data_5427_processed.root
hadd Source file 318: /eos/cms/store/group/phys_heavyions/jvelazqu/energycorr/condor_R4_axisWTA_cen//0002/L1_object_data_2542_processed.root
hadd Source file 273: /eos/cms/store/group/phys_heavyions/jvelazqu/energycorr/condor_R4_axisWTA_cen//0004/L1_object_data_4917_processed.root
hadd Source file 283: /eos/cms/store/group/phys_heavyions/jvelazqu/energycorr/condor_R4_axisWTA_cen//0004/L1_object_data_4322_processed.root
hadd Source file 284: /eos/cms/store/group/phys_heavyions/jvelazqu/energycorr/condor_R4_axisWTA_cen//0006/L1_object_data_729_processed.root
hadd Source file 319: /eos/cms/store/group/phys_heavyions/jvelazqu/energycorr/condor_R4_axisWTA_cen//0002/L1_object_data_2543_processed.root
hadd Source file 291: /eos/cms/store/group/phys_heavyions/jvelazqu/energycorr/condor_R4_axisWTA_cen//0001/L1_object_data_1092_processed.root
hadd Source file 292: /eos/cms/store/group/phys_heavyions/jvelazqu/energycorr/condor_R4_axisWTA_cen//0003/L1_object_data_3121_processed.root
hadd Source file 284: /eos/cms/store/group/phys_heavyions/jvelazqu/energycorr/condor_R4_axisWTA_cen//0004/L1_object_data_4323_processed.root
hadd Source file 179: /eos/cms/store/group/phys_heavyions/jvelazqu/energycorr/condor_R4_axisWTA_cen//0005/L1_object_data_5428_processed.root
hadd Source file 274: /eos/cms/store/group/phys_heavyions/jvelazqu/energycorr/condor_R4_axisWTA_cen//0004/L1_object_data_4918_processed.root
hadd Source file 275: /eos/cms/store/group/phys_heavyions/jvelazqu/energycorr/condor_R4_axisWTA_cen//0003/L1_object_data_3709_processed.root
hadd Source file 285: /eos/cms/store/group/phys_heavyions/jvelazqu/energycorr/condor_R4_axisWTA_cen//0006/L1_object_data_730_processed.root
hadd Source file 292: /eos/cms/store/group/phys_heavyions/jvelazqu/energycorr/condor_R4_axisWTA_cen//0001/L1_object_data_1093_processed.root
hadd Source file 325: /eos/cms/store/group/phys_heavyions/jvelazqu/energycorr/condor_R4_axisWTA_cen//0001/L1_object_data_1736_processed.root
hadd Source file 293: /eos/cms/store/group/phys_heavyions/jvelazqu/energycorr/condor_R4_axisWTA_cen//0003/L1_object_data_3122_processed.root
hadd Source file 285: /eos/cms/store/group/phys_heavyions/jvelazqu/energycorr/condor_R4_axisWTA_cen//0004/L1_object_data_4324_processed.root
hadd Source file 180: /eos/cms/store/group/phys_heavyions/jvelazqu/energycorr/condor_R4_axisWTA_cen//0005/L1_object_data_5429_processed.root
hadd Source file 275: /eos/cms/store/group/phys_heavyions/jvelazqu/energycorr/condor_R4_axisWTA_cen//0004/L1_object_data_4919_processed.root
hadd Source file 293: /eos/cms/store/group/phys_heavyions/jvelazqu/energycorr/condor_R4_axisWTA_cen//0001/L1_object_data_1094_processed.root
hadd Source file 286: /eos/cms/store/group/phys_heavyions/jvelazqu/energycorr/condor_R4_axisWTA_cen//0006/L1_object_data_731_processed.root
hadd Source file 294: /eos/cms/store/group/phys_heavyions/jvelazqu/energycorr/condor_R4_axisWTA_cen//0003/L1_object_data_3123_processed.root
hadd Source file 276: /eos/cms/store/group/phys_heavyions/jvelazqu/energycorr/condor_R4_axisWTA_cen//0004/L1_object_data_4920_processed.root
hadd Source file 286: /eos/cms/store/group/phys_heavyions/jvelazqu/energycorr/condor_R4_axisWTA_cen//0004/L1_object_data_4325_processed.root
hadd Source file 326: /eos/cms/store/group/phys_heavyions/jvelazqu/energycorr/condor_R4_axisWTA_cen//0001/L1_object_data_1737_processed.root
hadd Source file 181: /eos/cms/store/group/phys_heavyions/jvelazqu/energycorr/condor_R4_axisWTA_cen//0005/L1_object_data_5430_processed.root
hadd Source file 295: /eos/cms/store/group/phys_heavyions/jvelazqu/energycorr/condor_R4_axisWTA_cen//0003/L1_object_data_3124_processed.root
hadd Source file 277: /eos/cms/store/group/phys_heavyions/jvelazqu/energycorr/condor_R4_axisWTA_cen//0004/L1_object_data_4921_processed.root
hadd Source file 287: /eos/cms/store/group/phys_heavyions/jvelazqu/energycorr/condor_R4_axisWTA_cen//0004/L1_object_data_4326_processed.root
hadd Source file 294: /eos/cms/store/group/phys_heavyions/jvelazqu/energycorr/condor_R4_axisWTA_cen//0001/L1_object_data_1095_processed.root
hadd Source file 296: /eos/cms/store/group/phys_heavyions/jvelazqu/energycorr/condor_R4_axisWTA_cen//0003/L1_object_data_3125_processed.root
hadd Source file 320: /eos/cms/store/group/phys_heavyions/jvelazqu/energycorr/condor_R4_axisWTA_cen//0002/L1_object_data_2544_processed.root
hadd Source file 182: /eos/cms/store/group/phys_heavyions/jvelazqu/energycorr/condor_R4_axisWTA_cen//0005/L1_object_data_5431_processed.root
hadd Source file 327: /eos/cms/store/group/phys_heavyions/jvelazqu/energycorr/condor_R4_axisWTA_cen//0001/L1_object_data_1738_processed.root
hadd Source file 278: /eos/cms/store/group/phys_heavyions/jvelazqu/energycorr/condor_R4_axisWTA_cen//0004/L1_object_data_4922_processed.root
hadd Source file 288: /eos/cms/store/group/phys_heavyions/jvelazqu/energycorr/condor_R4_axisWTA_cen//0004/L1_object_data_4327_processed.root
hadd Source file 321: /eos/cms/store/group/phys_heavyions/jvelazqu/energycorr/condor_R4_axisWTA_cen//0002/L1_object_data_2545_processed.root
hadd Source file 276: /eos/cms/store/group/phys_heavyions/jvelazqu/energycorr/condor_R4_axisWTA_cen//0003/L1_object_data_3710_processed.root
hadd Source file 297: /eos/cms/store/group/phys_heavyions/jvelazqu/energycorr/condor_R4_axisWTA_cen//0003/L1_object_data_3126_processed.root
hadd Source file 295: /eos/cms/store/group/phys_heavyions/jvelazqu/energycorr/condor_R4_axisWTA_cen//0001/L1_object_data_1096_processed.root
hadd Source file 183: /eos/cms/store/group/phys_heavyions/jvelazqu/energycorr/condor_R4_axisWTA_cen//0005/L1_object_data_5432_processed.root
hadd Source file 279: /eos/cms/store/group/phys_heavyions/jvelazqu/energycorr/condor_R4_axisWTA_cen//0004/L1_object_data_4923_processed.root
hadd Source file 322: /eos/cms/store/group/phys_heavyions/jvelazqu/energycorr/condor_R4_axisWTA_cen//0002/L1_object_data_2546_processed.root
hadd Source file 289: /eos/cms/store/group/phys_heavyions/jvelazqu/energycorr/condor_R4_axisWTA_cen//0004/L1_object_data_4328_processed.root
hadd Source file 328: /eos/cms/store/group/phys_heavyions/jvelazqu/energycorr/condor_R4_axisWTA_cen//0001/L1_object_data_1739_processed.root
hadd Source file 287: /eos/cms/store/group/phys_heavyions/jvelazqu/energycorr/condor_R4_axisWTA_cen//0006/L1_object_data_732_processed.root
hadd Source file 296: /eos/cms/store/group/phys_heavyions/jvelazqu/energycorr/condor_R4_axisWTA_cen//0001/L1_object_data_1097_processed.root
hadd Source file 184: /eos/cms/store/group/phys_heavyions/jvelazqu/energycorr/condor_R4_axisWTA_cen//0005/L1_object_data_5433_processed.root
hadd Source file 323: /eos/cms/store/group/phys_heavyions/jvelazqu/energycorr/condor_R4_axisWTA_cen//0002/L1_object_data_2547_processed.root
hadd Source file 298: /eos/cms/store/group/phys_heavyions/jvelazqu/energycorr/condor_R4_axisWTA_cen//0003/L1_object_data_3127_processed.root
hadd Source file 329: /eos/cms/store/group/phys_heavyions/jvelazqu/energycorr/condor_R4_axisWTA_cen//0001/L1_object_data_1740_processed.root
hadd Source file 277: /eos/cms/store/group/phys_heavyions/jvelazqu/energycorr/condor_R4_axisWTA_cen//0003/L1_object_data_3711_processed.root
hadd Source file 290: /eos/cms/store/group/phys_heavyions/jvelazqu/energycorr/condor_R4_axisWTA_cen//0004/L1_object_data_4329_processed.root
hadd Source file 280: /eos/cms/store/group/phys_heavyions/jvelazqu/energycorr/condor_R4_axisWTA_cen//0004/L1_object_data_4924_processed.root
hadd Source file 297: /eos/cms/store/group/phys_heavyions/jvelazqu/energycorr/condor_R4_axisWTA_cen//0001/L1_object_data_1098_processed.root
hadd Source file 324: /eos/cms/store/group/phys_heavyions/jvelazqu/energycorr/condor_R4_axisWTA_cen//0002/L1_object_data_2548_processed.root
hadd Source file 185: /eos/cms/store/group/phys_heavyions/jvelazqu/energycorr/condor_R4_axisWTA_cen//0005/L1_object_data_5434_processed.root
hadd Source file 299: /eos/cms/store/group/phys_heavyions/jvelazqu/energycorr/condor_R4_axisWTA_cen//0003/L1_object_data_3128_processed.root
hadd Source file 291: /eos/cms/store/group/phys_heavyions/jvelazqu/energycorr/condor_R4_axisWTA_cen//0004/L1_object_data_4330_processed.root
hadd Source file 330: /eos/cms/store/group/phys_heavyions/jvelazqu/energycorr/condor_R4_axisWTA_cen//0001/L1_object_data_1741_processed.root
hadd Source file 278: /eos/cms/store/group/phys_heavyions/jvelazqu/energycorr/condor_R4_axisWTA_cen//0003/L1_object_data_3712_processed.root
hadd Source file 281: /eos/cms/store/group/phys_heavyions/jvelazqu/energycorr/condor_R4_axisWTA_cen//0004/L1_object_data_4925_processed.root
hadd Source file 325: /eos/cms/store/group/phys_heavyions/jvelazqu/energycorr/condor_R4_axisWTA_cen//0002/L1_object_data_2549_processed.root
hadd Source file 186: /eos/cms/store/group/phys_heavyions/jvelazqu/energycorr/condor_R4_axisWTA_cen//0005/L1_object_data_5435_processed.root
hadd Source file 298: /eos/cms/store/group/phys_heavyions/jvelazqu/energycorr/condor_R4_axisWTA_cen//0001/L1_object_data_1099_processed.root
hadd Source file 331: /eos/cms/store/group/phys_heavyions/jvelazqu/energycorr/condor_R4_axisWTA_cen//0001/L1_object_data_1742_processed.root
hadd Source file 292: /eos/cms/store/group/phys_heavyions/jvelazqu/energycorr/condor_R4_axisWTA_cen//0004/L1_object_data_4331_processed.root
hadd Source file 300: /eos/cms/store/group/phys_heavyions/jvelazqu/energycorr/condor_R4_axisWTA_cen//0003/L1_object_data_3129_processed.root
hadd Source file 279: /eos/cms/store/group/phys_heavyions/jvelazqu/energycorr/condor_R4_axisWTA_cen//0003/L1_object_data_3713_processed.root
hadd Source file 187: /eos/cms/store/group/phys_heavyions/jvelazqu/energycorr/condor_R4_axisWTA_cen//0005/L1_object_data_5436_processed.root
hadd Source file 326: /eos/cms/store/group/phys_heavyions/jvelazqu/energycorr/condor_R4_axisWTA_cen//0002/L1_object_data_2550_processed.root
hadd Source file 288: /eos/cms/store/group/phys_heavyions/jvelazqu/energycorr/condor_R4_axisWTA_cen//0006/L1_object_data_733_processed.root
hadd Source file 284: /eos/cms/store/group/phys_heavyions/jvelazqu/energycorr/condor_R4_axisWTA_cen//0000/L1_object_data_325_processed.root
hadd Source file 332: /eos/cms/store/group/phys_heavyions/jvelazqu/energycorr/condor_R4_axisWTA_cen//0001/L1_object_data_1743_processed.root
hadd Source file 293: /eos/cms/store/group/phys_heavyions/jvelazqu/energycorr/condor_R4_axisWTA_cen//0004/L1_object_data_4332_processed.root
hadd Source file 289: /eos/cms/store/group/phys_heavyions/jvelazqu/energycorr/condor_R4_axisWTA_cen//0006/L1_object_data_734_processed.root
hadd Source file 301: /eos/cms/store/group/phys_heavyions/jvelazqu/energycorr/condor_R4_axisWTA_cen//0003/L1_object_data_3130_processed.root
hadd Source file 280: /eos/cms/store/group/phys_heavyions/jvelazqu/energycorr/condor_R4_axisWTA_cen//0003/L1_object_data_3714_processed.root
hadd Source file 188: /eos/cms/store/group/phys_heavyions/jvelazqu/energycorr/condor_R4_axisWTA_cen//0005/L1_object_data_5437_processed.root
hadd Source file 327: /eos/cms/store/group/phys_heavyions/jvelazqu/energycorr/condor_R4_axisWTA_cen//0002/L1_object_data_2551_processed.root
hadd Source file 333: /eos/cms/store/group/phys_heavyions/jvelazqu/energycorr/condor_R4_axisWTA_cen//0001/L1_object_data_1744_processed.root
hadd Source file 294: /eos/cms/store/group/phys_heavyions/jvelazqu/energycorr/condor_R4_axisWTA_cen//0004/L1_object_data_4333_processed.root
hadd Source file 290: /eos/cms/store/group/phys_heavyions/jvelazqu/energycorr/condor_R4_axisWTA_cen//0006/L1_object_data_735_processed.root
hadd Source file 302: /eos/cms/store/group/phys_heavyions/jvelazqu/energycorr/condor_R4_axisWTA_cen//0003/L1_object_data_3131_processed.root
hadd Source file 281: /eos/cms/store/group/phys_heavyions/jvelazqu/energycorr/condor_R4_axisWTA_cen//0003/L1_object_data_3715_processed.root
hadd Source file 295: /eos/cms/store/group/phys_heavyions/jvelazqu/energycorr/condor_R4_axisWTA_cen//0004/L1_object_data_4334_processed.root
hadd Source file 328: /eos/cms/store/group/phys_heavyions/jvelazqu/energycorr/condor_R4_axisWTA_cen//0002/L1_object_data_2552_processed.root
hadd Source file 334: /eos/cms/store/group/phys_heavyions/jvelazqu/energycorr/condor_R4_axisWTA_cen//0001/L1_object_data_1745_processed.root
hadd Source file 189: /eos/cms/store/group/phys_heavyions/jvelazqu/energycorr/condor_R4_axisWTA_cen//0005/L1_object_data_5438_processed.root
hadd Source file 291: /eos/cms/store/group/phys_heavyions/jvelazqu/energycorr/condor_R4_axisWTA_cen//0006/L1_object_data_736_processed.root
hadd Source file 282: /eos/cms/store/group/phys_heavyions/jvelazqu/energycorr/condor_R4_axisWTA_cen//0004/L1_object_data_4926_processed.root
hadd Source file 282: /eos/cms/store/group/phys_heavyions/jvelazqu/energycorr/condor_R4_axisWTA_cen//0003/L1_object_data_3716_processed.root
hadd Source file 299: /eos/cms/store/group/phys_heavyions/jvelazqu/energycorr/condor_R4_axisWTA_cen//0001/L1_object_data_1100_processed.root
hadd Source file 303: /eos/cms/store/group/phys_heavyions/jvelazqu/energycorr/condor_R4_axisWTA_cen//0003/L1_object_data_3132_processed.root
hadd Source file 329: /eos/cms/store/group/phys_heavyions/jvelazqu/energycorr/condor_R4_axisWTA_cen//0002/L1_object_data_2553_processed.root
hadd Source file 292: /eos/cms/store/group/phys_heavyions/jvelazqu/energycorr/condor_R4_axisWTA_cen//0006/L1_object_data_737_processed.root
hadd Source file 190: /eos/cms/store/group/phys_heavyions/jvelazqu/energycorr/condor_R4_axisWTA_cen//0005/L1_object_data_5439_processed.root
hadd Source file 283: /eos/cms/store/group/phys_heavyions/jvelazqu/energycorr/condor_R4_axisWTA_cen//0004/L1_object_data_4927_processed.root
hadd Source file 296: /eos/cms/store/group/phys_heavyions/jvelazqu/energycorr/condor_R4_axisWTA_cen//0004/L1_object_data_4335_processed.root
hadd Source file 285: /eos/cms/store/group/phys_heavyions/jvelazqu/energycorr/condor_R4_axisWTA_cen//0000/L1_object_data_326_processed.root
hadd Source file 283: /eos/cms/store/group/phys_heavyions/jvelazqu/energycorr/condor_R4_axisWTA_cen//0003/L1_object_data_3717_processed.root
hadd Source file 335: /eos/cms/store/group/phys_heavyions/jvelazqu/energycorr/condor_R4_axisWTA_cen//0001/L1_object_data_1746_processed.root
hadd Source file 304: /eos/cms/store/group/phys_heavyions/jvelazqu/energycorr/condor_R4_axisWTA_cen//0003/L1_object_data_3133_processed.root
hadd Source file 300: /eos/cms/store/group/phys_heavyions/jvelazqu/energycorr/condor_R4_axisWTA_cen//0001/L1_object_data_1101_processed.root
hadd Source file 330: /eos/cms/store/group/phys_heavyions/jvelazqu/energycorr/condor_R4_axisWTA_cen//0002/L1_object_data_2554_processed.root
hadd Source file 297: /eos/cms/store/group/phys_heavyions/jvelazqu/energycorr/condor_R4_axisWTA_cen//0004/L1_object_data_4336_processed.root
hadd Source file 191: /eos/cms/store/group/phys_heavyions/jvelazqu/energycorr/condor_R4_axisWTA_cen//0005/L1_object_data_5440_processed.root
hadd Source file 293: /eos/cms/store/group/phys_heavyions/jvelazqu/energycorr/condor_R4_axisWTA_cen//0006/L1_object_data_738_processed.root
hadd Source file 286: /eos/cms/store/group/phys_heavyions/jvelazqu/energycorr/condor_R4_axisWTA_cen//0000/L1_object_data_327_processed.root
hadd Source file 305: /eos/cms/store/group/phys_heavyions/jvelazqu/energycorr/condor_R4_axisWTA_cen//0003/L1_object_data_3134_processed.root
hadd Source file 284: /eos/cms/store/group/phys_heavyions/jvelazqu/energycorr/condor_R4_axisWTA_cen//0004/L1_object_data_4928_processed.root
hadd Source file 284: /eos/cms/store/group/phys_heavyions/jvelazqu/energycorr/condor_R4_axisWTA_cen//0003/L1_object_data_3718_processed.root
hadd Source file 336: /eos/cms/store/group/phys_heavyions/jvelazqu/energycorr/condor_R4_axisWTA_cen//0001/L1_object_data_1747_processed.root
hadd Source file 287: /eos/cms/store/group/phys_heavyions/jvelazqu/energycorr/condor_R4_axisWTA_cen//0000/L1_object_data_328_processed.root
hadd Source file 285: /eos/cms/store/group/phys_heavyions/jvelazqu/energycorr/condor_R4_axisWTA_cen//0004/L1_object_data_4929_processed.root
hadd Source file 306: /eos/cms/store/group/phys_heavyions/jvelazqu/energycorr/condor_R4_axisWTA_cen//0003/L1_object_data_3135_processed.root
hadd Source file 294: /eos/cms/store/group/phys_heavyions/jvelazqu/energycorr/condor_R4_axisWTA_cen//0006/L1_object_data_739_processed.root
hadd Source file 192: /eos/cms/store/group/phys_heavyions/jvelazqu/energycorr/condor_R4_axisWTA_cen//0005/L1_object_data_5441_processed.root
hadd Source file 285: /eos/cms/store/group/phys_heavyions/jvelazqu/energycorr/condor_R4_axisWTA_cen//0003/L1_object_data_3719_processed.root
hadd Source file 288: /eos/cms/store/group/phys_heavyions/jvelazqu/energycorr/condor_R4_axisWTA_cen//0000/L1_object_data_329_processed.root
hadd Source file 337: /eos/cms/store/group/phys_heavyions/jvelazqu/energycorr/condor_R4_axisWTA_cen//0001/L1_object_data_1748_processed.root
hadd Source file 286: /eos/cms/store/group/phys_heavyions/jvelazqu/energycorr/condor_R4_axisWTA_cen//0004/L1_object_data_4930_processed.root
hadd Source file 307: /eos/cms/store/group/phys_heavyions/jvelazqu/energycorr/condor_R4_axisWTA_cen//0003/L1_object_data_3136_processed.root
hadd Source file 295: /eos/cms/store/group/phys_heavyions/jvelazqu/energycorr/condor_R4_axisWTA_cen//0006/L1_object_data_740_processed.root
hadd Source file 193: /eos/cms/store/group/phys_heavyions/jvelazqu/energycorr/condor_R4_axisWTA_cen//0005/L1_object_data_5442_processed.root
hadd Source file 286: /eos/cms/store/group/phys_heavyions/jvelazqu/energycorr/condor_R4_axisWTA_cen//0003/L1_object_data_3720_processed.root
hadd Source file 289: /eos/cms/store/group/phys_heavyions/jvelazqu/energycorr/condor_R4_axisWTA_cen//0000/L1_object_data_330_processed.root
hadd Source file 338: /eos/cms/store/group/phys_heavyions/jvelazqu/energycorr/condor_R4_axisWTA_cen//0001/L1_object_data_1749_processed.root
hadd Source file 296: /eos/cms/store/group/phys_heavyions/jvelazqu/energycorr/condor_R4_axisWTA_cen//0006/L1_object_data_741_processed.root
hadd Source file 194: /eos/cms/store/group/phys_heavyions/jvelazqu/energycorr/condor_R4_axisWTA_cen//0005/L1_object_data_5443_processed.root
hadd Source file 301: /eos/cms/store/group/phys_heavyions/jvelazqu/energycorr/condor_R4_axisWTA_cen//0001/L1_object_data_1102_processed.root
hadd Source file 331: /eos/cms/store/group/phys_heavyions/jvelazqu/energycorr/condor_R4_axisWTA_cen//0002/L1_object_data_2555_processed.root
hadd Source file 308: /eos/cms/store/group/phys_heavyions/jvelazqu/energycorr/condor_R4_axisWTA_cen//0003/L1_object_data_3137_processed.root
hadd Source file 287: /eos/cms/store/group/phys_heavyions/jvelazqu/energycorr/condor_R4_axisWTA_cen//0003/L1_object_data_3721_processed.root
hadd Source file 287: /eos/cms/store/group/phys_heavyions/jvelazqu/energycorr/condor_R4_axisWTA_cen//0004/L1_object_data_4931_processed.root
hadd Source file 290: /eos/cms/store/group/phys_heavyions/jvelazqu/energycorr/condor_R4_axisWTA_cen//0000/L1_object_data_331_processed.root
hadd Source file 298: /eos/cms/store/group/phys_heavyions/jvelazqu/energycorr/condor_R4_axisWTA_cen//0004/L1_object_data_4337_processed.root
hadd Source file 302: /eos/cms/store/group/phys_heavyions/jvelazqu/energycorr/condor_R4_axisWTA_cen//0001/L1_object_data_1103_processed.root
hadd Source file 339: /eos/cms/store/group/phys_heavyions/jvelazqu/energycorr/condor_R4_axisWTA_cen//0001/L1_object_data_1750_processed.root
hadd Source file 288: /eos/cms/store/group/phys_heavyions/jvelazqu/energycorr/condor_R4_axisWTA_cen//0003/L1_object_data_3722_processed.root
hadd Source file 332: /eos/cms/store/group/phys_heavyions/jvelazqu/energycorr/condor_R4_axisWTA_cen//0002/L1_object_data_2556_processed.root
hadd Source file 299: /eos/cms/store/group/phys_heavyions/jvelazqu/energycorr/condor_R4_axisWTA_cen//0004/L1_object_data_4338_processed.root
hadd Source file 297: /eos/cms/store/group/phys_heavyions/jvelazqu/energycorr/condor_R4_axisWTA_cen//0006/L1_object_data_742_processed.root
hadd Source file 288: /eos/cms/store/group/phys_heavyions/jvelazqu/energycorr/condor_R4_axisWTA_cen//0004/L1_object_data_4932_processed.root
hadd Source file 195: /eos/cms/store/group/phys_heavyions/jvelazqu/energycorr/condor_R4_axisWTA_cen//0005/L1_object_data_5444_processed.root
hadd Source file 309: /eos/cms/store/group/phys_heavyions/jvelazqu/energycorr/condor_R4_axisWTA_cen//0003/L1_object_data_3138_processed.root
hadd Source file 291: /eos/cms/store/group/phys_heavyions/jvelazqu/energycorr/condor_R4_axisWTA_cen//0000/L1_object_data_332_processed.root
hadd Source file 289: /eos/cms/store/group/phys_heavyions/jvelazqu/energycorr/condor_R4_axisWTA_cen//0003/L1_object_data_3723_processed.root
hadd Source file 298: /eos/cms/store/group/phys_heavyions/jvelazqu/energycorr/condor_R4_axisWTA_cen//0006/L1_object_data_743_processed.root
hadd Source file 289: /eos/cms/store/group/phys_heavyions/jvelazqu/energycorr/condor_R4_axisWTA_cen//0004/L1_object_data_4933_processed.root
hadd Source file 292: /eos/cms/store/group/phys_heavyions/jvelazqu/energycorr/condor_R4_axisWTA_cen//0000/L1_object_data_333_processed.root
hadd Source file 333: /eos/cms/store/group/phys_heavyions/jvelazqu/energycorr/condor_R4_axisWTA_cen//0002/L1_object_data_2557_processed.root
hadd Source file 196: /eos/cms/store/group/phys_heavyions/jvelazqu/energycorr/condor_R4_axisWTA_cen//0005/L1_object_data_5445_processed.root
hadd Source file 299: /eos/cms/store/group/phys_heavyions/jvelazqu/energycorr/condor_R4_axisWTA_cen//0006/L1_object_data_744_processed.root
hadd Source file 290: /eos/cms/store/group/phys_heavyions/jvelazqu/energycorr/condor_R4_axisWTA_cen//0003/L1_object_data_3724_processed.root
hadd Source file 293: /eos/cms/store/group/phys_heavyions/jvelazqu/energycorr/condor_R4_axisWTA_cen//0000/L1_object_data_334_processed.root
hadd Source file 290: /eos/cms/store/group/phys_heavyions/jvelazqu/energycorr/condor_R4_axisWTA_cen//0004/L1_object_data_4934_processed.root
hadd Source file 300: /eos/cms/store/group/phys_heavyions/jvelazqu/energycorr/condor_R4_axisWTA_cen//0006/L1_object_data_745_processed.root
hadd Source file 197: /eos/cms/store/group/phys_heavyions/jvelazqu/energycorr/condor_R4_axisWTA_cen//0005/L1_object_data_5446_processed.root
hadd Source file 334: /eos/cms/store/group/phys_heavyions/jvelazqu/energycorr/condor_R4_axisWTA_cen//0002/L1_object_data_2558_processed.root
hadd Source file 291: /eos/cms/store/group/phys_heavyions/jvelazqu/energycorr/condor_R4_axisWTA_cen//0003/L1_object_data_3725_processed.root
hadd Source file 303: /eos/cms/store/group/phys_heavyions/jvelazqu/energycorr/condor_R4_axisWTA_cen//0001/L1_object_data_1104_processed.root
hadd Source file 294: /eos/cms/store/group/phys_heavyions/jvelazqu/energycorr/condor_R4_axisWTA_cen//0000/L1_object_data_335_processed.root
hadd Source file 291: /eos/cms/store/group/phys_heavyions/jvelazqu/energycorr/condor_R4_axisWTA_cen//0004/L1_object_data_4935_processed.root
hadd Source file 301: /eos/cms/store/group/phys_heavyions/jvelazqu/energycorr/condor_R4_axisWTA_cen//0006/L1_object_data_746_processed.root
hadd Source file 198: /eos/cms/store/group/phys_heavyions/jvelazqu/energycorr/condor_R4_axisWTA_cen//0005/L1_object_data_5447_processed.root
hadd Source file 292: /eos/cms/store/group/phys_heavyions/jvelazqu/energycorr/condor_R4_axisWTA_cen//0003/L1_object_data_3726_processed.root
hadd Source file 335: /eos/cms/store/group/phys_heavyions/jvelazqu/energycorr/condor_R4_axisWTA_cen//0002/L1_object_data_2559_processed.root
hadd Source file 310: /eos/cms/store/group/phys_heavyions/jvelazqu/energycorr/condor_R4_axisWTA_cen//0003/L1_object_data_3139_processed.root
hadd Source file 304: /eos/cms/store/group/phys_heavyions/jvelazqu/energycorr/condor_R4_axisWTA_cen//0001/L1_object_data_1105_processed.root
hadd Source file 292: /eos/cms/store/group/phys_heavyions/jvelazqu/energycorr/condor_R4_axisWTA_cen//0004/L1_object_data_4936_processed.root
hadd Source file 293: /eos/cms/store/group/phys_heavyions/jvelazqu/energycorr/condor_R4_axisWTA_cen//0003/L1_object_data_3727_processed.root
hadd Source file 199: /eos/cms/store/group/phys_heavyions/jvelazqu/energycorr/condor_R4_axisWTA_cen//0005/L1_object_data_5448_processed.root
hadd Source file 311: /eos/cms/store/group/phys_heavyions/jvelazqu/energycorr/condor_R4_axisWTA_cen//0003/L1_object_data_3140_processed.root
hadd Source file 300: /eos/cms/store/group/phys_heavyions/jvelazqu/energycorr/condor_R4_axisWTA_cen//0004/L1_object_data_4339_processed.root
hadd Source file 200: /eos/cms/store/group/phys_heavyions/jvelazqu/energycorr/condor_R4_axisWTA_cen//0005/L1_object_data_5449_processed.root
hadd Source file 312: /eos/cms/store/group/phys_heavyions/jvelazqu/energycorr/condor_R4_axisWTA_cen//0003/L1_object_data_3141_processed.root
hadd Source file 305: /eos/cms/store/group/phys_heavyions/jvelazqu/energycorr/condor_R4_axisWTA_cen//0001/L1_object_data_1106_processed.root
hadd Source file 301: /eos/cms/store/group/phys_heavyions/jvelazqu/energycorr/condor_R4_axisWTA_cen//0004/L1_object_data_4340_processed.root
hadd Source file 306: /eos/cms/store/group/phys_heavyions/jvelazqu/energycorr/condor_R4_axisWTA_cen//0001/L1_object_data_1107_processed.root
hadd Source file 313: /eos/cms/store/group/phys_heavyions/jvelazqu/energycorr/condor_R4_axisWTA_cen//0003/L1_object_data_3142_processed.root
hadd Source file 201: /eos/cms/store/group/phys_heavyions/jvelazqu/energycorr/condor_R4_axisWTA_cen//0005/L1_object_data_5450_processed.root
hadd Source file 302: /eos/cms/store/group/phys_heavyions/jvelazqu/energycorr/condor_R4_axisWTA_cen//0006/L1_object_data_747_processed.root
hadd Source file 307: /eos/cms/store/group/phys_heavyions/jvelazqu/energycorr/condor_R4_axisWTA_cen//0001/L1_object_data_1108_processed.root
hadd Source file 294: /eos/cms/store/group/phys_heavyions/jvelazqu/energycorr/condor_R4_axisWTA_cen//0003/L1_object_data_3728_processed.root
hadd Source file 295: /eos/cms/store/group/phys_heavyions/jvelazqu/energycorr/condor_R4_axisWTA_cen//0000/L1_object_data_336_processed.root
hadd Source file 314: /eos/cms/store/group/phys_heavyions/jvelazqu/energycorr/condor_R4_axisWTA_cen//0003/L1_object_data_3143_processed.root
hadd Source file 302: /eos/cms/store/group/phys_heavyions/jvelazqu/energycorr/condor_R4_axisWTA_cen//0004/L1_object_data_4341_processed.root
hadd Source file 336: /eos/cms/store/group/phys_heavyions/jvelazqu/energycorr/condor_R4_axisWTA_cen//0002/L1_object_data_2560_processed.root
hadd Source file 202: /eos/cms/store/group/phys_heavyions/jvelazqu/energycorr/condor_R4_axisWTA_cen//0005/L1_object_data_5451_processed.root
hadd Source file 303: /eos/cms/store/group/phys_heavyions/jvelazqu/energycorr/condor_R4_axisWTA_cen//0006/L1_object_data_748_processed.root
hadd Source file 315: /eos/cms/store/group/phys_heavyions/jvelazqu/energycorr/condor_R4_axisWTA_cen//0003/L1_object_data_3144_processed.root
hadd Source file 295: /eos/cms/store/group/phys_heavyions/jvelazqu/energycorr/condor_R4_axisWTA_cen//0003/L1_object_data_3729_processed.root
hadd Source file 293: /eos/cms/store/group/phys_heavyions/jvelazqu/energycorr/condor_R4_axisWTA_cen//0004/L1_object_data_4937_processed.root
hadd Source file 303: /eos/cms/store/group/phys_heavyions/jvelazqu/energycorr/condor_R4_axisWTA_cen//0004/L1_object_data_4342_processed.root
hadd Source file 296: /eos/cms/store/group/phys_heavyions/jvelazqu/energycorr/condor_R4_axisWTA_cen//0000/L1_object_data_337_processed.root
hadd Source file 337: /eos/cms/store/group/phys_heavyions/jvelazqu/energycorr/condor_R4_axisWTA_cen//0002/L1_object_data_2561_processed.root
hadd Source file 203: /eos/cms/store/group/phys_heavyions/jvelazqu/energycorr/condor_R4_axisWTA_cen//0005/L1_object_data_5452_processed.root
hadd Source file 316: /eos/cms/store/group/phys_heavyions/jvelazqu/energycorr/condor_R4_axisWTA_cen//0003/L1_object_data_3145_processed.root
hadd Source file 338: /eos/cms/store/group/phys_heavyions/jvelazqu/energycorr/condor_R4_axisWTA_cen//0002/L1_object_data_2562_processed.root
hadd Source file 304: /eos/cms/store/group/phys_heavyions/jvelazqu/energycorr/condor_R4_axisWTA_cen//0004/L1_object_data_4343_processed.root
hadd Source file 297: /eos/cms/store/group/phys_heavyions/jvelazqu/energycorr/condor_R4_axisWTA_cen//0000/L1_object_data_338_processed.root
hadd Source file 296: /eos/cms/store/group/phys_heavyions/jvelazqu/energycorr/condor_R4_axisWTA_cen//0003/L1_object_data_3730_processed.root
hadd Source file 294: /eos/cms/store/group/phys_heavyions/jvelazqu/energycorr/condor_R4_axisWTA_cen//0004/L1_object_data_4938_processed.root
hadd Source file 317: /eos/cms/store/group/phys_heavyions/jvelazqu/energycorr/condor_R4_axisWTA_cen//0003/L1_object_data_3146_processed.root
hadd Source file 304: /eos/cms/store/group/phys_heavyions/jvelazqu/energycorr/condor_R4_axisWTA_cen//0006/L1_object_data_749_processed.root
hadd Source file 305: /eos/cms/store/group/phys_heavyions/jvelazqu/energycorr/condor_R4_axisWTA_cen//0004/L1_object_data_4344_processed.root
hadd Source file 339: /eos/cms/store/group/phys_heavyions/jvelazqu/energycorr/condor_R4_axisWTA_cen//0002/L1_object_data_2563_processed.root
hadd Source file 204: /eos/cms/store/group/phys_heavyions/jvelazqu/energycorr/condor_R4_axisWTA_cen//0005/L1_object_data_5453_processed.root
hadd Source file 298: /eos/cms/store/group/phys_heavyions/jvelazqu/energycorr/condor_R4_axisWTA_cen//0000/L1_object_data_339_processed.root
hadd Source file 297: /eos/cms/store/group/phys_heavyions/jvelazqu/energycorr/condor_R4_axisWTA_cen//0003/L1_object_data_3731_processed.root
hadd Source file 308: /eos/cms/store/group/phys_heavyions/jvelazqu/energycorr/condor_R4_axisWTA_cen//0001/L1_object_data_1109_processed.root
hadd Source file 305: /eos/cms/store/group/phys_heavyions/jvelazqu/energycorr/condor_R4_axisWTA_cen//0006/L1_object_data_750_processed.root
hadd Source file 340: /eos/cms/store/group/phys_heavyions/jvelazqu/energycorr/condor_R4_axisWTA_cen//0002/L1_object_data_2564_processed.root
hadd Source file 306: /eos/cms/store/group/phys_heavyions/jvelazqu/energycorr/condor_R4_axisWTA_cen//0004/L1_object_data_4345_processed.root
hadd Source file 295: /eos/cms/store/group/phys_heavyions/jvelazqu/energycorr/condor_R4_axisWTA_cen//0004/L1_object_data_4939_processed.root
hadd Source file 318: /eos/cms/store/group/phys_heavyions/jvelazqu/energycorr/condor_R4_axisWTA_cen//0003/L1_object_data_3147_processed.root
hadd Source file 299: /eos/cms/store/group/phys_heavyions/jvelazqu/energycorr/condor_R4_axisWTA_cen//0000/L1_object_data_340_processed.root
hadd Source file 298: /eos/cms/store/group/phys_heavyions/jvelazqu/energycorr/condor_R4_axisWTA_cen//0003/L1_object_data_3732_processed.root
hadd Source file 309: /eos/cms/store/group/phys_heavyions/jvelazqu/energycorr/condor_R4_axisWTA_cen//0001/L1_object_data_1110_processed.root
hadd Source file 307: /eos/cms/store/group/phys_heavyions/jvelazqu/energycorr/condor_R4_axisWTA_cen//0004/L1_object_data_4346_processed.root
hadd Source file 306: /eos/cms/store/group/phys_heavyions/jvelazqu/energycorr/condor_R4_axisWTA_cen//0006/L1_object_data_751_processed.root
hadd Source file 319: /eos/cms/store/group/phys_heavyions/jvelazqu/energycorr/condor_R4_axisWTA_cen//0003/L1_object_data_3148_processed.root
hadd Source file 300: /eos/cms/store/group/phys_heavyions/jvelazqu/energycorr/condor_R4_axisWTA_cen//0000/L1_object_data_341_processed.root
hadd Source file 296: /eos/cms/store/group/phys_heavyions/jvelazqu/energycorr/condor_R4_axisWTA_cen//0004/L1_object_data_4940_processed.root
hadd Source file 310: /eos/cms/store/group/phys_heavyions/jvelazqu/energycorr/condor_R4_axisWTA_cen//0001/L1_object_data_1111_processed.root
hadd Source file 308: /eos/cms/store/group/phys_heavyions/jvelazqu/energycorr/condor_R4_axisWTA_cen//0004/L1_object_data_4347_processed.root
hadd Source file 297: /eos/cms/store/group/phys_heavyions/jvelazqu/energycorr/condor_R4_axisWTA_cen//0004/L1_object_data_4941_processed.root
hadd Source file 320: /eos/cms/store/group/phys_heavyions/jvelazqu/energycorr/condor_R4_axisWTA_cen//0003/L1_object_data_3149_processed.root
hadd Source file 299: /eos/cms/store/group/phys_heavyions/jvelazqu/energycorr/condor_R4_axisWTA_cen//0003/L1_object_data_3733_processed.root
hadd Source file 311: /eos/cms/store/group/phys_heavyions/jvelazqu/energycorr/condor_R4_axisWTA_cen//0001/L1_object_data_1112_processed.root
hadd Source file 205: /eos/cms/store/group/phys_heavyions/jvelazqu/energycorr/condor_R4_axisWTA_cen//0005/L1_object_data_5454_processed.root
hadd Source file 307: /eos/cms/store/group/phys_heavyions/jvelazqu/energycorr/condor_R4_axisWTA_cen//0006/L1_object_data_752_processed.root
hadd Source file 300: /eos/cms/store/group/phys_heavyions/jvelazqu/energycorr/condor_R4_axisWTA_cen//0003/L1_object_data_3734_processed.root
hadd Source file 298: /eos/cms/store/group/phys_heavyions/jvelazqu/energycorr/condor_R4_axisWTA_cen//0004/L1_object_data_4942_processed.root
hadd Source file 321: /eos/cms/store/group/phys_heavyions/jvelazqu/energycorr/condor_R4_axisWTA_cen//0003/L1_object_data_3150_processed.root
hadd Source file 309: /eos/cms/store/group/phys_heavyions/jvelazqu/energycorr/condor_R4_axisWTA_cen//0004/L1_object_data_4348_processed.root
hadd Source file 301: /eos/cms/store/group/phys_heavyions/jvelazqu/energycorr/condor_R4_axisWTA_cen//0003/L1_object_data_3735_processed.root
hadd Source file 308: /eos/cms/store/group/phys_heavyions/jvelazqu/energycorr/condor_R4_axisWTA_cen//0006/L1_object_data_753_processed.root
hadd Source file 206: /eos/cms/store/group/phys_heavyions/jvelazqu/energycorr/condor_R4_axisWTA_cen//0005/L1_object_data_5455_processed.root
hadd Source file 341: /eos/cms/store/group/phys_heavyions/jvelazqu/energycorr/condor_R4_axisWTA_cen//0002/L1_object_data_2565_processed.root
hadd Source file 310: /eos/cms/store/group/phys_heavyions/jvelazqu/energycorr/condor_R4_axisWTA_cen//0004/L1_object_data_4349_processed.root
hadd Source file 322: /eos/cms/store/group/phys_heavyions/jvelazqu/energycorr/condor_R4_axisWTA_cen//0003/L1_object_data_3151_processed.root
hadd Source file 302: /eos/cms/store/group/phys_heavyions/jvelazqu/energycorr/condor_R4_axisWTA_cen//0003/L1_object_data_3736_processed.root
hadd Source file 299: /eos/cms/store/group/phys_heavyions/jvelazqu/energycorr/condor_R4_axisWTA_cen//0004/L1_object_data_4943_processed.root
hadd Source file 309: /eos/cms/store/group/phys_heavyions/jvelazqu/energycorr/condor_R4_axisWTA_cen//0006/L1_object_data_754_processed.root
hadd Source file 301: /eos/cms/store/group/phys_heavyions/jvelazqu/energycorr/condor_R4_axisWTA_cen//0000/L1_object_data_342_processed.root
hadd Source file 342: /eos/cms/store/group/phys_heavyions/jvelazqu/energycorr/condor_R4_axisWTA_cen//0002/L1_object_data_2566_processed.root
hadd Source file 300: /eos/cms/store/group/phys_heavyions/jvelazqu/energycorr/condor_R4_axisWTA_cen//0004/L1_object_data_4944_processed.root
hadd Source file 311: /eos/cms/store/group/phys_heavyions/jvelazqu/energycorr/condor_R4_axisWTA_cen//0004/L1_object_data_4350_processed.root
hadd Source file 323: /eos/cms/store/group/phys_heavyions/jvelazqu/energycorr/condor_R4_axisWTA_cen//0003/L1_object_data_3152_processed.root
hadd Source file 303: /eos/cms/store/group/phys_heavyions/jvelazqu/energycorr/condor_R4_axisWTA_cen//0003/L1_object_data_3737_processed.root
hadd Source file 302: /eos/cms/store/group/phys_heavyions/jvelazqu/energycorr/condor_R4_axisWTA_cen//0000/L1_object_data_343_processed.root
hadd Source file 207: /eos/cms/store/group/phys_heavyions/jvelazqu/energycorr/condor_R4_axisWTA_cen//0005/L1_object_data_5456_processed.root
hadd Source file 301: /eos/cms/store/group/phys_heavyions/jvelazqu/energycorr/condor_R4_axisWTA_cen//0004/L1_object_data_4945_processed.root
hadd Source file 310: /eos/cms/store/group/phys_heavyions/jvelazqu/energycorr/condor_R4_axisWTA_cen//0006/L1_object_data_755_processed.root
hadd Source file 343: /eos/cms/store/group/phys_heavyions/jvelazqu/energycorr/condor_R4_axisWTA_cen//0002/L1_object_data_2567_processed.root
hadd Source file 312: /eos/cms/store/group/phys_heavyions/jvelazqu/energycorr/condor_R4_axisWTA_cen//0004/L1_object_data_4351_processed.root
hadd Source file 311: /eos/cms/store/group/phys_heavyions/jvelazqu/energycorr/condor_R4_axisWTA_cen//0006/L1_object_data_756_processed.root
hadd Source file 304: /eos/cms/store/group/phys_heavyions/jvelazqu/energycorr/condor_R4_axisWTA_cen//0003/L1_object_data_3738_processed.root
hadd Source file 303: /eos/cms/store/group/phys_heavyions/jvelazqu/energycorr/condor_R4_axisWTA_cen//0000/L1_object_data_345_processed.root
hadd Source file 313: /eos/cms/store/group/phys_heavyions/jvelazqu/energycorr/condor_R4_axisWTA_cen//0004/L1_object_data_4352_processed.root
hadd Source file 302: /eos/cms/store/group/phys_heavyions/jvelazqu/energycorr/condor_R4_axisWTA_cen//0004/L1_object_data_4946_processed.root
hadd Source file 312: /eos/cms/store/group/phys_heavyions/jvelazqu/energycorr/condor_R4_axisWTA_cen//0006/L1_object_data_757_processed.root
hadd Source file 344: /eos/cms/store/group/phys_heavyions/jvelazqu/energycorr/condor_R4_axisWTA_cen//0002/L1_object_data_2568_processed.root
hadd Source file 304: /eos/cms/store/group/phys_heavyions/jvelazqu/energycorr/condor_R4_axisWTA_cen//0000/L1_object_data_346_processed.root
hadd Source file 340: /eos/cms/store/group/phys_heavyions/jvelazqu/energycorr/condor_R4_axisWTA_cen//0001/L1_object_data_1751_processed.root
hadd Source file 313: /eos/cms/store/group/phys_heavyions/jvelazqu/energycorr/condor_R4_axisWTA_cen//0006/L1_object_data_758_processed.root
hadd Source file 305: /eos/cms/store/group/phys_heavyions/jvelazqu/energycorr/condor_R4_axisWTA_cen//0003/L1_object_data_3739_processed.root
hadd Source file 314: /eos/cms/store/group/phys_heavyions/jvelazqu/energycorr/condor_R4_axisWTA_cen//0004/L1_object_data_4353_processed.root
hadd Source file 303: /eos/cms/store/group/phys_heavyions/jvelazqu/energycorr/condor_R4_axisWTA_cen//0004/L1_object_data_4947_processed.root
hadd Source file 305: /eos/cms/store/group/phys_heavyions/jvelazqu/energycorr/condor_R4_axisWTA_cen//0000/L1_object_data_347_processed.root
hadd Source file 306: /eos/cms/store/group/phys_heavyions/jvelazqu/energycorr/condor_R4_axisWTA_cen//0003/L1_object_data_3740_processed.root
hadd Source file 341: /eos/cms/store/group/phys_heavyions/jvelazqu/energycorr/condor_R4_axisWTA_cen//0001/L1_object_data_1752_processed.root
hadd Source file 314: /eos/cms/store/group/phys_heavyions/jvelazqu/energycorr/condor_R4_axisWTA_cen//0006/L1_object_data_759_processed.root
hadd Source file 345: /eos/cms/store/group/phys_heavyions/jvelazqu/energycorr/condor_R4_axisWTA_cen//0002/L1_object_data_2569_processed.root
hadd Source file 324: /eos/cms/store/group/phys_heavyions/jvelazqu/energycorr/condor_R4_axisWTA_cen//0003/L1_object_data_3153_processed.root
hadd Source file 208: /eos/cms/store/group/phys_heavyions/jvelazqu/energycorr/condor_R4_axisWTA_cen//0005/L1_object_data_5457_processed.root
hadd Source file 342: /eos/cms/store/group/phys_heavyions/jvelazqu/energycorr/condor_R4_axisWTA_cen//0001/L1_object_data_1753_processed.root
hadd Source file 306: /eos/cms/store/group/phys_heavyions/jvelazqu/energycorr/condor_R4_axisWTA_cen//0000/L1_object_data_348_processed.root
hadd Source file 209: /eos/cms/store/group/phys_heavyions/jvelazqu/energycorr/condor_R4_axisWTA_cen//0005/L1_object_data_5458_processed.root
hadd Source file 315: /eos/cms/store/group/phys_heavyions/jvelazqu/energycorr/condor_R4_axisWTA_cen//0006/L1_object_data_760_processed.root
hadd Source file 304: /eos/cms/store/group/phys_heavyions/jvelazqu/energycorr/condor_R4_axisWTA_cen//0004/L1_object_data_4948_processed.root
hadd Source file 346: /eos/cms/store/group/phys_heavyions/jvelazqu/energycorr/condor_R4_axisWTA_cen//0002/L1_object_data_2570_processed.root
hadd Source file 315: /eos/cms/store/group/phys_heavyions/jvelazqu/energycorr/condor_R4_axisWTA_cen//0004/L1_object_data_4354_processed.root
hadd Source file 325: /eos/cms/store/group/phys_heavyions/jvelazqu/energycorr/condor_R4_axisWTA_cen//0003/L1_object_data_3154_processed.root
hadd Source file 307: /eos/cms/store/group/phys_heavyions/jvelazqu/energycorr/condor_R4_axisWTA_cen//0000/L1_object_data_349_processed.root
hadd Source file 305: /eos/cms/store/group/phys_heavyions/jvelazqu/energycorr/condor_R4_axisWTA_cen//0004/L1_object_data_4949_processed.root
hadd Source file 210: /eos/cms/store/group/phys_heavyions/jvelazqu/energycorr/condor_R4_axisWTA_cen//0005/L1_object_data_5459_processed.root
hadd Source file 316: /eos/cms/store/group/phys_heavyions/jvelazqu/energycorr/condor_R4_axisWTA_cen//0004/L1_object_data_4355_processed.root
hadd Source file 326: /eos/cms/store/group/phys_heavyions/jvelazqu/energycorr/condor_R4_axisWTA_cen//0003/L1_object_data_3155_processed.root
hadd Source file 306: /eos/cms/store/group/phys_heavyions/jvelazqu/energycorr/condor_R4_axisWTA_cen//0004/L1_object_data_4950_processed.root
hadd Source file 316: /eos/cms/store/group/phys_heavyions/jvelazqu/energycorr/condor_R4_axisWTA_cen//0006/L1_object_data_761_processed.root
hadd Source file 211: /eos/cms/store/group/phys_heavyions/jvelazqu/energycorr/condor_R4_axisWTA_cen//0005/L1_object_data_5460_processed.root
hadd Source file 308: /eos/cms/store/group/phys_heavyions/jvelazqu/energycorr/condor_R4_axisWTA_cen//0000/L1_object_data_350_processed.root
hadd Source file 317: /eos/cms/store/group/phys_heavyions/jvelazqu/energycorr/condor_R4_axisWTA_cen//0004/L1_object_data_4356_processed.root
hadd Source file 307: /eos/cms/store/group/phys_heavyions/jvelazqu/energycorr/condor_R4_axisWTA_cen//0003/L1_object_data_3741_processed.root
hadd Source file 343: /eos/cms/store/group/phys_heavyions/jvelazqu/energycorr/condor_R4_axisWTA_cen//0001/L1_object_data_1754_processed.root
hadd Source file 212: /eos/cms/store/group/phys_heavyions/jvelazqu/energycorr/condor_R4_axisWTA_cen//0005/L1_object_data_5461_processed.root
hadd Source file 327: /eos/cms/store/group/phys_heavyions/jvelazqu/energycorr/condor_R4_axisWTA_cen//0003/L1_object_data_3156_processed.root
hadd Source file 307: /eos/cms/store/group/phys_heavyions/jvelazqu/energycorr/condor_R4_axisWTA_cen//0004/L1_object_data_4951_processed.root
hadd Source file 309: /eos/cms/store/group/phys_heavyions/jvelazqu/energycorr/condor_R4_axisWTA_cen//0000/L1_object_data_351_processed.root
hadd Source file 318: /eos/cms/store/group/phys_heavyions/jvelazqu/energycorr/condor_R4_axisWTA_cen//0004/L1_object_data_4357_processed.root
hadd Source file 317: /eos/cms/store/group/phys_heavyions/jvelazqu/energycorr/condor_R4_axisWTA_cen//0006/L1_object_data_762_processed.root
hadd Source file 308: /eos/cms/store/group/phys_heavyions/jvelazqu/energycorr/condor_R4_axisWTA_cen//0003/L1_object_data_3742_processed.root
hadd Source file 347: /eos/cms/store/group/phys_heavyions/jvelazqu/energycorr/condor_R4_axisWTA_cen//0002/L1_object_data_2571_processed.root
hadd Source file 213: /eos/cms/store/group/phys_heavyions/jvelazqu/energycorr/condor_R4_axisWTA_cen//0005/L1_object_data_5462_processed.root
hadd Source file 344: /eos/cms/store/group/phys_heavyions/jvelazqu/energycorr/condor_R4_axisWTA_cen//0001/L1_object_data_1755_processed.root
hadd Source file 319: /eos/cms/store/group/phys_heavyions/jvelazqu/energycorr/condor_R4_axisWTA_cen//0004/L1_object_data_4358_processed.root
hadd Source file 328: /eos/cms/store/group/phys_heavyions/jvelazqu/energycorr/condor_R4_axisWTA_cen//0003/L1_object_data_3157_processed.root
hadd Source file 318: /eos/cms/store/group/phys_heavyions/jvelazqu/energycorr/condor_R4_axisWTA_cen//0006/L1_object_data_763_processed.root
hadd Source file 309: /eos/cms/store/group/phys_heavyions/jvelazqu/energycorr/condor_R4_axisWTA_cen//0003/L1_object_data_3743_processed.root
hadd Source file 310: /eos/cms/store/group/phys_heavyions/jvelazqu/energycorr/condor_R4_axisWTA_cen//0000/L1_object_data_352_processed.root
hadd Source file 345: /eos/cms/store/group/phys_heavyions/jvelazqu/energycorr/condor_R4_axisWTA_cen//0001/L1_object_data_1756_processed.root
hadd Source file 320: /eos/cms/store/group/phys_heavyions/jvelazqu/energycorr/condor_R4_axisWTA_cen//0004/L1_object_data_4359_processed.root
hadd Source file 311: /eos/cms/store/group/phys_heavyions/jvelazqu/energycorr/condor_R4_axisWTA_cen//0000/L1_object_data_353_processed.root
hadd Source file 348: /eos/cms/store/group/phys_heavyions/jvelazqu/energycorr/condor_R4_axisWTA_cen//0002/L1_object_data_2572_processed.root
hadd Source file 329: /eos/cms/store/group/phys_heavyions/jvelazqu/energycorr/condor_R4_axisWTA_cen//0003/L1_object_data_3158_processed.root
hadd Source file 312: /eos/cms/store/group/phys_heavyions/jvelazqu/energycorr/condor_R4_axisWTA_cen//0001/L1_object_data_1113_processed.root
hadd Source file 346: /eos/cms/store/group/phys_heavyions/jvelazqu/energycorr/condor_R4_axisWTA_cen//0001/L1_object_data_1757_processed.root
hadd Source file 319: /eos/cms/store/group/phys_heavyions/jvelazqu/energycorr/condor_R4_axisWTA_cen//0006/L1_object_data_764_processed.root
hadd Source file 308: /eos/cms/store/group/phys_heavyions/jvelazqu/energycorr/condor_R4_axisWTA_cen//0004/L1_object_data_4952_processed.root
hadd Source file 330: /eos/cms/store/group/phys_heavyions/jvelazqu/energycorr/condor_R4_axisWTA_cen//0003/L1_object_data_3159_processed.root
hadd Source file 349: /eos/cms/store/group/phys_heavyions/jvelazqu/energycorr/condor_R4_axisWTA_cen//0002/L1_object_data_2573_processed.root
hadd Source file 321: /eos/cms/store/group/phys_heavyions/jvelazqu/energycorr/condor_R4_axisWTA_cen//0004/L1_object_data_4360_processed.root
hadd Source file 313: /eos/cms/store/group/phys_heavyions/jvelazqu/energycorr/condor_R4_axisWTA_cen//0001/L1_object_data_1114_processed.root
hadd Source file 312: /eos/cms/store/group/phys_heavyions/jvelazqu/energycorr/condor_R4_axisWTA_cen//0000/L1_object_data_354_processed.root
hadd Source file 320: /eos/cms/store/group/phys_heavyions/jvelazqu/energycorr/condor_R4_axisWTA_cen//0006/L1_object_data_765_processed.root
hadd Source file 309: /eos/cms/store/group/phys_heavyions/jvelazqu/energycorr/condor_R4_axisWTA_cen//0004/L1_object_data_4953_processed.root
hadd Source file 350: /eos/cms/store/group/phys_heavyions/jvelazqu/energycorr/condor_R4_axisWTA_cen//0002/L1_object_data_2574_processed.root
hadd Source file 314: /eos/cms/store/group/phys_heavyions/jvelazqu/energycorr/condor_R4_axisWTA_cen//0001/L1_object_data_1115_processed.root
hadd Source file 347: /eos/cms/store/group/phys_heavyions/jvelazqu/energycorr/condor_R4_axisWTA_cen//0001/L1_object_data_1758_processed.root
hadd Source file 313: /eos/cms/store/group/phys_heavyions/jvelazqu/energycorr/condor_R4_axisWTA_cen//0000/L1_object_data_355_processed.root
hadd Source file 331: /eos/cms/store/group/phys_heavyions/jvelazqu/energycorr/condor_R4_axisWTA_cen//0003/L1_object_data_3160_processed.root
hadd Source file 322: /eos/cms/store/group/phys_heavyions/jvelazqu/energycorr/condor_R4_axisWTA_cen//0004/L1_object_data_4361_processed.root
hadd Source file 321: /eos/cms/store/group/phys_heavyions/jvelazqu/energycorr/condor_R4_axisWTA_cen//0006/L1_object_data_766_processed.root
hadd Source file 214: /eos/cms/store/group/phys_heavyions/jvelazqu/energycorr/condor_R4_axisWTA_cen//0005/L1_object_data_5463_processed.root
hadd Source file 310: /eos/cms/store/group/phys_heavyions/jvelazqu/energycorr/condor_R4_axisWTA_cen//0004/L1_object_data_4954_processed.root
hadd Source file 351: /eos/cms/store/group/phys_heavyions/jvelazqu/energycorr/condor_R4_axisWTA_cen//0002/L1_object_data_2575_processed.root
hadd Source file 315: /eos/cms/store/group/phys_heavyions/jvelazqu/energycorr/condor_R4_axisWTA_cen//0001/L1_object_data_1116_processed.root
hadd Source file 310: /eos/cms/store/group/phys_heavyions/jvelazqu/energycorr/condor_R4_axisWTA_cen//0003/L1_object_data_3744_processed.root
hadd Source file 348: /eos/cms/store/group/phys_heavyions/jvelazqu/energycorr/condor_R4_axisWTA_cen//0001/L1_object_data_1759_processed.root
hadd Source file 323: /eos/cms/store/group/phys_heavyions/jvelazqu/energycorr/condor_R4_axisWTA_cen//0004/L1_object_data_4362_processed.root
hadd Source file 314: /eos/cms/store/group/phys_heavyions/jvelazqu/energycorr/condor_R4_axisWTA_cen//0000/L1_object_data_356_processed.root
hadd Source file 215: /eos/cms/store/group/phys_heavyions/jvelazqu/energycorr/condor_R4_axisWTA_cen//0005/L1_object_data_5464_processed.root
hadd Source file 322: /eos/cms/store/group/phys_heavyions/jvelazqu/energycorr/condor_R4_axisWTA_cen//0006/L1_object_data_767_processed.root
hadd Source file 311: /eos/cms/store/group/phys_heavyions/jvelazqu/energycorr/condor_R4_axisWTA_cen//0004/L1_object_data_4955_processed.root
hadd Source file 324: /eos/cms/store/group/phys_heavyions/jvelazqu/energycorr/condor_R4_axisWTA_cen//0004/L1_object_data_4363_processed.root
hadd Source file 316: /eos/cms/store/group/phys_heavyions/jvelazqu/energycorr/condor_R4_axisWTA_cen//0001/L1_object_data_1117_processed.root
hadd Source file 315: /eos/cms/store/group/phys_heavyions/jvelazqu/energycorr/condor_R4_axisWTA_cen//0000/L1_object_data_357_processed.root
hadd Source file 216: /eos/cms/store/group/phys_heavyions/jvelazqu/energycorr/condor_R4_axisWTA_cen//0005/L1_object_data_5465_processed.root
hadd Source file 352: /eos/cms/store/group/phys_heavyions/jvelazqu/energycorr/condor_R4_axisWTA_cen//0002/L1_object_data_2576_processed.root
hadd Source file 311: /eos/cms/store/group/phys_heavyions/jvelazqu/energycorr/condor_R4_axisWTA_cen//0003/L1_object_data_3745_processed.root
hadd Source file 323: /eos/cms/store/group/phys_heavyions/jvelazqu/energycorr/condor_R4_axisWTA_cen//0006/L1_object_data_768_processed.root
hadd Source file 312: /eos/cms/store/group/phys_heavyions/jvelazqu/energycorr/condor_R4_axisWTA_cen//0004/L1_object_data_4956_processed.root
hadd Source file 317: /eos/cms/store/group/phys_heavyions/jvelazqu/energycorr/condor_R4_axisWTA_cen//0001/L1_object_data_1118_processed.root
hadd Source file 353: /eos/cms/store/group/phys_heavyions/jvelazqu/energycorr/condor_R4_axisWTA_cen//0002/L1_object_data_2577_processed.root
hadd Source file 217: /eos/cms/store/group/phys_heavyions/jvelazqu/energycorr/condor_R4_axisWTA_cen//0005/L1_object_data_5466_processed.root
hadd Source file 312: /eos/cms/store/group/phys_heavyions/jvelazqu/energycorr/condor_R4_axisWTA_cen//0003/L1_object_data_3746_processed.root
hadd Source file 316: /eos/cms/store/group/phys_heavyions/jvelazqu/energycorr/condor_R4_axisWTA_cen//0000/L1_object_data_358_processed.root
hadd Source file 332: /eos/cms/store/group/phys_heavyions/jvelazqu/energycorr/condor_R4_axisWTA_cen//0003/L1_object_data_3161_processed.root
hadd Source file 313: /eos/cms/store/group/phys_heavyions/jvelazqu/energycorr/condor_R4_axisWTA_cen//0004/L1_object_data_4957_processed.root
hadd Source file 313: /eos/cms/store/group/phys_heavyions/jvelazqu/energycorr/condor_R4_axisWTA_cen//0003/L1_object_data_3747_processed.root
hadd Source file 354: /eos/cms/store/group/phys_heavyions/jvelazqu/energycorr/condor_R4_axisWTA_cen//0002/L1_object_data_2578_processed.root
hadd Source file 318: /eos/cms/store/group/phys_heavyions/jvelazqu/energycorr/condor_R4_axisWTA_cen//0001/L1_object_data_1119_processed.root
hadd Source file 324: /eos/cms/store/group/phys_heavyions/jvelazqu/energycorr/condor_R4_axisWTA_cen//0006/L1_object_data_769_processed.root
hadd Source file 314: /eos/cms/store/group/phys_heavyions/jvelazqu/energycorr/condor_R4_axisWTA_cen//0003/L1_object_data_3748_processed.root
hadd Source file 355: /eos/cms/store/group/phys_heavyions/jvelazqu/energycorr/condor_R4_axisWTA_cen//0002/L1_object_data_2579_processed.root
hadd Source file 349: /eos/cms/store/group/phys_heavyions/jvelazqu/energycorr/condor_R4_axisWTA_cen//0001/L1_object_data_1760_processed.root
hadd Source file 333: /eos/cms/store/group/phys_heavyions/jvelazqu/energycorr/condor_R4_axisWTA_cen//0003/L1_object_data_3162_processed.root
hadd Source file 319: /eos/cms/store/group/phys_heavyions/jvelazqu/energycorr/condor_R4_axisWTA_cen//0001/L1_object_data_1120_processed.root
hadd Source file 325: /eos/cms/store/group/phys_heavyions/jvelazqu/energycorr/condor_R4_axisWTA_cen//0006/L1_object_data_770_processed.root
hadd Source file 315: /eos/cms/store/group/phys_heavyions/jvelazqu/energycorr/condor_R4_axisWTA_cen//0003/L1_object_data_3749_processed.root
hadd Source file 326: /eos/cms/store/group/phys_heavyions/jvelazqu/energycorr/condor_R4_axisWTA_cen//0006/L1_object_data_771_processed.root
hadd Source file 314: /eos/cms/store/group/phys_heavyions/jvelazqu/energycorr/condor_R4_axisWTA_cen//0004/L1_object_data_4958_processed.root
hadd Source file 350: /eos/cms/store/group/phys_heavyions/jvelazqu/energycorr/condor_R4_axisWTA_cen//0001/L1_object_data_1761_processed.root
hadd Source file 218: /eos/cms/store/group/phys_heavyions/jvelazqu/energycorr/condor_R4_axisWTA_cen//0005/L1_object_data_5467_processed.root
hadd Source file 325: /eos/cms/store/group/phys_heavyions/jvelazqu/energycorr/condor_R4_axisWTA_cen//0004/L1_object_data_4364_processed.root
hadd Source file 320: /eos/cms/store/group/phys_heavyions/jvelazqu/energycorr/condor_R4_axisWTA_cen//0001/L1_object_data_1121_processed.root
hadd Source file 356: /eos/cms/store/group/phys_heavyions/jvelazqu/energycorr/condor_R4_axisWTA_cen//0002/L1_object_data_2580_processed.root
hadd Source file 315: /eos/cms/store/group/phys_heavyions/jvelazqu/energycorr/condor_R4_axisWTA_cen//0004/L1_object_data_4959_processed.root
hadd Source file 334: /eos/cms/store/group/phys_heavyions/jvelazqu/energycorr/condor_R4_axisWTA_cen//0003/L1_object_data_3163_processed.root
hadd Source file 316: /eos/cms/store/group/phys_heavyions/jvelazqu/energycorr/condor_R4_axisWTA_cen//0003/L1_object_data_3750_processed.root
hadd Source file 327: /eos/cms/store/group/phys_heavyions/jvelazqu/energycorr/condor_R4_axisWTA_cen//0006/L1_object_data_772_processed.root
hadd Source file 326: /eos/cms/store/group/phys_heavyions/jvelazqu/energycorr/condor_R4_axisWTA_cen//0004/L1_object_data_4365_processed.root
hadd Source file 321: /eos/cms/store/group/phys_heavyions/jvelazqu/energycorr/condor_R4_axisWTA_cen//0001/L1_object_data_1122_processed.root
hadd Source file 351: /eos/cms/store/group/phys_heavyions/jvelazqu/energycorr/condor_R4_axisWTA_cen//0001/L1_object_data_1762_processed.root
hadd Source file 219: /eos/cms/store/group/phys_heavyions/jvelazqu/energycorr/condor_R4_axisWTA_cen//0005/L1_object_data_5468_processed.root
hadd Source file 335: /eos/cms/store/group/phys_heavyions/jvelazqu/energycorr/condor_R4_axisWTA_cen//0003/L1_object_data_3164_processed.root
hadd Source file 317: /eos/cms/store/group/phys_heavyions/jvelazqu/energycorr/condor_R4_axisWTA_cen//0003/L1_object_data_3751_processed.root
hadd Source file 352: /eos/cms/store/group/phys_heavyions/jvelazqu/energycorr/condor_R4_axisWTA_cen//0001/L1_object_data_1763_processed.root
hadd Source file 327: /eos/cms/store/group/phys_heavyions/jvelazqu/energycorr/condor_R4_axisWTA_cen//0004/L1_object_data_4366_processed.root
hadd Source file 328: /eos/cms/store/group/phys_heavyions/jvelazqu/energycorr/condor_R4_axisWTA_cen//0006/L1_object_data_773_processed.root
hadd Source file 322: /eos/cms/store/group/phys_heavyions/jvelazqu/energycorr/condor_R4_axisWTA_cen//0001/L1_object_data_1123_processed.root
hadd Source file 317: /eos/cms/store/group/phys_heavyions/jvelazqu/energycorr/condor_R4_axisWTA_cen//0000/L1_object_data_359_processed.root
hadd Source file 336: /eos/cms/store/group/phys_heavyions/jvelazqu/energycorr/condor_R4_axisWTA_cen//0003/L1_object_data_3165_processed.root
hadd Source file 220: /eos/cms/store/group/phys_heavyions/jvelazqu/energycorr/condor_R4_axisWTA_cen//0005/L1_object_data_5469_processed.root
hadd Source file 357: /eos/cms/store/group/phys_heavyions/jvelazqu/energycorr/condor_R4_axisWTA_cen//0002/L1_object_data_2581_processed.root
hadd Source file 353: /eos/cms/store/group/phys_heavyions/jvelazqu/energycorr/condor_R4_axisWTA_cen//0001/L1_object_data_1764_processed.root
hadd Source file 328: /eos/cms/store/group/phys_heavyions/jvelazqu/energycorr/condor_R4_axisWTA_cen//0004/L1_object_data_4367_processed.root
hadd Source file 318: /eos/cms/store/group/phys_heavyions/jvelazqu/energycorr/condor_R4_axisWTA_cen//0000/L1_object_data_360_processed.root
hadd Source file 318: /eos/cms/store/group/phys_heavyions/jvelazqu/energycorr/condor_R4_axisWTA_cen//0003/L1_object_data_3752_processed.root
hadd Source file 337: /eos/cms/store/group/phys_heavyions/jvelazqu/energycorr/condor_R4_axisWTA_cen//0003/L1_object_data_3166_processed.root
hadd Source file 323: /eos/cms/store/group/phys_heavyions/jvelazqu/energycorr/condor_R4_axisWTA_cen//0001/L1_object_data_1124_processed.root
hadd Source file 221: /eos/cms/store/group/phys_heavyions/jvelazqu/energycorr/condor_R4_axisWTA_cen//0005/L1_object_data_5470_processed.root
hadd Source file 358: /eos/cms/store/group/phys_heavyions/jvelazqu/energycorr/condor_R4_axisWTA_cen//0002/L1_object_data_2582_processed.root
hadd Source file 324: /eos/cms/store/group/phys_heavyions/jvelazqu/energycorr/condor_R4_axisWTA_cen//0001/L1_object_data_1125_processed.root
hadd Source file 319: /eos/cms/store/group/phys_heavyions/jvelazqu/energycorr/condor_R4_axisWTA_cen//0000/L1_object_data_361_processed.root
hadd Source file 338: /eos/cms/store/group/phys_heavyions/jvelazqu/energycorr/condor_R4_axisWTA_cen//0003/L1_object_data_3167_processed.root
hadd Source file 329: /eos/cms/store/group/phys_heavyions/jvelazqu/energycorr/condor_R4_axisWTA_cen//0004/L1_object_data_4368_processed.root
hadd Source file 222: /eos/cms/store/group/phys_heavyions/jvelazqu/energycorr/condor_R4_axisWTA_cen//0005/L1_object_data_5471_processed.root
hadd Source file 319: /eos/cms/store/group/phys_heavyions/jvelazqu/energycorr/condor_R4_axisWTA_cen//0003/L1_object_data_3753_processed.root
hadd Source file 359: /eos/cms/store/group/phys_heavyions/jvelazqu/energycorr/condor_R4_axisWTA_cen//0002/L1_object_data_2583_processed.root
hadd Source file 330: /eos/cms/store/group/phys_heavyions/jvelazqu/energycorr/condor_R4_axisWTA_cen//0004/L1_object_data_4369_processed.root
hadd Source file 354: /eos/cms/store/group/phys_heavyions/jvelazqu/energycorr/condor_R4_axisWTA_cen//0001/L1_object_data_1765_processed.root
hadd Source file 339: /eos/cms/store/group/phys_heavyions/jvelazqu/energycorr/condor_R4_axisWTA_cen//0003/L1_object_data_3168_processed.root
hadd Source file 320: /eos/cms/store/group/phys_heavyions/jvelazqu/energycorr/condor_R4_axisWTA_cen//0000/L1_object_data_362_processed.root
hadd Source file 320: /eos/cms/store/group/phys_heavyions/jvelazqu/energycorr/condor_R4_axisWTA_cen//0003/L1_object_data_3754_processed.root
hadd Source file 325: /eos/cms/store/group/phys_heavyions/jvelazqu/energycorr/condor_R4_axisWTA_cen//0001/L1_object_data_1126_processed.root
hadd Source file 360: /eos/cms/store/group/phys_heavyions/jvelazqu/energycorr/condor_R4_axisWTA_cen//0002/L1_object_data_2584_processed.root
hadd Source file 329: /eos/cms/store/group/phys_heavyions/jvelazqu/energycorr/condor_R4_axisWTA_cen//0006/L1_object_data_774_processed.root
hadd Source file 340: /eos/cms/store/group/phys_heavyions/jvelazqu/energycorr/condor_R4_axisWTA_cen//0003/L1_object_data_3169_processed.root
hadd Source file 321: /eos/cms/store/group/phys_heavyions/jvelazqu/energycorr/condor_R4_axisWTA_cen//0003/L1_object_data_3755_processed.root
hadd Source file 331: /eos/cms/store/group/phys_heavyions/jvelazqu/energycorr/condor_R4_axisWTA_cen//0004/L1_object_data_4370_processed.root
hadd Source file 326: /eos/cms/store/group/phys_heavyions/jvelazqu/energycorr/condor_R4_axisWTA_cen//0001/L1_object_data_1127_processed.root
hadd Source file 330: /eos/cms/store/group/phys_heavyions/jvelazqu/energycorr/condor_R4_axisWTA_cen//0006/L1_object_data_775_processed.root
hadd Source file 321: /eos/cms/store/group/phys_heavyions/jvelazqu/energycorr/condor_R4_axisWTA_cen//0000/L1_object_data_363_processed.root
hadd Source file 355: /eos/cms/store/group/phys_heavyions/jvelazqu/energycorr/condor_R4_axisWTA_cen//0001/L1_object_data_1766_processed.root
hadd Source file 361: /eos/cms/store/group/phys_heavyions/jvelazqu/energycorr/condor_R4_axisWTA_cen//0002/L1_object_data_2585_processed.root
hadd Source file 332: /eos/cms/store/group/phys_heavyions/jvelazqu/energycorr/condor_R4_axisWTA_cen//0004/L1_object_data_4371_processed.root
hadd Source file 341: /eos/cms/store/group/phys_heavyions/jvelazqu/energycorr/condor_R4_axisWTA_cen//0003/L1_object_data_3170_processed.root
hadd Source file 327: /eos/cms/store/group/phys_heavyions/jvelazqu/energycorr/condor_R4_axisWTA_cen//0001/L1_object_data_1128_processed.root
hadd Source file 223: /eos/cms/store/group/phys_heavyions/jvelazqu/energycorr/condor_R4_axisWTA_cen//0005/L1_object_data_5472_processed.root
hadd Source file 356: /eos/cms/store/group/phys_heavyions/jvelazqu/energycorr/condor_R4_axisWTA_cen//0001/L1_object_data_1767_processed.root
hadd Source file 322: /eos/cms/store/group/phys_heavyions/jvelazqu/energycorr/condor_R4_axisWTA_cen//0003/L1_object_data_3756_processed.root
hadd Source file 331: /eos/cms/store/group/phys_heavyions/jvelazqu/energycorr/condor_R4_axisWTA_cen//0006/L1_object_data_776_processed.root
hadd Source file 362: /eos/cms/store/group/phys_heavyions/jvelazqu/energycorr/condor_R4_axisWTA_cen//0002/L1_object_data_2586_processed.root
hadd Source file 342: /eos/cms/store/group/phys_heavyions/jvelazqu/energycorr/condor_R4_axisWTA_cen//0003/L1_object_data_3171_processed.root
hadd Source file 333: /eos/cms/store/group/phys_heavyions/jvelazqu/energycorr/condor_R4_axisWTA_cen//0004/L1_object_data_4372_processed.root
hadd Source file 357: /eos/cms/store/group/phys_heavyions/jvelazqu/energycorr/condor_R4_axisWTA_cen//0001/L1_object_data_1768_processed.root
hadd Source file 328: /eos/cms/store/group/phys_heavyions/jvelazqu/energycorr/condor_R4_axisWTA_cen//0001/L1_object_data_1129_processed.root
hadd Source file 224: /eos/cms/store/group/phys_heavyions/jvelazqu/energycorr/condor_R4_axisWTA_cen//0005/L1_object_data_5473_processed.root
hadd Source file 363: /eos/cms/store/group/phys_heavyions/jvelazqu/energycorr/condor_R4_axisWTA_cen//0002/L1_object_data_2587_processed.root
hadd Source file 343: /eos/cms/store/group/phys_heavyions/jvelazqu/energycorr/condor_R4_axisWTA_cen//0003/L1_object_data_3172_processed.root
hadd Source file 332: /eos/cms/store/group/phys_heavyions/jvelazqu/energycorr/condor_R4_axisWTA_cen//0006/L1_object_data_777_processed.root
hadd Source file 358: /eos/cms/store/group/phys_heavyions/jvelazqu/energycorr/condor_R4_axisWTA_cen//0001/L1_object_data_1769_processed.root
hadd Source file 225: /eos/cms/store/group/phys_heavyions/jvelazqu/energycorr/condor_R4_axisWTA_cen//0005/L1_object_data_5474_processed.root
hadd Source file 334: /eos/cms/store/group/phys_heavyions/jvelazqu/energycorr/condor_R4_axisWTA_cen//0004/L1_object_data_4373_processed.root
hadd Source file 329: /eos/cms/store/group/phys_heavyions/jvelazqu/energycorr/condor_R4_axisWTA_cen//0001/L1_object_data_1130_processed.root
hadd Source file 333: /eos/cms/store/group/phys_heavyions/jvelazqu/energycorr/condor_R4_axisWTA_cen//0006/L1_object_data_778_processed.root
hadd Source file 330: /eos/cms/store/group/phys_heavyions/jvelazqu/energycorr/condor_R4_axisWTA_cen//0001/L1_object_data_1131_processed.root
hadd Source file 322: /eos/cms/store/group/phys_heavyions/jvelazqu/energycorr/condor_R4_axisWTA_cen//0000/L1_object_data_364_processed.root
hadd Source file 359: /eos/cms/store/group/phys_heavyions/jvelazqu/energycorr/condor_R4_axisWTA_cen//0001/L1_object_data_1771_processed.root
hadd Source file 344: /eos/cms/store/group/phys_heavyions/jvelazqu/energycorr/condor_R4_axisWTA_cen//0003/L1_object_data_3173_processed.root
hadd Source file 335: /eos/cms/store/group/phys_heavyions/jvelazqu/energycorr/condor_R4_axisWTA_cen//0004/L1_object_data_4374_processed.root
hadd Source file 323: /eos/cms/store/group/phys_heavyions/jvelazqu/energycorr/condor_R4_axisWTA_cen//0000/L1_object_data_365_processed.root
hadd Source file 334: /eos/cms/store/group/phys_heavyions/jvelazqu/energycorr/condor_R4_axisWTA_cen//0006/L1_object_data_779_processed.root
hadd Source file 226: /eos/cms/store/group/phys_heavyions/jvelazqu/energycorr/condor_R4_axisWTA_cen//0005/L1_object_data_5475_processed.root
hadd Source file 360: /eos/cms/store/group/phys_heavyions/jvelazqu/energycorr/condor_R4_axisWTA_cen//0001/L1_object_data_1772_processed.root
hadd Source file 345: /eos/cms/store/group/phys_heavyions/jvelazqu/energycorr/condor_R4_axisWTA_cen//0003/L1_object_data_3174_processed.root
hadd Source file 323: /eos/cms/store/group/phys_heavyions/jvelazqu/energycorr/condor_R4_axisWTA_cen//0003/L1_object_data_3757_processed.root
hadd Source file 331: /eos/cms/store/group/phys_heavyions/jvelazqu/energycorr/condor_R4_axisWTA_cen//0001/L1_object_data_1132_processed.root
hadd Source file 336: /eos/cms/store/group/phys_heavyions/jvelazqu/energycorr/condor_R4_axisWTA_cen//0004/L1_object_data_4375_processed.root
hadd Source file 324: /eos/cms/store/group/phys_heavyions/jvelazqu/energycorr/condor_R4_axisWTA_cen//0000/L1_object_data_366_processed.root
hadd Source file 335: /eos/cms/store/group/phys_heavyions/jvelazqu/energycorr/condor_R4_axisWTA_cen//0006/L1_object_data_780_processed.root
hadd Source file 324: /eos/cms/store/group/phys_heavyions/jvelazqu/energycorr/condor_R4_axisWTA_cen//0003/L1_object_data_3758_processed.root
hadd Source file 361: /eos/cms/store/group/phys_heavyions/jvelazqu/energycorr/condor_R4_axisWTA_cen//0001/L1_object_data_1773_processed.root
hadd Source file 337: /eos/cms/store/group/phys_heavyions/jvelazqu/energycorr/condor_R4_axisWTA_cen//0004/L1_object_data_4376_processed.root
hadd Source file 332: /eos/cms/store/group/phys_heavyions/jvelazqu/energycorr/condor_R4_axisWTA_cen//0001/L1_object_data_1133_processed.root
hadd Source file 325: /eos/cms/store/group/phys_heavyions/jvelazqu/energycorr/condor_R4_axisWTA_cen//0000/L1_object_data_367_processed.root
hadd Source file 227: /eos/cms/store/group/phys_heavyions/jvelazqu/energycorr/condor_R4_axisWTA_cen//0005/L1_object_data_5476_processed.root
hadd Source file 364: /eos/cms/store/group/phys_heavyions/jvelazqu/energycorr/condor_R4_axisWTA_cen//0002/L1_object_data_2588_processed.root
hadd Source file 346: /eos/cms/store/group/phys_heavyions/jvelazqu/energycorr/condor_R4_axisWTA_cen//0003/L1_object_data_3175_processed.root
hadd Source file 338: /eos/cms/store/group/phys_heavyions/jvelazqu/energycorr/condor_R4_axisWTA_cen//0004/L1_object_data_4377_processed.root
hadd Source file 336: /eos/cms/store/group/phys_heavyions/jvelazqu/energycorr/condor_R4_axisWTA_cen//0006/L1_object_data_781_processed.root
hadd Source file 325: /eos/cms/store/group/phys_heavyions/jvelazqu/energycorr/condor_R4_axisWTA_cen//0003/L1_object_data_3759_processed.root
hadd Source file 316: /eos/cms/store/group/phys_heavyions/jvelazqu/energycorr/condor_R4_axisWTA_cen//0004/L1_object_data_4960_processed.root
hadd Source file 333: /eos/cms/store/group/phys_heavyions/jvelazqu/energycorr/condor_R4_axisWTA_cen//0001/L1_object_data_1134_processed.root
hadd Source file 339: /eos/cms/store/group/phys_heavyions/jvelazqu/energycorr/condor_R4_axisWTA_cen//0004/L1_object_data_4378_processed.root
hadd Source file 228: /eos/cms/store/group/phys_heavyions/jvelazqu/energycorr/condor_R4_axisWTA_cen//0005/L1_object_data_5477_processed.root
hadd Source file 326: /eos/cms/store/group/phys_heavyions/jvelazqu/energycorr/condor_R4_axisWTA_cen//0000/L1_object_data_368_processed.root
hadd Source file 347: /eos/cms/store/group/phys_heavyions/jvelazqu/energycorr/condor_R4_axisWTA_cen//0003/L1_object_data_3176_processed.root
hadd Source file 362: /eos/cms/store/group/phys_heavyions/jvelazqu/energycorr/condor_R4_axisWTA_cen//0001/L1_object_data_1774_processed.root
hadd Source file 337: /eos/cms/store/group/phys_heavyions/jvelazqu/energycorr/condor_R4_axisWTA_cen//0006/L1_object_data_782_processed.root
hadd Source file 326: /eos/cms/store/group/phys_heavyions/jvelazqu/energycorr/condor_R4_axisWTA_cen//0003/L1_object_data_3760_processed.root
hadd Source file 317: /eos/cms/store/group/phys_heavyions/jvelazqu/energycorr/condor_R4_axisWTA_cen//0004/L1_object_data_4961_processed.root
hadd Source file 334: /eos/cms/store/group/phys_heavyions/jvelazqu/energycorr/condor_R4_axisWTA_cen//0001/L1_object_data_1135_processed.root
hadd Source file 327: /eos/cms/store/group/phys_heavyions/jvelazqu/energycorr/condor_R4_axisWTA_cen//0000/L1_object_data_369_processed.root
hadd Source file 348: /eos/cms/store/group/phys_heavyions/jvelazqu/energycorr/condor_R4_axisWTA_cen//0003/L1_object_data_3177_processed.root
hadd Source file 365: /eos/cms/store/group/phys_heavyions/jvelazqu/energycorr/condor_R4_axisWTA_cen//0002/L1_object_data_2589_processed.root
hadd Source file 318: /eos/cms/store/group/phys_heavyions/jvelazqu/energycorr/condor_R4_axisWTA_cen//0004/L1_object_data_4962_processed.root
hadd Source file 338: /eos/cms/store/group/phys_heavyions/jvelazqu/energycorr/condor_R4_axisWTA_cen//0006/L1_object_data_783_processed.root
hadd Source file 328: /eos/cms/store/group/phys_heavyions/jvelazqu/energycorr/condor_R4_axisWTA_cen//0000/L1_object_data_370_processed.root
hadd Source file 327: /eos/cms/store/group/phys_heavyions/jvelazqu/energycorr/condor_R4_axisWTA_cen//0003/L1_object_data_3761_processed.root
hadd Source file 335: /eos/cms/store/group/phys_heavyions/jvelazqu/energycorr/condor_R4_axisWTA_cen//0001/L1_object_data_1136_processed.root
hadd Source file 366: /eos/cms/store/group/phys_heavyions/jvelazqu/energycorr/condor_R4_axisWTA_cen//0002/L1_object_data_2590_processed.root
hadd Source file 339: /eos/cms/store/group/phys_heavyions/jvelazqu/energycorr/condor_R4_axisWTA_cen//0006/L1_object_data_784_processed.root
hadd Source file 336: /eos/cms/store/group/phys_heavyions/jvelazqu/energycorr/condor_R4_axisWTA_cen//0001/L1_object_data_1137_processed.root
hadd Source file 329: /eos/cms/store/group/phys_heavyions/jvelazqu/energycorr/condor_R4_axisWTA_cen//0000/L1_object_data_371_processed.root
hadd Source file 328: /eos/cms/store/group/phys_heavyions/jvelazqu/energycorr/condor_R4_axisWTA_cen//0003/L1_object_data_3762_processed.root
hadd Source file 367: /eos/cms/store/group/phys_heavyions/jvelazqu/energycorr/condor_R4_axisWTA_cen//0002/L1_object_data_2591_processed.root
hadd Source file 329: /eos/cms/store/group/phys_heavyions/jvelazqu/energycorr/condor_R4_axisWTA_cen//0003/L1_object_data_3763_processed.root
hadd Source file 319: /eos/cms/store/group/phys_heavyions/jvelazqu/energycorr/condor_R4_axisWTA_cen//0004/L1_object_data_4963_processed.root
hadd Source file 229: /eos/cms/store/group/phys_heavyions/jvelazqu/energycorr/condor_R4_axisWTA_cen//0005/L1_object_data_5478_processed.root
hadd Source file 340: /eos/cms/store/group/phys_heavyions/jvelazqu/energycorr/condor_R4_axisWTA_cen//0004/L1_object_data_4379_processed.root
hadd Source file 363: /eos/cms/store/group/phys_heavyions/jvelazqu/energycorr/condor_R4_axisWTA_cen//0001/L1_object_data_1775_processed.root
hadd Source file 368: /eos/cms/store/group/phys_heavyions/jvelazqu/energycorr/condor_R4_axisWTA_cen//0002/L1_object_data_2592_processed.root
hadd Source file 341: /eos/cms/store/group/phys_heavyions/jvelazqu/energycorr/condor_R4_axisWTA_cen//0004/L1_object_data_4380_processed.root
hadd Source file 330: /eos/cms/store/group/phys_heavyions/jvelazqu/energycorr/condor_R4_axisWTA_cen//0003/L1_object_data_3764_processed.root
hadd Source file 349: /eos/cms/store/group/phys_heavyions/jvelazqu/energycorr/condor_R4_axisWTA_cen//0003/L1_object_data_3178_processed.root
hadd Source file 369: /eos/cms/store/group/phys_heavyions/jvelazqu/energycorr/condor_R4_axisWTA_cen//0002/L1_object_data_2593_processed.root
hadd Source file 364: /eos/cms/store/group/phys_heavyions/jvelazqu/energycorr/condor_R4_axisWTA_cen//0001/L1_object_data_1776_processed.root
hadd Source file 320: /eos/cms/store/group/phys_heavyions/jvelazqu/energycorr/condor_R4_axisWTA_cen//0004/L1_object_data_4964_processed.root
hadd Source file 337: /eos/cms/store/group/phys_heavyions/jvelazqu/energycorr/condor_R4_axisWTA_cen//0001/L1_object_data_1138_processed.root
hadd Source file 331: /eos/cms/store/group/phys_heavyions/jvelazqu/energycorr/condor_R4_axisWTA_cen//0003/L1_object_data_3765_processed.root
hadd Source file 342: /eos/cms/store/group/phys_heavyions/jvelazqu/energycorr/condor_R4_axisWTA_cen//0004/L1_object_data_4381_processed.root
hadd Source file 350: /eos/cms/store/group/phys_heavyions/jvelazqu/energycorr/condor_R4_axisWTA_cen//0003/L1_object_data_3179_processed.root
hadd Source file 365: /eos/cms/store/group/phys_heavyions/jvelazqu/energycorr/condor_R4_axisWTA_cen//0001/L1_object_data_1777_processed.root
hadd Source file 351: /eos/cms/store/group/phys_heavyions/jvelazqu/energycorr/condor_R4_axisWTA_cen//0003/L1_object_data_3180_processed.root
hadd Source file 340: /eos/cms/store/group/phys_heavyions/jvelazqu/energycorr/condor_R4_axisWTA_cen//0006/L1_object_data_785_processed.root
hadd Source file 321: /eos/cms/store/group/phys_heavyions/jvelazqu/energycorr/condor_R4_axisWTA_cen//0004/L1_object_data_4965_processed.root
hadd Source file 332: /eos/cms/store/group/phys_heavyions/jvelazqu/energycorr/condor_R4_axisWTA_cen//0003/L1_object_data_3766_processed.root
hadd Source file 343: /eos/cms/store/group/phys_heavyions/jvelazqu/energycorr/condor_R4_axisWTA_cen//0004/L1_object_data_4382_processed.root
hadd Source file 330: /eos/cms/store/group/phys_heavyions/jvelazqu/energycorr/condor_R4_axisWTA_cen//0000/L1_object_data_372_processed.root
hadd Source file 338: /eos/cms/store/group/phys_heavyions/jvelazqu/energycorr/condor_R4_axisWTA_cen//0001/L1_object_data_1139_processed.root
hadd Source file 341: /eos/cms/store/group/phys_heavyions/jvelazqu/energycorr/condor_R4_axisWTA_cen//0006/L1_object_data_786_processed.root
hadd Source file 344: /eos/cms/store/group/phys_heavyions/jvelazqu/energycorr/condor_R4_axisWTA_cen//0004/L1_object_data_4383_processed.root
hadd Source file 230: /eos/cms/store/group/phys_heavyions/jvelazqu/energycorr/condor_R4_axisWTA_cen//0005/L1_object_data_5479_processed.root
hadd Source file 352: /eos/cms/store/group/phys_heavyions/jvelazqu/energycorr/condor_R4_axisWTA_cen//0003/L1_object_data_3181_processed.root
hadd Source file 322: /eos/cms/store/group/phys_heavyions/jvelazqu/energycorr/condor_R4_axisWTA_cen//0004/L1_object_data_4966_processed.root
hadd Source file 339: /eos/cms/store/group/phys_heavyions/jvelazqu/energycorr/condor_R4_axisWTA_cen//0001/L1_object_data_1140_processed.root
hadd Source file 331: /eos/cms/store/group/phys_heavyions/jvelazqu/energycorr/condor_R4_axisWTA_cen//0000/L1_object_data_373_processed.root
hadd Source file 333: /eos/cms/store/group/phys_heavyions/jvelazqu/energycorr/condor_R4_axisWTA_cen//0003/L1_object_data_3767_processed.root
hadd Source file 323: /eos/cms/store/group/phys_heavyions/jvelazqu/energycorr/condor_R4_axisWTA_cen//0004/L1_object_data_4967_processed.root
hadd Source file 370: /eos/cms/store/group/phys_heavyions/jvelazqu/energycorr/condor_R4_axisWTA_cen//0002/L1_object_data_2594_processed.root
hadd Source file 345: /eos/cms/store/group/phys_heavyions/jvelazqu/energycorr/condor_R4_axisWTA_cen//0004/L1_object_data_4384_processed.root
hadd Source file 342: /eos/cms/store/group/phys_heavyions/jvelazqu/energycorr/condor_R4_axisWTA_cen//0006/L1_object_data_787_processed.root
hadd Source file 340: /eos/cms/store/group/phys_heavyions/jvelazqu/energycorr/condor_R4_axisWTA_cen//0001/L1_object_data_1141_processed.root
hadd Source file 231: /eos/cms/store/group/phys_heavyions/jvelazqu/energycorr/condor_R4_axisWTA_cen//0005/L1_object_data_5480_processed.root
hadd Source file 353: /eos/cms/store/group/phys_heavyions/jvelazqu/energycorr/condor_R4_axisWTA_cen//0003/L1_object_data_3182_processed.root
hadd Source file 341: /eos/cms/store/group/phys_heavyions/jvelazqu/energycorr/condor_R4_axisWTA_cen//0001/L1_object_data_1142_processed.root
hadd Source file 332: /eos/cms/store/group/phys_heavyions/jvelazqu/energycorr/condor_R4_axisWTA_cen//0000/L1_object_data_374_processed.root
hadd Source file 324: /eos/cms/store/group/phys_heavyions/jvelazqu/energycorr/condor_R4_axisWTA_cen//0004/L1_object_data_4968_processed.root
hadd Source file 334: /eos/cms/store/group/phys_heavyions/jvelazqu/energycorr/condor_R4_axisWTA_cen//0003/L1_object_data_3768_processed.root
hadd Source file 232: /eos/cms/store/group/phys_heavyions/jvelazqu/energycorr/condor_R4_axisWTA_cen//0005/L1_object_data_5481_processed.root
hadd Source file 343: /eos/cms/store/group/phys_heavyions/jvelazqu/energycorr/condor_R4_axisWTA_cen//0006/L1_object_data_788_processed.root
hadd Source file 371: /eos/cms/store/group/phys_heavyions/jvelazqu/energycorr/condor_R4_axisWTA_cen//0002/L1_object_data_2595_processed.root
hadd Source file 354: /eos/cms/store/group/phys_heavyions/jvelazqu/energycorr/condor_R4_axisWTA_cen//0003/L1_object_data_3183_processed.root
hadd Source file 346: /eos/cms/store/group/phys_heavyions/jvelazqu/energycorr/condor_R4_axisWTA_cen//0004/L1_object_data_4385_processed.root
hadd Source file 342: /eos/cms/store/group/phys_heavyions/jvelazqu/energycorr/condor_R4_axisWTA_cen//0001/L1_object_data_1143_processed.root
hadd Source file 325: /eos/cms/store/group/phys_heavyions/jvelazqu/energycorr/condor_R4_axisWTA_cen//0004/L1_object_data_4969_processed.root
hadd Source file 372: /eos/cms/store/group/phys_heavyions/jvelazqu/energycorr/condor_R4_axisWTA_cen//0002/L1_object_data_2596_processed.root
hadd Source file 333: /eos/cms/store/group/phys_heavyions/jvelazqu/energycorr/condor_R4_axisWTA_cen//0000/L1_object_data_375_processed.root
hadd Source file 233: /eos/cms/store/group/phys_heavyions/jvelazqu/energycorr/condor_R4_axisWTA_cen//0005/L1_object_data_5482_processed.root
hadd Source file 355: /eos/cms/store/group/phys_heavyions/jvelazqu/energycorr/condor_R4_axisWTA_cen//0003/L1_object_data_3184_processed.root
hadd Source file 344: /eos/cms/store/group/phys_heavyions/jvelazqu/energycorr/condor_R4_axisWTA_cen//0006/L1_object_data_789_processed.root
hadd Source file 343: /eos/cms/store/group/phys_heavyions/jvelazqu/energycorr/condor_R4_axisWTA_cen//0001/L1_object_data_1144_processed.root
hadd Source file 347: /eos/cms/store/group/phys_heavyions/jvelazqu/energycorr/condor_R4_axisWTA_cen//0004/L1_object_data_4386_processed.root
hadd Source file 334: /eos/cms/store/group/phys_heavyions/jvelazqu/energycorr/condor_R4_axisWTA_cen//0000/L1_object_data_376_processed.root
hadd Source file 326: /eos/cms/store/group/phys_heavyions/jvelazqu/energycorr/condor_R4_axisWTA_cen//0004/L1_object_data_4970_processed.root
hadd Source file 356: /eos/cms/store/group/phys_heavyions/jvelazqu/energycorr/condor_R4_axisWTA_cen//0003/L1_object_data_3185_processed.root
hadd Source file 234: /eos/cms/store/group/phys_heavyions/jvelazqu/energycorr/condor_R4_axisWTA_cen//0005/L1_object_data_5483_processed.root
hadd Source file 373: /eos/cms/store/group/phys_heavyions/jvelazqu/energycorr/condor_R4_axisWTA_cen//0002/L1_object_data_2597_processed.root
hadd Source file 335: /eos/cms/store/group/phys_heavyions/jvelazqu/energycorr/condor_R4_axisWTA_cen//0000/L1_object_data_377_processed.root
hadd Source file 345: /eos/cms/store/group/phys_heavyions/jvelazqu/energycorr/condor_R4_axisWTA_cen//0006/L1_object_data_790_processed.root
hadd Source file 344: /eos/cms/store/group/phys_heavyions/jvelazqu/energycorr/condor_R4_axisWTA_cen//0001/L1_object_data_1145_processed.root
hadd Source file 327: /eos/cms/store/group/phys_heavyions/jvelazqu/energycorr/condor_R4_axisWTA_cen//0004/L1_object_data_4971_processed.root
hadd Source file 348: /eos/cms/store/group/phys_heavyions/jvelazqu/energycorr/condor_R4_axisWTA_cen//0004/L1_object_data_4387_processed.root
hadd Source file 357: /eos/cms/store/group/phys_heavyions/jvelazqu/energycorr/condor_R4_axisWTA_cen//0003/L1_object_data_3186_processed.root
hadd Source file 235: /eos/cms/store/group/phys_heavyions/jvelazqu/energycorr/condor_R4_axisWTA_cen//0005/L1_object_data_5484_processed.root
hadd Source file 374: /eos/cms/store/group/phys_heavyions/jvelazqu/energycorr/condor_R4_axisWTA_cen//0002/L1_object_data_2598_processed.root
hadd Source file 335: /eos/cms/store/group/phys_heavyions/jvelazqu/energycorr/condor_R4_axisWTA_cen//0003/L1_object_data_3769_processed.root
hadd Source file 336: /eos/cms/store/group/phys_heavyions/jvelazqu/energycorr/condor_R4_axisWTA_cen//0000/L1_object_data_378_processed.root
hadd Source file 346: /eos/cms/store/group/phys_heavyions/jvelazqu/energycorr/condor_R4_axisWTA_cen//0006/L1_object_data_791_processed.root
hadd Source file 358: /eos/cms/store/group/phys_heavyions/jvelazqu/energycorr/condor_R4_axisWTA_cen//0003/L1_object_data_3187_processed.root
hadd Source file 345: /eos/cms/store/group/phys_heavyions/jvelazqu/energycorr/condor_R4_axisWTA_cen//0001/L1_object_data_1146_processed.root
hadd Source file 349: /eos/cms/store/group/phys_heavyions/jvelazqu/energycorr/condor_R4_axisWTA_cen//0004/L1_object_data_4388_processed.root
hadd Source file 328: /eos/cms/store/group/phys_heavyions/jvelazqu/energycorr/condor_R4_axisWTA_cen//0004/L1_object_data_4972_processed.root
hadd Source file 359: /eos/cms/store/group/phys_heavyions/jvelazqu/energycorr/condor_R4_axisWTA_cen//0003/L1_object_data_3188_processed.root
hadd Source file 236: /eos/cms/store/group/phys_heavyions/jvelazqu/energycorr/condor_R4_axisWTA_cen//0005/L1_object_data_5485_processed.root
hadd Source file 336: /eos/cms/store/group/phys_heavyions/jvelazqu/energycorr/condor_R4_axisWTA_cen//0003/L1_object_data_3770_processed.root
hadd Source file 346: /eos/cms/store/group/phys_heavyions/jvelazqu/energycorr/condor_R4_axisWTA_cen//0001/L1_object_data_1147_processed.root
hadd Source file 347: /eos/cms/store/group/phys_heavyions/jvelazqu/energycorr/condor_R4_axisWTA_cen//0006/L1_object_data_792_processed.root
hadd Source file 337: /eos/cms/store/group/phys_heavyions/jvelazqu/energycorr/condor_R4_axisWTA_cen//0003/L1_object_data_3771_processed.root
hadd Source file 329: /eos/cms/store/group/phys_heavyions/jvelazqu/energycorr/condor_R4_axisWTA_cen//0004/L1_object_data_4973_processed.root
hadd Source file 347: /eos/cms/store/group/phys_heavyions/jvelazqu/energycorr/condor_R4_axisWTA_cen//0001/L1_object_data_1148_processed.root
hadd Source file 237: /eos/cms/store/group/phys_heavyions/jvelazqu/energycorr/condor_R4_axisWTA_cen//0005/L1_object_data_5486_processed.root
hadd Source file 338: /eos/cms/store/group/phys_heavyions/jvelazqu/energycorr/condor_R4_axisWTA_cen//0003/L1_object_data_3772_processed.root
hadd Source file 330: /eos/cms/store/group/phys_heavyions/jvelazqu/energycorr/condor_R4_axisWTA_cen//0004/L1_object_data_4974_processed.root
hadd Source file 348: /eos/cms/store/group/phys_heavyions/jvelazqu/energycorr/condor_R4_axisWTA_cen//0001/L1_object_data_1149_processed.root
hadd Source file 375: /eos/cms/store/group/phys_heavyions/jvelazqu/energycorr/condor_R4_axisWTA_cen//0002/L1_object_data_2599_processed.root
hadd Source file 337: /eos/cms/store/group/phys_heavyions/jvelazqu/energycorr/condor_R4_axisWTA_cen//0000/L1_object_data_379_processed.root
hadd Source file 339: /eos/cms/store/group/phys_heavyions/jvelazqu/energycorr/condor_R4_axisWTA_cen//0003/L1_object_data_3773_processed.root
hadd Source file 238: /eos/cms/store/group/phys_heavyions/jvelazqu/energycorr/condor_R4_axisWTA_cen//0005/L1_object_data_5487_processed.root
hadd Source file 331: /eos/cms/store/group/phys_heavyions/jvelazqu/energycorr/condor_R4_axisWTA_cen//0004/L1_object_data_4975_processed.root
hadd Source file 350: /eos/cms/store/group/phys_heavyions/jvelazqu/energycorr/condor_R4_axisWTA_cen//0004/L1_object_data_4389_processed.root
hadd Source file 349: /eos/cms/store/group/phys_heavyions/jvelazqu/energycorr/condor_R4_axisWTA_cen//0001/L1_object_data_1150_processed.root
hadd Source file 348: /eos/cms/store/group/phys_heavyions/jvelazqu/energycorr/condor_R4_axisWTA_cen//0006/L1_object_data_793_processed.root
hadd Source file 360: /eos/cms/store/group/phys_heavyions/jvelazqu/energycorr/condor_R4_axisWTA_cen//0003/L1_object_data_3189_processed.root
hadd Source file 338: /eos/cms/store/group/phys_heavyions/jvelazqu/energycorr/condor_R4_axisWTA_cen//0000/L1_object_data_380_processed.root
hadd Source file 376: /eos/cms/store/group/phys_heavyions/jvelazqu/energycorr/condor_R4_axisWTA_cen//0002/L1_object_data_2600_processed.root
hadd Source file 332: /eos/cms/store/group/phys_heavyions/jvelazqu/energycorr/condor_R4_axisWTA_cen//0004/L1_object_data_4976_processed.root
hadd Source file 349: /eos/cms/store/group/phys_heavyions/jvelazqu/energycorr/condor_R4_axisWTA_cen//0006/L1_object_data_794_processed.root
hadd Source file 350: /eos/cms/store/group/phys_heavyions/jvelazqu/energycorr/condor_R4_axisWTA_cen//0001/L1_object_data_1151_processed.root
hadd Source file 239: /eos/cms/store/group/phys_heavyions/jvelazqu/energycorr/condor_R4_axisWTA_cen//0005/L1_object_data_5488_processed.root
hadd Source file 377: /eos/cms/store/group/phys_heavyions/jvelazqu/energycorr/condor_R4_axisWTA_cen//0002/L1_object_data_2601_processed.root
hadd Source file 366: /eos/cms/store/group/phys_heavyions/jvelazqu/energycorr/condor_R4_axisWTA_cen//0001/L1_object_data_1778_processed.root
hadd Source file 351: /eos/cms/store/group/phys_heavyions/jvelazqu/energycorr/condor_R4_axisWTA_cen//0004/L1_object_data_4390_processed.root
hadd Source file 361: /eos/cms/store/group/phys_heavyions/jvelazqu/energycorr/condor_R4_axisWTA_cen//0003/L1_object_data_3190_processed.root
hadd Source file 350: /eos/cms/store/group/phys_heavyions/jvelazqu/energycorr/condor_R4_axisWTA_cen//0006/L1_object_data_795_processed.root
hadd Source file 339: /eos/cms/store/group/phys_heavyions/jvelazqu/energycorr/condor_R4_axisWTA_cen//0000/L1_object_data_381_processed.root
hadd Source file 351: /eos/cms/store/group/phys_heavyions/jvelazqu/energycorr/condor_R4_axisWTA_cen//0001/L1_object_data_1152_processed.root
hadd Source file 333: /eos/cms/store/group/phys_heavyions/jvelazqu/energycorr/condor_R4_axisWTA_cen//0004/L1_object_data_4977_processed.root
hadd Source file 378: /eos/cms/store/group/phys_heavyions/jvelazqu/energycorr/condor_R4_axisWTA_cen//0002/L1_object_data_2602_processed.root
hadd Source file 240: /eos/cms/store/group/phys_heavyions/jvelazqu/energycorr/condor_R4_axisWTA_cen//0005/L1_object_data_5489_processed.root
hadd Source file 352: /eos/cms/store/group/phys_heavyions/jvelazqu/energycorr/condor_R4_axisWTA_cen//0004/L1_object_data_4391_processed.root
hadd Source file 340: /eos/cms/store/group/phys_heavyions/jvelazqu/energycorr/condor_R4_axisWTA_cen//0000/L1_object_data_383_processed.root
hadd Source file 367: /eos/cms/store/group/phys_heavyions/jvelazqu/energycorr/condor_R4_axisWTA_cen//0001/L1_object_data_1779_processed.root
hadd Source file 352: /eos/cms/store/group/phys_heavyions/jvelazqu/energycorr/condor_R4_axisWTA_cen//0001/L1_object_data_1153_processed.root
hadd Source file 351: /eos/cms/store/group/phys_heavyions/jvelazqu/energycorr/condor_R4_axisWTA_cen//0006/L1_object_data_796_processed.root
hadd Source file 362: /eos/cms/store/group/phys_heavyions/jvelazqu/energycorr/condor_R4_axisWTA_cen//0003/L1_object_data_3191_processed.root
hadd Source file 340: /eos/cms/store/group/phys_heavyions/jvelazqu/energycorr/condor_R4_axisWTA_cen//0003/L1_object_data_3774_processed.root
hadd Source file 341: /eos/cms/store/group/phys_heavyions/jvelazqu/energycorr/condor_R4_axisWTA_cen//0000/L1_object_data_384_processed.root
hadd Source file 241: /eos/cms/store/group/phys_heavyions/jvelazqu/energycorr/condor_R4_axisWTA_cen//0005/L1_object_data_5490_processed.root
hadd Source file 353: /eos/cms/store/group/phys_heavyions/jvelazqu/energycorr/condor_R4_axisWTA_cen//0004/L1_object_data_4392_processed.root
hadd Source file 368: /eos/cms/store/group/phys_heavyions/jvelazqu/energycorr/condor_R4_axisWTA_cen//0001/L1_object_data_1780_processed.root
hadd Source file 353: /eos/cms/store/group/phys_heavyions/jvelazqu/energycorr/condor_R4_axisWTA_cen//0001/L1_object_data_1154_processed.root
hadd Source file 379: /eos/cms/store/group/phys_heavyions/jvelazqu/energycorr/condor_R4_axisWTA_cen//0002/L1_object_data_2603_processed.root
hadd Source file 352: /eos/cms/store/group/phys_heavyions/jvelazqu/energycorr/condor_R4_axisWTA_cen//0006/L1_object_data_797_processed.root
hadd Source file 341: /eos/cms/store/group/phys_heavyions/jvelazqu/energycorr/condor_R4_axisWTA_cen//0003/L1_object_data_3775_processed.root
hadd Source file 369: /eos/cms/store/group/phys_heavyions/jvelazqu/energycorr/condor_R4_axisWTA_cen//0001/L1_object_data_1781_processed.root
hadd Source file 363: /eos/cms/store/group/phys_heavyions/jvelazqu/energycorr/condor_R4_axisWTA_cen//0003/L1_object_data_3192_processed.root
hadd Source file 242: /eos/cms/store/group/phys_heavyions/jvelazqu/energycorr/condor_R4_axisWTA_cen//0005/L1_object_data_5491_processed.root
hadd Source file 342: /eos/cms/store/group/phys_heavyions/jvelazqu/energycorr/condor_R4_axisWTA_cen//0003/L1_object_data_3776_processed.root
hadd Source file 370: /eos/cms/store/group/phys_heavyions/jvelazqu/energycorr/condor_R4_axisWTA_cen//0001/L1_object_data_1782_processed.root
hadd Source file 342: /eos/cms/store/group/phys_heavyions/jvelazqu/energycorr/condor_R4_axisWTA_cen//0000/L1_object_data_385_processed.root
hadd Source file 243: /eos/cms/store/group/phys_heavyions/jvelazqu/energycorr/condor_R4_axisWTA_cen//0005/L1_object_data_5492_processed.root
hadd Source file 343: /eos/cms/store/group/phys_heavyions/jvelazqu/energycorr/condor_R4_axisWTA_cen//0003/L1_object_data_3777_processed.root
hadd Source file 334: /eos/cms/store/group/phys_heavyions/jvelazqu/energycorr/condor_R4_axisWTA_cen//0004/L1_object_data_4978_processed.root
hadd Source file 343: /eos/cms/store/group/phys_heavyions/jvelazqu/energycorr/condor_R4_axisWTA_cen//0000/L1_object_data_386_processed.root
hadd Source file 371: /eos/cms/store/group/phys_heavyions/jvelazqu/energycorr/condor_R4_axisWTA_cen//0001/L1_object_data_1783_processed.root
hadd Source file 344: /eos/cms/store/group/phys_heavyions/jvelazqu/energycorr/condor_R4_axisWTA_cen//0003/L1_object_data_3778_processed.root
hadd Source file 244: /eos/cms/store/group/phys_heavyions/jvelazqu/energycorr/condor_R4_axisWTA_cen//0005/L1_object_data_5493_processed.root
hadd Source file 372: /eos/cms/store/group/phys_heavyions/jvelazqu/energycorr/condor_R4_axisWTA_cen//0001/L1_object_data_1784_processed.root
hadd Source file 354: /eos/cms/store/group/phys_heavyions/jvelazqu/energycorr/condor_R4_axisWTA_cen//0004/L1_object_data_4393_processed.root
hadd Source file 335: /eos/cms/store/group/phys_heavyions/jvelazqu/energycorr/condor_R4_axisWTA_cen//0004/L1_object_data_4979_processed.root
hadd Source file 344: /eos/cms/store/group/phys_heavyions/jvelazqu/energycorr/condor_R4_axisWTA_cen//0000/L1_object_data_387_processed.root
hadd Source file 380: /eos/cms/store/group/phys_heavyions/jvelazqu/energycorr/condor_R4_axisWTA_cen//0002/L1_object_data_2604_processed.root
hadd Source file 353: /eos/cms/store/group/phys_heavyions/jvelazqu/energycorr/condor_R4_axisWTA_cen//0006/L1_object_data_798_processed.root
hadd Source file 345: /eos/cms/store/group/phys_heavyions/jvelazqu/energycorr/condor_R4_axisWTA_cen//0003/L1_object_data_3779_processed.root
hadd Source file 245: /eos/cms/store/group/phys_heavyions/jvelazqu/energycorr/condor_R4_axisWTA_cen//0005/L1_object_data_5494_processed.root
hadd Source file 364: /eos/cms/store/group/phys_heavyions/jvelazqu/energycorr/condor_R4_axisWTA_cen//0003/L1_object_data_3193_processed.root
hadd Source file 345: /eos/cms/store/group/phys_heavyions/jvelazqu/energycorr/condor_R4_axisWTA_cen//0000/L1_object_data_388_processed.root
hadd Source file 381: /eos/cms/store/group/phys_heavyions/jvelazqu/energycorr/condor_R4_axisWTA_cen//0002/L1_object_data_2605_processed.root
hadd Source file 373: /eos/cms/store/group/phys_heavyions/jvelazqu/energycorr/condor_R4_axisWTA_cen//0001/L1_object_data_1785_processed.root
hadd Source file 355: /eos/cms/store/group/phys_heavyions/jvelazqu/energycorr/condor_R4_axisWTA_cen//0004/L1_object_data_4394_processed.root
hadd Source file 354: /eos/cms/store/group/phys_heavyions/jvelazqu/energycorr/condor_R4_axisWTA_cen//0001/L1_object_data_1155_processed.root
hadd Source file 336: /eos/cms/store/group/phys_heavyions/jvelazqu/energycorr/condor_R4_axisWTA_cen//0004/L1_object_data_4980_processed.root
hadd Source file 346: /eos/cms/store/group/phys_heavyions/jvelazqu/energycorr/condor_R4_axisWTA_cen//0003/L1_object_data_3780_processed.root
hadd Source file 246: /eos/cms/store/group/phys_heavyions/jvelazqu/energycorr/condor_R4_axisWTA_cen//0005/L1_object_data_5495_processed.root
hadd Source file 374: /eos/cms/store/group/phys_heavyions/jvelazqu/energycorr/condor_R4_axisWTA_cen//0001/L1_object_data_1786_processed.root
hadd Source file 346: /eos/cms/store/group/phys_heavyions/jvelazqu/energycorr/condor_R4_axisWTA_cen//0000/L1_object_data_389_processed.root
hadd Source file 365: /eos/cms/store/group/phys_heavyions/jvelazqu/energycorr/condor_R4_axisWTA_cen//0003/L1_object_data_3194_processed.root
hadd Source file 354: /eos/cms/store/group/phys_heavyions/jvelazqu/energycorr/condor_R4_axisWTA_cen//0006/L1_object_data_799_processed.root
hadd Source file 356: /eos/cms/store/group/phys_heavyions/jvelazqu/energycorr/condor_R4_axisWTA_cen//0004/L1_object_data_4395_processed.root
hadd Source file 382: /eos/cms/store/group/phys_heavyions/jvelazqu/energycorr/condor_R4_axisWTA_cen//0002/L1_object_data_2606_processed.root
hadd Source file 355: /eos/cms/store/group/phys_heavyions/jvelazqu/energycorr/condor_R4_axisWTA_cen//0001/L1_object_data_1156_processed.root
hadd Source file 347: /eos/cms/store/group/phys_heavyions/jvelazqu/energycorr/condor_R4_axisWTA_cen//0000/L1_object_data_390_processed.root
hadd Source file 347: /eos/cms/store/group/phys_heavyions/jvelazqu/energycorr/condor_R4_axisWTA_cen//0003/L1_object_data_3781_processed.root
hadd Source file 366: /eos/cms/store/group/phys_heavyions/jvelazqu/energycorr/condor_R4_axisWTA_cen//0003/L1_object_data_3195_processed.root
hadd Source file 355: /eos/cms/store/group/phys_heavyions/jvelazqu/energycorr/condor_R4_axisWTA_cen//0006/L1_object_data_800_processed.root
hadd Source file 337: /eos/cms/store/group/phys_heavyions/jvelazqu/energycorr/condor_R4_axisWTA_cen//0004/L1_object_data_4981_processed.root
hadd Source file 357: /eos/cms/store/group/phys_heavyions/jvelazqu/energycorr/condor_R4_axisWTA_cen//0004/L1_object_data_4396_processed.root
hadd Source file 247: /eos/cms/store/group/phys_heavyions/jvelazqu/energycorr/condor_R4_axisWTA_cen//0005/L1_object_data_5496_processed.root
hadd Source file 358: /eos/cms/store/group/phys_heavyions/jvelazqu/energycorr/condor_R4_axisWTA_cen//0004/L1_object_data_4397_processed.root
hadd Source file 383: /eos/cms/store/group/phys_heavyions/jvelazqu/energycorr/condor_R4_axisWTA_cen//0002/L1_object_data_2607_processed.root
hadd Source file 375: /eos/cms/store/group/phys_heavyions/jvelazqu/energycorr/condor_R4_axisWTA_cen//0001/L1_object_data_1787_processed.root
hadd Source file 348: /eos/cms/store/group/phys_heavyions/jvelazqu/energycorr/condor_R4_axisWTA_cen//0000/L1_object_data_391_processed.root
hadd Source file 359: /eos/cms/store/group/phys_heavyions/jvelazqu/energycorr/condor_R4_axisWTA_cen//0004/L1_object_data_4398_processed.root
hadd Source file 356: /eos/cms/store/group/phys_heavyions/jvelazqu/energycorr/condor_R4_axisWTA_cen//0001/L1_object_data_1157_processed.root
hadd Source file 348: /eos/cms/store/group/phys_heavyions/jvelazqu/energycorr/condor_R4_axisWTA_cen//0003/L1_object_data_3782_processed.root
hadd Source file 367: /eos/cms/store/group/phys_heavyions/jvelazqu/energycorr/condor_R4_axisWTA_cen//0003/L1_object_data_3196_processed.root
hadd Source file 338: /eos/cms/store/group/phys_heavyions/jvelazqu/energycorr/condor_R4_axisWTA_cen//0004/L1_object_data_4982_processed.root
hadd Source file 356: /eos/cms/store/group/phys_heavyions/jvelazqu/energycorr/condor_R4_axisWTA_cen//0006/L1_object_data_801_processed.root
hadd Source file 248: /eos/cms/store/group/phys_heavyions/jvelazqu/energycorr/condor_R4_axisWTA_cen//0005/L1_object_data_5497_processed.root
hadd Source file 384: /eos/cms/store/group/phys_heavyions/jvelazqu/energycorr/condor_R4_axisWTA_cen//0002/L1_object_data_2608_processed.root
hadd Source file 376: /eos/cms/store/group/phys_heavyions/jvelazqu/energycorr/condor_R4_axisWTA_cen//0001/L1_object_data_1788_processed.root
hadd Source file 357: /eos/cms/store/group/phys_heavyions/jvelazqu/energycorr/condor_R4_axisWTA_cen//0001/L1_object_data_1158_processed.root
hadd Source file 349: /eos/cms/store/group/phys_heavyions/jvelazqu/energycorr/condor_R4_axisWTA_cen//0003/L1_object_data_3783_processed.root
hadd Source file 349: /eos/cms/store/group/phys_heavyions/jvelazqu/energycorr/condor_R4_axisWTA_cen//0000/L1_object_data_392_processed.root
hadd Source file 339: /eos/cms/store/group/phys_heavyions/jvelazqu/energycorr/condor_R4_axisWTA_cen//0004/L1_object_data_4983_processed.root
hadd Source file 357: /eos/cms/store/group/phys_heavyions/jvelazqu/energycorr/condor_R4_axisWTA_cen//0006/L1_object_data_802_processed.root
hadd Source file 360: /eos/cms/store/group/phys_heavyions/jvelazqu/energycorr/condor_R4_axisWTA_cen//0004/L1_object_data_4399_processed.root
hadd Source file 368: /eos/cms/store/group/phys_heavyions/jvelazqu/energycorr/condor_R4_axisWTA_cen//0003/L1_object_data_3197_processed.root
hadd Source file 249: /eos/cms/store/group/phys_heavyions/jvelazqu/energycorr/condor_R4_axisWTA_cen//0005/L1_object_data_5498_processed.root
hadd Source file 385: /eos/cms/store/group/phys_heavyions/jvelazqu/energycorr/condor_R4_axisWTA_cen//0002/L1_object_data_2609_processed.root
hadd Source file 358: /eos/cms/store/group/phys_heavyions/jvelazqu/energycorr/condor_R4_axisWTA_cen//0001/L1_object_data_1159_processed.root
hadd Source file 358: /eos/cms/store/group/phys_heavyions/jvelazqu/energycorr/condor_R4_axisWTA_cen//0006/L1_object_data_803_processed.root
hadd Source file 361: /eos/cms/store/group/phys_heavyions/jvelazqu/energycorr/condor_R4_axisWTA_cen//0004/L1_object_data_4400_processed.root
hadd Source file 340: /eos/cms/store/group/phys_heavyions/jvelazqu/energycorr/condor_R4_axisWTA_cen//0004/L1_object_data_4984_processed.root
hadd Source file 377: /eos/cms/store/group/phys_heavyions/jvelazqu/energycorr/condor_R4_axisWTA_cen//0001/L1_object_data_1789_processed.root
hadd Source file 369: /eos/cms/store/group/phys_heavyions/jvelazqu/energycorr/condor_R4_axisWTA_cen//0003/L1_object_data_3198_processed.root
hadd Source file 250: /eos/cms/store/group/phys_heavyions/jvelazqu/energycorr/condor_R4_axisWTA_cen//0005/L1_object_data_5499_processed.root
hadd Source file 350: /eos/cms/store/group/phys_heavyions/jvelazqu/energycorr/condor_R4_axisWTA_cen//0000/L1_object_data_393_processed.root
hadd Source file 350: /eos/cms/store/group/phys_heavyions/jvelazqu/energycorr/condor_R4_axisWTA_cen//0003/L1_object_data_3784_processed.root
hadd Source file 386: /eos/cms/store/group/phys_heavyions/jvelazqu/energycorr/condor_R4_axisWTA_cen//0002/L1_object_data_2610_processed.root
hadd Source file 359: /eos/cms/store/group/phys_heavyions/jvelazqu/energycorr/condor_R4_axisWTA_cen//0001/L1_object_data_1160_processed.root
hadd Source file 359: /eos/cms/store/group/phys_heavyions/jvelazqu/energycorr/condor_R4_axisWTA_cen//0006/L1_object_data_804_processed.root
hadd Source file 378: /eos/cms/store/group/phys_heavyions/jvelazqu/energycorr/condor_R4_axisWTA_cen//0001/L1_object_data_1790_processed.root
hadd Source file 370: /eos/cms/store/group/phys_heavyions/jvelazqu/energycorr/condor_R4_axisWTA_cen//0003/L1_object_data_3199_processed.root
hadd Source file 351: /eos/cms/store/group/phys_heavyions/jvelazqu/energycorr/condor_R4_axisWTA_cen//0000/L1_object_data_394_processed.root
hadd Source file 251: /eos/cms/store/group/phys_heavyions/jvelazqu/energycorr/condor_R4_axisWTA_cen//0005/L1_object_data_5500_processed.root
hadd Source file 379: /eos/cms/store/group/phys_heavyions/jvelazqu/energycorr/condor_R4_axisWTA_cen//0001/L1_object_data_1791_processed.root
hadd Source file 387: /eos/cms/store/group/phys_heavyions/jvelazqu/energycorr/condor_R4_axisWTA_cen//0002/L1_object_data_2611_processed.root
hadd Source file 341: /eos/cms/store/group/phys_heavyions/jvelazqu/energycorr/condor_R4_axisWTA_cen//0004/L1_object_data_4985_processed.root
hadd Source file 371: /eos/cms/store/group/phys_heavyions/jvelazqu/energycorr/condor_R4_axisWTA_cen//0003/L1_object_data_3200_processed.root
hadd Source file 360: /eos/cms/store/group/phys_heavyions/jvelazqu/energycorr/condor_R4_axisWTA_cen//0006/L1_object_data_805_processed.root
hadd Source file 360: /eos/cms/store/group/phys_heavyions/jvelazqu/energycorr/condor_R4_axisWTA_cen//0001/L1_object_data_1161_processed.root
hadd Source file 351: /eos/cms/store/group/phys_heavyions/jvelazqu/energycorr/condor_R4_axisWTA_cen//0003/L1_object_data_3785_processed.root
hadd Source file 380: /eos/cms/store/group/phys_heavyions/jvelazqu/energycorr/condor_R4_axisWTA_cen//0001/L1_object_data_1792_processed.root
hadd Source file 372: /eos/cms/store/group/phys_heavyions/jvelazqu/energycorr/condor_R4_axisWTA_cen//0003/L1_object_data_3201_processed.root
hadd Source file 388: /eos/cms/store/group/phys_heavyions/jvelazqu/energycorr/condor_R4_axisWTA_cen//0002/L1_object_data_2612_processed.root
hadd Source file 342: /eos/cms/store/group/phys_heavyions/jvelazqu/energycorr/condor_R4_axisWTA_cen//0004/L1_object_data_4986_processed.root
hadd Source file 361: /eos/cms/store/group/phys_heavyions/jvelazqu/energycorr/condor_R4_axisWTA_cen//0006/L1_object_data_806_processed.root
hadd Source file 252: /eos/cms/store/group/phys_heavyions/jvelazqu/energycorr/condor_R4_axisWTA_cen//0005/L1_object_data_5501_processed.root
hadd Source file 381: /eos/cms/store/group/phys_heavyions/jvelazqu/energycorr/condor_R4_axisWTA_cen//0002/L1_object_data_2000_processed.root
hadd Source file 362: /eos/cms/store/group/phys_heavyions/jvelazqu/energycorr/condor_R4_axisWTA_cen//0004/L1_object_data_4401_processed.root
hadd Source file 373: /eos/cms/store/group/phys_heavyions/jvelazqu/energycorr/condor_R4_axisWTA_cen//0003/L1_object_data_3202_processed.root
hadd Source file 362: /eos/cms/store/group/phys_heavyions/jvelazqu/energycorr/condor_R4_axisWTA_cen//0006/L1_object_data_807_processed.root
hadd Source file 352: /eos/cms/store/group/phys_heavyions/jvelazqu/energycorr/condor_R4_axisWTA_cen//0003/L1_object_data_3786_processed.root
hadd Source file 343: /eos/cms/store/group/phys_heavyions/jvelazqu/energycorr/condor_R4_axisWTA_cen//0004/L1_object_data_4987_processed.root
hadd Source file 382: /eos/cms/store/group/phys_heavyions/jvelazqu/energycorr/condor_R4_axisWTA_cen//0002/L1_object_data_2001_processed.root
hadd Source file 253: /eos/cms/store/group/phys_heavyions/jvelazqu/energycorr/condor_R4_axisWTA_cen//0005/L1_object_data_5502_processed.root
hadd Source file 363: /eos/cms/store/group/phys_heavyions/jvelazqu/energycorr/condor_R4_axisWTA_cen//0004/L1_object_data_4402_processed.root
hadd Source file 374: /eos/cms/store/group/phys_heavyions/jvelazqu/energycorr/condor_R4_axisWTA_cen//0003/L1_object_data_3203_processed.root
hadd Source file 353: /eos/cms/store/group/phys_heavyions/jvelazqu/energycorr/condor_R4_axisWTA_cen//0003/L1_object_data_3787_processed.root
hadd Source file 344: /eos/cms/store/group/phys_heavyions/jvelazqu/energycorr/condor_R4_axisWTA_cen//0004/L1_object_data_4988_processed.root
hadd Source file 352: /eos/cms/store/group/phys_heavyions/jvelazqu/energycorr/condor_R4_axisWTA_cen//0000/L1_object_data_395_processed.root
hadd Source file 363: /eos/cms/store/group/phys_heavyions/jvelazqu/energycorr/condor_R4_axisWTA_cen//0006/L1_object_data_808_processed.root
hadd Source file 383: /eos/cms/store/group/phys_heavyions/jvelazqu/energycorr/condor_R4_axisWTA_cen//0002/L1_object_data_2002_processed.root
hadd Source file 364: /eos/cms/store/group/phys_heavyions/jvelazqu/energycorr/condor_R4_axisWTA_cen//0006/L1_object_data_809_processed.root
hadd Source file 361: /eos/cms/store/group/phys_heavyions/jvelazqu/energycorr/condor_R4_axisWTA_cen//0001/L1_object_data_1162_processed.root
hadd Source file 254: /eos/cms/store/group/phys_heavyions/jvelazqu/energycorr/condor_R4_axisWTA_cen//0005/L1_object_data_5503_processed.root
hadd Source file 364: /eos/cms/store/group/phys_heavyions/jvelazqu/energycorr/condor_R4_axisWTA_cen//0004/L1_object_data_4403_processed.root
hadd Source file 375: /eos/cms/store/group/phys_heavyions/jvelazqu/energycorr/condor_R4_axisWTA_cen//0003/L1_object_data_3204_processed.root
hadd Source file 353: /eos/cms/store/group/phys_heavyions/jvelazqu/energycorr/condor_R4_axisWTA_cen//0000/L1_object_data_396_processed.root
hadd Source file 354: /eos/cms/store/group/phys_heavyions/jvelazqu/energycorr/condor_R4_axisWTA_cen//0003/L1_object_data_3788_processed.root
hadd Source file 345: /eos/cms/store/group/phys_heavyions/jvelazqu/energycorr/condor_R4_axisWTA_cen//0004/L1_object_data_4989_processed.root
hadd Source file 389: /eos/cms/store/group/phys_heavyions/jvelazqu/energycorr/condor_R4_axisWTA_cen//0002/L1_object_data_2613_processed.root
hadd Source file 365: /eos/cms/store/group/phys_heavyions/jvelazqu/energycorr/condor_R4_axisWTA_cen//0004/L1_object_data_4404_processed.root
hadd Source file 362: /eos/cms/store/group/phys_heavyions/jvelazqu/energycorr/condor_R4_axisWTA_cen//0001/L1_object_data_1163_processed.root
hadd Source file 376: /eos/cms/store/group/phys_heavyions/jvelazqu/energycorr/condor_R4_axisWTA_cen//0003/L1_object_data_3205_processed.root
hadd Source file 354: /eos/cms/store/group/phys_heavyions/jvelazqu/energycorr/condor_R4_axisWTA_cen//0000/L1_object_data_397_processed.root
hadd Source file 384: /eos/cms/store/group/phys_heavyions/jvelazqu/energycorr/condor_R4_axisWTA_cen//0002/L1_object_data_2003_processed.root
hadd Source file 365: /eos/cms/store/group/phys_heavyions/jvelazqu/energycorr/condor_R4_axisWTA_cen//0006/L1_object_data_810_processed.root
hadd Source file 346: /eos/cms/store/group/phys_heavyions/jvelazqu/energycorr/condor_R4_axisWTA_cen//0004/L1_object_data_4990_processed.root
hadd Source file 255: /eos/cms/store/group/phys_heavyions/jvelazqu/energycorr/condor_R4_axisWTA_cen//0005/L1_object_data_5504_processed.root
hadd Source file 390: /eos/cms/store/group/phys_heavyions/jvelazqu/energycorr/condor_R4_axisWTA_cen//0002/L1_object_data_2614_processed.root
hadd Source file 363: /eos/cms/store/group/phys_heavyions/jvelazqu/energycorr/condor_R4_axisWTA_cen//0001/L1_object_data_1164_processed.root
hadd Source file 366: /eos/cms/store/group/phys_heavyions/jvelazqu/energycorr/condor_R4_axisWTA_cen//0004/L1_object_data_4405_processed.root
hadd Source file 366: /eos/cms/store/group/phys_heavyions/jvelazqu/energycorr/condor_R4_axisWTA_cen//0006/L1_object_data_811_processed.root
hadd Source file 385: /eos/cms/store/group/phys_heavyions/jvelazqu/energycorr/condor_R4_axisWTA_cen//0002/L1_object_data_2004_processed.root
hadd Source file 256: /eos/cms/store/group/phys_heavyions/jvelazqu/energycorr/condor_R4_axisWTA_cen//0005/L1_object_data_5505_processed.root
hadd Source file 355: /eos/cms/store/group/phys_heavyions/jvelazqu/energycorr/condor_R4_axisWTA_cen//0003/L1_object_data_3789_processed.root
hadd Source file 364: /eos/cms/store/group/phys_heavyions/jvelazqu/energycorr/condor_R4_axisWTA_cen//0001/L1_object_data_1165_processed.root
hadd Source file 367: /eos/cms/store/group/phys_heavyions/jvelazqu/energycorr/condor_R4_axisWTA_cen//0004/L1_object_data_4406_processed.root
hadd Source file 355: /eos/cms/store/group/phys_heavyions/jvelazqu/energycorr/condor_R4_axisWTA_cen//0000/L1_object_data_398_processed.root
hadd Source file 347: /eos/cms/store/group/phys_heavyions/jvelazqu/energycorr/condor_R4_axisWTA_cen//0004/L1_object_data_4991_processed.root
hadd Source file 367: /eos/cms/store/group/phys_heavyions/jvelazqu/energycorr/condor_R4_axisWTA_cen//0006/L1_object_data_812_processed.root
hadd Source file 356: /eos/cms/store/group/phys_heavyions/jvelazqu/energycorr/condor_R4_axisWTA_cen//0003/L1_object_data_3790_processed.root
hadd Source file 365: /eos/cms/store/group/phys_heavyions/jvelazqu/energycorr/condor_R4_axisWTA_cen//0001/L1_object_data_1166_processed.root
hadd Source file 356: /eos/cms/store/group/phys_heavyions/jvelazqu/energycorr/condor_R4_axisWTA_cen//0000/L1_object_data_399_processed.root
hadd Source file 368: /eos/cms/store/group/phys_heavyions/jvelazqu/energycorr/condor_R4_axisWTA_cen//0004/L1_object_data_4407_processed.root
hadd Source file 348: /eos/cms/store/group/phys_heavyions/jvelazqu/energycorr/condor_R4_axisWTA_cen//0004/L1_object_data_4992_processed.root
hadd Source file 366: /eos/cms/store/group/phys_heavyions/jvelazqu/energycorr/condor_R4_axisWTA_cen//0001/L1_object_data_1167_processed.root
hadd Source file 369: /eos/cms/store/group/phys_heavyions/jvelazqu/energycorr/condor_R4_axisWTA_cen//0004/L1_object_data_4408_processed.root
hadd Source file 368: /eos/cms/store/group/phys_heavyions/jvelazqu/energycorr/condor_R4_axisWTA_cen//0006/L1_object_data_813_processed.root
hadd Source file 357: /eos/cms/store/group/phys_heavyions/jvelazqu/energycorr/condor_R4_axisWTA_cen//0000/L1_object_data_400_processed.root
hadd Source file 377: /eos/cms/store/group/phys_heavyions/jvelazqu/energycorr/condor_R4_axisWTA_cen//0003/L1_object_data_3206_processed.root
hadd Source file 386: /eos/cms/store/group/phys_heavyions/jvelazqu/energycorr/condor_R4_axisWTA_cen//0002/L1_object_data_2005_processed.root
hadd Source file 357: /eos/cms/store/group/phys_heavyions/jvelazqu/energycorr/condor_R4_axisWTA_cen//0003/L1_object_data_3791_processed.root
hadd Source file 367: /eos/cms/store/group/phys_heavyions/jvelazqu/energycorr/condor_R4_axisWTA_cen//0001/L1_object_data_1168_processed.root
hadd Source file 391: /eos/cms/store/group/phys_heavyions/jvelazqu/energycorr/condor_R4_axisWTA_cen//0002/L1_object_data_2615_processed.root
hadd Source file 370: /eos/cms/store/group/phys_heavyions/jvelazqu/energycorr/condor_R4_axisWTA_cen//0004/L1_object_data_4409_processed.root
hadd Source file 369: /eos/cms/store/group/phys_heavyions/jvelazqu/energycorr/condor_R4_axisWTA_cen//0006/L1_object_data_814_processed.root
hadd Source file 358: /eos/cms/store/group/phys_heavyions/jvelazqu/energycorr/condor_R4_axisWTA_cen//0000/L1_object_data_401_processed.root
hadd Source file 378: /eos/cms/store/group/phys_heavyions/jvelazqu/energycorr/condor_R4_axisWTA_cen//0003/L1_object_data_3207_processed.root
hadd Source file 349: /eos/cms/store/group/phys_heavyions/jvelazqu/energycorr/condor_R4_axisWTA_cen//0004/L1_object_data_4993_processed.root
hadd Source file 257: /eos/cms/store/group/phys_heavyions/jvelazqu/energycorr/condor_R4_axisWTA_cen//0005/L1_object_data_5506_processed.root
hadd Source file 387: /eos/cms/store/group/phys_heavyions/jvelazqu/energycorr/condor_R4_axisWTA_cen//0002/L1_object_data_2006_processed.root
hadd Source file 370: /eos/cms/store/group/phys_heavyions/jvelazqu/energycorr/condor_R4_axisWTA_cen//0006/L1_object_data_815_processed.root
hadd Source file 358: /eos/cms/store/group/phys_heavyions/jvelazqu/energycorr/condor_R4_axisWTA_cen//0003/L1_object_data_3792_processed.root
hadd Source file 371: /eos/cms/store/group/phys_heavyions/jvelazqu/energycorr/condor_R4_axisWTA_cen//0004/L1_object_data_4410_processed.root
hadd Source file 392: /eos/cms/store/group/phys_heavyions/jvelazqu/energycorr/condor_R4_axisWTA_cen//0002/L1_object_data_2616_processed.root
hadd Source file 368: /eos/cms/store/group/phys_heavyions/jvelazqu/energycorr/condor_R4_axisWTA_cen//0001/L1_object_data_1169_processed.root
hadd Source file 379: /eos/cms/store/group/phys_heavyions/jvelazqu/energycorr/condor_R4_axisWTA_cen//0003/L1_object_data_3208_processed.root
hadd Source file 388: /eos/cms/store/group/phys_heavyions/jvelazqu/energycorr/condor_R4_axisWTA_cen//0002/L1_object_data_2007_processed.root
hadd Source file 258: /eos/cms/store/group/phys_heavyions/jvelazqu/energycorr/condor_R4_axisWTA_cen//0005/L1_object_data_5507_processed.root
hadd Source file 359: /eos/cms/store/group/phys_heavyions/jvelazqu/energycorr/condor_R4_axisWTA_cen//0000/L1_object_data_402_processed.root
hadd Source file 359: /eos/cms/store/group/phys_heavyions/jvelazqu/energycorr/condor_R4_axisWTA_cen//0003/L1_object_data_3793_processed.root
hadd Source file 371: /eos/cms/store/group/phys_heavyions/jvelazqu/energycorr/condor_R4_axisWTA_cen//0006/L1_object_data_816_processed.root
hadd Source file 393: /eos/cms/store/group/phys_heavyions/jvelazqu/energycorr/condor_R4_axisWTA_cen//0002/L1_object_data_2617_processed.root
hadd Source file 369: /eos/cms/store/group/phys_heavyions/jvelazqu/energycorr/condor_R4_axisWTA_cen//0001/L1_object_data_1170_processed.root
hadd Source file 389: /eos/cms/store/group/phys_heavyions/jvelazqu/energycorr/condor_R4_axisWTA_cen//0002/L1_object_data_2008_processed.root
hadd Source file 360: /eos/cms/store/group/phys_heavyions/jvelazqu/energycorr/condor_R4_axisWTA_cen//0000/L1_object_data_404_processed.root
hadd Source file 380: /eos/cms/store/group/phys_heavyions/jvelazqu/energycorr/condor_R4_axisWTA_cen//0003/L1_object_data_3209_processed.root
hadd Source file 259: /eos/cms/store/group/phys_heavyions/jvelazqu/energycorr/condor_R4_axisWTA_cen//0005/L1_object_data_5508_processed.root
hadd Source file 360: /eos/cms/store/group/phys_heavyions/jvelazqu/energycorr/condor_R4_axisWTA_cen//0003/L1_object_data_3794_processed.root
hadd Source file 361: /eos/cms/store/group/phys_heavyions/jvelazqu/energycorr/condor_R4_axisWTA_cen//0000/L1_object_data_405_processed.root
hadd Source file 370: /eos/cms/store/group/phys_heavyions/jvelazqu/energycorr/condor_R4_axisWTA_cen//0001/L1_object_data_1171_processed.root
hadd Source file 372: /eos/cms/store/group/phys_heavyions/jvelazqu/energycorr/condor_R4_axisWTA_cen//0006/L1_object_data_817_processed.root
hadd Source file 394: /eos/cms/store/group/phys_heavyions/jvelazqu/energycorr/condor_R4_axisWTA_cen//0002/L1_object_data_2618_processed.root
hadd Source file 390: /eos/cms/store/group/phys_heavyions/jvelazqu/energycorr/condor_R4_axisWTA_cen//0002/L1_object_data_2009_processed.root
hadd Source file 381: /eos/cms/store/group/phys_heavyions/jvelazqu/energycorr/condor_R4_axisWTA_cen//0003/L1_object_data_3210_processed.root
hadd Source file 373: /eos/cms/store/group/phys_heavyions/jvelazqu/energycorr/condor_R4_axisWTA_cen//0006/L1_object_data_818_processed.root
hadd Source file 371: /eos/cms/store/group/phys_heavyions/jvelazqu/energycorr/condor_R4_axisWTA_cen//0001/L1_object_data_1172_processed.root
hadd Source file 362: /eos/cms/store/group/phys_heavyions/jvelazqu/energycorr/condor_R4_axisWTA_cen//0000/L1_object_data_406_processed.root
hadd Source file 350: /eos/cms/store/group/phys_heavyions/jvelazqu/energycorr/condor_R4_axisWTA_cen//0004/L1_object_data_4994_processed.root
hadd Source file 395: /eos/cms/store/group/phys_heavyions/jvelazqu/energycorr/condor_R4_axisWTA_cen//0002/L1_object_data_2619_processed.root
hadd Source file 372: /eos/cms/store/group/phys_heavyions/jvelazqu/energycorr/condor_R4_axisWTA_cen//0004/L1_object_data_4411_processed.root
hadd Source file 382: /eos/cms/store/group/phys_heavyions/jvelazqu/energycorr/condor_R4_axisWTA_cen//0003/L1_object_data_3211_processed.root
hadd Source file 372: /eos/cms/store/group/phys_heavyions/jvelazqu/energycorr/condor_R4_axisWTA_cen//0001/L1_object_data_1173_processed.root
hadd Source file 374: /eos/cms/store/group/phys_heavyions/jvelazqu/energycorr/condor_R4_axisWTA_cen//0006/L1_object_data_819_processed.root
hadd Source file 363: /eos/cms/store/group/phys_heavyions/jvelazqu/energycorr/condor_R4_axisWTA_cen//0000/L1_object_data_407_processed.root
hadd Source file 396: /eos/cms/store/group/phys_heavyions/jvelazqu/energycorr/condor_R4_axisWTA_cen//0002/L1_object_data_2620_processed.root
hadd Source file 351: /eos/cms/store/group/phys_heavyions/jvelazqu/energycorr/condor_R4_axisWTA_cen//0004/L1_object_data_4995_processed.root
hadd Source file 373: /eos/cms/store/group/phys_heavyions/jvelazqu/energycorr/condor_R4_axisWTA_cen//0004/L1_object_data_4412_processed.root
hadd Source file 364: /eos/cms/store/group/phys_heavyions/jvelazqu/energycorr/condor_R4_axisWTA_cen//0000/L1_object_data_408_processed.root
hadd Source file 373: /eos/cms/store/group/phys_heavyions/jvelazqu/energycorr/condor_R4_axisWTA_cen//0001/L1_object_data_1174_processed.root
hadd Source file 374: /eos/cms/store/group/phys_heavyions/jvelazqu/energycorr/condor_R4_axisWTA_cen//0004/L1_object_data_4413_processed.root
hadd Source file 361: /eos/cms/store/group/phys_heavyions/jvelazqu/energycorr/condor_R4_axisWTA_cen//0003/L1_object_data_3795_processed.root
hadd Source file 352: /eos/cms/store/group/phys_heavyions/jvelazqu/energycorr/condor_R4_axisWTA_cen//0004/L1_object_data_4996_processed.root
hadd Source file 397: /eos/cms/store/group/phys_heavyions/jvelazqu/energycorr/condor_R4_axisWTA_cen//0002/L1_object_data_2621_processed.root
hadd Source file 365: /eos/cms/store/group/phys_heavyions/jvelazqu/energycorr/condor_R4_axisWTA_cen//0000/L1_object_data_409_processed.root
hadd Source file 383: /eos/cms/store/group/phys_heavyions/jvelazqu/energycorr/condor_R4_axisWTA_cen//0003/L1_object_data_3212_processed.root
hadd Source file 374: /eos/cms/store/group/phys_heavyions/jvelazqu/energycorr/condor_R4_axisWTA_cen//0001/L1_object_data_1175_processed.root
hadd Source file 391: /eos/cms/store/group/phys_heavyions/jvelazqu/energycorr/condor_R4_axisWTA_cen//0002/L1_object_data_2010_processed.root
hadd Source file 362: /eos/cms/store/group/phys_heavyions/jvelazqu/energycorr/condor_R4_axisWTA_cen//0003/L1_object_data_3796_processed.root
hadd Source file 353: /eos/cms/store/group/phys_heavyions/jvelazqu/energycorr/condor_R4_axisWTA_cen//0004/L1_object_data_4997_processed.root
hadd Source file 375: /eos/cms/store/group/phys_heavyions/jvelazqu/energycorr/condor_R4_axisWTA_cen//0006/L1_object_data_820_processed.root
hadd Source file 375: /eos/cms/store/group/phys_heavyions/jvelazqu/energycorr/condor_R4_axisWTA_cen//0004/L1_object_data_4414_processed.root
hadd Source file 375: /eos/cms/store/group/phys_heavyions/jvelazqu/energycorr/condor_R4_axisWTA_cen//0001/L1_object_data_1176_processed.root
hadd Source file 363: /eos/cms/store/group/phys_heavyions/jvelazqu/energycorr/condor_R4_axisWTA_cen//0003/L1_object_data_3797_processed.root
hadd Source file 366: /eos/cms/store/group/phys_heavyions/jvelazqu/energycorr/condor_R4_axisWTA_cen//0000/L1_object_data_410_processed.root
hadd Source file 392: /eos/cms/store/group/phys_heavyions/jvelazqu/energycorr/condor_R4_axisWTA_cen//0002/L1_object_data_2011_processed.root
hadd Source file 384: /eos/cms/store/group/phys_heavyions/jvelazqu/energycorr/condor_R4_axisWTA_cen//0003/L1_object_data_3213_processed.root
hadd Source file 376: /eos/cms/store/group/phys_heavyions/jvelazqu/energycorr/condor_R4_axisWTA_cen//0006/L1_object_data_821_processed.root
hadd Source file 376: /eos/cms/store/group/phys_heavyions/jvelazqu/energycorr/condor_R4_axisWTA_cen//0001/L1_object_data_1177_processed.root
hadd Source file 354: /eos/cms/store/group/phys_heavyions/jvelazqu/energycorr/condor_R4_axisWTA_cen//0004/L1_object_data_4998_processed.root
hadd Source file 377: /eos/cms/store/group/phys_heavyions/jvelazqu/energycorr/condor_R4_axisWTA_cen//0006/L1_object_data_822_processed.root
hadd Source file 364: /eos/cms/store/group/phys_heavyions/jvelazqu/energycorr/condor_R4_axisWTA_cen//0003/L1_object_data_3798_processed.root
hadd Source file 393: /eos/cms/store/group/phys_heavyions/jvelazqu/energycorr/condor_R4_axisWTA_cen//0002/L1_object_data_2012_processed.root
hadd Source file 377: /eos/cms/store/group/phys_heavyions/jvelazqu/energycorr/condor_R4_axisWTA_cen//0001/L1_object_data_1178_processed.root
hadd Source file 385: /eos/cms/store/group/phys_heavyions/jvelazqu/energycorr/condor_R4_axisWTA_cen//0003/L1_object_data_3214_processed.root
hadd Source file 378: /eos/cms/store/group/phys_heavyions/jvelazqu/energycorr/condor_R4_axisWTA_cen//0006/L1_object_data_823_processed.root
hadd Source file 365: /eos/cms/store/group/phys_heavyions/jvelazqu/energycorr/condor_R4_axisWTA_cen//0003/L1_object_data_3799_processed.root
hadd Source file 398: /eos/cms/store/group/phys_heavyions/jvelazqu/energycorr/condor_R4_axisWTA_cen//0002/L1_object_data_2622_processed.root
hadd Source file 376: /eos/cms/store/group/phys_heavyions/jvelazqu/energycorr/condor_R4_axisWTA_cen//0004/L1_object_data_4415_processed.root
hadd Source file 394: /eos/cms/store/group/phys_heavyions/jvelazqu/energycorr/condor_R4_axisWTA_cen//0002/L1_object_data_2013_processed.root
hadd Source file 355: /eos/cms/store/group/phys_heavyions/jvelazqu/energycorr/condor_R4_axisWTA_cen//0004/L1_object_data_4999_processed.root
hadd Source file 378: /eos/cms/store/group/phys_heavyions/jvelazqu/energycorr/condor_R4_axisWTA_cen//0001/L1_object_data_1179_processed.root
hadd Source file 377: /eos/cms/store/group/phys_heavyions/jvelazqu/energycorr/condor_R4_axisWTA_cen//0004/L1_object_data_4416_processed.root
hadd Source file 379: /eos/cms/store/group/phys_heavyions/jvelazqu/energycorr/condor_R4_axisWTA_cen//0006/L1_object_data_824_processed.root
hadd Source file 366: /eos/cms/store/group/phys_heavyions/jvelazqu/energycorr/condor_R4_axisWTA_cen//0003/L1_object_data_3800_processed.root
hadd Source file 399: /eos/cms/store/group/phys_heavyions/jvelazqu/energycorr/condor_R4_axisWTA_cen//0002/L1_object_data_2623_processed.root
hadd Source file 395: /eos/cms/store/group/phys_heavyions/jvelazqu/energycorr/condor_R4_axisWTA_cen//0002/L1_object_data_2014_processed.root
hadd Source file 356: /eos/cms/store/group/phys_heavyions/jvelazqu/energycorr/condor_R4_axisWTA_cen//0005/L1_object_data_5000_processed.root
hadd Source file 380: /eos/cms/store/group/phys_heavyions/jvelazqu/energycorr/condor_R4_axisWTA_cen//0006/L1_object_data_825_processed.root
hadd Source file 378: /eos/cms/store/group/phys_heavyions/jvelazqu/energycorr/condor_R4_axisWTA_cen//0004/L1_object_data_4417_processed.root
hadd Source file 400: /eos/cms/store/group/phys_heavyions/jvelazqu/energycorr/condor_R4_axisWTA_cen//0002/L1_object_data_2624_processed.root
hadd Source file 386: /eos/cms/store/group/phys_heavyions/jvelazqu/energycorr/condor_R4_axisWTA_cen//0003/L1_object_data_3215_processed.root
hadd Source file 367: /eos/cms/store/group/phys_heavyions/jvelazqu/energycorr/condor_R4_axisWTA_cen//0000/L1_object_data_411_processed.root
hadd Source file 367: /eos/cms/store/group/phys_heavyions/jvelazqu/energycorr/condor_R4_axisWTA_cen//0003/L1_object_data_3801_processed.root
hadd Source file 396: /eos/cms/store/group/phys_heavyions/jvelazqu/energycorr/condor_R4_axisWTA_cen//0002/L1_object_data_2015_processed.root
hadd Source file 260: /eos/cms/store/group/phys_heavyions/jvelazqu/energycorr/condor_R4_axisWTA_cen//0005/L1_object_data_5509_processed.root
hadd Source file 381: /eos/cms/store/group/phys_heavyions/jvelazqu/energycorr/condor_R4_axisWTA_cen//0006/L1_object_data_826_processed.root
hadd Source file 357: /eos/cms/store/group/phys_heavyions/jvelazqu/energycorr/condor_R4_axisWTA_cen//0005/L1_object_data_5001_processed.root
hadd Source file 401: /eos/cms/store/group/phys_heavyions/jvelazqu/energycorr/condor_R4_axisWTA_cen//0002/L1_object_data_2625_processed.root
hadd Source file 387: /eos/cms/store/group/phys_heavyions/jvelazqu/energycorr/condor_R4_axisWTA_cen//0003/L1_object_data_3216_processed.root
hadd Source file 368: /eos/cms/store/group/phys_heavyions/jvelazqu/energycorr/condor_R4_axisWTA_cen//0003/L1_object_data_3802_processed.root
hadd Source file 379: /eos/cms/store/group/phys_heavyions/jvelazqu/energycorr/condor_R4_axisWTA_cen//0004/L1_object_data_4418_processed.root
hadd Source file 382: /eos/cms/store/group/phys_heavyions/jvelazqu/energycorr/condor_R4_axisWTA_cen//0006/L1_object_data_827_processed.root
hadd Source file 261: /eos/cms/store/group/phys_heavyions/jvelazqu/energycorr/condor_R4_axisWTA_cen//0005/L1_object_data_5510_processed.root
hadd Source file 358: /eos/cms/store/group/phys_heavyions/jvelazqu/energycorr/condor_R4_axisWTA_cen//0005/L1_object_data_5002_processed.root
hadd Source file 397: /eos/cms/store/group/phys_heavyions/jvelazqu/energycorr/condor_R4_axisWTA_cen//0002/L1_object_data_2016_processed.root
hadd Source file 402: /eos/cms/store/group/phys_heavyions/jvelazqu/energycorr/condor_R4_axisWTA_cen//0002/L1_object_data_2626_processed.root
hadd Source file 388: /eos/cms/store/group/phys_heavyions/jvelazqu/energycorr/condor_R4_axisWTA_cen//0003/L1_object_data_3217_processed.root
hadd Source file 368: /eos/cms/store/group/phys_heavyions/jvelazqu/energycorr/condor_R4_axisWTA_cen//0000/L1_object_data_412_processed.root
hadd Source file 379: /eos/cms/store/group/phys_heavyions/jvelazqu/energycorr/condor_R4_axisWTA_cen//0001/L1_object_data_1180_processed.root
hadd Source file 369: /eos/cms/store/group/phys_heavyions/jvelazqu/energycorr/condor_R4_axisWTA_cen//0003/L1_object_data_3803_processed.root
hadd Source file 262: /eos/cms/store/group/phys_heavyions/jvelazqu/energycorr/condor_R4_axisWTA_cen//0005/L1_object_data_5511_processed.root
hadd Source file 398: /eos/cms/store/group/phys_heavyions/jvelazqu/energycorr/condor_R4_axisWTA_cen//0002/L1_object_data_2017_processed.root
hadd Source file 403: /eos/cms/store/group/phys_heavyions/jvelazqu/energycorr/condor_R4_axisWTA_cen//0002/L1_object_data_2627_processed.root
hadd Source file 389: /eos/cms/store/group/phys_heavyions/jvelazqu/energycorr/condor_R4_axisWTA_cen//0003/L1_object_data_3218_processed.root
hadd Source file 370: /eos/cms/store/group/phys_heavyions/jvelazqu/energycorr/condor_R4_axisWTA_cen//0003/L1_object_data_3804_processed.root
hadd Source file 369: /eos/cms/store/group/phys_heavyions/jvelazqu/energycorr/condor_R4_axisWTA_cen//0000/L1_object_data_413_processed.root
hadd Source file 380: /eos/cms/store/group/phys_heavyions/jvelazqu/energycorr/condor_R4_axisWTA_cen//0001/L1_object_data_1181_processed.root
hadd Source file 359: /eos/cms/store/group/phys_heavyions/jvelazqu/energycorr/condor_R4_axisWTA_cen//0005/L1_object_data_5003_processed.root
hadd Source file 383: /eos/cms/store/group/phys_heavyions/jvelazqu/energycorr/condor_R4_axisWTA_cen//0006/L1_object_data_828_processed.root
hadd Source file 399: /eos/cms/store/group/phys_heavyions/jvelazqu/energycorr/condor_R4_axisWTA_cen//0002/L1_object_data_2018_processed.root
hadd Source file 390: /eos/cms/store/group/phys_heavyions/jvelazqu/energycorr/condor_R4_axisWTA_cen//0003/L1_object_data_3219_processed.root
hadd Source file 370: /eos/cms/store/group/phys_heavyions/jvelazqu/energycorr/condor_R4_axisWTA_cen//0000/L1_object_data_414_processed.root
hadd Source file 263: /eos/cms/store/group/phys_heavyions/jvelazqu/energycorr/condor_R4_axisWTA_cen//0005/L1_object_data_5512_processed.root
hadd Source file 360: /eos/cms/store/group/phys_heavyions/jvelazqu/energycorr/condor_R4_axisWTA_cen//0005/L1_object_data_5004_processed.root
hadd Source file 381: /eos/cms/store/group/phys_heavyions/jvelazqu/energycorr/condor_R4_axisWTA_cen//0001/L1_object_data_1182_processed.root
hadd Source file 380: /eos/cms/store/group/phys_heavyions/jvelazqu/energycorr/condor_R4_axisWTA_cen//0004/L1_object_data_4419_processed.root
hadd Source file 400: /eos/cms/store/group/phys_heavyions/jvelazqu/energycorr/condor_R4_axisWTA_cen//0002/L1_object_data_2019_processed.root
hadd Source file 391: /eos/cms/store/group/phys_heavyions/jvelazqu/energycorr/condor_R4_axisWTA_cen//0003/L1_object_data_3220_processed.root
hadd Source file 371: /eos/cms/store/group/phys_heavyions/jvelazqu/energycorr/condor_R4_axisWTA_cen//0000/L1_object_data_415_processed.root
hadd Source file 371: /eos/cms/store/group/phys_heavyions/jvelazqu/energycorr/condor_R4_axisWTA_cen//0003/L1_object_data_3805_processed.root
hadd Source file 382: /eos/cms/store/group/phys_heavyions/jvelazqu/energycorr/condor_R4_axisWTA_cen//0001/L1_object_data_1183_processed.root
hadd Source file 264: /eos/cms/store/group/phys_heavyions/jvelazqu/energycorr/condor_R4_axisWTA_cen//0005/L1_object_data_5513_processed.root
hadd Source file 381: /eos/cms/store/group/phys_heavyions/jvelazqu/energycorr/condor_R4_axisWTA_cen//0004/L1_object_data_4420_processed.root
hadd Source file 361: /eos/cms/store/group/phys_heavyions/jvelazqu/energycorr/condor_R4_axisWTA_cen//0005/L1_object_data_5005_processed.root
hadd Source file 383: /eos/cms/store/group/phys_heavyions/jvelazqu/energycorr/condor_R4_axisWTA_cen//0001/L1_object_data_1184_processed.root
hadd Source file 372: /eos/cms/store/group/phys_heavyions/jvelazqu/energycorr/condor_R4_axisWTA_cen//0003/L1_object_data_3806_processed.root
hadd Source file 401: /eos/cms/store/group/phys_heavyions/jvelazqu/energycorr/condor_R4_axisWTA_cen//0002/L1_object_data_2020_processed.root
hadd Source file 372: /eos/cms/store/group/phys_heavyions/jvelazqu/energycorr/condor_R4_axisWTA_cen//0000/L1_object_data_416_processed.root
hadd Source file 382: /eos/cms/store/group/phys_heavyions/jvelazqu/energycorr/condor_R4_axisWTA_cen//0004/L1_object_data_4421_processed.root
hadd Source file 392: /eos/cms/store/group/phys_heavyions/jvelazqu/energycorr/condor_R4_axisWTA_cen//0003/L1_object_data_3221_processed.root
hadd Source file 265: /eos/cms/store/group/phys_heavyions/jvelazqu/energycorr/condor_R4_axisWTA_cen//0005/L1_object_data_5514_processed.root
hadd Source file 373: /eos/cms/store/group/phys_heavyions/jvelazqu/energycorr/condor_R4_axisWTA_cen//0003/L1_object_data_3807_processed.root
hadd Source file 362: /eos/cms/store/group/phys_heavyions/jvelazqu/energycorr/condor_R4_axisWTA_cen//0005/L1_object_data_5006_processed.root
hadd Source file 384: /eos/cms/store/group/phys_heavyions/jvelazqu/energycorr/condor_R4_axisWTA_cen//0006/L1_object_data_829_processed.root
hadd Source file 404: /eos/cms/store/group/phys_heavyions/jvelazqu/energycorr/condor_R4_axisWTA_cen//0002/L1_object_data_2628_processed.root
hadd Source file 393: /eos/cms/store/group/phys_heavyions/jvelazqu/energycorr/condor_R4_axisWTA_cen//0003/L1_object_data_3222_processed.root
hadd Source file 384: /eos/cms/store/group/phys_heavyions/jvelazqu/energycorr/condor_R4_axisWTA_cen//0001/L1_object_data_1185_processed.root
hadd Source file 383: /eos/cms/store/group/phys_heavyions/jvelazqu/energycorr/condor_R4_axisWTA_cen//0004/L1_object_data_4422_processed.root
hadd Source file 373: /eos/cms/store/group/phys_heavyions/jvelazqu/energycorr/condor_R4_axisWTA_cen//0000/L1_object_data_417_processed.root
hadd Source file 374: /eos/cms/store/group/phys_heavyions/jvelazqu/energycorr/condor_R4_axisWTA_cen//0003/L1_object_data_3808_processed.root
hadd Source file 394: /eos/cms/store/group/phys_heavyions/jvelazqu/energycorr/condor_R4_axisWTA_cen//0003/L1_object_data_3223_processed.root
hadd Source file 363: /eos/cms/store/group/phys_heavyions/jvelazqu/energycorr/condor_R4_axisWTA_cen//0005/L1_object_data_5007_processed.root
hadd Source file 266: /eos/cms/store/group/phys_heavyions/jvelazqu/energycorr/condor_R4_axisWTA_cen//0005/L1_object_data_5515_processed.root
hadd Source file 405: /eos/cms/store/group/phys_heavyions/jvelazqu/energycorr/condor_R4_axisWTA_cen//0002/L1_object_data_2629_processed.root
hadd Source file 385: /eos/cms/store/group/phys_heavyions/jvelazqu/energycorr/condor_R4_axisWTA_cen//0001/L1_object_data_1186_processed.root
hadd Source file 384: /eos/cms/store/group/phys_heavyions/jvelazqu/energycorr/condor_R4_axisWTA_cen//0004/L1_object_data_4423_processed.root
hadd Source file 374: /eos/cms/store/group/phys_heavyions/jvelazqu/energycorr/condor_R4_axisWTA_cen//0000/L1_object_data_418_processed.root
hadd Source file 385: /eos/cms/store/group/phys_heavyions/jvelazqu/energycorr/condor_R4_axisWTA_cen//0006/L1_object_data_830_processed.root
hadd Source file 375: /eos/cms/store/group/phys_heavyions/jvelazqu/energycorr/condor_R4_axisWTA_cen//0003/L1_object_data_3809_processed.root
hadd Source file 395: /eos/cms/store/group/phys_heavyions/jvelazqu/energycorr/condor_R4_axisWTA_cen//0003/L1_object_data_3224_processed.root
hadd Source file 364: /eos/cms/store/group/phys_heavyions/jvelazqu/energycorr/condor_R4_axisWTA_cen//0005/L1_object_data_5008_processed.root
hadd Source file 386: /eos/cms/store/group/phys_heavyions/jvelazqu/energycorr/condor_R4_axisWTA_cen//0001/L1_object_data_1187_processed.root
hadd Source file 385: /eos/cms/store/group/phys_heavyions/jvelazqu/energycorr/condor_R4_axisWTA_cen//0004/L1_object_data_4424_processed.root
hadd Source file 267: /eos/cms/store/group/phys_heavyions/jvelazqu/energycorr/condor_R4_axisWTA_cen//0005/L1_object_data_5516_processed.root
hadd Source file 406: /eos/cms/store/group/phys_heavyions/jvelazqu/energycorr/condor_R4_axisWTA_cen//0002/L1_object_data_2630_processed.root
hadd Source file 402: /eos/cms/store/group/phys_heavyions/jvelazqu/energycorr/condor_R4_axisWTA_cen//0002/L1_object_data_2021_processed.root
hadd Source file 376: /eos/cms/store/group/phys_heavyions/jvelazqu/energycorr/condor_R4_axisWTA_cen//0003/L1_object_data_3810_processed.root
hadd Source file 365: /eos/cms/store/group/phys_heavyions/jvelazqu/energycorr/condor_R4_axisWTA_cen//0005/L1_object_data_5009_processed.root
hadd Source file 396: /eos/cms/store/group/phys_heavyions/jvelazqu/energycorr/condor_R4_axisWTA_cen//0003/L1_object_data_3225_processed.root
hadd Source file 387: /eos/cms/store/group/phys_heavyions/jvelazqu/energycorr/condor_R4_axisWTA_cen//0001/L1_object_data_1188_processed.root
hadd Source file 375: /eos/cms/store/group/phys_heavyions/jvelazqu/energycorr/condor_R4_axisWTA_cen//0000/L1_object_data_419_processed.root
hadd Source file 386: /eos/cms/store/group/phys_heavyions/jvelazqu/energycorr/condor_R4_axisWTA_cen//0004/L1_object_data_4425_processed.root
hadd Source file 268: /eos/cms/store/group/phys_heavyions/jvelazqu/energycorr/condor_R4_axisWTA_cen//0005/L1_object_data_5517_processed.root
hadd Source file 403: /eos/cms/store/group/phys_heavyions/jvelazqu/energycorr/condor_R4_axisWTA_cen//0002/L1_object_data_2022_processed.root
hadd Source file 388: /eos/cms/store/group/phys_heavyions/jvelazqu/energycorr/condor_R4_axisWTA_cen//0001/L1_object_data_1189_processed.root
hadd Source file 366: /eos/cms/store/group/phys_heavyions/jvelazqu/energycorr/condor_R4_axisWTA_cen//0005/L1_object_data_5010_processed.root
hadd Source file 376: /eos/cms/store/group/phys_heavyions/jvelazqu/energycorr/condor_R4_axisWTA_cen//0000/L1_object_data_420_processed.root
hadd Source file 397: /eos/cms/store/group/phys_heavyions/jvelazqu/energycorr/condor_R4_axisWTA_cen//0003/L1_object_data_3226_processed.root
hadd Source file 387: /eos/cms/store/group/phys_heavyions/jvelazqu/energycorr/condor_R4_axisWTA_cen//0004/L1_object_data_4426_processed.root
hadd Source file 377: /eos/cms/store/group/phys_heavyions/jvelazqu/energycorr/condor_R4_axisWTA_cen//0003/L1_object_data_3811_processed.root
hadd Source file 407: /eos/cms/store/group/phys_heavyions/jvelazqu/energycorr/condor_R4_axisWTA_cen//0002/L1_object_data_2631_processed.root
hadd Source file 269: /eos/cms/store/group/phys_heavyions/jvelazqu/energycorr/condor_R4_axisWTA_cen//0005/L1_object_data_5518_processed.root
hadd Source file 377: /eos/cms/store/group/phys_heavyions/jvelazqu/energycorr/condor_R4_axisWTA_cen//0000/L1_object_data_421_processed.root
hadd Source file 404: /eos/cms/store/group/phys_heavyions/jvelazqu/energycorr/condor_R4_axisWTA_cen//0002/L1_object_data_2023_processed.root
hadd Source file 389: /eos/cms/store/group/phys_heavyions/jvelazqu/energycorr/condor_R4_axisWTA_cen//0001/L1_object_data_1190_processed.root
hadd Source file 367: /eos/cms/store/group/phys_heavyions/jvelazqu/energycorr/condor_R4_axisWTA_cen//0005/L1_object_data_5011_processed.root
hadd Source file 388: /eos/cms/store/group/phys_heavyions/jvelazqu/energycorr/condor_R4_axisWTA_cen//0004/L1_object_data_4427_processed.root
hadd Source file 398: /eos/cms/store/group/phys_heavyions/jvelazqu/energycorr/condor_R4_axisWTA_cen//0003/L1_object_data_3227_processed.root
hadd Source file 408: /eos/cms/store/group/phys_heavyions/jvelazqu/energycorr/condor_R4_axisWTA_cen//0002/L1_object_data_2632_processed.root
hadd Source file 386: /eos/cms/store/group/phys_heavyions/jvelazqu/energycorr/condor_R4_axisWTA_cen//0006/L1_object_data_831_processed.root
hadd Source file 270: /eos/cms/store/group/phys_heavyions/jvelazqu/energycorr/condor_R4_axisWTA_cen//0005/L1_object_data_5519_processed.root
hadd Source file 390: /eos/cms/store/group/phys_heavyions/jvelazqu/energycorr/condor_R4_axisWTA_cen//0001/L1_object_data_1191_processed.root
hadd Source file 378: /eos/cms/store/group/phys_heavyions/jvelazqu/energycorr/condor_R4_axisWTA_cen//0003/L1_object_data_3812_processed.root
hadd Source file 378: /eos/cms/store/group/phys_heavyions/jvelazqu/energycorr/condor_R4_axisWTA_cen//0000/L1_object_data_422_processed.root
hadd Source file 405: /eos/cms/store/group/phys_heavyions/jvelazqu/energycorr/condor_R4_axisWTA_cen//0002/L1_object_data_2024_processed.root
hadd Source file 409: /eos/cms/store/group/phys_heavyions/jvelazqu/energycorr/condor_R4_axisWTA_cen//0002/L1_object_data_2633_processed.root
hadd Source file 389: /eos/cms/store/group/phys_heavyions/jvelazqu/energycorr/condor_R4_axisWTA_cen//0004/L1_object_data_4428_processed.root
hadd Source file 387: /eos/cms/store/group/phys_heavyions/jvelazqu/energycorr/condor_R4_axisWTA_cen//0006/L1_object_data_832_processed.root
hadd Source file 271: /eos/cms/store/group/phys_heavyions/jvelazqu/energycorr/condor_R4_axisWTA_cen//0005/L1_object_data_5520_processed.root
hadd Source file 379: /eos/cms/store/group/phys_heavyions/jvelazqu/energycorr/condor_R4_axisWTA_cen//0003/L1_object_data_3813_processed.root
hadd Source file 410: /eos/cms/store/group/phys_heavyions/jvelazqu/energycorr/condor_R4_axisWTA_cen//0002/L1_object_data_2634_processed.root
hadd Source file 391: /eos/cms/store/group/phys_heavyions/jvelazqu/energycorr/condor_R4_axisWTA_cen//0001/L1_object_data_1192_processed.root
hadd Source file 406: /eos/cms/store/group/phys_heavyions/jvelazqu/energycorr/condor_R4_axisWTA_cen//0002/L1_object_data_2025_processed.root
hadd Source file 390: /eos/cms/store/group/phys_heavyions/jvelazqu/energycorr/condor_R4_axisWTA_cen//0004/L1_object_data_4429_processed.root
hadd Source file 411: /eos/cms/store/group/phys_heavyions/jvelazqu/energycorr/condor_R4_axisWTA_cen//0002/L1_object_data_2635_processed.root
hadd Source file 380: /eos/cms/store/group/phys_heavyions/jvelazqu/energycorr/condor_R4_axisWTA_cen//0003/L1_object_data_3814_processed.root
hadd Source file 272: /eos/cms/store/group/phys_heavyions/jvelazqu/energycorr/condor_R4_axisWTA_cen//0005/L1_object_data_5521_processed.root
hadd Source file 407: /eos/cms/store/group/phys_heavyions/jvelazqu/energycorr/condor_R4_axisWTA_cen//0002/L1_object_data_2026_processed.root
hadd Source file 392: /eos/cms/store/group/phys_heavyions/jvelazqu/energycorr/condor_R4_axisWTA_cen//0001/L1_object_data_1193_processed.root
hadd Source file 273: /eos/cms/store/group/phys_heavyions/jvelazqu/energycorr/condor_R4_axisWTA_cen//0005/L1_object_data_5522_processed.root
hadd Source file 408: /eos/cms/store/group/phys_heavyions/jvelazqu/energycorr/condor_R4_axisWTA_cen//0002/L1_object_data_2027_processed.root
hadd Source file 399: /eos/cms/store/group/phys_heavyions/jvelazqu/energycorr/condor_R4_axisWTA_cen//0003/L1_object_data_3228_processed.root
hadd Source file 368: /eos/cms/store/group/phys_heavyions/jvelazqu/energycorr/condor_R4_axisWTA_cen//0005/L1_object_data_5012_processed.root
hadd Source file 381: /eos/cms/store/group/phys_heavyions/jvelazqu/energycorr/condor_R4_axisWTA_cen//0003/L1_object_data_3815_processed.root
hadd Source file 412: /eos/cms/store/group/phys_heavyions/jvelazqu/energycorr/condor_R4_axisWTA_cen//0002/L1_object_data_2636_processed.root
hadd Source file 393: /eos/cms/store/group/phys_heavyions/jvelazqu/energycorr/condor_R4_axisWTA_cen//0001/L1_object_data_1194_processed.root
hadd Source file 379: /eos/cms/store/group/phys_heavyions/jvelazqu/energycorr/condor_R4_axisWTA_cen//0000/L1_object_data_423_processed.root
hadd Source file 274: /eos/cms/store/group/phys_heavyions/jvelazqu/energycorr/condor_R4_axisWTA_cen//0005/L1_object_data_5523_processed.root
hadd Source file 409: /eos/cms/store/group/phys_heavyions/jvelazqu/energycorr/condor_R4_axisWTA_cen//0002/L1_object_data_2028_processed.root
hadd Source file 400: /eos/cms/store/group/phys_heavyions/jvelazqu/energycorr/condor_R4_axisWTA_cen//0003/L1_object_data_3229_processed.root
hadd Source file 369: /eos/cms/store/group/phys_heavyions/jvelazqu/energycorr/condor_R4_axisWTA_cen//0005/L1_object_data_5013_processed.root
hadd Source file 413: /eos/cms/store/group/phys_heavyions/jvelazqu/energycorr/condor_R4_axisWTA_cen//0002/L1_object_data_2637_processed.root
hadd Source file 382: /eos/cms/store/group/phys_heavyions/jvelazqu/energycorr/condor_R4_axisWTA_cen//0003/L1_object_data_3816_processed.root
hadd Source file 394: /eos/cms/store/group/phys_heavyions/jvelazqu/energycorr/condor_R4_axisWTA_cen//0001/L1_object_data_1195_processed.root
hadd Source file 388: /eos/cms/store/group/phys_heavyions/jvelazqu/energycorr/condor_R4_axisWTA_cen//0006/L1_object_data_833_processed.root
hadd Source file 410: /eos/cms/store/group/phys_heavyions/jvelazqu/energycorr/condor_R4_axisWTA_cen//0002/L1_object_data_2029_processed.root
hadd Source file 275: /eos/cms/store/group/phys_heavyions/jvelazqu/energycorr/condor_R4_axisWTA_cen//0005/L1_object_data_5524_processed.root
hadd Source file 401: /eos/cms/store/group/phys_heavyions/jvelazqu/energycorr/condor_R4_axisWTA_cen//0003/L1_object_data_3230_processed.root
hadd Source file 414: /eos/cms/store/group/phys_heavyions/jvelazqu/energycorr/condor_R4_axisWTA_cen//0002/L1_object_data_2638_processed.root
hadd Source file 370: /eos/cms/store/group/phys_heavyions/jvelazqu/energycorr/condor_R4_axisWTA_cen//0005/L1_object_data_5014_processed.root
hadd Source file 391: /eos/cms/store/group/phys_heavyions/jvelazqu/energycorr/condor_R4_axisWTA_cen//0004/L1_object_data_4430_processed.root
hadd Source file 276: /eos/cms/store/group/phys_heavyions/jvelazqu/energycorr/condor_R4_axisWTA_cen//0005/L1_object_data_5525_processed.root
hadd Source file 411: /eos/cms/store/group/phys_heavyions/jvelazqu/energycorr/condor_R4_axisWTA_cen//0002/L1_object_data_2030_processed.root
hadd Source file 383: /eos/cms/store/group/phys_heavyions/jvelazqu/energycorr/condor_R4_axisWTA_cen//0003/L1_object_data_3817_processed.root
hadd Source file 389: /eos/cms/store/group/phys_heavyions/jvelazqu/energycorr/condor_R4_axisWTA_cen//0006/L1_object_data_834_processed.root
hadd Source file 395: /eos/cms/store/group/phys_heavyions/jvelazqu/energycorr/condor_R4_axisWTA_cen//0001/L1_object_data_1196_processed.root
hadd Source file 402: /eos/cms/store/group/phys_heavyions/jvelazqu/energycorr/condor_R4_axisWTA_cen//0003/L1_object_data_3231_processed.root
hadd Source file 390: /eos/cms/store/group/phys_heavyions/jvelazqu/energycorr/condor_R4_axisWTA_cen//0006/L1_object_data_835_processed.root
hadd Source file 277: /eos/cms/store/group/phys_heavyions/jvelazqu/energycorr/condor_R4_axisWTA_cen//0005/L1_object_data_5526_processed.root
hadd Source file 415: /eos/cms/store/group/phys_heavyions/jvelazqu/energycorr/condor_R4_axisWTA_cen//0002/L1_object_data_2639_processed.root
hadd Source file 392: /eos/cms/store/group/phys_heavyions/jvelazqu/energycorr/condor_R4_axisWTA_cen//0004/L1_object_data_4431_processed.root
hadd Source file 384: /eos/cms/store/group/phys_heavyions/jvelazqu/energycorr/condor_R4_axisWTA_cen//0003/L1_object_data_3818_processed.root
hadd Source file 278: /eos/cms/store/group/phys_heavyions/jvelazqu/energycorr/condor_R4_axisWTA_cen//0005/L1_object_data_5527_processed.root
hadd Source file 380: /eos/cms/store/group/phys_heavyions/jvelazqu/energycorr/condor_R4_axisWTA_cen//0000/L1_object_data_424_processed.root
hadd Source file 371: /eos/cms/store/group/phys_heavyions/jvelazqu/energycorr/condor_R4_axisWTA_cen//0005/L1_object_data_5015_processed.root
hadd Source file 403: /eos/cms/store/group/phys_heavyions/jvelazqu/energycorr/condor_R4_axisWTA_cen//0003/L1_object_data_3232_processed.root
hadd Source file 393: /eos/cms/store/group/phys_heavyions/jvelazqu/energycorr/condor_R4_axisWTA_cen//0004/L1_object_data_4432_processed.root
hadd Source file 391: /eos/cms/store/group/phys_heavyions/jvelazqu/energycorr/condor_R4_axisWTA_cen//0006/L1_object_data_836_processed.root
hadd Source file 385: /eos/cms/store/group/phys_heavyions/jvelazqu/energycorr/condor_R4_axisWTA_cen//0003/L1_object_data_3819_processed.root
hadd Source file 396: /eos/cms/store/group/phys_heavyions/jvelazqu/energycorr/condor_R4_axisWTA_cen//0001/L1_object_data_1197_processed.root
hadd Source file 381: /eos/cms/store/group/phys_heavyions/jvelazqu/energycorr/condor_R4_axisWTA_cen//0000/L1_object_data_425_processed.root
hadd Source file 394: /eos/cms/store/group/phys_heavyions/jvelazqu/energycorr/condor_R4_axisWTA_cen//0004/L1_object_data_4433_processed.root
hadd Source file 404: /eos/cms/store/group/phys_heavyions/jvelazqu/energycorr/condor_R4_axisWTA_cen//0003/L1_object_data_3233_processed.root
hadd Source file 279: /eos/cms/store/group/phys_heavyions/jvelazqu/energycorr/condor_R4_axisWTA_cen//0005/L1_object_data_5528_processed.root
hadd Source file 386: /eos/cms/store/group/phys_heavyions/jvelazqu/energycorr/condor_R4_axisWTA_cen//0003/L1_object_data_3820_processed.root
hadd Source file 372: /eos/cms/store/group/phys_heavyions/jvelazqu/energycorr/condor_R4_axisWTA_cen//0005/L1_object_data_5016_processed.root
hadd Source file 397: /eos/cms/store/group/phys_heavyions/jvelazqu/energycorr/condor_R4_axisWTA_cen//0001/L1_object_data_1198_processed.root
hadd Source file 392: /eos/cms/store/group/phys_heavyions/jvelazqu/energycorr/condor_R4_axisWTA_cen//0006/L1_object_data_837_processed.root
hadd Source file 412: /eos/cms/store/group/phys_heavyions/jvelazqu/energycorr/condor_R4_axisWTA_cen//0002/L1_object_data_2031_processed.root
hadd Source file 382: /eos/cms/store/group/phys_heavyions/jvelazqu/energycorr/condor_R4_axisWTA_cen//0000/L1_object_data_426_processed.root
hadd Source file 405: /eos/cms/store/group/phys_heavyions/jvelazqu/energycorr/condor_R4_axisWTA_cen//0003/L1_object_data_3234_processed.root
hadd Source file 395: /eos/cms/store/group/phys_heavyions/jvelazqu/energycorr/condor_R4_axisWTA_cen//0004/L1_object_data_4434_processed.root
hadd Source file 387: /eos/cms/store/group/phys_heavyions/jvelazqu/energycorr/condor_R4_axisWTA_cen//0003/L1_object_data_3821_processed.root
hadd Source file 398: /eos/cms/store/group/phys_heavyions/jvelazqu/energycorr/condor_R4_axisWTA_cen//0001/L1_object_data_1199_processed.root
hadd Source file 393: /eos/cms/store/group/phys_heavyions/jvelazqu/energycorr/condor_R4_axisWTA_cen//0006/L1_object_data_838_processed.root
hadd Source file 280: /eos/cms/store/group/phys_heavyions/jvelazqu/energycorr/condor_R4_axisWTA_cen//0005/L1_object_data_5529_processed.root
hadd Source file 416: /eos/cms/store/group/phys_heavyions/jvelazqu/energycorr/condor_R4_axisWTA_cen//0002/L1_object_data_2640_processed.root
hadd Source file 396: /eos/cms/store/group/phys_heavyions/jvelazqu/energycorr/condor_R4_axisWTA_cen//0004/L1_object_data_4435_processed.root
hadd Source file 413: /eos/cms/store/group/phys_heavyions/jvelazqu/energycorr/condor_R4_axisWTA_cen//0002/L1_object_data_2032_processed.root
hadd Source file 394: /eos/cms/store/group/phys_heavyions/jvelazqu/energycorr/condor_R4_axisWTA_cen//0006/L1_object_data_839_processed.root
hadd Source file 406: /eos/cms/store/group/phys_heavyions/jvelazqu/energycorr/condor_R4_axisWTA_cen//0003/L1_object_data_3235_processed.root
hadd Source file 397: /eos/cms/store/group/phys_heavyions/jvelazqu/energycorr/condor_R4_axisWTA_cen//0004/L1_object_data_4436_processed.root
hadd Source file 417: /eos/cms/store/group/phys_heavyions/jvelazqu/energycorr/condor_R4_axisWTA_cen//0002/L1_object_data_2641_processed.root
hadd Source file 399: /eos/cms/store/group/phys_heavyions/jvelazqu/energycorr/condor_R4_axisWTA_cen//0001/L1_object_data_1200_processed.root
hadd Source file 407: /eos/cms/store/group/phys_heavyions/jvelazqu/energycorr/condor_R4_axisWTA_cen//0003/L1_object_data_3236_processed.root
hadd Source file 388: /eos/cms/store/group/phys_heavyions/jvelazqu/energycorr/condor_R4_axisWTA_cen//0003/L1_object_data_3822_processed.root
hadd Source file 408: /eos/cms/store/group/phys_heavyions/jvelazqu/energycorr/condor_R4_axisWTA_cen//0003/L1_object_data_3237_processed.root
hadd Source file 395: /eos/cms/store/group/phys_heavyions/jvelazqu/energycorr/condor_R4_axisWTA_cen//0006/L1_object_data_840_processed.root
hadd Source file 281: /eos/cms/store/group/phys_heavyions/jvelazqu/energycorr/condor_R4_axisWTA_cen//0005/L1_object_data_5530_processed.root
hadd Source file 373: /eos/cms/store/group/phys_heavyions/jvelazqu/energycorr/condor_R4_axisWTA_cen//0005/L1_object_data_5017_processed.root
hadd Source file 400: /eos/cms/store/group/phys_heavyions/jvelazqu/energycorr/condor_R4_axisWTA_cen//0001/L1_object_data_1201_processed.root
hadd Source file 418: /eos/cms/store/group/phys_heavyions/jvelazqu/energycorr/condor_R4_axisWTA_cen//0002/L1_object_data_2642_processed.root
hadd Source file 409: /eos/cms/store/group/phys_heavyions/jvelazqu/energycorr/condor_R4_axisWTA_cen//0003/L1_object_data_3238_processed.root
hadd Source file 282: /eos/cms/store/group/phys_heavyions/jvelazqu/energycorr/condor_R4_axisWTA_cen//0005/L1_object_data_5531_processed.root
hadd Source file 396: /eos/cms/store/group/phys_heavyions/jvelazqu/energycorr/condor_R4_axisWTA_cen//0006/L1_object_data_841_processed.root
hadd Source file 401: /eos/cms/store/group/phys_heavyions/jvelazqu/energycorr/condor_R4_axisWTA_cen//0001/L1_object_data_1202_processed.root
hadd Source file 419: /eos/cms/store/group/phys_heavyions/jvelazqu/energycorr/condor_R4_axisWTA_cen//0002/L1_object_data_2643_processed.root
hadd Source file 283: /eos/cms/store/group/phys_heavyions/jvelazqu/energycorr/condor_R4_axisWTA_cen//0005/L1_object_data_5532_processed.root
hadd Source file 397: /eos/cms/store/group/phys_heavyions/jvelazqu/energycorr/condor_R4_axisWTA_cen//0006/L1_object_data_842_processed.root
hadd Source file 410: /eos/cms/store/group/phys_heavyions/jvelazqu/energycorr/condor_R4_axisWTA_cen//0003/L1_object_data_3239_processed.root
hadd Source file 383: /eos/cms/store/group/phys_heavyions/jvelazqu/energycorr/condor_R4_axisWTA_cen//0000/L1_object_data_427_processed.root
hadd Source file 414: /eos/cms/store/group/phys_heavyions/jvelazqu/energycorr/condor_R4_axisWTA_cen//0002/L1_object_data_2033_processed.root
hadd Source file 402: /eos/cms/store/group/phys_heavyions/jvelazqu/energycorr/condor_R4_axisWTA_cen//0001/L1_object_data_1203_processed.root
hadd Source file 284: /eos/cms/store/group/phys_heavyions/jvelazqu/energycorr/condor_R4_axisWTA_cen//0005/L1_object_data_5533_processed.root
hadd Source file 398: /eos/cms/store/group/phys_heavyions/jvelazqu/energycorr/condor_R4_axisWTA_cen//0006/L1_object_data_843_processed.root
hadd Source file 420: /eos/cms/store/group/phys_heavyions/jvelazqu/energycorr/condor_R4_axisWTA_cen//0002/L1_object_data_2644_processed.root
hadd Source file 398: /eos/cms/store/group/phys_heavyions/jvelazqu/energycorr/condor_R4_axisWTA_cen//0004/L1_object_data_4437_processed.root
hadd Source file 411: /eos/cms/store/group/phys_heavyions/jvelazqu/energycorr/condor_R4_axisWTA_cen//0003/L1_object_data_3240_processed.root
hadd Source file 403: /eos/cms/store/group/phys_heavyions/jvelazqu/energycorr/condor_R4_axisWTA_cen//0001/L1_object_data_1204_processed.root
hadd Source file 399: /eos/cms/store/group/phys_heavyions/jvelazqu/energycorr/condor_R4_axisWTA_cen//0004/L1_object_data_4438_processed.root
hadd Source file 415: /eos/cms/store/group/phys_heavyions/jvelazqu/energycorr/condor_R4_axisWTA_cen//0002/L1_object_data_2034_processed.root
hadd Source file 399: /eos/cms/store/group/phys_heavyions/jvelazqu/energycorr/condor_R4_axisWTA_cen//0006/L1_object_data_844_processed.root
hadd Source file 389: /eos/cms/store/group/phys_heavyions/jvelazqu/energycorr/condor_R4_axisWTA_cen//0003/L1_object_data_3823_processed.root
hadd Source file 285: /eos/cms/store/group/phys_heavyions/jvelazqu/energycorr/condor_R4_axisWTA_cen//0005/L1_object_data_5534_processed.root
hadd Source file 412: /eos/cms/store/group/phys_heavyions/jvelazqu/energycorr/condor_R4_axisWTA_cen//0003/L1_object_data_3241_processed.root
hadd Source file 404: /eos/cms/store/group/phys_heavyions/jvelazqu/energycorr/condor_R4_axisWTA_cen//0001/L1_object_data_1205_processed.root
hadd Source file 374: /eos/cms/store/group/phys_heavyions/jvelazqu/energycorr/condor_R4_axisWTA_cen//0005/L1_object_data_5018_processed.root
hadd Source file 421: /eos/cms/store/group/phys_heavyions/jvelazqu/energycorr/condor_R4_axisWTA_cen//0002/L1_object_data_2645_processed.root
hadd Source file 400: /eos/cms/store/group/phys_heavyions/jvelazqu/energycorr/condor_R4_axisWTA_cen//0004/L1_object_data_4439_processed.root
hadd Source file 390: /eos/cms/store/group/phys_heavyions/jvelazqu/energycorr/condor_R4_axisWTA_cen//0003/L1_object_data_3824_processed.root
hadd Source file 286: /eos/cms/store/group/phys_heavyions/jvelazqu/energycorr/condor_R4_axisWTA_cen//0005/L1_object_data_5535_processed.root
hadd Source file 416: /eos/cms/store/group/phys_heavyions/jvelazqu/energycorr/condor_R4_axisWTA_cen//0002/L1_object_data_2035_processed.root
hadd Source file 391: /eos/cms/store/group/phys_heavyions/jvelazqu/energycorr/condor_R4_axisWTA_cen//0003/L1_object_data_3825_processed.root
hadd Source file 400: /eos/cms/store/group/phys_heavyions/jvelazqu/energycorr/condor_R4_axisWTA_cen//0006/L1_object_data_845_processed.root
hadd Source file 413: /eos/cms/store/group/phys_heavyions/jvelazqu/energycorr/condor_R4_axisWTA_cen//0003/L1_object_data_3242_processed.root
hadd Source file 375: /eos/cms/store/group/phys_heavyions/jvelazqu/energycorr/condor_R4_axisWTA_cen//0005/L1_object_data_5019_processed.root
hadd Source file 422: /eos/cms/store/group/phys_heavyions/jvelazqu/energycorr/condor_R4_axisWTA_cen//0002/L1_object_data_2646_processed.root
hadd Source file 401: /eos/cms/store/group/phys_heavyions/jvelazqu/energycorr/condor_R4_axisWTA_cen//0004/L1_object_data_4440_processed.root
hadd Source file 414: /eos/cms/store/group/phys_heavyions/jvelazqu/energycorr/condor_R4_axisWTA_cen//0003/L1_object_data_3243_processed.root
hadd Source file 401: /eos/cms/store/group/phys_heavyions/jvelazqu/energycorr/condor_R4_axisWTA_cen//0006/L1_object_data_846_processed.root
hadd Source file 423: /eos/cms/store/group/phys_heavyions/jvelazqu/energycorr/condor_R4_axisWTA_cen//0002/L1_object_data_2647_processed.root
hadd Source file 287: /eos/cms/store/group/phys_heavyions/jvelazqu/energycorr/condor_R4_axisWTA_cen//0005/L1_object_data_5536_processed.root
hadd Source file 417: /eos/cms/store/group/phys_heavyions/jvelazqu/energycorr/condor_R4_axisWTA_cen//0002/L1_object_data_2036_processed.root
hadd Source file 392: /eos/cms/store/group/phys_heavyions/jvelazqu/energycorr/condor_R4_axisWTA_cen//0003/L1_object_data_3826_processed.root
hadd Source file 402: /eos/cms/store/group/phys_heavyions/jvelazqu/energycorr/condor_R4_axisWTA_cen//0006/L1_object_data_847_processed.root
hadd Source file 415: /eos/cms/store/group/phys_heavyions/jvelazqu/energycorr/condor_R4_axisWTA_cen//0003/L1_object_data_3244_processed.root
hadd Source file 402: /eos/cms/store/group/phys_heavyions/jvelazqu/energycorr/condor_R4_axisWTA_cen//0004/L1_object_data_4441_processed.root
hadd Source file 424: /eos/cms/store/group/phys_heavyions/jvelazqu/energycorr/condor_R4_axisWTA_cen//0002/L1_object_data_2648_processed.root
hadd Source file 418: /eos/cms/store/group/phys_heavyions/jvelazqu/energycorr/condor_R4_axisWTA_cen//0002/L1_object_data_2037_processed.root
hadd Source file 288: /eos/cms/store/group/phys_heavyions/jvelazqu/energycorr/condor_R4_axisWTA_cen//0005/L1_object_data_5537_processed.root
hadd Source file 393: /eos/cms/store/group/phys_heavyions/jvelazqu/energycorr/condor_R4_axisWTA_cen//0003/L1_object_data_3827_processed.root
hadd Source file 419: /eos/cms/store/group/phys_heavyions/jvelazqu/energycorr/condor_R4_axisWTA_cen//0002/L1_object_data_2038_processed.root
hadd Source file 405: /eos/cms/store/group/phys_heavyions/jvelazqu/energycorr/condor_R4_axisWTA_cen//0001/L1_object_data_1206_processed.root
hadd Source file 425: /eos/cms/store/group/phys_heavyions/jvelazqu/energycorr/condor_R4_axisWTA_cen//0002/L1_object_data_2649_processed.root
hadd Source file 289: /eos/cms/store/group/phys_heavyions/jvelazqu/energycorr/condor_R4_axisWTA_cen//0005/L1_object_data_5538_processed.root
hadd Source file 394: /eos/cms/store/group/phys_heavyions/jvelazqu/energycorr/condor_R4_axisWTA_cen//0003/L1_object_data_3828_processed.root
hadd Source file 384: /eos/cms/store/group/phys_heavyions/jvelazqu/energycorr/condor_R4_axisWTA_cen//0000/L1_object_data_428_processed.root
hadd Source file 403: /eos/cms/store/group/phys_heavyions/jvelazqu/energycorr/condor_R4_axisWTA_cen//0006/L1_object_data_848_processed.root
hadd Source file 420: /eos/cms/store/group/phys_heavyions/jvelazqu/energycorr/condor_R4_axisWTA_cen//0002/L1_object_data_2039_processed.root
hadd Source file 426: /eos/cms/store/group/phys_heavyions/jvelazqu/energycorr/condor_R4_axisWTA_cen//0002/L1_object_data_2650_processed.root
hadd Source file 290: /eos/cms/store/group/phys_heavyions/jvelazqu/energycorr/condor_R4_axisWTA_cen//0005/L1_object_data_5539_processed.root
hadd Source file 376: /eos/cms/store/group/phys_heavyions/jvelazqu/energycorr/condor_R4_axisWTA_cen//0005/L1_object_data_5020_processed.root
hadd Source file 406: /eos/cms/store/group/phys_heavyions/jvelazqu/energycorr/condor_R4_axisWTA_cen//0001/L1_object_data_1207_processed.root
hadd Source file 385: /eos/cms/store/group/phys_heavyions/jvelazqu/energycorr/condor_R4_axisWTA_cen//0000/L1_object_data_429_processed.root
hadd Source file 395: /eos/cms/store/group/phys_heavyions/jvelazqu/energycorr/condor_R4_axisWTA_cen//0003/L1_object_data_3829_processed.root
hadd Source file 427: /eos/cms/store/group/phys_heavyions/jvelazqu/energycorr/condor_R4_axisWTA_cen//0002/L1_object_data_2651_processed.root
hadd Source file 421: /eos/cms/store/group/phys_heavyions/jvelazqu/energycorr/condor_R4_axisWTA_cen//0002/L1_object_data_2040_processed.root
hadd Source file 404: /eos/cms/store/group/phys_heavyions/jvelazqu/energycorr/condor_R4_axisWTA_cen//0006/L1_object_data_849_processed.root
hadd Source file 377: /eos/cms/store/group/phys_heavyions/jvelazqu/energycorr/condor_R4_axisWTA_cen//0005/L1_object_data_5021_processed.root
hadd Source file 291: /eos/cms/store/group/phys_heavyions/jvelazqu/energycorr/condor_R4_axisWTA_cen//0005/L1_object_data_5540_processed.root
hadd Source file 416: /eos/cms/store/group/phys_heavyions/jvelazqu/energycorr/condor_R4_axisWTA_cen//0003/L1_object_data_3245_processed.root
hadd Source file 396: /eos/cms/store/group/phys_heavyions/jvelazqu/energycorr/condor_R4_axisWTA_cen//0003/L1_object_data_3830_processed.root
hadd Source file 405: /eos/cms/store/group/phys_heavyions/jvelazqu/energycorr/condor_R4_axisWTA_cen//0006/L1_object_data_850_processed.root
hadd Source file 403: /eos/cms/store/group/phys_heavyions/jvelazqu/energycorr/condor_R4_axisWTA_cen//0004/L1_object_data_4442_processed.root
hadd Source file 386: /eos/cms/store/group/phys_heavyions/jvelazqu/energycorr/condor_R4_axisWTA_cen//0000/L1_object_data_430_processed.root
hadd Source file 422: /eos/cms/store/group/phys_heavyions/jvelazqu/energycorr/condor_R4_axisWTA_cen//0002/L1_object_data_2041_processed.root
hadd Source file 428: /eos/cms/store/group/phys_heavyions/jvelazqu/energycorr/condor_R4_axisWTA_cen//0002/L1_object_data_2652_processed.root
hadd Source file 406: /eos/cms/store/group/phys_heavyions/jvelazqu/energycorr/condor_R4_axisWTA_cen//0006/L1_object_data_851_processed.root
hadd Source file 417: /eos/cms/store/group/phys_heavyions/jvelazqu/energycorr/condor_R4_axisWTA_cen//0003/L1_object_data_3246_processed.root
hadd Source file 397: /eos/cms/store/group/phys_heavyions/jvelazqu/energycorr/condor_R4_axisWTA_cen//0003/L1_object_data_3831_processed.root
hadd Source file 404: /eos/cms/store/group/phys_heavyions/jvelazqu/energycorr/condor_R4_axisWTA_cen//0004/L1_object_data_4443_processed.root
hadd Source file 407: /eos/cms/store/group/phys_heavyions/jvelazqu/energycorr/condor_R4_axisWTA_cen//0006/L1_object_data_852_processed.root
hadd Source file 387: /eos/cms/store/group/phys_heavyions/jvelazqu/energycorr/condor_R4_axisWTA_cen//0000/L1_object_data_431_processed.root
hadd Source file 429: /eos/cms/store/group/phys_heavyions/jvelazqu/energycorr/condor_R4_axisWTA_cen//0002/L1_object_data_2653_processed.root
hadd Source file 292: /eos/cms/store/group/phys_heavyions/jvelazqu/energycorr/condor_R4_axisWTA_cen//0005/L1_object_data_5541_processed.root
hadd Source file 418: /eos/cms/store/group/phys_heavyions/jvelazqu/energycorr/condor_R4_axisWTA_cen//0003/L1_object_data_3247_processed.root
hadd Source file 378: /eos/cms/store/group/phys_heavyions/jvelazqu/energycorr/condor_R4_axisWTA_cen//0005/L1_object_data_5022_processed.root
hadd Source file 405: /eos/cms/store/group/phys_heavyions/jvelazqu/energycorr/condor_R4_axisWTA_cen//0004/L1_object_data_4444_processed.root
hadd Source file 407: /eos/cms/store/group/phys_heavyions/jvelazqu/energycorr/condor_R4_axisWTA_cen//0001/L1_object_data_1208_processed.root
hadd Source file 379: /eos/cms/store/group/phys_heavyions/jvelazqu/energycorr/condor_R4_axisWTA_cen//0005/L1_object_data_5023_processed.root
hadd Source file 419: /eos/cms/store/group/phys_heavyions/jvelazqu/energycorr/condor_R4_axisWTA_cen//0003/L1_object_data_3248_processed.root
hadd Source file 430: /eos/cms/store/group/phys_heavyions/jvelazqu/energycorr/condor_R4_axisWTA_cen//0002/L1_object_data_2654_processed.root
hadd Source file 293: /eos/cms/store/group/phys_heavyions/jvelazqu/energycorr/condor_R4_axisWTA_cen//0005/L1_object_data_5542_processed.root
hadd Source file 388: /eos/cms/store/group/phys_heavyions/jvelazqu/energycorr/condor_R4_axisWTA_cen//0000/L1_object_data_432_processed.root
hadd Source file 420: /eos/cms/store/group/phys_heavyions/jvelazqu/energycorr/condor_R4_axisWTA_cen//0003/L1_object_data_3249_processed.root
hadd Source file 408: /eos/cms/store/group/phys_heavyions/jvelazqu/energycorr/condor_R4_axisWTA_cen//0001/L1_object_data_1209_processed.root
hadd Source file 406: /eos/cms/store/group/phys_heavyions/jvelazqu/energycorr/condor_R4_axisWTA_cen//0004/L1_object_data_4445_processed.root
hadd Source file 294: /eos/cms/store/group/phys_heavyions/jvelazqu/energycorr/condor_R4_axisWTA_cen//0005/L1_object_data_5543_processed.root
hadd Source file 423: /eos/cms/store/group/phys_heavyions/jvelazqu/energycorr/condor_R4_axisWTA_cen//0002/L1_object_data_2042_processed.root
hadd Source file 389: /eos/cms/store/group/phys_heavyions/jvelazqu/energycorr/condor_R4_axisWTA_cen//0000/L1_object_data_433_processed.root
hadd Source file 431: /eos/cms/store/group/phys_heavyions/jvelazqu/energycorr/condor_R4_axisWTA_cen//0002/L1_object_data_2655_processed.root
hadd Source file 409: /eos/cms/store/group/phys_heavyions/jvelazqu/energycorr/condor_R4_axisWTA_cen//0001/L1_object_data_1210_processed.root
hadd Source file 398: /eos/cms/store/group/phys_heavyions/jvelazqu/energycorr/condor_R4_axisWTA_cen//0003/L1_object_data_3832_processed.root
hadd Source file 407: /eos/cms/store/group/phys_heavyions/jvelazqu/energycorr/condor_R4_axisWTA_cen//0004/L1_object_data_4446_processed.root
hadd Source file 380: /eos/cms/store/group/phys_heavyions/jvelazqu/energycorr/condor_R4_axisWTA_cen//0005/L1_object_data_5024_processed.root
hadd Source file 421: /eos/cms/store/group/phys_heavyions/jvelazqu/energycorr/condor_R4_axisWTA_cen//0003/L1_object_data_3250_processed.root
hadd Source file 410: /eos/cms/store/group/phys_heavyions/jvelazqu/energycorr/condor_R4_axisWTA_cen//0001/L1_object_data_1211_processed.root
hadd Source file 424: /eos/cms/store/group/phys_heavyions/jvelazqu/energycorr/condor_R4_axisWTA_cen//0002/L1_object_data_2043_processed.root
hadd Source file 432: /eos/cms/store/group/phys_heavyions/jvelazqu/energycorr/condor_R4_axisWTA_cen//0002/L1_object_data_2656_processed.root
hadd Source file 390: /eos/cms/store/group/phys_heavyions/jvelazqu/energycorr/condor_R4_axisWTA_cen//0000/L1_object_data_434_processed.root
hadd Source file 399: /eos/cms/store/group/phys_heavyions/jvelazqu/energycorr/condor_R4_axisWTA_cen//0003/L1_object_data_3833_processed.root
hadd Source file 408: /eos/cms/store/group/phys_heavyions/jvelazqu/energycorr/condor_R4_axisWTA_cen//0006/L1_object_data_853_processed.root
hadd Source file 411: /eos/cms/store/group/phys_heavyions/jvelazqu/energycorr/condor_R4_axisWTA_cen//0001/L1_object_data_1212_processed.root
hadd Source file 408: /eos/cms/store/group/phys_heavyions/jvelazqu/energycorr/condor_R4_axisWTA_cen//0004/L1_object_data_4447_processed.root
hadd Source file 433: /eos/cms/store/group/phys_heavyions/jvelazqu/energycorr/condor_R4_axisWTA_cen//0002/L1_object_data_2657_processed.root
hadd Source file 391: /eos/cms/store/group/phys_heavyions/jvelazqu/energycorr/condor_R4_axisWTA_cen//0000/L1_object_data_435_processed.root
hadd Source file 381: /eos/cms/store/group/phys_heavyions/jvelazqu/energycorr/condor_R4_axisWTA_cen//0005/L1_object_data_5025_processed.root
hadd Source file 425: /eos/cms/store/group/phys_heavyions/jvelazqu/energycorr/condor_R4_axisWTA_cen//0002/L1_object_data_2044_processed.root
hadd Source file 400: /eos/cms/store/group/phys_heavyions/jvelazqu/energycorr/condor_R4_axisWTA_cen//0003/L1_object_data_3834_processed.root
hadd Source file 422: /eos/cms/store/group/phys_heavyions/jvelazqu/energycorr/condor_R4_axisWTA_cen//0003/L1_object_data_3251_processed.root
hadd Source file 412: /eos/cms/store/group/phys_heavyions/jvelazqu/energycorr/condor_R4_axisWTA_cen//0001/L1_object_data_1213_processed.root
hadd Source file 409: /eos/cms/store/group/phys_heavyions/jvelazqu/energycorr/condor_R4_axisWTA_cen//0004/L1_object_data_4448_processed.root
hadd Source file 409: /eos/cms/store/group/phys_heavyions/jvelazqu/energycorr/condor_R4_axisWTA_cen//0006/L1_object_data_854_processed.root
hadd Source file 434: /eos/cms/store/group/phys_heavyions/jvelazqu/energycorr/condor_R4_axisWTA_cen//0002/L1_object_data_2658_processed.root
hadd Source file 382: /eos/cms/store/group/phys_heavyions/jvelazqu/energycorr/condor_R4_axisWTA_cen//0005/L1_object_data_5026_processed.root
hadd Source file 413: /eos/cms/store/group/phys_heavyions/jvelazqu/energycorr/condor_R4_axisWTA_cen//0001/L1_object_data_1214_processed.root
hadd Source file 392: /eos/cms/store/group/phys_heavyions/jvelazqu/energycorr/condor_R4_axisWTA_cen//0000/L1_object_data_436_processed.root
hadd Source file 423: /eos/cms/store/group/phys_heavyions/jvelazqu/energycorr/condor_R4_axisWTA_cen//0003/L1_object_data_3252_processed.root
hadd Source file 426: /eos/cms/store/group/phys_heavyions/jvelazqu/energycorr/condor_R4_axisWTA_cen//0002/L1_object_data_2045_processed.root
hadd Source file 401: /eos/cms/store/group/phys_heavyions/jvelazqu/energycorr/condor_R4_axisWTA_cen//0003/L1_object_data_3835_processed.root
hadd Source file 435: /eos/cms/store/group/phys_heavyions/jvelazqu/energycorr/condor_R4_axisWTA_cen//0002/L1_object_data_2659_processed.root
hadd Source file 295: /eos/cms/store/group/phys_heavyions/jvelazqu/energycorr/condor_R4_axisWTA_cen//0005/L1_object_data_5544_processed.root
hadd Source file 410: /eos/cms/store/group/phys_heavyions/jvelazqu/energycorr/condor_R4_axisWTA_cen//0006/L1_object_data_855_processed.root
hadd Source file 383: /eos/cms/store/group/phys_heavyions/jvelazqu/energycorr/condor_R4_axisWTA_cen//0005/L1_object_data_5027_processed.root
hadd Source file 414: /eos/cms/store/group/phys_heavyions/jvelazqu/energycorr/condor_R4_axisWTA_cen//0001/L1_object_data_1215_processed.root
hadd Source file 393: /eos/cms/store/group/phys_heavyions/jvelazqu/energycorr/condor_R4_axisWTA_cen//0000/L1_object_data_437_processed.root
hadd Source file 424: /eos/cms/store/group/phys_heavyions/jvelazqu/energycorr/condor_R4_axisWTA_cen//0003/L1_object_data_3253_processed.root
hadd Source file 410: /eos/cms/store/group/phys_heavyions/jvelazqu/energycorr/condor_R4_axisWTA_cen//0004/L1_object_data_4449_processed.root
hadd Source file 425: /eos/cms/store/group/phys_heavyions/jvelazqu/energycorr/condor_R4_axisWTA_cen//0003/L1_object_data_3254_processed.root
hadd Source file 436: /eos/cms/store/group/phys_heavyions/jvelazqu/energycorr/condor_R4_axisWTA_cen//0002/L1_object_data_2660_processed.root
hadd Source file 427: /eos/cms/store/group/phys_heavyions/jvelazqu/energycorr/condor_R4_axisWTA_cen//0002/L1_object_data_2046_processed.root
hadd Source file 296: /eos/cms/store/group/phys_heavyions/jvelazqu/energycorr/condor_R4_axisWTA_cen//0005/L1_object_data_5545_processed.root
hadd Source file 402: /eos/cms/store/group/phys_heavyions/jvelazqu/energycorr/condor_R4_axisWTA_cen//0003/L1_object_data_3836_processed.root
hadd Source file 415: /eos/cms/store/group/phys_heavyions/jvelazqu/energycorr/condor_R4_axisWTA_cen//0001/L1_object_data_1216_processed.root
hadd Source file 411: /eos/cms/store/group/phys_heavyions/jvelazqu/energycorr/condor_R4_axisWTA_cen//0004/L1_object_data_4450_processed.root
hadd Source file 384: /eos/cms/store/group/phys_heavyions/jvelazqu/energycorr/condor_R4_axisWTA_cen//0005/L1_object_data_5028_processed.root
hadd Source file 426: /eos/cms/store/group/phys_heavyions/jvelazqu/energycorr/condor_R4_axisWTA_cen//0003/L1_object_data_3255_processed.root
hadd Source file 394: /eos/cms/store/group/phys_heavyions/jvelazqu/energycorr/condor_R4_axisWTA_cen//0000/L1_object_data_438_processed.root
hadd Source file 403: /eos/cms/store/group/phys_heavyions/jvelazqu/energycorr/condor_R4_axisWTA_cen//0003/L1_object_data_3837_processed.root
hadd Source file 428: /eos/cms/store/group/phys_heavyions/jvelazqu/energycorr/condor_R4_axisWTA_cen//0002/L1_object_data_2047_processed.root
hadd Source file 412: /eos/cms/store/group/phys_heavyions/jvelazqu/energycorr/condor_R4_axisWTA_cen//0004/L1_object_data_4451_processed.root
hadd Source file 297: /eos/cms/store/group/phys_heavyions/jvelazqu/energycorr/condor_R4_axisWTA_cen//0005/L1_object_data_5546_processed.root
hadd Source file 395: /eos/cms/store/group/phys_heavyions/jvelazqu/energycorr/condor_R4_axisWTA_cen//0000/L1_object_data_439_processed.root
hadd Source file 404: /eos/cms/store/group/phys_heavyions/jvelazqu/energycorr/condor_R4_axisWTA_cen//0003/L1_object_data_3838_processed.root
hadd Source file 429: /eos/cms/store/group/phys_heavyions/jvelazqu/energycorr/condor_R4_axisWTA_cen//0002/L1_object_data_2048_processed.root
hadd Source file 427: /eos/cms/store/group/phys_heavyions/jvelazqu/energycorr/condor_R4_axisWTA_cen//0003/L1_object_data_3256_processed.root
hadd Source file 385: /eos/cms/store/group/phys_heavyions/jvelazqu/energycorr/condor_R4_axisWTA_cen//0005/L1_object_data_5029_processed.root
hadd Source file 411: /eos/cms/store/group/phys_heavyions/jvelazqu/energycorr/condor_R4_axisWTA_cen//0006/L1_object_data_856_processed.root
hadd Source file 413: /eos/cms/store/group/phys_heavyions/jvelazqu/energycorr/condor_R4_axisWTA_cen//0004/L1_object_data_4452_processed.root
hadd Source file 298: /eos/cms/store/group/phys_heavyions/jvelazqu/energycorr/condor_R4_axisWTA_cen//0005/L1_object_data_5547_processed.root
hadd Source file 428: /eos/cms/store/group/phys_heavyions/jvelazqu/energycorr/condor_R4_axisWTA_cen//0003/L1_object_data_3257_processed.root
hadd Source file 430: /eos/cms/store/group/phys_heavyions/jvelazqu/energycorr/condor_R4_axisWTA_cen//0002/L1_object_data_2049_processed.root
hadd Source file 412: /eos/cms/store/group/phys_heavyions/jvelazqu/energycorr/condor_R4_axisWTA_cen//0006/L1_object_data_857_processed.root
hadd Source file 299: /eos/cms/store/group/phys_heavyions/jvelazqu/energycorr/condor_R4_axisWTA_cen//0005/L1_object_data_5548_processed.root
hadd Source file 386: /eos/cms/store/group/phys_heavyions/jvelazqu/energycorr/condor_R4_axisWTA_cen//0005/L1_object_data_5030_processed.root
hadd Source file 429: /eos/cms/store/group/phys_heavyions/jvelazqu/energycorr/condor_R4_axisWTA_cen//0003/L1_object_data_3258_processed.root
hadd Source file 414: /eos/cms/store/group/phys_heavyions/jvelazqu/energycorr/condor_R4_axisWTA_cen//0004/L1_object_data_4453_processed.root
hadd Source file 431: /eos/cms/store/group/phys_heavyions/jvelazqu/energycorr/condor_R4_axisWTA_cen//0002/L1_object_data_2050_processed.root
hadd Source file 396: /eos/cms/store/group/phys_heavyions/jvelazqu/energycorr/condor_R4_axisWTA_cen//0000/L1_object_data_440_processed.root
hadd Source file 413: /eos/cms/store/group/phys_heavyions/jvelazqu/energycorr/condor_R4_axisWTA_cen//0006/L1_object_data_858_processed.root
hadd Source file 300: /eos/cms/store/group/phys_heavyions/jvelazqu/energycorr/condor_R4_axisWTA_cen//0005/L1_object_data_5549_processed.root
hadd Source file 415: /eos/cms/store/group/phys_heavyions/jvelazqu/energycorr/condor_R4_axisWTA_cen//0004/L1_object_data_4454_processed.root
hadd Source file 430: /eos/cms/store/group/phys_heavyions/jvelazqu/energycorr/condor_R4_axisWTA_cen//0003/L1_object_data_3259_processed.root
hadd Source file 432: /eos/cms/store/group/phys_heavyions/jvelazqu/energycorr/condor_R4_axisWTA_cen//0002/L1_object_data_2051_processed.root
hadd Source file 437: /eos/cms/store/group/phys_heavyions/jvelazqu/energycorr/condor_R4_axisWTA_cen//0002/L1_object_data_2661_processed.root
hadd Source file 405: /eos/cms/store/group/phys_heavyions/jvelazqu/energycorr/condor_R4_axisWTA_cen//0003/L1_object_data_3839_processed.root
hadd Source file 301: /eos/cms/store/group/phys_heavyions/jvelazqu/energycorr/condor_R4_axisWTA_cen//0005/L1_object_data_5550_processed.root
hadd Source file 414: /eos/cms/store/group/phys_heavyions/jvelazqu/energycorr/condor_R4_axisWTA_cen//0006/L1_object_data_859_processed.root
hadd Source file 397: /eos/cms/store/group/phys_heavyions/jvelazqu/energycorr/condor_R4_axisWTA_cen//0000/L1_object_data_441_processed.root
hadd Source file 416: /eos/cms/store/group/phys_heavyions/jvelazqu/energycorr/condor_R4_axisWTA_cen//0004/L1_object_data_4455_processed.root
hadd Source file 433: /eos/cms/store/group/phys_heavyions/jvelazqu/energycorr/condor_R4_axisWTA_cen//0002/L1_object_data_2052_processed.root
hadd Source file 431: /eos/cms/store/group/phys_heavyions/jvelazqu/energycorr/condor_R4_axisWTA_cen//0003/L1_object_data_3260_processed.root
hadd Source file 438: /eos/cms/store/group/phys_heavyions/jvelazqu/energycorr/condor_R4_axisWTA_cen//0002/L1_object_data_2662_processed.root
hadd Source file 415: /eos/cms/store/group/phys_heavyions/jvelazqu/energycorr/condor_R4_axisWTA_cen//0006/L1_object_data_860_processed.root
hadd Source file 406: /eos/cms/store/group/phys_heavyions/jvelazqu/energycorr/condor_R4_axisWTA_cen//0003/L1_object_data_3840_processed.root
hadd Source file 439: /eos/cms/store/group/phys_heavyions/jvelazqu/energycorr/condor_R4_axisWTA_cen//0002/L1_object_data_2663_processed.root
hadd Source file 417: /eos/cms/store/group/phys_heavyions/jvelazqu/energycorr/condor_R4_axisWTA_cen//0004/L1_object_data_4456_processed.root
hadd Source file 387: /eos/cms/store/group/phys_heavyions/jvelazqu/energycorr/condor_R4_axisWTA_cen//0005/L1_object_data_5031_processed.root
hadd Source file 398: /eos/cms/store/group/phys_heavyions/jvelazqu/energycorr/condor_R4_axisWTA_cen//0000/L1_object_data_442_processed.root
hadd Source file 407: /eos/cms/store/group/phys_heavyions/jvelazqu/energycorr/condor_R4_axisWTA_cen//0003/L1_object_data_3841_processed.root
hadd Source file 434: /eos/cms/store/group/phys_heavyions/jvelazqu/energycorr/condor_R4_axisWTA_cen//0002/L1_object_data_2053_processed.root
hadd Source file 416: /eos/cms/store/group/phys_heavyions/jvelazqu/energycorr/condor_R4_axisWTA_cen//0006/L1_object_data_861_processed.root
hadd Source file 432: /eos/cms/store/group/phys_heavyions/jvelazqu/energycorr/condor_R4_axisWTA_cen//0003/L1_object_data_3261_processed.root
hadd Source file 435: /eos/cms/store/group/phys_heavyions/jvelazqu/energycorr/condor_R4_axisWTA_cen//0002/L1_object_data_2054_processed.root
hadd Source file 440: /eos/cms/store/group/phys_heavyions/jvelazqu/energycorr/condor_R4_axisWTA_cen//0002/L1_object_data_2664_processed.root
hadd Source file 399: /eos/cms/store/group/phys_heavyions/jvelazqu/energycorr/condor_R4_axisWTA_cen//0000/L1_object_data_443_processed.root
hadd Source file 417: /eos/cms/store/group/phys_heavyions/jvelazqu/energycorr/condor_R4_axisWTA_cen//0006/L1_object_data_862_processed.root
hadd Source file 418: /eos/cms/store/group/phys_heavyions/jvelazqu/energycorr/condor_R4_axisWTA_cen//0004/L1_object_data_4457_processed.root
hadd Source file 441: /eos/cms/store/group/phys_heavyions/jvelazqu/energycorr/condor_R4_axisWTA_cen//0002/L1_object_data_2665_processed.root
hadd Source file 400: /eos/cms/store/group/phys_heavyions/jvelazqu/energycorr/condor_R4_axisWTA_cen//0000/L1_object_data_444_processed.root
hadd Source file 436: /eos/cms/store/group/phys_heavyions/jvelazqu/energycorr/condor_R4_axisWTA_cen//0002/L1_object_data_2055_processed.root
hadd Source file 408: /eos/cms/store/group/phys_heavyions/jvelazqu/energycorr/condor_R4_axisWTA_cen//0003/L1_object_data_3842_processed.root
hadd Source file 302: /eos/cms/store/group/phys_heavyions/jvelazqu/energycorr/condor_R4_axisWTA_cen//0005/L1_object_data_5551_processed.root
hadd Source file 442: /eos/cms/store/group/phys_heavyions/jvelazqu/energycorr/condor_R4_axisWTA_cen//0002/L1_object_data_2666_processed.root
hadd Source file 418: /eos/cms/store/group/phys_heavyions/jvelazqu/energycorr/condor_R4_axisWTA_cen//0006/L1_object_data_863_processed.root
hadd Source file 419: /eos/cms/store/group/phys_heavyions/jvelazqu/energycorr/condor_R4_axisWTA_cen//0004/L1_object_data_4458_processed.root
hadd Source file 401: /eos/cms/store/group/phys_heavyions/jvelazqu/energycorr/condor_R4_axisWTA_cen//0000/L1_object_data_445_processed.root
hadd Source file 409: /eos/cms/store/group/phys_heavyions/jvelazqu/energycorr/condor_R4_axisWTA_cen//0003/L1_object_data_3843_processed.root
hadd Source file 443: /eos/cms/store/group/phys_heavyions/jvelazqu/energycorr/condor_R4_axisWTA_cen//0002/L1_object_data_2667_processed.root
hadd Source file 419: /eos/cms/store/group/phys_heavyions/jvelazqu/energycorr/condor_R4_axisWTA_cen//0006/L1_object_data_864_processed.root
hadd Source file 303: /eos/cms/store/group/phys_heavyions/jvelazqu/energycorr/condor_R4_axisWTA_cen//0005/L1_object_data_5552_processed.root
hadd Source file 437: /eos/cms/store/group/phys_heavyions/jvelazqu/energycorr/condor_R4_axisWTA_cen//0002/L1_object_data_2056_processed.root
hadd Source file 410: /eos/cms/store/group/phys_heavyions/jvelazqu/energycorr/condor_R4_axisWTA_cen//0003/L1_object_data_3844_processed.root
hadd Source file 388: /eos/cms/store/group/phys_heavyions/jvelazqu/energycorr/condor_R4_axisWTA_cen//0005/L1_object_data_5032_processed.root
hadd Source file 402: /eos/cms/store/group/phys_heavyions/jvelazqu/energycorr/condor_R4_axisWTA_cen//0000/L1_object_data_446_processed.root
hadd Source file 304: /eos/cms/store/group/phys_heavyions/jvelazqu/energycorr/condor_R4_axisWTA_cen//0005/L1_object_data_5553_processed.root
hadd Source file 438: /eos/cms/store/group/phys_heavyions/jvelazqu/energycorr/condor_R4_axisWTA_cen//0002/L1_object_data_2057_processed.root
hadd Source file 444: /eos/cms/store/group/phys_heavyions/jvelazqu/energycorr/condor_R4_axisWTA_cen//0002/L1_object_data_2668_processed.root
hadd Source file 420: /eos/cms/store/group/phys_heavyions/jvelazqu/energycorr/condor_R4_axisWTA_cen//0004/L1_object_data_4459_processed.root
hadd Source file 389: /eos/cms/store/group/phys_heavyions/jvelazqu/energycorr/condor_R4_axisWTA_cen//0005/L1_object_data_5033_processed.root
hadd Source file 433: /eos/cms/store/group/phys_heavyions/jvelazqu/energycorr/condor_R4_axisWTA_cen//0003/L1_object_data_3262_processed.root
hadd Source file 420: /eos/cms/store/group/phys_heavyions/jvelazqu/energycorr/condor_R4_axisWTA_cen//0006/L1_object_data_865_processed.root
hadd Source file 305: /eos/cms/store/group/phys_heavyions/jvelazqu/energycorr/condor_R4_axisWTA_cen//0005/L1_object_data_5554_processed.root
hadd Source file 411: /eos/cms/store/group/phys_heavyions/jvelazqu/energycorr/condor_R4_axisWTA_cen//0003/L1_object_data_3845_processed.root
hadd Source file 403: /eos/cms/store/group/phys_heavyions/jvelazqu/energycorr/condor_R4_axisWTA_cen//0000/L1_object_data_447_processed.root
hadd Source file 390: /eos/cms/store/group/phys_heavyions/jvelazqu/energycorr/condor_R4_axisWTA_cen//0005/L1_object_data_5034_processed.root
hadd Source file 306: /eos/cms/store/group/phys_heavyions/jvelazqu/energycorr/condor_R4_axisWTA_cen//0005/L1_object_data_5555_processed.root
hadd Source file 421: /eos/cms/store/group/phys_heavyions/jvelazqu/energycorr/condor_R4_axisWTA_cen//0006/L1_object_data_866_processed.root
hadd Source file 434: /eos/cms/store/group/phys_heavyions/jvelazqu/energycorr/condor_R4_axisWTA_cen//0003/L1_object_data_3263_processed.root
hadd Source file 439: /eos/cms/store/group/phys_heavyions/jvelazqu/energycorr/condor_R4_axisWTA_cen//0002/L1_object_data_2058_processed.root
hadd Source file 404: /eos/cms/store/group/phys_heavyions/jvelazqu/energycorr/condor_R4_axisWTA_cen//0000/L1_object_data_448_processed.root
hadd Source file 391: /eos/cms/store/group/phys_heavyions/jvelazqu/energycorr/condor_R4_axisWTA_cen//0005/L1_object_data_5035_processed.root
hadd Source file 307: /eos/cms/store/group/phys_heavyions/jvelazqu/energycorr/condor_R4_axisWTA_cen//0005/L1_object_data_5556_processed.root
hadd Source file 440: /eos/cms/store/group/phys_heavyions/jvelazqu/energycorr/condor_R4_axisWTA_cen//0002/L1_object_data_2059_processed.root
hadd Source file 435: /eos/cms/store/group/phys_heavyions/jvelazqu/energycorr/condor_R4_axisWTA_cen//0003/L1_object_data_3264_processed.root
hadd Source file 422: /eos/cms/store/group/phys_heavyions/jvelazqu/energycorr/condor_R4_axisWTA_cen//0006/L1_object_data_867_processed.root
hadd Source file 405: /eos/cms/store/group/phys_heavyions/jvelazqu/energycorr/condor_R4_axisWTA_cen//0000/L1_object_data_449_processed.root
hadd Source file 308: /eos/cms/store/group/phys_heavyions/jvelazqu/energycorr/condor_R4_axisWTA_cen//0005/L1_object_data_5557_processed.root
hadd Source file 392: /eos/cms/store/group/phys_heavyions/jvelazqu/energycorr/condor_R4_axisWTA_cen//0005/L1_object_data_5036_processed.root
hadd Source file 423: /eos/cms/store/group/phys_heavyions/jvelazqu/energycorr/condor_R4_axisWTA_cen//0006/L1_object_data_868_processed.root
hadd Source file 436: /eos/cms/store/group/phys_heavyions/jvelazqu/energycorr/condor_R4_axisWTA_cen//0003/L1_object_data_3265_processed.root
hadd Source file 441: /eos/cms/store/group/phys_heavyions/jvelazqu/energycorr/condor_R4_axisWTA_cen//0002/L1_object_data_2060_processed.root
hadd Source file 406: /eos/cms/store/group/phys_heavyions/jvelazqu/energycorr/condor_R4_axisWTA_cen//0000/L1_object_data_450_processed.root
hadd Source file 445: /eos/cms/store/group/phys_heavyions/jvelazqu/energycorr/condor_R4_axisWTA_cen//0002/L1_object_data_2669_processed.root
hadd Source file 412: /eos/cms/store/group/phys_heavyions/jvelazqu/energycorr/condor_R4_axisWTA_cen//0003/L1_object_data_3846_processed.root
hadd Source file 421: /eos/cms/store/group/phys_heavyions/jvelazqu/energycorr/condor_R4_axisWTA_cen//0004/L1_object_data_4460_processed.root
hadd Source file 393: /eos/cms/store/group/phys_heavyions/jvelazqu/energycorr/condor_R4_axisWTA_cen//0005/L1_object_data_5037_processed.root
hadd Source file 424: /eos/cms/store/group/phys_heavyions/jvelazqu/energycorr/condor_R4_axisWTA_cen//0006/L1_object_data_869_processed.root
hadd Source file 437: /eos/cms/store/group/phys_heavyions/jvelazqu/energycorr/condor_R4_axisWTA_cen//0003/L1_object_data_3266_processed.root
hadd Source file 442: /eos/cms/store/group/phys_heavyions/jvelazqu/energycorr/condor_R4_axisWTA_cen//0002/L1_object_data_2061_processed.root
hadd Source file 446: /eos/cms/store/group/phys_heavyions/jvelazqu/energycorr/condor_R4_axisWTA_cen//0002/L1_object_data_2670_processed.root
hadd Source file 413: /eos/cms/store/group/phys_heavyions/jvelazqu/energycorr/condor_R4_axisWTA_cen//0003/L1_object_data_3847_processed.root
hadd Source file 425: /eos/cms/store/group/phys_heavyions/jvelazqu/energycorr/condor_R4_axisWTA_cen//0006/L1_object_data_870_processed.root
hadd Source file 416: /eos/cms/store/group/phys_heavyions/jvelazqu/energycorr/condor_R4_axisWTA_cen//0001/L1_object_data_1217_processed.root
hadd Source file 394: /eos/cms/store/group/phys_heavyions/jvelazqu/energycorr/condor_R4_axisWTA_cen//0005/L1_object_data_5038_processed.root
hadd Source file 422: /eos/cms/store/group/phys_heavyions/jvelazqu/energycorr/condor_R4_axisWTA_cen//0004/L1_object_data_4461_processed.root
hadd Source file 443: /eos/cms/store/group/phys_heavyions/jvelazqu/energycorr/condor_R4_axisWTA_cen//0002/L1_object_data_2062_processed.root
hadd Source file 438: /eos/cms/store/group/phys_heavyions/jvelazqu/energycorr/condor_R4_axisWTA_cen//0003/L1_object_data_3267_processed.root
hadd Source file 447: /eos/cms/store/group/phys_heavyions/jvelazqu/energycorr/condor_R4_axisWTA_cen//0002/L1_object_data_2671_processed.root
hadd Source file 414: /eos/cms/store/group/phys_heavyions/jvelazqu/energycorr/condor_R4_axisWTA_cen//0003/L1_object_data_3848_processed.root
hadd Source file 426: /eos/cms/store/group/phys_heavyions/jvelazqu/energycorr/condor_R4_axisWTA_cen//0006/L1_object_data_871_processed.root
hadd Source file 423: /eos/cms/store/group/phys_heavyions/jvelazqu/energycorr/condor_R4_axisWTA_cen//0004/L1_object_data_4462_processed.root
hadd Source file 417: /eos/cms/store/group/phys_heavyions/jvelazqu/energycorr/condor_R4_axisWTA_cen//0001/L1_object_data_1218_processed.root
hadd Source file 395: /eos/cms/store/group/phys_heavyions/jvelazqu/energycorr/condor_R4_axisWTA_cen//0005/L1_object_data_5039_processed.root
hadd Source file 309: /eos/cms/store/group/phys_heavyions/jvelazqu/energycorr/condor_R4_axisWTA_cen//0005/L1_object_data_5558_processed.root
hadd Source file 444: /eos/cms/store/group/phys_heavyions/jvelazqu/energycorr/condor_R4_axisWTA_cen//0002/L1_object_data_2063_processed.root
hadd Source file 415: /eos/cms/store/group/phys_heavyions/jvelazqu/energycorr/condor_R4_axisWTA_cen//0003/L1_object_data_3849_processed.root
hadd Source file 448: /eos/cms/store/group/phys_heavyions/jvelazqu/energycorr/condor_R4_axisWTA_cen//0002/L1_object_data_2672_processed.root
hadd Source file 424: /eos/cms/store/group/phys_heavyions/jvelazqu/energycorr/condor_R4_axisWTA_cen//0004/L1_object_data_4463_processed.root
hadd Source file 407: /eos/cms/store/group/phys_heavyions/jvelazqu/energycorr/condor_R4_axisWTA_cen//0000/L1_object_data_451_processed.root
hadd Source file 427: /eos/cms/store/group/phys_heavyions/jvelazqu/energycorr/condor_R4_axisWTA_cen//0006/L1_object_data_872_processed.root
hadd Source file 416: /eos/cms/store/group/phys_heavyions/jvelazqu/energycorr/condor_R4_axisWTA_cen//0003/L1_object_data_3850_processed.root
hadd Source file 396: /eos/cms/store/group/phys_heavyions/jvelazqu/energycorr/condor_R4_axisWTA_cen//0005/L1_object_data_5040_processed.root
hadd Source file 445: /eos/cms/store/group/phys_heavyions/jvelazqu/energycorr/condor_R4_axisWTA_cen//0002/L1_object_data_2064_processed.root
hadd Source file 418: /eos/cms/store/group/phys_heavyions/jvelazqu/energycorr/condor_R4_axisWTA_cen//0001/L1_object_data_1219_processed.root
hadd Source file 428: /eos/cms/store/group/phys_heavyions/jvelazqu/energycorr/condor_R4_axisWTA_cen//0006/L1_object_data_873_processed.root
hadd Source file 408: /eos/cms/store/group/phys_heavyions/jvelazqu/energycorr/condor_R4_axisWTA_cen//0000/L1_object_data_452_processed.root
hadd Source file 417: /eos/cms/store/group/phys_heavyions/jvelazqu/energycorr/condor_R4_axisWTA_cen//0003/L1_object_data_3851_processed.root
hadd Source file 397: /eos/cms/store/group/phys_heavyions/jvelazqu/energycorr/condor_R4_axisWTA_cen//0005/L1_object_data_5041_processed.root
hadd Source file 419: /eos/cms/store/group/phys_heavyions/jvelazqu/energycorr/condor_R4_axisWTA_cen//0001/L1_object_data_1220_processed.root
hadd Source file 409: /eos/cms/store/group/phys_heavyions/jvelazqu/energycorr/condor_R4_axisWTA_cen//0000/L1_object_data_453_processed.root
hadd Source file 446: /eos/cms/store/group/phys_heavyions/jvelazqu/energycorr/condor_R4_axisWTA_cen//0002/L1_object_data_2065_processed.root
hadd Source file 439: /eos/cms/store/group/phys_heavyions/jvelazqu/energycorr/condor_R4_axisWTA_cen//0003/L1_object_data_3268_processed.root
hadd Source file 429: /eos/cms/store/group/phys_heavyions/jvelazqu/energycorr/condor_R4_axisWTA_cen//0006/L1_object_data_874_processed.root
hadd Source file 310: /eos/cms/store/group/phys_heavyions/jvelazqu/energycorr/condor_R4_axisWTA_cen//0005/L1_object_data_5559_processed.root
hadd Source file 418: /eos/cms/store/group/phys_heavyions/jvelazqu/energycorr/condor_R4_axisWTA_cen//0003/L1_object_data_3852_processed.root
hadd Source file 398: /eos/cms/store/group/phys_heavyions/jvelazqu/energycorr/condor_R4_axisWTA_cen//0005/L1_object_data_5042_processed.root
hadd Source file 410: /eos/cms/store/group/phys_heavyions/jvelazqu/energycorr/condor_R4_axisWTA_cen//0000/L1_object_data_454_processed.root
hadd Source file 440: /eos/cms/store/group/phys_heavyions/jvelazqu/energycorr/condor_R4_axisWTA_cen//0003/L1_object_data_3269_processed.root
hadd Source file 430: /eos/cms/store/group/phys_heavyions/jvelazqu/energycorr/condor_R4_axisWTA_cen//0006/L1_object_data_875_processed.root
hadd Source file 419: /eos/cms/store/group/phys_heavyions/jvelazqu/energycorr/condor_R4_axisWTA_cen//0003/L1_object_data_3853_processed.root
hadd Source file 420: /eos/cms/store/group/phys_heavyions/jvelazqu/energycorr/condor_R4_axisWTA_cen//0001/L1_object_data_1221_processed.root
hadd Source file 449: /eos/cms/store/group/phys_heavyions/jvelazqu/energycorr/condor_R4_axisWTA_cen//0002/L1_object_data_2673_processed.root
hadd Source file 311: /eos/cms/store/group/phys_heavyions/jvelazqu/energycorr/condor_R4_axisWTA_cen//0005/L1_object_data_5560_processed.root
hadd Source file 447: /eos/cms/store/group/phys_heavyions/jvelazqu/energycorr/condor_R4_axisWTA_cen//0002/L1_object_data_2066_processed.root
hadd Source file 399: /eos/cms/store/group/phys_heavyions/jvelazqu/energycorr/condor_R4_axisWTA_cen//0005/L1_object_data_5043_processed.root
hadd Source file 411: /eos/cms/store/group/phys_heavyions/jvelazqu/energycorr/condor_R4_axisWTA_cen//0000/L1_object_data_455_processed.root
hadd Source file 441: /eos/cms/store/group/phys_heavyions/jvelazqu/energycorr/condor_R4_axisWTA_cen//0003/L1_object_data_3270_processed.root
hadd Source file 425: /eos/cms/store/group/phys_heavyions/jvelazqu/energycorr/condor_R4_axisWTA_cen//0004/L1_object_data_4464_processed.root
hadd Source file 420: /eos/cms/store/group/phys_heavyions/jvelazqu/energycorr/condor_R4_axisWTA_cen//0003/L1_object_data_3854_processed.root
hadd Source file 431: /eos/cms/store/group/phys_heavyions/jvelazqu/energycorr/condor_R4_axisWTA_cen//0006/L1_object_data_876_processed.root
hadd Source file 312: /eos/cms/store/group/phys_heavyions/jvelazqu/energycorr/condor_R4_axisWTA_cen//0005/L1_object_data_5561_processed.root
hadd Source file 450: /eos/cms/store/group/phys_heavyions/jvelazqu/energycorr/condor_R4_axisWTA_cen//0002/L1_object_data_2674_processed.root
hadd Source file 421: /eos/cms/store/group/phys_heavyions/jvelazqu/energycorr/condor_R4_axisWTA_cen//0001/L1_object_data_1222_processed.root
hadd Source file 412: /eos/cms/store/group/phys_heavyions/jvelazqu/energycorr/condor_R4_axisWTA_cen//0000/L1_object_data_456_processed.root
hadd Source file 448: /eos/cms/store/group/phys_heavyions/jvelazqu/energycorr/condor_R4_axisWTA_cen//0002/L1_object_data_2067_processed.root
hadd Source file 313: /eos/cms/store/group/phys_heavyions/jvelazqu/energycorr/condor_R4_axisWTA_cen//0005/L1_object_data_5562_processed.root
hadd Source file 422: /eos/cms/store/group/phys_heavyions/jvelazqu/energycorr/condor_R4_axisWTA_cen//0001/L1_object_data_1223_processed.root
hadd Source file 421: /eos/cms/store/group/phys_heavyions/jvelazqu/energycorr/condor_R4_axisWTA_cen//0003/L1_object_data_3855_processed.root
hadd Source file 449: /eos/cms/store/group/phys_heavyions/jvelazqu/energycorr/condor_R4_axisWTA_cen//0002/L1_object_data_2068_processed.root
hadd Source file 451: /eos/cms/store/group/phys_heavyions/jvelazqu/energycorr/condor_R4_axisWTA_cen//0002/L1_object_data_2675_processed.root
hadd Source file 432: /eos/cms/store/group/phys_heavyions/jvelazqu/energycorr/condor_R4_axisWTA_cen//0006/L1_object_data_877_processed.root
hadd Source file 413: /eos/cms/store/group/phys_heavyions/jvelazqu/energycorr/condor_R4_axisWTA_cen//0000/L1_object_data_457_processed.root
hadd Source file 452: /eos/cms/store/group/phys_heavyions/jvelazqu/energycorr/condor_R4_axisWTA_cen//0002/L1_object_data_2676_processed.root
hadd Source file 450: /eos/cms/store/group/phys_heavyions/jvelazqu/energycorr/condor_R4_axisWTA_cen//0002/L1_object_data_2069_processed.root
hadd Source file 426: /eos/cms/store/group/phys_heavyions/jvelazqu/energycorr/condor_R4_axisWTA_cen//0004/L1_object_data_4465_processed.root
hadd Source file 414: /eos/cms/store/group/phys_heavyions/jvelazqu/energycorr/condor_R4_axisWTA_cen//0000/L1_object_data_458_processed.root
hadd Source file 453: /eos/cms/store/group/phys_heavyions/jvelazqu/energycorr/condor_R4_axisWTA_cen//0002/L1_object_data_2677_processed.root
hadd Source file 442: /eos/cms/store/group/phys_heavyions/jvelazqu/energycorr/condor_R4_axisWTA_cen//0003/L1_object_data_3271_processed.root
hadd Source file 433: /eos/cms/store/group/phys_heavyions/jvelazqu/energycorr/condor_R4_axisWTA_cen//0006/L1_object_data_878_processed.root
hadd Source file 400: /eos/cms/store/group/phys_heavyions/jvelazqu/energycorr/condor_R4_axisWTA_cen//0005/L1_object_data_5044_processed.root
hadd Source file 423: /eos/cms/store/group/phys_heavyions/jvelazqu/energycorr/condor_R4_axisWTA_cen//0001/L1_object_data_1224_processed.root
hadd Source file 451: /eos/cms/store/group/phys_heavyions/jvelazqu/energycorr/condor_R4_axisWTA_cen//0002/L1_object_data_2070_processed.root
hadd Source file 454: /eos/cms/store/group/phys_heavyions/jvelazqu/energycorr/condor_R4_axisWTA_cen//0002/L1_object_data_2678_processed.root
hadd Source file 415: /eos/cms/store/group/phys_heavyions/jvelazqu/energycorr/condor_R4_axisWTA_cen//0000/L1_object_data_459_processed.root
hadd Source file 427: /eos/cms/store/group/phys_heavyions/jvelazqu/energycorr/condor_R4_axisWTA_cen//0004/L1_object_data_4466_processed.root
hadd Source file 434: /eos/cms/store/group/phys_heavyions/jvelazqu/energycorr/condor_R4_axisWTA_cen//0006/L1_object_data_879_processed.root
hadd Source file 424: /eos/cms/store/group/phys_heavyions/jvelazqu/energycorr/condor_R4_axisWTA_cen//0001/L1_object_data_1225_processed.root
hadd Source file 428: /eos/cms/store/group/phys_heavyions/jvelazqu/energycorr/condor_R4_axisWTA_cen//0004/L1_object_data_4467_processed.root
hadd Source file 455: /eos/cms/store/group/phys_heavyions/jvelazqu/energycorr/condor_R4_axisWTA_cen//0002/L1_object_data_2679_processed.root
hadd Source file 452: /eos/cms/store/group/phys_heavyions/jvelazqu/energycorr/condor_R4_axisWTA_cen//0002/L1_object_data_2071_processed.root
hadd Source file 443: /eos/cms/store/group/phys_heavyions/jvelazqu/energycorr/condor_R4_axisWTA_cen//0003/L1_object_data_3272_processed.root
hadd Source file 422: /eos/cms/store/group/phys_heavyions/jvelazqu/energycorr/condor_R4_axisWTA_cen//0003/L1_object_data_3856_processed.root
hadd Source file 401: /eos/cms/store/group/phys_heavyions/jvelazqu/energycorr/condor_R4_axisWTA_cen//0005/L1_object_data_5045_processed.root
hadd Source file 416: /eos/cms/store/group/phys_heavyions/jvelazqu/energycorr/condor_R4_axisWTA_cen//0000/L1_object_data_460_processed.root
hadd Source file 425: /eos/cms/store/group/phys_heavyions/jvelazqu/energycorr/condor_R4_axisWTA_cen//0001/L1_object_data_1226_processed.root
hadd Source file 456: /eos/cms/store/group/phys_heavyions/jvelazqu/energycorr/condor_R4_axisWTA_cen//0002/L1_object_data_2680_processed.root
hadd Source file 453: /eos/cms/store/group/phys_heavyions/jvelazqu/energycorr/condor_R4_axisWTA_cen//0002/L1_object_data_2072_processed.root
hadd Source file 435: /eos/cms/store/group/phys_heavyions/jvelazqu/energycorr/condor_R4_axisWTA_cen//0006/L1_object_data_880_processed.root
hadd Source file 423: /eos/cms/store/group/phys_heavyions/jvelazqu/energycorr/condor_R4_axisWTA_cen//0003/L1_object_data_3857_processed.root
hadd Source file 429: /eos/cms/store/group/phys_heavyions/jvelazqu/energycorr/condor_R4_axisWTA_cen//0004/L1_object_data_4468_processed.root
hadd Source file 417: /eos/cms/store/group/phys_heavyions/jvelazqu/energycorr/condor_R4_axisWTA_cen//0000/L1_object_data_461_processed.root
hadd Source file 402: /eos/cms/store/group/phys_heavyions/jvelazqu/energycorr/condor_R4_axisWTA_cen//0005/L1_object_data_5046_processed.root
hadd Source file 444: /eos/cms/store/group/phys_heavyions/jvelazqu/energycorr/condor_R4_axisWTA_cen//0003/L1_object_data_3273_processed.root
hadd Source file 424: /eos/cms/store/group/phys_heavyions/jvelazqu/energycorr/condor_R4_axisWTA_cen//0003/L1_object_data_3858_processed.root
hadd Source file 426: /eos/cms/store/group/phys_heavyions/jvelazqu/energycorr/condor_R4_axisWTA_cen//0001/L1_object_data_1227_processed.root
hadd Source file 454: /eos/cms/store/group/phys_heavyions/jvelazqu/energycorr/condor_R4_axisWTA_cen//0002/L1_object_data_2073_processed.root
hadd Source file 436: /eos/cms/store/group/phys_heavyions/jvelazqu/energycorr/condor_R4_axisWTA_cen//0006/L1_object_data_881_processed.root
hadd Source file 418: /eos/cms/store/group/phys_heavyions/jvelazqu/energycorr/condor_R4_axisWTA_cen//0000/L1_object_data_462_processed.root
hadd Source file 457: /eos/cms/store/group/phys_heavyions/jvelazqu/energycorr/condor_R4_axisWTA_cen//0002/L1_object_data_2681_processed.root
hadd Source file 430: /eos/cms/store/group/phys_heavyions/jvelazqu/energycorr/condor_R4_axisWTA_cen//0004/L1_object_data_4469_processed.root
hadd Source file 445: /eos/cms/store/group/phys_heavyions/jvelazqu/energycorr/condor_R4_axisWTA_cen//0003/L1_object_data_3274_processed.root
hadd Source file 403: /eos/cms/store/group/phys_heavyions/jvelazqu/energycorr/condor_R4_axisWTA_cen//0005/L1_object_data_5047_processed.root
hadd Source file 455: /eos/cms/store/group/phys_heavyions/jvelazqu/energycorr/condor_R4_axisWTA_cen//0002/L1_object_data_2074_processed.root
hadd Source file 427: /eos/cms/store/group/phys_heavyions/jvelazqu/energycorr/condor_R4_axisWTA_cen//0001/L1_object_data_1228_processed.root
hadd Source file 425: /eos/cms/store/group/phys_heavyions/jvelazqu/energycorr/condor_R4_axisWTA_cen//0003/L1_object_data_3859_processed.root
hadd Source file 437: /eos/cms/store/group/phys_heavyions/jvelazqu/energycorr/condor_R4_axisWTA_cen//0006/L1_object_data_882_processed.root
hadd Source file 419: /eos/cms/store/group/phys_heavyions/jvelazqu/energycorr/condor_R4_axisWTA_cen//0000/L1_object_data_463_processed.root
hadd Source file 431: /eos/cms/store/group/phys_heavyions/jvelazqu/energycorr/condor_R4_axisWTA_cen//0004/L1_object_data_4470_processed.root
hadd Source file 458: /eos/cms/store/group/phys_heavyions/jvelazqu/energycorr/condor_R4_axisWTA_cen//0002/L1_object_data_2682_processed.root
hadd Source file 438: /eos/cms/store/group/phys_heavyions/jvelazqu/energycorr/condor_R4_axisWTA_cen//0006/L1_object_data_883_processed.root
hadd Source file 404: /eos/cms/store/group/phys_heavyions/jvelazqu/energycorr/condor_R4_axisWTA_cen//0005/L1_object_data_5048_processed.root
hadd Source file 428: /eos/cms/store/group/phys_heavyions/jvelazqu/energycorr/condor_R4_axisWTA_cen//0001/L1_object_data_1229_processed.root
hadd Source file 426: /eos/cms/store/group/phys_heavyions/jvelazqu/energycorr/condor_R4_axisWTA_cen//0003/L1_object_data_3860_processed.root
hadd Source file 446: /eos/cms/store/group/phys_heavyions/jvelazqu/energycorr/condor_R4_axisWTA_cen//0003/L1_object_data_3275_processed.root
hadd Source file 420: /eos/cms/store/group/phys_heavyions/jvelazqu/energycorr/condor_R4_axisWTA_cen//0000/L1_object_data_464_processed.root
hadd Source file 439: /eos/cms/store/group/phys_heavyions/jvelazqu/energycorr/condor_R4_axisWTA_cen//0006/L1_object_data_884_processed.root
hadd Source file 459: /eos/cms/store/group/phys_heavyions/jvelazqu/energycorr/condor_R4_axisWTA_cen//0002/L1_object_data_2683_processed.root
hadd Source file 456: /eos/cms/store/group/phys_heavyions/jvelazqu/energycorr/condor_R4_axisWTA_cen//0002/L1_object_data_2075_processed.root
hadd Source file 447: /eos/cms/store/group/phys_heavyions/jvelazqu/energycorr/condor_R4_axisWTA_cen//0003/L1_object_data_3276_processed.root
hadd Source file 432: /eos/cms/store/group/phys_heavyions/jvelazqu/energycorr/condor_R4_axisWTA_cen//0004/L1_object_data_4471_processed.root
hadd Source file 405: /eos/cms/store/group/phys_heavyions/jvelazqu/energycorr/condor_R4_axisWTA_cen//0005/L1_object_data_5049_processed.root
hadd Source file 429: /eos/cms/store/group/phys_heavyions/jvelazqu/energycorr/condor_R4_axisWTA_cen//0001/L1_object_data_1230_processed.root
hadd Source file 427: /eos/cms/store/group/phys_heavyions/jvelazqu/energycorr/condor_R4_axisWTA_cen//0003/L1_object_data_3861_processed.root
hadd Source file 421: /eos/cms/store/group/phys_heavyions/jvelazqu/energycorr/condor_R4_axisWTA_cen//0000/L1_object_data_466_processed.root
hadd Source file 457: /eos/cms/store/group/phys_heavyions/jvelazqu/energycorr/condor_R4_axisWTA_cen//0002/L1_object_data_2076_processed.root
hadd Source file 440: /eos/cms/store/group/phys_heavyions/jvelazqu/energycorr/condor_R4_axisWTA_cen//0006/L1_object_data_885_processed.root
hadd Source file 460: /eos/cms/store/group/phys_heavyions/jvelazqu/energycorr/condor_R4_axisWTA_cen//0002/L1_object_data_2684_processed.root
hadd Source file 433: /eos/cms/store/group/phys_heavyions/jvelazqu/energycorr/condor_R4_axisWTA_cen//0004/L1_object_data_4472_processed.root
hadd Source file 430: /eos/cms/store/group/phys_heavyions/jvelazqu/energycorr/condor_R4_axisWTA_cen//0001/L1_object_data_1231_processed.root
hadd Source file 448: /eos/cms/store/group/phys_heavyions/jvelazqu/energycorr/condor_R4_axisWTA_cen//0003/L1_object_data_3277_processed.root
hadd Source file 441: /eos/cms/store/group/phys_heavyions/jvelazqu/energycorr/condor_R4_axisWTA_cen//0006/L1_object_data_886_processed.root
hadd Source file 406: /eos/cms/store/group/phys_heavyions/jvelazqu/energycorr/condor_R4_axisWTA_cen//0005/L1_object_data_5050_processed.root
hadd Source file 422: /eos/cms/store/group/phys_heavyions/jvelazqu/energycorr/condor_R4_axisWTA_cen//0000/L1_object_data_467_processed.root
hadd Source file 458: /eos/cms/store/group/phys_heavyions/jvelazqu/energycorr/condor_R4_axisWTA_cen//0002/L1_object_data_2077_processed.root
hadd Source file 461: /eos/cms/store/group/phys_heavyions/jvelazqu/energycorr/condor_R4_axisWTA_cen//0002/L1_object_data_2685_processed.root
hadd Source file 434: /eos/cms/store/group/phys_heavyions/jvelazqu/energycorr/condor_R4_axisWTA_cen//0004/L1_object_data_4473_processed.root
hadd Source file 428: /eos/cms/store/group/phys_heavyions/jvelazqu/energycorr/condor_R4_axisWTA_cen//0003/L1_object_data_3862_processed.root
hadd Source file 449: /eos/cms/store/group/phys_heavyions/jvelazqu/energycorr/condor_R4_axisWTA_cen//0003/L1_object_data_3278_processed.root
hadd Source file 314: /eos/cms/store/group/phys_heavyions/jvelazqu/energycorr/condor_R4_axisWTA_cen//0005/L1_object_data_5563_processed.root
hadd Source file 459: /eos/cms/store/group/phys_heavyions/jvelazqu/energycorr/condor_R4_axisWTA_cen//0002/L1_object_data_2078_processed.root
hadd Source file 431: /eos/cms/store/group/phys_heavyions/jvelazqu/energycorr/condor_R4_axisWTA_cen//0001/L1_object_data_1232_processed.root
hadd Source file 407: /eos/cms/store/group/phys_heavyions/jvelazqu/energycorr/condor_R4_axisWTA_cen//0005/L1_object_data_5051_processed.root
hadd Source file 429: /eos/cms/store/group/phys_heavyions/jvelazqu/energycorr/condor_R4_axisWTA_cen//0003/L1_object_data_3863_processed.root
hadd Source file 435: /eos/cms/store/group/phys_heavyions/jvelazqu/energycorr/condor_R4_axisWTA_cen//0004/L1_object_data_4474_processed.root
hadd Source file 450: /eos/cms/store/group/phys_heavyions/jvelazqu/energycorr/condor_R4_axisWTA_cen//0003/L1_object_data_3279_processed.root
hadd Source file 462: /eos/cms/store/group/phys_heavyions/jvelazqu/energycorr/condor_R4_axisWTA_cen//0002/L1_object_data_2686_processed.root
hadd Source file 315: /eos/cms/store/group/phys_heavyions/jvelazqu/energycorr/condor_R4_axisWTA_cen//0005/L1_object_data_5564_processed.root
hadd Source file 442: /eos/cms/store/group/phys_heavyions/jvelazqu/energycorr/condor_R4_axisWTA_cen//0006/L1_object_data_887_processed.root
hadd Source file 460: /eos/cms/store/group/phys_heavyions/jvelazqu/energycorr/condor_R4_axisWTA_cen//0002/L1_object_data_2079_processed.root
hadd Source file 432: /eos/cms/store/group/phys_heavyions/jvelazqu/energycorr/condor_R4_axisWTA_cen//0001/L1_object_data_1233_processed.root
hadd Source file 408: /eos/cms/store/group/phys_heavyions/jvelazqu/energycorr/condor_R4_axisWTA_cen//0005/L1_object_data_5052_processed.root
hadd Source file 463: /eos/cms/store/group/phys_heavyions/jvelazqu/energycorr/condor_R4_axisWTA_cen//0002/L1_object_data_2687_processed.root
hadd Source file 430: /eos/cms/store/group/phys_heavyions/jvelazqu/energycorr/condor_R4_axisWTA_cen//0003/L1_object_data_3864_processed.root
hadd Source file 461: /eos/cms/store/group/phys_heavyions/jvelazqu/energycorr/condor_R4_axisWTA_cen//0002/L1_object_data_2080_processed.root
hadd Source file 451: /eos/cms/store/group/phys_heavyions/jvelazqu/energycorr/condor_R4_axisWTA_cen//0003/L1_object_data_3280_processed.root
hadd Source file 443: /eos/cms/store/group/phys_heavyions/jvelazqu/energycorr/condor_R4_axisWTA_cen//0006/L1_object_data_888_processed.root
hadd Source file 433: /eos/cms/store/group/phys_heavyions/jvelazqu/energycorr/condor_R4_axisWTA_cen//0001/L1_object_data_1234_processed.root
hadd Source file 316: /eos/cms/store/group/phys_heavyions/jvelazqu/energycorr/condor_R4_axisWTA_cen//0005/L1_object_data_5565_processed.root
hadd Source file 409: /eos/cms/store/group/phys_heavyions/jvelazqu/energycorr/condor_R4_axisWTA_cen//0005/L1_object_data_5053_processed.root
hadd Source file 431: /eos/cms/store/group/phys_heavyions/jvelazqu/energycorr/condor_R4_axisWTA_cen//0003/L1_object_data_3865_processed.root
hadd Source file 452: /eos/cms/store/group/phys_heavyions/jvelazqu/energycorr/condor_R4_axisWTA_cen//0003/L1_object_data_3281_processed.root
hadd Source file 444: /eos/cms/store/group/phys_heavyions/jvelazqu/energycorr/condor_R4_axisWTA_cen//0006/L1_object_data_889_processed.root
hadd Source file 464: /eos/cms/store/group/phys_heavyions/jvelazqu/energycorr/condor_R4_axisWTA_cen//0002/L1_object_data_2688_processed.root
hadd Source file 317: /eos/cms/store/group/phys_heavyions/jvelazqu/energycorr/condor_R4_axisWTA_cen//0005/L1_object_data_5566_processed.root
hadd Source file 462: /eos/cms/store/group/phys_heavyions/jvelazqu/energycorr/condor_R4_axisWTA_cen//0002/L1_object_data_2081_processed.root
hadd Source file 423: /eos/cms/store/group/phys_heavyions/jvelazqu/energycorr/condor_R4_axisWTA_cen//0000/L1_object_data_468_processed.root
hadd Source file 432: /eos/cms/store/group/phys_heavyions/jvelazqu/energycorr/condor_R4_axisWTA_cen//0003/L1_object_data_3866_processed.root
hadd Source file 434: /eos/cms/store/group/phys_heavyions/jvelazqu/energycorr/condor_R4_axisWTA_cen//0001/L1_object_data_1235_processed.root
hadd Source file 410: /eos/cms/store/group/phys_heavyions/jvelazqu/energycorr/condor_R4_axisWTA_cen//0005/L1_object_data_5054_processed.root
hadd Source file 445: /eos/cms/store/group/phys_heavyions/jvelazqu/energycorr/condor_R4_axisWTA_cen//0006/L1_object_data_890_processed.root
hadd Source file 433: /eos/cms/store/group/phys_heavyions/jvelazqu/energycorr/condor_R4_axisWTA_cen//0003/L1_object_data_3867_processed.root
hadd Source file 318: /eos/cms/store/group/phys_heavyions/jvelazqu/energycorr/condor_R4_axisWTA_cen//0005/L1_object_data_5567_processed.root
hadd Source file 463: /eos/cms/store/group/phys_heavyions/jvelazqu/energycorr/condor_R4_axisWTA_cen//0002/L1_object_data_2082_processed.root
hadd Source file 424: /eos/cms/store/group/phys_heavyions/jvelazqu/energycorr/condor_R4_axisWTA_cen//0000/L1_object_data_469_processed.root
hadd Source file 411: /eos/cms/store/group/phys_heavyions/jvelazqu/energycorr/condor_R4_axisWTA_cen//0005/L1_object_data_5055_processed.root
hadd Source file 435: /eos/cms/store/group/phys_heavyions/jvelazqu/energycorr/condor_R4_axisWTA_cen//0001/L1_object_data_1236_processed.root
hadd Source file 436: /eos/cms/store/group/phys_heavyions/jvelazqu/energycorr/condor_R4_axisWTA_cen//0004/L1_object_data_4475_processed.root
hadd Source file 446: /eos/cms/store/group/phys_heavyions/jvelazqu/energycorr/condor_R4_axisWTA_cen//0006/L1_object_data_891_processed.root
hadd Source file 425: /eos/cms/store/group/phys_heavyions/jvelazqu/energycorr/condor_R4_axisWTA_cen//0000/L1_object_data_470_processed.root
hadd Source file 436: /eos/cms/store/group/phys_heavyions/jvelazqu/energycorr/condor_R4_axisWTA_cen//0001/L1_object_data_1237_processed.root
hadd Source file 464: /eos/cms/store/group/phys_heavyions/jvelazqu/energycorr/condor_R4_axisWTA_cen//0002/L1_object_data_2083_processed.root
hadd Source file 465: /eos/cms/store/group/phys_heavyions/jvelazqu/energycorr/condor_R4_axisWTA_cen//0002/L1_object_data_2689_processed.root
hadd Source file 437: /eos/cms/store/group/phys_heavyions/jvelazqu/energycorr/condor_R4_axisWTA_cen//0001/L1_object_data_1238_processed.root
hadd Source file 447: /eos/cms/store/group/phys_heavyions/jvelazqu/energycorr/condor_R4_axisWTA_cen//0006/L1_object_data_892_processed.root
hadd Source file 319: /eos/cms/store/group/phys_heavyions/jvelazqu/energycorr/condor_R4_axisWTA_cen//0005/L1_object_data_5568_processed.root
hadd Source file 465: /eos/cms/store/group/phys_heavyions/jvelazqu/energycorr/condor_R4_axisWTA_cen//0002/L1_object_data_2084_processed.root
hadd Source file 426: /eos/cms/store/group/phys_heavyions/jvelazqu/energycorr/condor_R4_axisWTA_cen//0000/L1_object_data_471_processed.root
hadd Source file 412: /eos/cms/store/group/phys_heavyions/jvelazqu/energycorr/condor_R4_axisWTA_cen//0005/L1_object_data_5056_processed.root
hadd Source file 427: /eos/cms/store/group/phys_heavyions/jvelazqu/energycorr/condor_R4_axisWTA_cen//0000/L1_object_data_472_processed.root
hadd Source file 448: /eos/cms/store/group/phys_heavyions/jvelazqu/energycorr/condor_R4_axisWTA_cen//0006/L1_object_data_893_processed.root
hadd Source file 438: /eos/cms/store/group/phys_heavyions/jvelazqu/energycorr/condor_R4_axisWTA_cen//0001/L1_object_data_1239_processed.root
hadd Source file 466: /eos/cms/store/group/phys_heavyions/jvelazqu/energycorr/condor_R4_axisWTA_cen//0002/L1_object_data_2690_processed.root
hadd Source file 439: /eos/cms/store/group/phys_heavyions/jvelazqu/energycorr/condor_R4_axisWTA_cen//0001/L1_object_data_1240_processed.root
hadd Source file 428: /eos/cms/store/group/phys_heavyions/jvelazqu/energycorr/condor_R4_axisWTA_cen//0000/L1_object_data_473_processed.root
hadd Source file 434: /eos/cms/store/group/phys_heavyions/jvelazqu/energycorr/condor_R4_axisWTA_cen//0003/L1_object_data_3868_processed.root
hadd Source file 449: /eos/cms/store/group/phys_heavyions/jvelazqu/energycorr/condor_R4_axisWTA_cen//0006/L1_object_data_894_processed.root
hadd Source file 413: /eos/cms/store/group/phys_heavyions/jvelazqu/energycorr/condor_R4_axisWTA_cen//0005/L1_object_data_5057_processed.root
hadd Source file 467: /eos/cms/store/group/phys_heavyions/jvelazqu/energycorr/condor_R4_axisWTA_cen//0002/L1_object_data_2691_processed.root
hadd Source file 437: /eos/cms/store/group/phys_heavyions/jvelazqu/energycorr/condor_R4_axisWTA_cen//0004/L1_object_data_4476_processed.root
hadd Source file 429: /eos/cms/store/group/phys_heavyions/jvelazqu/energycorr/condor_R4_axisWTA_cen//0000/L1_object_data_474_processed.root
hadd Source file 435: /eos/cms/store/group/phys_heavyions/jvelazqu/energycorr/condor_R4_axisWTA_cen//0003/L1_object_data_3869_processed.root
hadd Source file 450: /eos/cms/store/group/phys_heavyions/jvelazqu/energycorr/condor_R4_axisWTA_cen//0006/L1_object_data_895_processed.root
hadd Source file 414: /eos/cms/store/group/phys_heavyions/jvelazqu/energycorr/condor_R4_axisWTA_cen//0005/L1_object_data_5058_processed.root
hadd Source file 320: /eos/cms/store/group/phys_heavyions/jvelazqu/energycorr/condor_R4_axisWTA_cen//0005/L1_object_data_5569_processed.root
hadd Source file 430: /eos/cms/store/group/phys_heavyions/jvelazqu/energycorr/condor_R4_axisWTA_cen//0000/L1_object_data_475_processed.root
hadd Source file 438: /eos/cms/store/group/phys_heavyions/jvelazqu/energycorr/condor_R4_axisWTA_cen//0004/L1_object_data_4477_processed.root
hadd Source file 451: /eos/cms/store/group/phys_heavyions/jvelazqu/energycorr/condor_R4_axisWTA_cen//0006/L1_object_data_896_processed.root
hadd Source file 466: /eos/cms/store/group/phys_heavyions/jvelazqu/energycorr/condor_R4_axisWTA_cen//0002/L1_object_data_2085_processed.root
hadd Source file 415: /eos/cms/store/group/phys_heavyions/jvelazqu/energycorr/condor_R4_axisWTA_cen//0005/L1_object_data_5059_processed.root
hadd Source file 440: /eos/cms/store/group/phys_heavyions/jvelazqu/energycorr/condor_R4_axisWTA_cen//0001/L1_object_data_1241_processed.root
hadd Source file 321: /eos/cms/store/group/phys_heavyions/jvelazqu/energycorr/condor_R4_axisWTA_cen//0005/L1_object_data_5570_processed.root
hadd Source file 452: /eos/cms/store/group/phys_heavyions/jvelazqu/energycorr/condor_R4_axisWTA_cen//0006/L1_object_data_897_processed.root
hadd Source file 439: /eos/cms/store/group/phys_heavyions/jvelazqu/energycorr/condor_R4_axisWTA_cen//0004/L1_object_data_4478_processed.root
hadd Source file 467: /eos/cms/store/group/phys_heavyions/jvelazqu/energycorr/condor_R4_axisWTA_cen//0002/L1_object_data_2086_processed.root
hadd Source file 416: /eos/cms/store/group/phys_heavyions/jvelazqu/energycorr/condor_R4_axisWTA_cen//0005/L1_object_data_5060_processed.root
hadd Source file 468: /eos/cms/store/group/phys_heavyions/jvelazqu/energycorr/condor_R4_axisWTA_cen//0002/L1_object_data_2692_processed.root
hadd Source file 322: /eos/cms/store/group/phys_heavyions/jvelazqu/energycorr/condor_R4_axisWTA_cen//0005/L1_object_data_5571_processed.root
hadd Source file 453: /eos/cms/store/group/phys_heavyions/jvelazqu/energycorr/condor_R4_axisWTA_cen//0006/L1_object_data_898_processed.root
hadd Source file 431: /eos/cms/store/group/phys_heavyions/jvelazqu/energycorr/condor_R4_axisWTA_cen//0000/L1_object_data_476_processed.root
hadd Source file 468: /eos/cms/store/group/phys_heavyions/jvelazqu/energycorr/condor_R4_axisWTA_cen//0002/L1_object_data_2087_processed.root
hadd Source file 440: /eos/cms/store/group/phys_heavyions/jvelazqu/energycorr/condor_R4_axisWTA_cen//0004/L1_object_data_4479_processed.root
hadd Source file 323: /eos/cms/store/group/phys_heavyions/jvelazqu/energycorr/condor_R4_axisWTA_cen//0005/L1_object_data_5572_processed.root
hadd Source file 469: /eos/cms/store/group/phys_heavyions/jvelazqu/energycorr/condor_R4_axisWTA_cen//0002/L1_object_data_2693_processed.root
hadd Source file 454: /eos/cms/store/group/phys_heavyions/jvelazqu/energycorr/condor_R4_axisWTA_cen//0006/L1_object_data_899_processed.root
hadd Source file 436: /eos/cms/store/group/phys_heavyions/jvelazqu/energycorr/condor_R4_axisWTA_cen//0003/L1_object_data_3870_processed.root
hadd Source file 432: /eos/cms/store/group/phys_heavyions/jvelazqu/energycorr/condor_R4_axisWTA_cen//0000/L1_object_data_477_processed.root
hadd Source file 469: /eos/cms/store/group/phys_heavyions/jvelazqu/energycorr/condor_R4_axisWTA_cen//0002/L1_object_data_2088_processed.root
hadd Source file 441: /eos/cms/store/group/phys_heavyions/jvelazqu/energycorr/condor_R4_axisWTA_cen//0004/L1_object_data_4480_processed.root
hadd Source file 324: /eos/cms/store/group/phys_heavyions/jvelazqu/energycorr/condor_R4_axisWTA_cen//0005/L1_object_data_5573_processed.root
hadd Source file 470: /eos/cms/store/group/phys_heavyions/jvelazqu/energycorr/condor_R4_axisWTA_cen//0002/L1_object_data_2694_processed.root
hadd Source file 455: /eos/cms/store/group/phys_heavyions/jvelazqu/energycorr/condor_R4_axisWTA_cen//0006/L1_object_data_900_processed.root
hadd Source file 441: /eos/cms/store/group/phys_heavyions/jvelazqu/energycorr/condor_R4_axisWTA_cen//0001/L1_object_data_1242_processed.root
hadd Source file 470: /eos/cms/store/group/phys_heavyions/jvelazqu/energycorr/condor_R4_axisWTA_cen//0002/L1_object_data_2089_processed.root
hadd Source file 471: /eos/cms/store/group/phys_heavyions/jvelazqu/energycorr/condor_R4_axisWTA_cen//0002/L1_object_data_2695_processed.root
hadd Source file 325: /eos/cms/store/group/phys_heavyions/jvelazqu/energycorr/condor_R4_axisWTA_cen//0005/L1_object_data_5574_processed.root
hadd Source file 471: /eos/cms/store/group/phys_heavyions/jvelazqu/energycorr/condor_R4_axisWTA_cen//0002/L1_object_data_2090_processed.root
hadd Source file 442: /eos/cms/store/group/phys_heavyions/jvelazqu/energycorr/condor_R4_axisWTA_cen//0001/L1_object_data_1243_processed.root
hadd Source file 472: /eos/cms/store/group/phys_heavyions/jvelazqu/energycorr/condor_R4_axisWTA_cen//0002/L1_object_data_2696_processed.root
hadd Source file 453: /eos/cms/store/group/phys_heavyions/jvelazqu/energycorr/condor_R4_axisWTA_cen//0003/L1_object_data_3282_processed.root
hadd Source file 326: /eos/cms/store/group/phys_heavyions/jvelazqu/energycorr/condor_R4_axisWTA_cen//0005/L1_object_data_5575_processed.root
hadd Source file 472: /eos/cms/store/group/phys_heavyions/jvelazqu/energycorr/condor_R4_axisWTA_cen//0002/L1_object_data_2091_processed.root
hadd Source file 417: /eos/cms/store/group/phys_heavyions/jvelazqu/energycorr/condor_R4_axisWTA_cen//0005/L1_object_data_5061_processed.root
hadd Source file 454: /eos/cms/store/group/phys_heavyions/jvelazqu/energycorr/condor_R4_axisWTA_cen//0003/L1_object_data_3283_processed.root
hadd Source file 443: /eos/cms/store/group/phys_heavyions/jvelazqu/energycorr/condor_R4_axisWTA_cen//0001/L1_object_data_1244_processed.root
hadd Source file 473: /eos/cms/store/group/phys_heavyions/jvelazqu/energycorr/condor_R4_axisWTA_cen//0002/L1_object_data_2697_processed.root
hadd Source file 437: /eos/cms/store/group/phys_heavyions/jvelazqu/energycorr/condor_R4_axisWTA_cen//0003/L1_object_data_3871_processed.root
hadd Source file 327: /eos/cms/store/group/phys_heavyions/jvelazqu/energycorr/condor_R4_axisWTA_cen//0005/L1_object_data_5576_processed.root
hadd Source file 473: /eos/cms/store/group/phys_heavyions/jvelazqu/energycorr/condor_R4_axisWTA_cen//0002/L1_object_data_2092_processed.root
hadd Source file 433: /eos/cms/store/group/phys_heavyions/jvelazqu/energycorr/condor_R4_axisWTA_cen//0000/L1_object_data_478_processed.root
hadd Source file 455: /eos/cms/store/group/phys_heavyions/jvelazqu/energycorr/condor_R4_axisWTA_cen//0003/L1_object_data_3284_processed.root
hadd Source file 418: /eos/cms/store/group/phys_heavyions/jvelazqu/energycorr/condor_R4_axisWTA_cen//0005/L1_object_data_5062_processed.root
hadd Source file 438: /eos/cms/store/group/phys_heavyions/jvelazqu/energycorr/condor_R4_axisWTA_cen//0003/L1_object_data_3872_processed.root
hadd Source file 444: /eos/cms/store/group/phys_heavyions/jvelazqu/energycorr/condor_R4_axisWTA_cen//0001/L1_object_data_1245_processed.root
hadd Source file 474: /eos/cms/store/group/phys_heavyions/jvelazqu/energycorr/condor_R4_axisWTA_cen//0002/L1_object_data_2698_processed.root
hadd Source file 328: /eos/cms/store/group/phys_heavyions/jvelazqu/energycorr/condor_R4_axisWTA_cen//0005/L1_object_data_5577_processed.root
hadd Source file 442: /eos/cms/store/group/phys_heavyions/jvelazqu/energycorr/condor_R4_axisWTA_cen//0004/L1_object_data_4481_processed.root
hadd Source file 474: /eos/cms/store/group/phys_heavyions/jvelazqu/energycorr/condor_R4_axisWTA_cen//0002/L1_object_data_2093_processed.root
hadd Source file 434: /eos/cms/store/group/phys_heavyions/jvelazqu/energycorr/condor_R4_axisWTA_cen//0000/L1_object_data_479_processed.root
hadd Source file 439: /eos/cms/store/group/phys_heavyions/jvelazqu/energycorr/condor_R4_axisWTA_cen//0003/L1_object_data_3873_processed.root
hadd Source file 456: /eos/cms/store/group/phys_heavyions/jvelazqu/energycorr/condor_R4_axisWTA_cen//0003/L1_object_data_3285_processed.root
hadd Source file 419: /eos/cms/store/group/phys_heavyions/jvelazqu/energycorr/condor_R4_axisWTA_cen//0005/L1_object_data_5063_processed.root
hadd Source file 445: /eos/cms/store/group/phys_heavyions/jvelazqu/energycorr/condor_R4_axisWTA_cen//0001/L1_object_data_1246_processed.root
hadd Source file 435: /eos/cms/store/group/phys_heavyions/jvelazqu/energycorr/condor_R4_axisWTA_cen//0000/L1_object_data_480_processed.root
hadd Source file 329: /eos/cms/store/group/phys_heavyions/jvelazqu/energycorr/condor_R4_axisWTA_cen//0005/L1_object_data_5578_processed.root
hadd Source file 443: /eos/cms/store/group/phys_heavyions/jvelazqu/energycorr/condor_R4_axisWTA_cen//0004/L1_object_data_4482_processed.root
hadd Source file 475: /eos/cms/store/group/phys_heavyions/jvelazqu/energycorr/condor_R4_axisWTA_cen//0002/L1_object_data_2094_processed.root
hadd Source file 475: /eos/cms/store/group/phys_heavyions/jvelazqu/energycorr/condor_R4_axisWTA_cen//0002/L1_object_data_2699_processed.root
hadd Source file 420: /eos/cms/store/group/phys_heavyions/jvelazqu/energycorr/condor_R4_axisWTA_cen//0005/L1_object_data_5064_processed.root
hadd Source file 436: /eos/cms/store/group/phys_heavyions/jvelazqu/energycorr/condor_R4_axisWTA_cen//0000/L1_object_data_481_processed.root
hadd Source file 440: /eos/cms/store/group/phys_heavyions/jvelazqu/energycorr/condor_R4_axisWTA_cen//0003/L1_object_data_3874_processed.root
hadd Source file 457: /eos/cms/store/group/phys_heavyions/jvelazqu/energycorr/condor_R4_axisWTA_cen//0003/L1_object_data_3286_processed.root
hadd Source file 330: /eos/cms/store/group/phys_heavyions/jvelazqu/energycorr/condor_R4_axisWTA_cen//0005/L1_object_data_5579_processed.root
hadd Source file 446: /eos/cms/store/group/phys_heavyions/jvelazqu/energycorr/condor_R4_axisWTA_cen//0001/L1_object_data_1247_processed.root
hadd Source file 444: /eos/cms/store/group/phys_heavyions/jvelazqu/energycorr/condor_R4_axisWTA_cen//0004/L1_object_data_4483_processed.root
hadd Source file 476: /eos/cms/store/group/phys_heavyions/jvelazqu/energycorr/condor_R4_axisWTA_cen//0002/L1_object_data_2700_processed.root
hadd Source file 441: /eos/cms/store/group/phys_heavyions/jvelazqu/energycorr/condor_R4_axisWTA_cen//0003/L1_object_data_3875_processed.root
hadd Source file 476: /eos/cms/store/group/phys_heavyions/jvelazqu/energycorr/condor_R4_axisWTA_cen//0002/L1_object_data_2095_processed.root
hadd Source file 458: /eos/cms/store/group/phys_heavyions/jvelazqu/energycorr/condor_R4_axisWTA_cen//0003/L1_object_data_3287_processed.root
hadd Source file 421: /eos/cms/store/group/phys_heavyions/jvelazqu/energycorr/condor_R4_axisWTA_cen//0005/L1_object_data_5065_processed.root
hadd Source file 437: /eos/cms/store/group/phys_heavyions/jvelazqu/energycorr/condor_R4_axisWTA_cen//0000/L1_object_data_482_processed.root
hadd Source file 331: /eos/cms/store/group/phys_heavyions/jvelazqu/energycorr/condor_R4_axisWTA_cen//0005/L1_object_data_5580_processed.root
hadd Source file 477: /eos/cms/store/group/phys_heavyions/jvelazqu/energycorr/condor_R4_axisWTA_cen//0002/L1_object_data_2096_processed.root
hadd Source file 445: /eos/cms/store/group/phys_heavyions/jvelazqu/energycorr/condor_R4_axisWTA_cen//0004/L1_object_data_4484_processed.root
hadd Source file 447: /eos/cms/store/group/phys_heavyions/jvelazqu/energycorr/condor_R4_axisWTA_cen//0001/L1_object_data_1248_processed.root
hadd Source file 477: /eos/cms/store/group/phys_heavyions/jvelazqu/energycorr/condor_R4_axisWTA_cen//0002/L1_object_data_2701_processed.root
hadd Source file 332: /eos/cms/store/group/phys_heavyions/jvelazqu/energycorr/condor_R4_axisWTA_cen//0005/L1_object_data_5581_processed.root
hadd Source file 478: /eos/cms/store/group/phys_heavyions/jvelazqu/energycorr/condor_R4_axisWTA_cen//0002/L1_object_data_2097_processed.root
hadd Source file 442: /eos/cms/store/group/phys_heavyions/jvelazqu/energycorr/condor_R4_axisWTA_cen//0003/L1_object_data_3876_processed.root
hadd Source file 459: /eos/cms/store/group/phys_heavyions/jvelazqu/energycorr/condor_R4_axisWTA_cen//0003/L1_object_data_3288_processed.root
hadd Source file 422: /eos/cms/store/group/phys_heavyions/jvelazqu/energycorr/condor_R4_axisWTA_cen//0005/L1_object_data_5066_processed.root
hadd Source file 448: /eos/cms/store/group/phys_heavyions/jvelazqu/energycorr/condor_R4_axisWTA_cen//0001/L1_object_data_1249_processed.root
hadd Source file 446: /eos/cms/store/group/phys_heavyions/jvelazqu/energycorr/condor_R4_axisWTA_cen//0004/L1_object_data_4485_processed.root
hadd Source file 456: /eos/cms/store/group/phys_heavyions/jvelazqu/energycorr/condor_R4_axisWTA_cen//0006/L1_object_data_901_processed.root
hadd Source file 478: /eos/cms/store/group/phys_heavyions/jvelazqu/energycorr/condor_R4_axisWTA_cen//0002/L1_object_data_2702_processed.root
hadd Source file 333: /eos/cms/store/group/phys_heavyions/jvelazqu/energycorr/condor_R4_axisWTA_cen//0005/L1_object_data_5582_processed.root
hadd Source file 460: /eos/cms/store/group/phys_heavyions/jvelazqu/energycorr/condor_R4_axisWTA_cen//0003/L1_object_data_3289_processed.root
hadd Source file 443: /eos/cms/store/group/phys_heavyions/jvelazqu/energycorr/condor_R4_axisWTA_cen//0003/L1_object_data_3877_processed.root
hadd Source file 447: /eos/cms/store/group/phys_heavyions/jvelazqu/energycorr/condor_R4_axisWTA_cen//0004/L1_object_data_4486_processed.root
hadd Source file 457: /eos/cms/store/group/phys_heavyions/jvelazqu/energycorr/condor_R4_axisWTA_cen//0006/L1_object_data_902_processed.root
hadd Source file 449: /eos/cms/store/group/phys_heavyions/jvelazqu/energycorr/condor_R4_axisWTA_cen//0001/L1_object_data_1250_processed.root
hadd Source file 334: /eos/cms/store/group/phys_heavyions/jvelazqu/energycorr/condor_R4_axisWTA_cen//0005/L1_object_data_5583_processed.root
hadd Source file 423: /eos/cms/store/group/phys_heavyions/jvelazqu/energycorr/condor_R4_axisWTA_cen//0005/L1_object_data_5067_processed.root
hadd Source file 479: /eos/cms/store/group/phys_heavyions/jvelazqu/energycorr/condor_R4_axisWTA_cen//0002/L1_object_data_2098_processed.root
hadd Source file 444: /eos/cms/store/group/phys_heavyions/jvelazqu/energycorr/condor_R4_axisWTA_cen//0003/L1_object_data_3878_processed.root
hadd Source file 458: /eos/cms/store/group/phys_heavyions/jvelazqu/energycorr/condor_R4_axisWTA_cen//0006/L1_object_data_903_processed.root
hadd Source file 438: /eos/cms/store/group/phys_heavyions/jvelazqu/energycorr/condor_R4_axisWTA_cen//0000/L1_object_data_483_processed.root
hadd Source file 479: /eos/cms/store/group/phys_heavyions/jvelazqu/energycorr/condor_R4_axisWTA_cen//0002/L1_object_data_2703_processed.root
hadd Source file 461: /eos/cms/store/group/phys_heavyions/jvelazqu/energycorr/condor_R4_axisWTA_cen//0003/L1_object_data_3290_processed.root
hadd Source file 480: /eos/cms/store/group/phys_heavyions/jvelazqu/energycorr/condor_R4_axisWTA_cen//0002/L1_object_data_2099_processed.root
hadd Source file 445: /eos/cms/store/group/phys_heavyions/jvelazqu/energycorr/condor_R4_axisWTA_cen//0003/L1_object_data_3879_processed.root
hadd Source file 335: /eos/cms/store/group/phys_heavyions/jvelazqu/energycorr/condor_R4_axisWTA_cen//0005/L1_object_data_5584_processed.root
hadd Source file 439: /eos/cms/store/group/phys_heavyions/jvelazqu/energycorr/condor_R4_axisWTA_cen//0000/L1_object_data_484_processed.root
hadd Source file 462: /eos/cms/store/group/phys_heavyions/jvelazqu/energycorr/condor_R4_axisWTA_cen//0003/L1_object_data_3291_processed.root
hadd Source file 480: /eos/cms/store/group/phys_heavyions/jvelazqu/energycorr/condor_R4_axisWTA_cen//0002/L1_object_data_2704_processed.root
hadd Source file 450: /eos/cms/store/group/phys_heavyions/jvelazqu/energycorr/condor_R4_axisWTA_cen//0001/L1_object_data_1251_processed.root
hadd Source file 481: /eos/cms/store/group/phys_heavyions/jvelazqu/energycorr/condor_R4_axisWTA_cen//0002/L1_object_data_2100_processed.root
hadd Source file 459: /eos/cms/store/group/phys_heavyions/jvelazqu/energycorr/condor_R4_axisWTA_cen//0006/L1_object_data_904_processed.root
hadd Source file 440: /eos/cms/store/group/phys_heavyions/jvelazqu/energycorr/condor_R4_axisWTA_cen//0000/L1_object_data_486_processed.root
hadd Source file 336: /eos/cms/store/group/phys_heavyions/jvelazqu/energycorr/condor_R4_axisWTA_cen//0005/L1_object_data_5585_processed.root
hadd Source file 446: /eos/cms/store/group/phys_heavyions/jvelazqu/energycorr/condor_R4_axisWTA_cen//0003/L1_object_data_3880_processed.root
hadd Source file 451: /eos/cms/store/group/phys_heavyions/jvelazqu/energycorr/condor_R4_axisWTA_cen//0001/L1_object_data_1252_processed.root
hadd Source file 460: /eos/cms/store/group/phys_heavyions/jvelazqu/energycorr/condor_R4_axisWTA_cen//0006/L1_object_data_905_processed.root
hadd Source file 482: /eos/cms/store/group/phys_heavyions/jvelazqu/energycorr/condor_R4_axisWTA_cen//0002/L1_object_data_2101_processed.root
hadd Source file 481: /eos/cms/store/group/phys_heavyions/jvelazqu/energycorr/condor_R4_axisWTA_cen//0002/L1_object_data_2705_processed.root
hadd Source file 463: /eos/cms/store/group/phys_heavyions/jvelazqu/energycorr/condor_R4_axisWTA_cen//0003/L1_object_data_3292_processed.root
hadd Source file 424: /eos/cms/store/group/phys_heavyions/jvelazqu/energycorr/condor_R4_axisWTA_cen//0005/L1_object_data_5068_processed.root
hadd Source file 483: /eos/cms/store/group/phys_heavyions/jvelazqu/energycorr/condor_R4_axisWTA_cen//0002/L1_object_data_2102_processed.root
hadd Source file 452: /eos/cms/store/group/phys_heavyions/jvelazqu/energycorr/condor_R4_axisWTA_cen//0001/L1_object_data_1253_processed.root
hadd Source file 441: /eos/cms/store/group/phys_heavyions/jvelazqu/energycorr/condor_R4_axisWTA_cen//0000/L1_object_data_487_processed.root
hadd Source file 447: /eos/cms/store/group/phys_heavyions/jvelazqu/energycorr/condor_R4_axisWTA_cen//0003/L1_object_data_3881_processed.root
hadd Source file 337: /eos/cms/store/group/phys_heavyions/jvelazqu/energycorr/condor_R4_axisWTA_cen//0005/L1_object_data_5586_processed.root
hadd Source file 464: /eos/cms/store/group/phys_heavyions/jvelazqu/energycorr/condor_R4_axisWTA_cen//0003/L1_object_data_3293_processed.root
hadd Source file 482: /eos/cms/store/group/phys_heavyions/jvelazqu/energycorr/condor_R4_axisWTA_cen//0002/L1_object_data_2706_processed.root
hadd Source file 484: /eos/cms/store/group/phys_heavyions/jvelazqu/energycorr/condor_R4_axisWTA_cen//0002/L1_object_data_2103_processed.root
hadd Source file 425: /eos/cms/store/group/phys_heavyions/jvelazqu/energycorr/condor_R4_axisWTA_cen//0005/L1_object_data_5069_processed.root
hadd Source file 338: /eos/cms/store/group/phys_heavyions/jvelazqu/energycorr/condor_R4_axisWTA_cen//0005/L1_object_data_5587_processed.root
hadd Source file 453: /eos/cms/store/group/phys_heavyions/jvelazqu/energycorr/condor_R4_axisWTA_cen//0001/L1_object_data_1254_processed.root
hadd Source file 483: /eos/cms/store/group/phys_heavyions/jvelazqu/energycorr/condor_R4_axisWTA_cen//0002/L1_object_data_2707_processed.root
hadd Source file 485: /eos/cms/store/group/phys_heavyions/jvelazqu/energycorr/condor_R4_axisWTA_cen//0002/L1_object_data_2104_processed.root
hadd Source file 426: /eos/cms/store/group/phys_heavyions/jvelazqu/energycorr/condor_R4_axisWTA_cen//0005/L1_object_data_5070_processed.root
hadd Source file 465: /eos/cms/store/group/phys_heavyions/jvelazqu/energycorr/condor_R4_axisWTA_cen//0003/L1_object_data_3294_processed.root
hadd Source file 339: /eos/cms/store/group/phys_heavyions/jvelazqu/energycorr/condor_R4_axisWTA_cen//0005/L1_object_data_5588_processed.root
hadd Source file 448: /eos/cms/store/group/phys_heavyions/jvelazqu/energycorr/condor_R4_axisWTA_cen//0003/L1_object_data_3882_processed.root
hadd Source file 454: /eos/cms/store/group/phys_heavyions/jvelazqu/energycorr/condor_R4_axisWTA_cen//0001/L1_object_data_1255_processed.root
hadd Source file 484: /eos/cms/store/group/phys_heavyions/jvelazqu/energycorr/condor_R4_axisWTA_cen//0002/L1_object_data_2708_processed.root
hadd Source file 486: /eos/cms/store/group/phys_heavyions/jvelazqu/energycorr/condor_R4_axisWTA_cen//0002/L1_object_data_2105_processed.root
hadd Source file 461: /eos/cms/store/group/phys_heavyions/jvelazqu/energycorr/condor_R4_axisWTA_cen//0006/L1_object_data_906_processed.root
hadd Source file 455: /eos/cms/store/group/phys_heavyions/jvelazqu/energycorr/condor_R4_axisWTA_cen//0001/L1_object_data_1256_processed.root
hadd Source file 427: /eos/cms/store/group/phys_heavyions/jvelazqu/energycorr/condor_R4_axisWTA_cen//0005/L1_object_data_5071_processed.root
hadd Source file 466: /eos/cms/store/group/phys_heavyions/jvelazqu/energycorr/condor_R4_axisWTA_cen//0003/L1_object_data_3295_processed.root
hadd Source file 485: /eos/cms/store/group/phys_heavyions/jvelazqu/energycorr/condor_R4_axisWTA_cen//0002/L1_object_data_2709_processed.root
hadd Source file 487: /eos/cms/store/group/phys_heavyions/jvelazqu/energycorr/condor_R4_axisWTA_cen//0002/L1_object_data_2106_processed.root
hadd Source file 467: /eos/cms/store/group/phys_heavyions/jvelazqu/energycorr/condor_R4_axisWTA_cen//0003/L1_object_data_3296_processed.root
hadd Source file 449: /eos/cms/store/group/phys_heavyions/jvelazqu/energycorr/condor_R4_axisWTA_cen//0003/L1_object_data_3883_processed.root
hadd Source file 428: /eos/cms/store/group/phys_heavyions/jvelazqu/energycorr/condor_R4_axisWTA_cen//0005/L1_object_data_5072_processed.root
hadd Source file 462: /eos/cms/store/group/phys_heavyions/jvelazqu/energycorr/condor_R4_axisWTA_cen//0006/L1_object_data_907_processed.root
hadd Source file 442: /eos/cms/store/group/phys_heavyions/jvelazqu/energycorr/condor_R4_axisWTA_cen//0000/L1_object_data_488_processed.root
hadd Source file 450: /eos/cms/store/group/phys_heavyions/jvelazqu/energycorr/condor_R4_axisWTA_cen//0003/L1_object_data_3884_processed.root
hadd Source file 486: /eos/cms/store/group/phys_heavyions/jvelazqu/energycorr/condor_R4_axisWTA_cen//0002/L1_object_data_2710_processed.root
hadd Source file 443: /eos/cms/store/group/phys_heavyions/jvelazqu/energycorr/condor_R4_axisWTA_cen//0000/L1_object_data_489_processed.root
hadd Source file 456: /eos/cms/store/group/phys_heavyions/jvelazqu/energycorr/condor_R4_axisWTA_cen//0001/L1_object_data_1257_processed.root
hadd Source file 451: /eos/cms/store/group/phys_heavyions/jvelazqu/energycorr/condor_R4_axisWTA_cen//0003/L1_object_data_3885_processed.root
hadd Source file 340: /eos/cms/store/group/phys_heavyions/jvelazqu/energycorr/condor_R4_axisWTA_cen//0005/L1_object_data_5589_processed.root
hadd Source file 444: /eos/cms/store/group/phys_heavyions/jvelazqu/energycorr/condor_R4_axisWTA_cen//0000/L1_object_data_490_processed.root
hadd Source file 468: /eos/cms/store/group/phys_heavyions/jvelazqu/energycorr/condor_R4_axisWTA_cen//0003/L1_object_data_3297_processed.root
hadd Source file 488: /eos/cms/store/group/phys_heavyions/jvelazqu/energycorr/condor_R4_axisWTA_cen//0002/L1_object_data_2107_processed.root
hadd Source file 448: /eos/cms/store/group/phys_heavyions/jvelazqu/energycorr/condor_R4_axisWTA_cen//0004/L1_object_data_4487_processed.root
hadd Source file 341: /eos/cms/store/group/phys_heavyions/jvelazqu/energycorr/condor_R4_axisWTA_cen//0005/L1_object_data_5590_processed.root
hadd Source file 445: /eos/cms/store/group/phys_heavyions/jvelazqu/energycorr/condor_R4_axisWTA_cen//0000/L1_object_data_491_processed.root
hadd Source file 452: /eos/cms/store/group/phys_heavyions/jvelazqu/energycorr/condor_R4_axisWTA_cen//0003/L1_object_data_3886_processed.root
hadd Source file 469: /eos/cms/store/group/phys_heavyions/jvelazqu/energycorr/condor_R4_axisWTA_cen//0003/L1_object_data_3298_processed.root
hadd Source file 489: /eos/cms/store/group/phys_heavyions/jvelazqu/energycorr/condor_R4_axisWTA_cen//0002/L1_object_data_2108_processed.root
hadd Source file 449: /eos/cms/store/group/phys_heavyions/jvelazqu/energycorr/condor_R4_axisWTA_cen//0004/L1_object_data_4488_processed.root
hadd Source file 446: /eos/cms/store/group/phys_heavyions/jvelazqu/energycorr/condor_R4_axisWTA_cen//0000/L1_object_data_492_processed.root
hadd Source file 487: /eos/cms/store/group/phys_heavyions/jvelazqu/energycorr/condor_R4_axisWTA_cen//0002/L1_object_data_2711_processed.root
hadd Source file 453: /eos/cms/store/group/phys_heavyions/jvelazqu/energycorr/condor_R4_axisWTA_cen//0003/L1_object_data_3887_processed.root
hadd Source file 342: /eos/cms/store/group/phys_heavyions/jvelazqu/energycorr/condor_R4_axisWTA_cen//0005/L1_object_data_5591_processed.root
hadd Source file 447: /eos/cms/store/group/phys_heavyions/jvelazqu/energycorr/condor_R4_axisWTA_cen//0000/L1_object_data_493_processed.root
hadd Source file 454: /eos/cms/store/group/phys_heavyions/jvelazqu/energycorr/condor_R4_axisWTA_cen//0003/L1_object_data_3888_processed.root
hadd Source file 490: /eos/cms/store/group/phys_heavyions/jvelazqu/energycorr/condor_R4_axisWTA_cen//0002/L1_object_data_2109_processed.root
hadd Source file 457: /eos/cms/store/group/phys_heavyions/jvelazqu/energycorr/condor_R4_axisWTA_cen//0001/L1_object_data_1258_processed.root
hadd Source file 463: /eos/cms/store/group/phys_heavyions/jvelazqu/energycorr/condor_R4_axisWTA_cen//0006/L1_object_data_908_processed.root
hadd Source file 448: /eos/cms/store/group/phys_heavyions/jvelazqu/energycorr/condor_R4_axisWTA_cen//0000/L1_object_data_494_processed.root
hadd Source file 343: /eos/cms/store/group/phys_heavyions/jvelazqu/energycorr/condor_R4_axisWTA_cen//0005/L1_object_data_5592_processed.root
hadd Source file 491: /eos/cms/store/group/phys_heavyions/jvelazqu/energycorr/condor_R4_axisWTA_cen//0002/L1_object_data_2110_processed.root
hadd Source file 455: /eos/cms/store/group/phys_heavyions/jvelazqu/energycorr/condor_R4_axisWTA_cen//0003/L1_object_data_3889_processed.root
hadd Source file 458: /eos/cms/store/group/phys_heavyions/jvelazqu/energycorr/condor_R4_axisWTA_cen//0001/L1_object_data_1259_processed.root
hadd Source file 464: /eos/cms/store/group/phys_heavyions/jvelazqu/energycorr/condor_R4_axisWTA_cen//0006/L1_object_data_909_processed.root
hadd Source file 344: /eos/cms/store/group/phys_heavyions/jvelazqu/energycorr/condor_R4_axisWTA_cen//0005/L1_object_data_5593_processed.root
hadd Source file 449: /eos/cms/store/group/phys_heavyions/jvelazqu/energycorr/condor_R4_axisWTA_cen//0000/L1_object_data_495_processed.root
hadd Source file 450: /eos/cms/store/group/phys_heavyions/jvelazqu/energycorr/condor_R4_axisWTA_cen//0004/L1_object_data_4489_processed.root
hadd Source file 429: /eos/cms/store/group/phys_heavyions/jvelazqu/energycorr/condor_R4_axisWTA_cen//0005/L1_object_data_5073_processed.root
hadd Source file 459: /eos/cms/store/group/phys_heavyions/jvelazqu/energycorr/condor_R4_axisWTA_cen//0001/L1_object_data_1260_processed.root
hadd Source file 492: /eos/cms/store/group/phys_heavyions/jvelazqu/energycorr/condor_R4_axisWTA_cen//0002/L1_object_data_2111_processed.root
hadd Source file 456: /eos/cms/store/group/phys_heavyions/jvelazqu/energycorr/condor_R4_axisWTA_cen//0003/L1_object_data_3890_processed.root
hadd Source file 465: /eos/cms/store/group/phys_heavyions/jvelazqu/energycorr/condor_R4_axisWTA_cen//0006/L1_object_data_910_processed.root
hadd Source file 470: /eos/cms/store/group/phys_heavyions/jvelazqu/energycorr/condor_R4_axisWTA_cen//0003/L1_object_data_3299_processed.root
hadd Source file 345: /eos/cms/store/group/phys_heavyions/jvelazqu/energycorr/condor_R4_axisWTA_cen//0005/L1_object_data_5594_processed.root
hadd Source file 451: /eos/cms/store/group/phys_heavyions/jvelazqu/energycorr/condor_R4_axisWTA_cen//0004/L1_object_data_4490_processed.root
hadd Source file 488: /eos/cms/store/group/phys_heavyions/jvelazqu/energycorr/condor_R4_axisWTA_cen//0002/L1_object_data_2712_processed.root
hadd Source file 460: /eos/cms/store/group/phys_heavyions/jvelazqu/energycorr/condor_R4_axisWTA_cen//0001/L1_object_data_1261_processed.root
hadd Source file 450: /eos/cms/store/group/phys_heavyions/jvelazqu/energycorr/condor_R4_axisWTA_cen//0000/L1_object_data_496_processed.root
hadd Source file 457: /eos/cms/store/group/phys_heavyions/jvelazqu/energycorr/condor_R4_axisWTA_cen//0003/L1_object_data_3891_processed.root
hadd Source file 493: /eos/cms/store/group/phys_heavyions/jvelazqu/energycorr/condor_R4_axisWTA_cen//0002/L1_object_data_2112_processed.root
hadd Source file 430: /eos/cms/store/group/phys_heavyions/jvelazqu/energycorr/condor_R4_axisWTA_cen//0005/L1_object_data_5074_processed.root
hadd Source file 452: /eos/cms/store/group/phys_heavyions/jvelazqu/energycorr/condor_R4_axisWTA_cen//0004/L1_object_data_4491_processed.root
hadd Source file 466: /eos/cms/store/group/phys_heavyions/jvelazqu/energycorr/condor_R4_axisWTA_cen//0006/L1_object_data_911_processed.root
hadd Source file 461: /eos/cms/store/group/phys_heavyions/jvelazqu/energycorr/condor_R4_axisWTA_cen//0001/L1_object_data_1262_processed.root
hadd Source file 451: /eos/cms/store/group/phys_heavyions/jvelazqu/energycorr/condor_R4_axisWTA_cen//0000/L1_object_data_497_processed.root
hadd Source file 346: /eos/cms/store/group/phys_heavyions/jvelazqu/energycorr/condor_R4_axisWTA_cen//0005/L1_object_data_5595_processed.root
hadd Source file 489: /eos/cms/store/group/phys_heavyions/jvelazqu/energycorr/condor_R4_axisWTA_cen//0002/L1_object_data_2713_processed.root
hadd Source file 458: /eos/cms/store/group/phys_heavyions/jvelazqu/energycorr/condor_R4_axisWTA_cen//0003/L1_object_data_3892_processed.root
hadd Source file 467: /eos/cms/store/group/phys_heavyions/jvelazqu/energycorr/condor_R4_axisWTA_cen//0006/L1_object_data_912_processed.root
hadd Source file 431: /eos/cms/store/group/phys_heavyions/jvelazqu/energycorr/condor_R4_axisWTA_cen//0005/L1_object_data_5075_processed.root
hadd Source file 453: /eos/cms/store/group/phys_heavyions/jvelazqu/energycorr/condor_R4_axisWTA_cen//0004/L1_object_data_4492_processed.root
hadd Source file 471: /eos/cms/store/group/phys_heavyions/jvelazqu/energycorr/condor_R4_axisWTA_cen//0003/L1_object_data_3300_processed.root
hadd Source file 462: /eos/cms/store/group/phys_heavyions/jvelazqu/energycorr/condor_R4_axisWTA_cen//0001/L1_object_data_1263_processed.root
hadd Source file 494: /eos/cms/store/group/phys_heavyions/jvelazqu/energycorr/condor_R4_axisWTA_cen//0002/L1_object_data_2113_processed.root
hadd Source file 452: /eos/cms/store/group/phys_heavyions/jvelazqu/energycorr/condor_R4_axisWTA_cen//0000/L1_object_data_498_processed.root
hadd Source file 347: /eos/cms/store/group/phys_heavyions/jvelazqu/energycorr/condor_R4_axisWTA_cen//0005/L1_object_data_5596_processed.root
hadd Source file 432: /eos/cms/store/group/phys_heavyions/jvelazqu/energycorr/condor_R4_axisWTA_cen//0005/L1_object_data_5076_processed.root
hadd Source file 490: /eos/cms/store/group/phys_heavyions/jvelazqu/energycorr/condor_R4_axisWTA_cen//0002/L1_object_data_2714_processed.root
hadd Source file 454: /eos/cms/store/group/phys_heavyions/jvelazqu/energycorr/condor_R4_axisWTA_cen//0004/L1_object_data_4493_processed.root
hadd Source file 495: /eos/cms/store/group/phys_heavyions/jvelazqu/energycorr/condor_R4_axisWTA_cen//0002/L1_object_data_2114_processed.root
hadd Source file 459: /eos/cms/store/group/phys_heavyions/jvelazqu/energycorr/condor_R4_axisWTA_cen//0003/L1_object_data_3893_processed.root
hadd Source file 463: /eos/cms/store/group/phys_heavyions/jvelazqu/energycorr/condor_R4_axisWTA_cen//0001/L1_object_data_1264_processed.root
hadd Source file 453: /eos/cms/store/group/phys_heavyions/jvelazqu/energycorr/condor_R4_axisWTA_cen//0000/L1_object_data_499_processed.root
hadd Source file 348: /eos/cms/store/group/phys_heavyions/jvelazqu/energycorr/condor_R4_axisWTA_cen//0005/L1_object_data_5597_processed.root
hadd Source file 433: /eos/cms/store/group/phys_heavyions/jvelazqu/energycorr/condor_R4_axisWTA_cen//0005/L1_object_data_5077_processed.root
hadd Source file 468: /eos/cms/store/group/phys_heavyions/jvelazqu/energycorr/condor_R4_axisWTA_cen//0006/L1_object_data_913_processed.root
hadd Source file 491: /eos/cms/store/group/phys_heavyions/jvelazqu/energycorr/condor_R4_axisWTA_cen//0002/L1_object_data_2715_processed.root
hadd Source file 472: /eos/cms/store/group/phys_heavyions/jvelazqu/energycorr/condor_R4_axisWTA_cen//0003/L1_object_data_3301_processed.root
hadd Source file 455: /eos/cms/store/group/phys_heavyions/jvelazqu/energycorr/condor_R4_axisWTA_cen//0004/L1_object_data_4494_processed.root
hadd Source file 349: /eos/cms/store/group/phys_heavyions/jvelazqu/energycorr/condor_R4_axisWTA_cen//0005/L1_object_data_5598_processed.root
hadd Source file 454: /eos/cms/store/group/phys_heavyions/jvelazqu/energycorr/condor_R4_axisWTA_cen//0000/L1_object_data_500_processed.root
hadd Source file 460: /eos/cms/store/group/phys_heavyions/jvelazqu/energycorr/condor_R4_axisWTA_cen//0003/L1_object_data_3894_processed.root
hadd Source file 469: /eos/cms/store/group/phys_heavyions/jvelazqu/energycorr/condor_R4_axisWTA_cen//0006/L1_object_data_914_processed.root
hadd Source file 473: /eos/cms/store/group/phys_heavyions/jvelazqu/energycorr/condor_R4_axisWTA_cen//0003/L1_object_data_3302_processed.root
hadd Source file 434: /eos/cms/store/group/phys_heavyions/jvelazqu/energycorr/condor_R4_axisWTA_cen//0005/L1_object_data_5078_processed.root
hadd Source file 492: /eos/cms/store/group/phys_heavyions/jvelazqu/energycorr/condor_R4_axisWTA_cen//0002/L1_object_data_2716_processed.root
hadd Source file 350: /eos/cms/store/group/phys_heavyions/jvelazqu/energycorr/condor_R4_axisWTA_cen//0005/L1_object_data_5599_processed.root
hadd Source file 455: /eos/cms/store/group/phys_heavyions/jvelazqu/energycorr/condor_R4_axisWTA_cen//0000/L1_object_data_501_processed.root
hadd Source file 474: /eos/cms/store/group/phys_heavyions/jvelazqu/energycorr/condor_R4_axisWTA_cen//0003/L1_object_data_3303_processed.root
hadd Source file 493: /eos/cms/store/group/phys_heavyions/jvelazqu/energycorr/condor_R4_axisWTA_cen//0002/L1_object_data_2717_processed.root
hadd Source file 456: /eos/cms/store/group/phys_heavyions/jvelazqu/energycorr/condor_R4_axisWTA_cen//0004/L1_object_data_4495_processed.root
hadd Source file 470: /eos/cms/store/group/phys_heavyions/jvelazqu/energycorr/condor_R4_axisWTA_cen//0006/L1_object_data_915_processed.root
hadd Source file 351: /eos/cms/store/group/phys_heavyions/jvelazqu/energycorr/condor_R4_axisWTA_cen//0005/L1_object_data_5600_processed.root
hadd Source file 435: /eos/cms/store/group/phys_heavyions/jvelazqu/energycorr/condor_R4_axisWTA_cen//0005/L1_object_data_5079_processed.root
hadd Source file 456: /eos/cms/store/group/phys_heavyions/jvelazqu/energycorr/condor_R4_axisWTA_cen//0000/L1_object_data_502_processed.root
hadd Source file 457: /eos/cms/store/group/phys_heavyions/jvelazqu/energycorr/condor_R4_axisWTA_cen//0004/L1_object_data_4496_processed.root
hadd Source file 496: /eos/cms/store/group/phys_heavyions/jvelazqu/energycorr/condor_R4_axisWTA_cen//0002/L1_object_data_2115_processed.root
hadd Source file 471: /eos/cms/store/group/phys_heavyions/jvelazqu/energycorr/condor_R4_axisWTA_cen//0006/L1_object_data_916_processed.root
hadd Source file 464: /eos/cms/store/group/phys_heavyions/jvelazqu/energycorr/condor_R4_axisWTA_cen//0001/L1_object_data_1265_processed.root
hadd Source file 436: /eos/cms/store/group/phys_heavyions/jvelazqu/energycorr/condor_R4_axisWTA_cen//0005/L1_object_data_5080_processed.root
hadd Source file 494: /eos/cms/store/group/phys_heavyions/jvelazqu/energycorr/condor_R4_axisWTA_cen//0002/L1_object_data_2718_processed.root
hadd Source file 352: /eos/cms/store/group/phys_heavyions/jvelazqu/energycorr/condor_R4_axisWTA_cen//0005/L1_object_data_5601_processed.root
hadd Source file 457: /eos/cms/store/group/phys_heavyions/jvelazqu/energycorr/condor_R4_axisWTA_cen//0000/L1_object_data_503_processed.root
hadd Source file 472: /eos/cms/store/group/phys_heavyions/jvelazqu/energycorr/condor_R4_axisWTA_cen//0006/L1_object_data_917_processed.root
hadd Source file 497: /eos/cms/store/group/phys_heavyions/jvelazqu/energycorr/condor_R4_axisWTA_cen//0002/L1_object_data_2116_processed.root
hadd Source file 437: /eos/cms/store/group/phys_heavyions/jvelazqu/energycorr/condor_R4_axisWTA_cen//0005/L1_object_data_5081_processed.root
hadd Source file 458: /eos/cms/store/group/phys_heavyions/jvelazqu/energycorr/condor_R4_axisWTA_cen//0004/L1_object_data_4497_processed.root
hadd Source file 461: /eos/cms/store/group/phys_heavyions/jvelazqu/energycorr/condor_R4_axisWTA_cen//0003/L1_object_data_3895_processed.root
hadd Source file 473: /eos/cms/store/group/phys_heavyions/jvelazqu/energycorr/condor_R4_axisWTA_cen//0006/L1_object_data_918_processed.root
hadd Source file 353: /eos/cms/store/group/phys_heavyions/jvelazqu/energycorr/condor_R4_axisWTA_cen//0005/L1_object_data_5602_processed.root
hadd Source file 465: /eos/cms/store/group/phys_heavyions/jvelazqu/energycorr/condor_R4_axisWTA_cen//0001/L1_object_data_1266_processed.root
hadd Source file 498: /eos/cms/store/group/phys_heavyions/jvelazqu/energycorr/condor_R4_axisWTA_cen//0002/L1_object_data_2117_processed.root
hadd Source file 459: /eos/cms/store/group/phys_heavyions/jvelazqu/energycorr/condor_R4_axisWTA_cen//0004/L1_object_data_4498_processed.root
hadd Source file 458: /eos/cms/store/group/phys_heavyions/jvelazqu/energycorr/condor_R4_axisWTA_cen//0000/L1_object_data_504_processed.root
hadd Source file 438: /eos/cms/store/group/phys_heavyions/jvelazqu/energycorr/condor_R4_axisWTA_cen//0005/L1_object_data_5082_processed.root
hadd Source file 439: /eos/cms/store/group/phys_heavyions/jvelazqu/energycorr/condor_R4_axisWTA_cen//0005/L1_object_data_5083_processed.root
hadd Source file 475: /eos/cms/store/group/phys_heavyions/jvelazqu/energycorr/condor_R4_axisWTA_cen//0003/L1_object_data_3304_processed.root
hadd Source file 354: /eos/cms/store/group/phys_heavyions/jvelazqu/energycorr/condor_R4_axisWTA_cen//0005/L1_object_data_5603_processed.root
hadd Source file 474: /eos/cms/store/group/phys_heavyions/jvelazqu/energycorr/condor_R4_axisWTA_cen//0006/L1_object_data_919_processed.root
hadd Source file 499: /eos/cms/store/group/phys_heavyions/jvelazqu/energycorr/condor_R4_axisWTA_cen//0002/L1_object_data_2118_processed.root
hadd Source file 459: /eos/cms/store/group/phys_heavyions/jvelazqu/energycorr/condor_R4_axisWTA_cen//0000/L1_object_data_505_processed.root
hadd Source file 495: /eos/cms/store/group/phys_heavyions/jvelazqu/energycorr/condor_R4_axisWTA_cen//0002/L1_object_data_2719_processed.root
hadd Source file 460: /eos/cms/store/group/phys_heavyions/jvelazqu/energycorr/condor_R4_axisWTA_cen//0004/L1_object_data_4499_processed.root
hadd Source file 476: /eos/cms/store/group/phys_heavyions/jvelazqu/energycorr/condor_R4_axisWTA_cen//0003/L1_object_data_3305_processed.root
hadd Source file 500: /eos/cms/store/group/phys_heavyions/jvelazqu/energycorr/condor_R4_axisWTA_cen//0002/L1_object_data_2119_processed.root
hadd Source file 440: /eos/cms/store/group/phys_heavyions/jvelazqu/energycorr/condor_R4_axisWTA_cen//0005/L1_object_data_5084_processed.root
hadd Source file 355: /eos/cms/store/group/phys_heavyions/jvelazqu/energycorr/condor_R4_axisWTA_cen//0005/L1_object_data_5604_processed.root
hadd Source file 460: /eos/cms/store/group/phys_heavyions/jvelazqu/energycorr/condor_R4_axisWTA_cen//0000/L1_object_data_506_processed.root
hadd Source file 475: /eos/cms/store/group/phys_heavyions/jvelazqu/energycorr/condor_R4_axisWTA_cen//0006/L1_object_data_920_processed.root
hadd Source file 501: /eos/cms/store/group/phys_heavyions/jvelazqu/energycorr/condor_R4_axisWTA_cen//0002/L1_object_data_2120_processed.root
hadd Source file 496: /eos/cms/store/group/phys_heavyions/jvelazqu/energycorr/condor_R4_axisWTA_cen//0002/L1_object_data_2720_processed.root
hadd Source file 461: /eos/cms/store/group/phys_heavyions/jvelazqu/energycorr/condor_R4_axisWTA_cen//0004/L1_object_data_4500_processed.root
hadd Source file 477: /eos/cms/store/group/phys_heavyions/jvelazqu/energycorr/condor_R4_axisWTA_cen//0003/L1_object_data_3306_processed.root
hadd Source file 441: /eos/cms/store/group/phys_heavyions/jvelazqu/energycorr/condor_R4_axisWTA_cen//0005/L1_object_data_5085_processed.root
hadd Source file 476: /eos/cms/store/group/phys_heavyions/jvelazqu/energycorr/condor_R4_axisWTA_cen//0006/L1_object_data_921_processed.root
hadd Source file 356: /eos/cms/store/group/phys_heavyions/jvelazqu/energycorr/condor_R4_axisWTA_cen//0005/L1_object_data_5605_processed.root
hadd Source file 502: /eos/cms/store/group/phys_heavyions/jvelazqu/energycorr/condor_R4_axisWTA_cen//0002/L1_object_data_2121_processed.root
hadd Source file 462: /eos/cms/store/group/phys_heavyions/jvelazqu/energycorr/condor_R4_axisWTA_cen//0003/L1_object_data_3896_processed.root
hadd Source file 497: /eos/cms/store/group/phys_heavyions/jvelazqu/energycorr/condor_R4_axisWTA_cen//0002/L1_object_data_2721_processed.root
hadd Source file 442: /eos/cms/store/group/phys_heavyions/jvelazqu/energycorr/condor_R4_axisWTA_cen//0005/L1_object_data_5086_processed.root
hadd Source file 466: /eos/cms/store/group/phys_heavyions/jvelazqu/energycorr/condor_R4_axisWTA_cen//0001/L1_object_data_1267_processed.root
hadd Source file 478: /eos/cms/store/group/phys_heavyions/jvelazqu/energycorr/condor_R4_axisWTA_cen//0003/L1_object_data_3307_processed.root
hadd Source file 477: /eos/cms/store/group/phys_heavyions/jvelazqu/energycorr/condor_R4_axisWTA_cen//0006/L1_object_data_922_processed.root
hadd Source file 357: /eos/cms/store/group/phys_heavyions/jvelazqu/energycorr/condor_R4_axisWTA_cen//0005/L1_object_data_5606_processed.root
hadd Source file 498: /eos/cms/store/group/phys_heavyions/jvelazqu/energycorr/condor_R4_axisWTA_cen//0002/L1_object_data_2722_processed.root
hadd Source file 463: /eos/cms/store/group/phys_heavyions/jvelazqu/energycorr/condor_R4_axisWTA_cen//0003/L1_object_data_3897_processed.root
hadd Source file 503: /eos/cms/store/group/phys_heavyions/jvelazqu/energycorr/condor_R4_axisWTA_cen//0002/L1_object_data_2122_processed.root
hadd Source file 478: /eos/cms/store/group/phys_heavyions/jvelazqu/energycorr/condor_R4_axisWTA_cen//0006/L1_object_data_923_processed.root
hadd Source file 358: /eos/cms/store/group/phys_heavyions/jvelazqu/energycorr/condor_R4_axisWTA_cen//0005/L1_object_data_5607_processed.root
hadd Source file 467: /eos/cms/store/group/phys_heavyions/jvelazqu/energycorr/condor_R4_axisWTA_cen//0001/L1_object_data_1268_processed.root
hadd Source file 479: /eos/cms/store/group/phys_heavyions/jvelazqu/energycorr/condor_R4_axisWTA_cen//0003/L1_object_data_3308_processed.root
hadd Source file 499: /eos/cms/store/group/phys_heavyions/jvelazqu/energycorr/condor_R4_axisWTA_cen//0002/L1_object_data_2723_processed.root
hadd Source file 504: /eos/cms/store/group/phys_heavyions/jvelazqu/energycorr/condor_R4_axisWTA_cen//0002/L1_object_data_2123_processed.root
hadd Source file 359: /eos/cms/store/group/phys_heavyions/jvelazqu/energycorr/condor_R4_axisWTA_cen//0005/L1_object_data_5608_processed.root
hadd Source file 479: /eos/cms/store/group/phys_heavyions/jvelazqu/energycorr/condor_R4_axisWTA_cen//0006/L1_object_data_924_processed.root
hadd Source file 461: /eos/cms/store/group/phys_heavyions/jvelazqu/energycorr/condor_R4_axisWTA_cen//0000/L1_object_data_507_processed.root
hadd Source file 480: /eos/cms/store/group/phys_heavyions/jvelazqu/energycorr/condor_R4_axisWTA_cen//0003/L1_object_data_3309_processed.root
hadd Source file 462: /eos/cms/store/group/phys_heavyions/jvelazqu/energycorr/condor_R4_axisWTA_cen//0004/L1_object_data_4501_processed.root
hadd Source file 505: /eos/cms/store/group/phys_heavyions/jvelazqu/energycorr/condor_R4_axisWTA_cen//0002/L1_object_data_2124_processed.root
hadd Source file 468: /eos/cms/store/group/phys_heavyions/jvelazqu/energycorr/condor_R4_axisWTA_cen//0001/L1_object_data_1269_processed.root
hadd Source file 464: /eos/cms/store/group/phys_heavyions/jvelazqu/energycorr/condor_R4_axisWTA_cen//0003/L1_object_data_3898_processed.root
hadd Source file 360: /eos/cms/store/group/phys_heavyions/jvelazqu/energycorr/condor_R4_axisWTA_cen//0005/L1_object_data_5609_processed.root
hadd Source file 462: /eos/cms/store/group/phys_heavyions/jvelazqu/energycorr/condor_R4_axisWTA_cen//0000/L1_object_data_508_processed.root
hadd Source file 480: /eos/cms/store/group/phys_heavyions/jvelazqu/energycorr/condor_R4_axisWTA_cen//0006/L1_object_data_925_processed.root
hadd Source file 500: /eos/cms/store/group/phys_heavyions/jvelazqu/energycorr/condor_R4_axisWTA_cen//0002/L1_object_data_2724_processed.root
hadd Source file 463: /eos/cms/store/group/phys_heavyions/jvelazqu/energycorr/condor_R4_axisWTA_cen//0004/L1_object_data_4502_processed.root
hadd Source file 481: /eos/cms/store/group/phys_heavyions/jvelazqu/energycorr/condor_R4_axisWTA_cen//0003/L1_object_data_3310_processed.root
hadd Source file 361: /eos/cms/store/group/phys_heavyions/jvelazqu/energycorr/condor_R4_axisWTA_cen//0005/L1_object_data_5610_processed.root
hadd Source file 506: /eos/cms/store/group/phys_heavyions/jvelazqu/energycorr/condor_R4_axisWTA_cen//0002/L1_object_data_2125_processed.root
hadd Source file 469: /eos/cms/store/group/phys_heavyions/jvelazqu/energycorr/condor_R4_axisWTA_cen//0001/L1_object_data_1270_processed.root
hadd Source file 463: /eos/cms/store/group/phys_heavyions/jvelazqu/energycorr/condor_R4_axisWTA_cen//0000/L1_object_data_509_processed.root
hadd Source file 443: /eos/cms/store/group/phys_heavyions/jvelazqu/energycorr/condor_R4_axisWTA_cen//0005/L1_object_data_5087_processed.root
hadd Source file 482: /eos/cms/store/group/phys_heavyions/jvelazqu/energycorr/condor_R4_axisWTA_cen//0003/L1_object_data_3311_processed.root
hadd Source file 464: /eos/cms/store/group/phys_heavyions/jvelazqu/energycorr/condor_R4_axisWTA_cen//0004/L1_object_data_4503_processed.root
hadd Source file 362: /eos/cms/store/group/phys_heavyions/jvelazqu/energycorr/condor_R4_axisWTA_cen//0005/L1_object_data_5611_processed.root
hadd Source file 465: /eos/cms/store/group/phys_heavyions/jvelazqu/energycorr/condor_R4_axisWTA_cen//0003/L1_object_data_3899_processed.root
hadd Source file 501: /eos/cms/store/group/phys_heavyions/jvelazqu/energycorr/condor_R4_axisWTA_cen//0002/L1_object_data_2725_processed.root
hadd Source file 507: /eos/cms/store/group/phys_heavyions/jvelazqu/energycorr/condor_R4_axisWTA_cen//0002/L1_object_data_2126_processed.root
hadd Source file 470: /eos/cms/store/group/phys_heavyions/jvelazqu/energycorr/condor_R4_axisWTA_cen//0001/L1_object_data_1271_processed.root
hadd Source file 444: /eos/cms/store/group/phys_heavyions/jvelazqu/energycorr/condor_R4_axisWTA_cen//0005/L1_object_data_5088_processed.root
hadd Source file 464: /eos/cms/store/group/phys_heavyions/jvelazqu/energycorr/condor_R4_axisWTA_cen//0000/L1_object_data_510_processed.root
hadd Source file 465: /eos/cms/store/group/phys_heavyions/jvelazqu/energycorr/condor_R4_axisWTA_cen//0004/L1_object_data_4504_processed.root
hadd Source file 466: /eos/cms/store/group/phys_heavyions/jvelazqu/energycorr/condor_R4_axisWTA_cen//0003/L1_object_data_3900_processed.root
hadd Source file 466: /eos/cms/store/group/phys_heavyions/jvelazqu/energycorr/condor_R4_axisWTA_cen//0004/L1_object_data_4505_processed.root
hadd Source file 502: /eos/cms/store/group/phys_heavyions/jvelazqu/energycorr/condor_R4_axisWTA_cen//0002/L1_object_data_2726_processed.root
hadd Source file 483: /eos/cms/store/group/phys_heavyions/jvelazqu/energycorr/condor_R4_axisWTA_cen//0003/L1_object_data_3312_processed.root
hadd Source file 363: /eos/cms/store/group/phys_heavyions/jvelazqu/energycorr/condor_R4_axisWTA_cen//0005/L1_object_data_5612_processed.root
hadd Source file 508: /eos/cms/store/group/phys_heavyions/jvelazqu/energycorr/condor_R4_axisWTA_cen//0002/L1_object_data_2127_processed.root
hadd Source file 465: /eos/cms/store/group/phys_heavyions/jvelazqu/energycorr/condor_R4_axisWTA_cen//0000/L1_object_data_511_processed.root
hadd Source file 503: /eos/cms/store/group/phys_heavyions/jvelazqu/energycorr/condor_R4_axisWTA_cen//0002/L1_object_data_2727_processed.root
hadd Source file 471: /eos/cms/store/group/phys_heavyions/jvelazqu/energycorr/condor_R4_axisWTA_cen//0001/L1_object_data_1272_processed.root
hadd Source file 364: /eos/cms/store/group/phys_heavyions/jvelazqu/energycorr/condor_R4_axisWTA_cen//0005/L1_object_data_5613_processed.root
hadd Source file 509: /eos/cms/store/group/phys_heavyions/jvelazqu/energycorr/condor_R4_axisWTA_cen//0002/L1_object_data_2128_processed.root
hadd Source file 467: /eos/cms/store/group/phys_heavyions/jvelazqu/energycorr/condor_R4_axisWTA_cen//0003/L1_object_data_3901_processed.root
hadd Source file 481: /eos/cms/store/group/phys_heavyions/jvelazqu/energycorr/condor_R4_axisWTA_cen//0006/L1_object_data_926_processed.root
hadd Source file 445: /eos/cms/store/group/phys_heavyions/jvelazqu/energycorr/condor_R4_axisWTA_cen//0005/L1_object_data_5089_processed.root
hadd Source file 467: /eos/cms/store/group/phys_heavyions/jvelazqu/energycorr/condor_R4_axisWTA_cen//0004/L1_object_data_4506_processed.root
hadd Source file 466: /eos/cms/store/group/phys_heavyions/jvelazqu/energycorr/condor_R4_axisWTA_cen//0000/L1_object_data_512_processed.root
hadd Source file 484: /eos/cms/store/group/phys_heavyions/jvelazqu/energycorr/condor_R4_axisWTA_cen//0003/L1_object_data_3313_processed.root
hadd Source file 504: /eos/cms/store/group/phys_heavyions/jvelazqu/energycorr/condor_R4_axisWTA_cen//0002/L1_object_data_2728_processed.root
hadd Source file 510: /eos/cms/store/group/phys_heavyions/jvelazqu/energycorr/condor_R4_axisWTA_cen//0002/L1_object_data_2129_processed.root
hadd Source file 472: /eos/cms/store/group/phys_heavyions/jvelazqu/energycorr/condor_R4_axisWTA_cen//0001/L1_object_data_1273_processed.root
hadd Source file 446: /eos/cms/store/group/phys_heavyions/jvelazqu/energycorr/condor_R4_axisWTA_cen//0005/L1_object_data_5090_processed.root
hadd Source file 468: /eos/cms/store/group/phys_heavyions/jvelazqu/energycorr/condor_R4_axisWTA_cen//0004/L1_object_data_4507_processed.root
hadd Source file 468: /eos/cms/store/group/phys_heavyions/jvelazqu/energycorr/condor_R4_axisWTA_cen//0003/L1_object_data_3902_processed.root
hadd Source file 482: /eos/cms/store/group/phys_heavyions/jvelazqu/energycorr/condor_R4_axisWTA_cen//0006/L1_object_data_927_processed.root
hadd Source file 365: /eos/cms/store/group/phys_heavyions/jvelazqu/energycorr/condor_R4_axisWTA_cen//0005/L1_object_data_5614_processed.root
hadd Source file 485: /eos/cms/store/group/phys_heavyions/jvelazqu/energycorr/condor_R4_axisWTA_cen//0003/L1_object_data_3314_processed.root
hadd Source file 467: /eos/cms/store/group/phys_heavyions/jvelazqu/energycorr/condor_R4_axisWTA_cen//0000/L1_object_data_513_processed.root
hadd Source file 447: /eos/cms/store/group/phys_heavyions/jvelazqu/energycorr/condor_R4_axisWTA_cen//0005/L1_object_data_5091_processed.root
hadd Source file 473: /eos/cms/store/group/phys_heavyions/jvelazqu/energycorr/condor_R4_axisWTA_cen//0001/L1_object_data_1274_processed.root
hadd Source file 469: /eos/cms/store/group/phys_heavyions/jvelazqu/energycorr/condor_R4_axisWTA_cen//0004/L1_object_data_4508_processed.root
hadd Source file 505: /eos/cms/store/group/phys_heavyions/jvelazqu/energycorr/condor_R4_axisWTA_cen//0002/L1_object_data_2729_processed.root
hadd Source file 511: /eos/cms/store/group/phys_heavyions/jvelazqu/energycorr/condor_R4_axisWTA_cen//0002/L1_object_data_2130_processed.root
hadd Source file 469: /eos/cms/store/group/phys_heavyions/jvelazqu/energycorr/condor_R4_axisWTA_cen//0003/L1_object_data_3903_processed.root
hadd Source file 483: /eos/cms/store/group/phys_heavyions/jvelazqu/energycorr/condor_R4_axisWTA_cen//0006/L1_object_data_928_processed.root
hadd Source file 486: /eos/cms/store/group/phys_heavyions/jvelazqu/energycorr/condor_R4_axisWTA_cen//0003/L1_object_data_3315_processed.root
hadd Source file 366: /eos/cms/store/group/phys_heavyions/jvelazqu/energycorr/condor_R4_axisWTA_cen//0005/L1_object_data_5615_processed.root
hadd Source file 468: /eos/cms/store/group/phys_heavyions/jvelazqu/energycorr/condor_R4_axisWTA_cen//0000/L1_object_data_514_processed.root
hadd Source file 448: /eos/cms/store/group/phys_heavyions/jvelazqu/energycorr/condor_R4_axisWTA_cen//0005/L1_object_data_5092_processed.root
hadd Source file 512: /eos/cms/store/group/phys_heavyions/jvelazqu/energycorr/condor_R4_axisWTA_cen//0002/L1_object_data_2131_processed.root
hadd Source file 470: /eos/cms/store/group/phys_heavyions/jvelazqu/energycorr/condor_R4_axisWTA_cen//0004/L1_object_data_4509_processed.root
hadd Source file 484: /eos/cms/store/group/phys_heavyions/jvelazqu/energycorr/condor_R4_axisWTA_cen//0006/L1_object_data_929_processed.root
hadd Source file 506: /eos/cms/store/group/phys_heavyions/jvelazqu/energycorr/condor_R4_axisWTA_cen//0002/L1_object_data_2730_processed.root
hadd Source file 513: /eos/cms/store/group/phys_heavyions/jvelazqu/energycorr/condor_R4_axisWTA_cen//0002/L1_object_data_2132_processed.root
hadd Source file 449: /eos/cms/store/group/phys_heavyions/jvelazqu/energycorr/condor_R4_axisWTA_cen//0005/L1_object_data_5093_processed.root
hadd Source file 487: /eos/cms/store/group/phys_heavyions/jvelazqu/energycorr/condor_R4_axisWTA_cen//0003/L1_object_data_3316_processed.root
hadd Source file 367: /eos/cms/store/group/phys_heavyions/jvelazqu/energycorr/condor_R4_axisWTA_cen//0005/L1_object_data_5616_processed.root
hadd Source file 485: /eos/cms/store/group/phys_heavyions/jvelazqu/energycorr/condor_R4_axisWTA_cen//0006/L1_object_data_930_processed.root
hadd Source file 469: /eos/cms/store/group/phys_heavyions/jvelazqu/energycorr/condor_R4_axisWTA_cen//0000/L1_object_data_515_processed.root
hadd Source file 470: /eos/cms/store/group/phys_heavyions/jvelazqu/energycorr/condor_R4_axisWTA_cen//0003/L1_object_data_3904_processed.root
hadd Source file 507: /eos/cms/store/group/phys_heavyions/jvelazqu/energycorr/condor_R4_axisWTA_cen//0002/L1_object_data_2731_processed.root
hadd Source file 450: /eos/cms/store/group/phys_heavyions/jvelazqu/energycorr/condor_R4_axisWTA_cen//0005/L1_object_data_5094_processed.root
hadd Source file 514: /eos/cms/store/group/phys_heavyions/jvelazqu/energycorr/condor_R4_axisWTA_cen//0002/L1_object_data_2133_processed.root
hadd Source file 368: /eos/cms/store/group/phys_heavyions/jvelazqu/energycorr/condor_R4_axisWTA_cen//0005/L1_object_data_5617_processed.root
hadd Source file 486: /eos/cms/store/group/phys_heavyions/jvelazqu/energycorr/condor_R4_axisWTA_cen//0006/L1_object_data_931_processed.root
hadd Source file 471: /eos/cms/store/group/phys_heavyions/jvelazqu/energycorr/condor_R4_axisWTA_cen//0003/L1_object_data_3905_processed.root
hadd Source file 369: /eos/cms/store/group/phys_heavyions/jvelazqu/energycorr/condor_R4_axisWTA_cen//0005/L1_object_data_5618_processed.root
hadd Source file 508: /eos/cms/store/group/phys_heavyions/jvelazqu/energycorr/condor_R4_axisWTA_cen//0002/L1_object_data_2732_processed.root
hadd Source file 474: /eos/cms/store/group/phys_heavyions/jvelazqu/energycorr/condor_R4_axisWTA_cen//0001/L1_object_data_1275_processed.root
hadd Source file 451: /eos/cms/store/group/phys_heavyions/jvelazqu/energycorr/condor_R4_axisWTA_cen//0005/L1_object_data_5095_processed.root
hadd Source file 487: /eos/cms/store/group/phys_heavyions/jvelazqu/energycorr/condor_R4_axisWTA_cen//0006/L1_object_data_932_processed.root
hadd Source file 370: /eos/cms/store/group/phys_heavyions/jvelazqu/energycorr/condor_R4_axisWTA_cen//0005/L1_object_data_5619_processed.root
hadd Source file 471: /eos/cms/store/group/phys_heavyions/jvelazqu/energycorr/condor_R4_axisWTA_cen//0004/L1_object_data_4510_processed.root
hadd Source file 472: /eos/cms/store/group/phys_heavyions/jvelazqu/energycorr/condor_R4_axisWTA_cen//0003/L1_object_data_3906_processed.root
hadd Source file 488: /eos/cms/store/group/phys_heavyions/jvelazqu/energycorr/condor_R4_axisWTA_cen//0006/L1_object_data_933_processed.root
hadd Source file 475: /eos/cms/store/group/phys_heavyions/jvelazqu/energycorr/condor_R4_axisWTA_cen//0001/L1_object_data_1276_processed.root
hadd Source file 452: /eos/cms/store/group/phys_heavyions/jvelazqu/energycorr/condor_R4_axisWTA_cen//0005/L1_object_data_5096_processed.root
hadd Source file 509: /eos/cms/store/group/phys_heavyions/jvelazqu/energycorr/condor_R4_axisWTA_cen//0002/L1_object_data_2733_processed.root
hadd Source file 371: /eos/cms/store/group/phys_heavyions/jvelazqu/energycorr/condor_R4_axisWTA_cen//0005/L1_object_data_5620_processed.root
hadd Source file 488: /eos/cms/store/group/phys_heavyions/jvelazqu/energycorr/condor_R4_axisWTA_cen//0003/L1_object_data_3317_processed.root
hadd Source file 472: /eos/cms/store/group/phys_heavyions/jvelazqu/energycorr/condor_R4_axisWTA_cen//0004/L1_object_data_4511_processed.root
hadd Source file 470: /eos/cms/store/group/phys_heavyions/jvelazqu/energycorr/condor_R4_axisWTA_cen//0000/L1_object_data_516_processed.root
hadd Source file 473: /eos/cms/store/group/phys_heavyions/jvelazqu/energycorr/condor_R4_axisWTA_cen//0003/L1_object_data_3907_processed.root
hadd Source file 489: /eos/cms/store/group/phys_heavyions/jvelazqu/energycorr/condor_R4_axisWTA_cen//0006/L1_object_data_934_processed.root
hadd Source file 372: /eos/cms/store/group/phys_heavyions/jvelazqu/energycorr/condor_R4_axisWTA_cen//0005/L1_object_data_5621_processed.root
hadd Source file 490: /eos/cms/store/group/phys_heavyions/jvelazqu/energycorr/condor_R4_axisWTA_cen//0006/L1_object_data_935_processed.root
hadd Source file 453: /eos/cms/store/group/phys_heavyions/jvelazqu/energycorr/condor_R4_axisWTA_cen//0005/L1_object_data_5097_processed.root
hadd Source file 476: /eos/cms/store/group/phys_heavyions/jvelazqu/energycorr/condor_R4_axisWTA_cen//0001/L1_object_data_1277_processed.root
hadd Source file 489: /eos/cms/store/group/phys_heavyions/jvelazqu/energycorr/condor_R4_axisWTA_cen//0003/L1_object_data_3318_processed.root
hadd Source file 373: /eos/cms/store/group/phys_heavyions/jvelazqu/energycorr/condor_R4_axisWTA_cen//0005/L1_object_data_5622_processed.root
hadd Source file 473: /eos/cms/store/group/phys_heavyions/jvelazqu/energycorr/condor_R4_axisWTA_cen//0004/L1_object_data_4512_processed.root
hadd Source file 474: /eos/cms/store/group/phys_heavyions/jvelazqu/energycorr/condor_R4_axisWTA_cen//0003/L1_object_data_3908_processed.root
hadd Source file 515: /eos/cms/store/group/phys_heavyions/jvelazqu/energycorr/condor_R4_axisWTA_cen//0002/L1_object_data_2134_processed.root
hadd Source file 477: /eos/cms/store/group/phys_heavyions/jvelazqu/energycorr/condor_R4_axisWTA_cen//0001/L1_object_data_1278_processed.root
hadd Source file 516: /eos/cms/store/group/phys_heavyions/jvelazqu/energycorr/condor_R4_axisWTA_cen//0002/L1_object_data_2135_processed.root
hadd Source file 490: /eos/cms/store/group/phys_heavyions/jvelazqu/energycorr/condor_R4_axisWTA_cen//0003/L1_object_data_3319_processed.root
hadd Source file 475: /eos/cms/store/group/phys_heavyions/jvelazqu/energycorr/condor_R4_axisWTA_cen//0003/L1_object_data_3909_processed.root
hadd Source file 374: /eos/cms/store/group/phys_heavyions/jvelazqu/energycorr/condor_R4_axisWTA_cen//0005/L1_object_data_5623_processed.root
hadd Source file 474: /eos/cms/store/group/phys_heavyions/jvelazqu/energycorr/condor_R4_axisWTA_cen//0004/L1_object_data_4513_processed.root
hadd Source file 454: /eos/cms/store/group/phys_heavyions/jvelazqu/energycorr/condor_R4_axisWTA_cen//0005/L1_object_data_5098_processed.root
hadd Source file 478: /eos/cms/store/group/phys_heavyions/jvelazqu/energycorr/condor_R4_axisWTA_cen//0001/L1_object_data_1279_processed.root
hadd Source file 475: /eos/cms/store/group/phys_heavyions/jvelazqu/energycorr/condor_R4_axisWTA_cen//0004/L1_object_data_4514_processed.root
hadd Source file 491: /eos/cms/store/group/phys_heavyions/jvelazqu/energycorr/condor_R4_axisWTA_cen//0003/L1_object_data_3320_processed.root
hadd Source file 517: /eos/cms/store/group/phys_heavyions/jvelazqu/energycorr/condor_R4_axisWTA_cen//0002/L1_object_data_2136_processed.root
hadd Source file 476: /eos/cms/store/group/phys_heavyions/jvelazqu/energycorr/condor_R4_axisWTA_cen//0003/L1_object_data_3910_processed.root
hadd Source file 455: /eos/cms/store/group/phys_heavyions/jvelazqu/energycorr/condor_R4_axisWTA_cen//0005/L1_object_data_5099_processed.root
hadd Source file 479: /eos/cms/store/group/phys_heavyions/jvelazqu/energycorr/condor_R4_axisWTA_cen//0001/L1_object_data_1280_processed.root
hadd Source file 510: /eos/cms/store/group/phys_heavyions/jvelazqu/energycorr/condor_R4_axisWTA_cen//0002/L1_object_data_2734_processed.root
hadd Source file 375: /eos/cms/store/group/phys_heavyions/jvelazqu/energycorr/condor_R4_axisWTA_cen//0005/L1_object_data_5624_processed.root
hadd Source file 476: /eos/cms/store/group/phys_heavyions/jvelazqu/energycorr/condor_R4_axisWTA_cen//0004/L1_object_data_4515_processed.root
hadd Source file 492: /eos/cms/store/group/phys_heavyions/jvelazqu/energycorr/condor_R4_axisWTA_cen//0003/L1_object_data_3321_processed.root
hadd Source file 477: /eos/cms/store/group/phys_heavyions/jvelazqu/energycorr/condor_R4_axisWTA_cen//0003/L1_object_data_3911_processed.root
hadd Source file 518: /eos/cms/store/group/phys_heavyions/jvelazqu/energycorr/condor_R4_axisWTA_cen//0002/L1_object_data_2137_processed.root
hadd Source file 456: /eos/cms/store/group/phys_heavyions/jvelazqu/energycorr/condor_R4_axisWTA_cen//0005/L1_object_data_5100_processed.root
hadd Source file 491: /eos/cms/store/group/phys_heavyions/jvelazqu/energycorr/condor_R4_axisWTA_cen//0006/L1_object_data_936_processed.root
hadd Source file 471: /eos/cms/store/group/phys_heavyions/jvelazqu/energycorr/condor_R4_axisWTA_cen//0000/L1_object_data_517_processed.root
hadd Source file 477: /eos/cms/store/group/phys_heavyions/jvelazqu/energycorr/condor_R4_axisWTA_cen//0004/L1_object_data_4516_processed.root
hadd Source file 480: /eos/cms/store/group/phys_heavyions/jvelazqu/energycorr/condor_R4_axisWTA_cen//0001/L1_object_data_1281_processed.root
hadd Source file 511: /eos/cms/store/group/phys_heavyions/jvelazqu/energycorr/condor_R4_axisWTA_cen//0002/L1_object_data_2735_processed.root
hadd Source file 376: /eos/cms/store/group/phys_heavyions/jvelazqu/energycorr/condor_R4_axisWTA_cen//0005/L1_object_data_5625_processed.root
hadd Source file 472: /eos/cms/store/group/phys_heavyions/jvelazqu/energycorr/condor_R4_axisWTA_cen//0000/L1_object_data_518_processed.root
hadd Source file 478: /eos/cms/store/group/phys_heavyions/jvelazqu/energycorr/condor_R4_axisWTA_cen//0003/L1_object_data_3912_processed.root
hadd Source file 519: /eos/cms/store/group/phys_heavyions/jvelazqu/energycorr/condor_R4_axisWTA_cen//0002/L1_object_data_2138_processed.root
hadd Source file 492: /eos/cms/store/group/phys_heavyions/jvelazqu/energycorr/condor_R4_axisWTA_cen//0006/L1_object_data_937_processed.root
hadd Source file 478: /eos/cms/store/group/phys_heavyions/jvelazqu/energycorr/condor_R4_axisWTA_cen//0004/L1_object_data_4517_processed.root
hadd Source file 493: /eos/cms/store/group/phys_heavyions/jvelazqu/energycorr/condor_R4_axisWTA_cen//0003/L1_object_data_3322_processed.root
hadd Source file 512: /eos/cms/store/group/phys_heavyions/jvelazqu/energycorr/condor_R4_axisWTA_cen//0002/L1_object_data_2736_processed.root
hadd Source file 377: /eos/cms/store/group/phys_heavyions/jvelazqu/energycorr/condor_R4_axisWTA_cen//0005/L1_object_data_5626_processed.root
hadd Source file 473: /eos/cms/store/group/phys_heavyions/jvelazqu/energycorr/condor_R4_axisWTA_cen//0000/L1_object_data_519_processed.root
hadd Source file 481: /eos/cms/store/group/phys_heavyions/jvelazqu/energycorr/condor_R4_axisWTA_cen//0001/L1_object_data_1282_processed.root
hadd Source file 520: /eos/cms/store/group/phys_heavyions/jvelazqu/energycorr/condor_R4_axisWTA_cen//0002/L1_object_data_2139_processed.root
hadd Source file 493: /eos/cms/store/group/phys_heavyions/jvelazqu/energycorr/condor_R4_axisWTA_cen//0006/L1_object_data_938_processed.root
hadd Source file 513: /eos/cms/store/group/phys_heavyions/jvelazqu/energycorr/condor_R4_axisWTA_cen//0002/L1_object_data_2737_processed.root
hadd Source file 474: /eos/cms/store/group/phys_heavyions/jvelazqu/energycorr/condor_R4_axisWTA_cen//0000/L1_object_data_520_processed.root
hadd Source file 457: /eos/cms/store/group/phys_heavyions/jvelazqu/energycorr/condor_R4_axisWTA_cen//0005/L1_object_data_5101_processed.root
hadd Source file 494: /eos/cms/store/group/phys_heavyions/jvelazqu/energycorr/condor_R4_axisWTA_cen//0003/L1_object_data_3323_processed.root
hadd Source file 378: /eos/cms/store/group/phys_heavyions/jvelazqu/energycorr/condor_R4_axisWTA_cen//0005/L1_object_data_5627_processed.root
hadd Source file 479: /eos/cms/store/group/phys_heavyions/jvelazqu/energycorr/condor_R4_axisWTA_cen//0004/L1_object_data_4518_processed.root
hadd Source file 482: /eos/cms/store/group/phys_heavyions/jvelazqu/energycorr/condor_R4_axisWTA_cen//0001/L1_object_data_1283_processed.root
hadd Source file 479: /eos/cms/store/group/phys_heavyions/jvelazqu/energycorr/condor_R4_axisWTA_cen//0003/L1_object_data_3913_processed.root
hadd Source file 514: /eos/cms/store/group/phys_heavyions/jvelazqu/energycorr/condor_R4_axisWTA_cen//0002/L1_object_data_2738_processed.root
hadd Source file 379: /eos/cms/store/group/phys_heavyions/jvelazqu/energycorr/condor_R4_axisWTA_cen//0005/L1_object_data_5628_processed.root
hadd Source file 521: /eos/cms/store/group/phys_heavyions/jvelazqu/energycorr/condor_R4_axisWTA_cen//0002/L1_object_data_2140_processed.root
hadd Source file 494: /eos/cms/store/group/phys_heavyions/jvelazqu/energycorr/condor_R4_axisWTA_cen//0006/L1_object_data_939_processed.root
hadd Source file 458: /eos/cms/store/group/phys_heavyions/jvelazqu/energycorr/condor_R4_axisWTA_cen//0005/L1_object_data_5102_processed.root
hadd Source file 483: /eos/cms/store/group/phys_heavyions/jvelazqu/energycorr/condor_R4_axisWTA_cen//0001/L1_object_data_1284_processed.root
hadd Source file 480: /eos/cms/store/group/phys_heavyions/jvelazqu/energycorr/condor_R4_axisWTA_cen//0003/L1_object_data_3914_processed.root
hadd Source file 515: /eos/cms/store/group/phys_heavyions/jvelazqu/energycorr/condor_R4_axisWTA_cen//0002/L1_object_data_2739_processed.root
hadd Source file 475: /eos/cms/store/group/phys_heavyions/jvelazqu/energycorr/condor_R4_axisWTA_cen//0000/L1_object_data_521_processed.root
hadd Source file 522: /eos/cms/store/group/phys_heavyions/jvelazqu/energycorr/condor_R4_axisWTA_cen//0002/L1_object_data_2141_processed.root
hadd Source file 380: /eos/cms/store/group/phys_heavyions/jvelazqu/energycorr/condor_R4_axisWTA_cen//0005/L1_object_data_5629_processed.root
hadd Source file 480: /eos/cms/store/group/phys_heavyions/jvelazqu/energycorr/condor_R4_axisWTA_cen//0004/L1_object_data_4519_processed.root
hadd Source file 481: /eos/cms/store/group/phys_heavyions/jvelazqu/energycorr/condor_R4_axisWTA_cen//0003/L1_object_data_3915_processed.root
hadd Source file 459: /eos/cms/store/group/phys_heavyions/jvelazqu/energycorr/condor_R4_axisWTA_cen//0005/L1_object_data_5103_processed.root
hadd Source file 484: /eos/cms/store/group/phys_heavyions/jvelazqu/energycorr/condor_R4_axisWTA_cen//0001/L1_object_data_1285_processed.root
hadd Source file 476: /eos/cms/store/group/phys_heavyions/jvelazqu/energycorr/condor_R4_axisWTA_cen//0000/L1_object_data_522_processed.root
hadd Source file 516: /eos/cms/store/group/phys_heavyions/jvelazqu/energycorr/condor_R4_axisWTA_cen//0002/L1_object_data_2740_processed.root
hadd Source file 482: /eos/cms/store/group/phys_heavyions/jvelazqu/energycorr/condor_R4_axisWTA_cen//0003/L1_object_data_3916_processed.root
hadd Source file 481: /eos/cms/store/group/phys_heavyions/jvelazqu/energycorr/condor_R4_axisWTA_cen//0004/L1_object_data_4520_processed.root
hadd Source file 523: /eos/cms/store/group/phys_heavyions/jvelazqu/energycorr/condor_R4_axisWTA_cen//0002/L1_object_data_2142_processed.root
hadd Source file 381: /eos/cms/store/group/phys_heavyions/jvelazqu/energycorr/condor_R4_axisWTA_cen//0005/L1_object_data_5630_processed.root
hadd Source file 460: /eos/cms/store/group/phys_heavyions/jvelazqu/energycorr/condor_R4_axisWTA_cen//0005/L1_object_data_5104_processed.root
hadd Source file 485: /eos/cms/store/group/phys_heavyions/jvelazqu/energycorr/condor_R4_axisWTA_cen//0001/L1_object_data_1286_processed.root
hadd Source file 517: /eos/cms/store/group/phys_heavyions/jvelazqu/energycorr/condor_R4_axisWTA_cen//0002/L1_object_data_2741_processed.root
hadd Source file 482: /eos/cms/store/group/phys_heavyions/jvelazqu/energycorr/condor_R4_axisWTA_cen//0004/L1_object_data_4521_processed.root
hadd Source file 524: /eos/cms/store/group/phys_heavyions/jvelazqu/energycorr/condor_R4_axisWTA_cen//0002/L1_object_data_2143_processed.root
hadd Source file 486: /eos/cms/store/group/phys_heavyions/jvelazqu/energycorr/condor_R4_axisWTA_cen//0001/L1_object_data_1287_processed.root
hadd Source file 382: /eos/cms/store/group/phys_heavyions/jvelazqu/energycorr/condor_R4_axisWTA_cen//0005/L1_object_data_5631_processed.root
hadd Source file 483: /eos/cms/store/group/phys_heavyions/jvelazqu/energycorr/condor_R4_axisWTA_cen//0004/L1_object_data_4522_processed.root
hadd Source file 518: /eos/cms/store/group/phys_heavyions/jvelazqu/energycorr/condor_R4_axisWTA_cen//0002/L1_object_data_2742_processed.root
hadd Source file 461: /eos/cms/store/group/phys_heavyions/jvelazqu/energycorr/condor_R4_axisWTA_cen//0005/L1_object_data_5105_processed.root
hadd Source file 495: /eos/cms/store/group/phys_heavyions/jvelazqu/energycorr/condor_R4_axisWTA_cen//0006/L1_object_data_940_processed.root
hadd Source file 525: /eos/cms/store/group/phys_heavyions/jvelazqu/energycorr/condor_R4_axisWTA_cen//0002/L1_object_data_2144_processed.root
hadd Source file 487: /eos/cms/store/group/phys_heavyions/jvelazqu/energycorr/condor_R4_axisWTA_cen//0001/L1_object_data_1288_processed.root
hadd Source file 383: /eos/cms/store/group/phys_heavyions/jvelazqu/energycorr/condor_R4_axisWTA_cen//0005/L1_object_data_5632_processed.root
hadd Source file 484: /eos/cms/store/group/phys_heavyions/jvelazqu/energycorr/condor_R4_axisWTA_cen//0004/L1_object_data_4523_processed.root
hadd Source file 462: /eos/cms/store/group/phys_heavyions/jvelazqu/energycorr/condor_R4_axisWTA_cen//0005/L1_object_data_5106_processed.root
hadd Source file 483: /eos/cms/store/group/phys_heavyions/jvelazqu/energycorr/condor_R4_axisWTA_cen//0003/L1_object_data_3917_processed.root
hadd Source file 519: /eos/cms/store/group/phys_heavyions/jvelazqu/energycorr/condor_R4_axisWTA_cen//0002/L1_object_data_2743_processed.root
hadd Source file 488: /eos/cms/store/group/phys_heavyions/jvelazqu/energycorr/condor_R4_axisWTA_cen//0001/L1_object_data_1289_processed.root
hadd Source file 526: /eos/cms/store/group/phys_heavyions/jvelazqu/energycorr/condor_R4_axisWTA_cen//0002/L1_object_data_2145_processed.root
hadd Source file 384: /eos/cms/store/group/phys_heavyions/jvelazqu/energycorr/condor_R4_axisWTA_cen//0005/L1_object_data_5633_processed.root
hadd Source file 484: /eos/cms/store/group/phys_heavyions/jvelazqu/energycorr/condor_R4_axisWTA_cen//0003/L1_object_data_3918_processed.root
hadd Source file 496: /eos/cms/store/group/phys_heavyions/jvelazqu/energycorr/condor_R4_axisWTA_cen//0006/L1_object_data_941_processed.root
hadd Source file 485: /eos/cms/store/group/phys_heavyions/jvelazqu/energycorr/condor_R4_axisWTA_cen//0004/L1_object_data_4524_processed.root
hadd Source file 527: /eos/cms/store/group/phys_heavyions/jvelazqu/energycorr/condor_R4_axisWTA_cen//0002/L1_object_data_2146_processed.root
hadd Source file 463: /eos/cms/store/group/phys_heavyions/jvelazqu/energycorr/condor_R4_axisWTA_cen//0005/L1_object_data_5107_processed.root
hadd Source file 520: /eos/cms/store/group/phys_heavyions/jvelazqu/energycorr/condor_R4_axisWTA_cen//0002/L1_object_data_2744_processed.root
hadd Source file 489: /eos/cms/store/group/phys_heavyions/jvelazqu/energycorr/condor_R4_axisWTA_cen//0001/L1_object_data_1290_processed.root
hadd Source file 485: /eos/cms/store/group/phys_heavyions/jvelazqu/energycorr/condor_R4_axisWTA_cen//0003/L1_object_data_3919_processed.root
hadd Source file 385: /eos/cms/store/group/phys_heavyions/jvelazqu/energycorr/condor_R4_axisWTA_cen//0005/L1_object_data_5634_processed.root
hadd Source file 497: /eos/cms/store/group/phys_heavyions/jvelazqu/energycorr/condor_R4_axisWTA_cen//0006/L1_object_data_942_processed.root
hadd Source file 464: /eos/cms/store/group/phys_heavyions/jvelazqu/energycorr/condor_R4_axisWTA_cen//0005/L1_object_data_5108_processed.root
hadd Source file 486: /eos/cms/store/group/phys_heavyions/jvelazqu/energycorr/condor_R4_axisWTA_cen//0004/L1_object_data_4525_processed.root
hadd Source file 521: /eos/cms/store/group/phys_heavyions/jvelazqu/energycorr/condor_R4_axisWTA_cen//0002/L1_object_data_2745_processed.root
hadd Source file 386: /eos/cms/store/group/phys_heavyions/jvelazqu/energycorr/condor_R4_axisWTA_cen//0005/L1_object_data_5635_processed.root
hadd Source file 528: /eos/cms/store/group/phys_heavyions/jvelazqu/energycorr/condor_R4_axisWTA_cen//0002/L1_object_data_2147_processed.root
hadd Source file 490: /eos/cms/store/group/phys_heavyions/jvelazqu/energycorr/condor_R4_axisWTA_cen//0001/L1_object_data_1291_processed.root
hadd Source file 486: /eos/cms/store/group/phys_heavyions/jvelazqu/energycorr/condor_R4_axisWTA_cen//0003/L1_object_data_3920_processed.root
hadd Source file 498: /eos/cms/store/group/phys_heavyions/jvelazqu/energycorr/condor_R4_axisWTA_cen//0006/L1_object_data_943_processed.root
hadd Source file 487: /eos/cms/store/group/phys_heavyions/jvelazqu/energycorr/condor_R4_axisWTA_cen//0004/L1_object_data_4526_processed.root
hadd Source file 529: /eos/cms/store/group/phys_heavyions/jvelazqu/energycorr/condor_R4_axisWTA_cen//0002/L1_object_data_2148_processed.root
hadd Source file 522: /eos/cms/store/group/phys_heavyions/jvelazqu/energycorr/condor_R4_axisWTA_cen//0002/L1_object_data_2746_processed.root
hadd Source file 499: /eos/cms/store/group/phys_heavyions/jvelazqu/energycorr/condor_R4_axisWTA_cen//0006/L1_object_data_944_processed.root
hadd Source file 487: /eos/cms/store/group/phys_heavyions/jvelazqu/energycorr/condor_R4_axisWTA_cen//0003/L1_object_data_3921_processed.root
hadd Source file 491: /eos/cms/store/group/phys_heavyions/jvelazqu/energycorr/condor_R4_axisWTA_cen//0001/L1_object_data_1292_processed.root
hadd Source file 387: /eos/cms/store/group/phys_heavyions/jvelazqu/energycorr/condor_R4_axisWTA_cen//0005/L1_object_data_5636_processed.root
hadd Source file 523: /eos/cms/store/group/phys_heavyions/jvelazqu/energycorr/condor_R4_axisWTA_cen//0002/L1_object_data_2747_processed.root
hadd Source file 530: /eos/cms/store/group/phys_heavyions/jvelazqu/energycorr/condor_R4_axisWTA_cen//0002/L1_object_data_2149_processed.root
hadd Source file 488: /eos/cms/store/group/phys_heavyions/jvelazqu/energycorr/condor_R4_axisWTA_cen//0004/L1_object_data_4527_processed.root
hadd Source file 500: /eos/cms/store/group/phys_heavyions/jvelazqu/energycorr/condor_R4_axisWTA_cen//0006/L1_object_data_945_processed.root
hadd Source file 488: /eos/cms/store/group/phys_heavyions/jvelazqu/energycorr/condor_R4_axisWTA_cen//0003/L1_object_data_3922_processed.root
hadd Source file 492: /eos/cms/store/group/phys_heavyions/jvelazqu/energycorr/condor_R4_axisWTA_cen//0001/L1_object_data_1293_processed.root
hadd Source file 465: /eos/cms/store/group/phys_heavyions/jvelazqu/energycorr/condor_R4_axisWTA_cen//0005/L1_object_data_5109_processed.root
hadd Source file 531: /eos/cms/store/group/phys_heavyions/jvelazqu/energycorr/condor_R4_axisWTA_cen//0002/L1_object_data_2150_processed.root
hadd Source file 388: /eos/cms/store/group/phys_heavyions/jvelazqu/energycorr/condor_R4_axisWTA_cen//0005/L1_object_data_5637_processed.root
hadd Source file 489: /eos/cms/store/group/phys_heavyions/jvelazqu/energycorr/condor_R4_axisWTA_cen//0004/L1_object_data_4528_processed.root
hadd Source file 501: /eos/cms/store/group/phys_heavyions/jvelazqu/energycorr/condor_R4_axisWTA_cen//0006/L1_object_data_946_processed.root
hadd Source file 532: /eos/cms/store/group/phys_heavyions/jvelazqu/energycorr/condor_R4_axisWTA_cen//0002/L1_object_data_2151_processed.root
hadd Source file 489: /eos/cms/store/group/phys_heavyions/jvelazqu/energycorr/condor_R4_axisWTA_cen//0003/L1_object_data_3923_processed.root
hadd Source file 524: /eos/cms/store/group/phys_heavyions/jvelazqu/energycorr/condor_R4_axisWTA_cen//0002/L1_object_data_2748_processed.root
hadd Source file 493: /eos/cms/store/group/phys_heavyions/jvelazqu/energycorr/condor_R4_axisWTA_cen//0001/L1_object_data_1294_processed.root
hadd Source file 490: /eos/cms/store/group/phys_heavyions/jvelazqu/energycorr/condor_R4_axisWTA_cen//0004/L1_object_data_4529_processed.root
hadd Source file 495: /eos/cms/store/group/phys_heavyions/jvelazqu/energycorr/condor_R4_axisWTA_cen//0003/L1_object_data_3324_processed.root
hadd Source file 389: /eos/cms/store/group/phys_heavyions/jvelazqu/energycorr/condor_R4_axisWTA_cen//0005/L1_object_data_5638_processed.root
hadd Source file 525: /eos/cms/store/group/phys_heavyions/jvelazqu/energycorr/condor_R4_axisWTA_cen//0002/L1_object_data_2749_processed.root
hadd Source file 466: /eos/cms/store/group/phys_heavyions/jvelazqu/energycorr/condor_R4_axisWTA_cen//0005/L1_object_data_5110_processed.root
hadd Source file 533: /eos/cms/store/group/phys_heavyions/jvelazqu/energycorr/condor_R4_axisWTA_cen//0002/L1_object_data_2152_processed.root
hadd Source file 494: /eos/cms/store/group/phys_heavyions/jvelazqu/energycorr/condor_R4_axisWTA_cen//0001/L1_object_data_1295_processed.root
hadd Source file 491: /eos/cms/store/group/phys_heavyions/jvelazqu/energycorr/condor_R4_axisWTA_cen//0004/L1_object_data_4530_processed.root
hadd Source file 496: /eos/cms/store/group/phys_heavyions/jvelazqu/energycorr/condor_R4_axisWTA_cen//0003/L1_object_data_3325_processed.root
hadd Source file 467: /eos/cms/store/group/phys_heavyions/jvelazqu/energycorr/condor_R4_axisWTA_cen//0005/L1_object_data_5111_processed.root
hadd Source file 390: /eos/cms/store/group/phys_heavyions/jvelazqu/energycorr/condor_R4_axisWTA_cen//0005/L1_object_data_5639_processed.root
hadd Source file 534: /eos/cms/store/group/phys_heavyions/jvelazqu/energycorr/condor_R4_axisWTA_cen//0002/L1_object_data_2153_processed.root
hadd Source file 495: /eos/cms/store/group/phys_heavyions/jvelazqu/energycorr/condor_R4_axisWTA_cen//0001/L1_object_data_1296_processed.root
hadd Source file 492: /eos/cms/store/group/phys_heavyions/jvelazqu/energycorr/condor_R4_axisWTA_cen//0004/L1_object_data_4531_processed.root
hadd Source file 391: /eos/cms/store/group/phys_heavyions/jvelazqu/energycorr/condor_R4_axisWTA_cen//0005/L1_object_data_5640_processed.root
hadd Source file 468: /eos/cms/store/group/phys_heavyions/jvelazqu/energycorr/condor_R4_axisWTA_cen//0005/L1_object_data_5112_processed.root
hadd Source file 535: /eos/cms/store/group/phys_heavyions/jvelazqu/energycorr/condor_R4_axisWTA_cen//0002/L1_object_data_2154_processed.root
hadd Source file 493: /eos/cms/store/group/phys_heavyions/jvelazqu/energycorr/condor_R4_axisWTA_cen//0004/L1_object_data_4532_processed.root
hadd Source file 526: /eos/cms/store/group/phys_heavyions/jvelazqu/energycorr/condor_R4_axisWTA_cen//0002/L1_object_data_2750_processed.root
hadd Source file 392: /eos/cms/store/group/phys_heavyions/jvelazqu/energycorr/condor_R4_axisWTA_cen//0005/L1_object_data_5641_processed.root
hadd Source file 496: /eos/cms/store/group/phys_heavyions/jvelazqu/energycorr/condor_R4_axisWTA_cen//0001/L1_object_data_1297_processed.root
hadd Source file 502: /eos/cms/store/group/phys_heavyions/jvelazqu/energycorr/condor_R4_axisWTA_cen//0006/L1_object_data_947_processed.root
hadd Source file 536: /eos/cms/store/group/phys_heavyions/jvelazqu/energycorr/condor_R4_axisWTA_cen//0002/L1_object_data_2155_processed.root
hadd Source file 490: /eos/cms/store/group/phys_heavyions/jvelazqu/energycorr/condor_R4_axisWTA_cen//0003/L1_object_data_3924_processed.root
hadd Source file 469: /eos/cms/store/group/phys_heavyions/jvelazqu/energycorr/condor_R4_axisWTA_cen//0005/L1_object_data_5113_processed.root
hadd Source file 494: /eos/cms/store/group/phys_heavyions/jvelazqu/energycorr/condor_R4_axisWTA_cen//0004/L1_object_data_4533_processed.root
hadd Source file 527: /eos/cms/store/group/phys_heavyions/jvelazqu/energycorr/condor_R4_axisWTA_cen//0002/L1_object_data_2751_processed.root
hadd Source file 503: /eos/cms/store/group/phys_heavyions/jvelazqu/energycorr/condor_R4_axisWTA_cen//0006/L1_object_data_948_processed.root
hadd Source file 393: /eos/cms/store/group/phys_heavyions/jvelazqu/energycorr/condor_R4_axisWTA_cen//0005/L1_object_data_5642_processed.root
hadd Source file 537: /eos/cms/store/group/phys_heavyions/jvelazqu/energycorr/condor_R4_axisWTA_cen//0002/L1_object_data_2156_processed.root
hadd Source file 497: /eos/cms/store/group/phys_heavyions/jvelazqu/energycorr/condor_R4_axisWTA_cen//0001/L1_object_data_1298_processed.root
hadd Source file 491: /eos/cms/store/group/phys_heavyions/jvelazqu/energycorr/condor_R4_axisWTA_cen//0003/L1_object_data_3925_processed.root
hadd Source file 497: /eos/cms/store/group/phys_heavyions/jvelazqu/energycorr/condor_R4_axisWTA_cen//0003/L1_object_data_3326_processed.root
hadd Source file 394: /eos/cms/store/group/phys_heavyions/jvelazqu/energycorr/condor_R4_axisWTA_cen//0005/L1_object_data_5643_processed.root
hadd Source file 498: /eos/cms/store/group/phys_heavyions/jvelazqu/energycorr/condor_R4_axisWTA_cen//0001/L1_object_data_1299_processed.root
hadd Source file 504: /eos/cms/store/group/phys_heavyions/jvelazqu/energycorr/condor_R4_axisWTA_cen//0006/L1_object_data_949_processed.root
hadd Source file 528: /eos/cms/store/group/phys_heavyions/jvelazqu/energycorr/condor_R4_axisWTA_cen//0002/L1_object_data_2752_processed.root
hadd Source file 495: /eos/cms/store/group/phys_heavyions/jvelazqu/energycorr/condor_R4_axisWTA_cen//0004/L1_object_data_4534_processed.root
hadd Source file 538: /eos/cms/store/group/phys_heavyions/jvelazqu/energycorr/condor_R4_axisWTA_cen//0002/L1_object_data_2157_processed.root
hadd Source file 492: /eos/cms/store/group/phys_heavyions/jvelazqu/energycorr/condor_R4_axisWTA_cen//0003/L1_object_data_3926_processed.root
hadd Source file 499: /eos/cms/store/group/phys_heavyions/jvelazqu/energycorr/condor_R4_axisWTA_cen//0001/L1_object_data_1300_processed.root
hadd Source file 505: /eos/cms/store/group/phys_heavyions/jvelazqu/energycorr/condor_R4_axisWTA_cen//0006/L1_object_data_950_processed.root
hadd Source file 395: /eos/cms/store/group/phys_heavyions/jvelazqu/energycorr/condor_R4_axisWTA_cen//0005/L1_object_data_5644_processed.root
hadd Source file 470: /eos/cms/store/group/phys_heavyions/jvelazqu/energycorr/condor_R4_axisWTA_cen//0005/L1_object_data_5114_processed.root
hadd Source file 496: /eos/cms/store/group/phys_heavyions/jvelazqu/energycorr/condor_R4_axisWTA_cen//0004/L1_object_data_4535_processed.root
hadd Source file 477: /eos/cms/store/group/phys_heavyions/jvelazqu/energycorr/condor_R4_axisWTA_cen//0000/L1_object_data_523_processed.root
hadd Source file 539: /eos/cms/store/group/phys_heavyions/jvelazqu/energycorr/condor_R4_axisWTA_cen//0002/L1_object_data_2158_processed.root
hadd Source file 498: /eos/cms/store/group/phys_heavyions/jvelazqu/energycorr/condor_R4_axisWTA_cen//0003/L1_object_data_3327_processed.root
hadd Source file 529: /eos/cms/store/group/phys_heavyions/jvelazqu/energycorr/condor_R4_axisWTA_cen//0002/L1_object_data_2753_processed.root
hadd Source file 396: /eos/cms/store/group/phys_heavyions/jvelazqu/energycorr/condor_R4_axisWTA_cen//0005/L1_object_data_5645_processed.root
hadd Source file 471: /eos/cms/store/group/phys_heavyions/jvelazqu/energycorr/condor_R4_axisWTA_cen//0005/L1_object_data_5115_processed.root
hadd Source file 506: /eos/cms/store/group/phys_heavyions/jvelazqu/energycorr/condor_R4_axisWTA_cen//0006/L1_object_data_951_processed.root
hadd Source file 500: /eos/cms/store/group/phys_heavyions/jvelazqu/energycorr/condor_R4_axisWTA_cen//0001/L1_object_data_1301_processed.root
hadd Source file 540: /eos/cms/store/group/phys_heavyions/jvelazqu/energycorr/condor_R4_axisWTA_cen//0002/L1_object_data_2159_processed.root
hadd Source file 497: /eos/cms/store/group/phys_heavyions/jvelazqu/energycorr/condor_R4_axisWTA_cen//0004/L1_object_data_4536_processed.root
hadd Source file 530: /eos/cms/store/group/phys_heavyions/jvelazqu/energycorr/condor_R4_axisWTA_cen//0002/L1_object_data_2754_processed.root
hadd Source file 397: /eos/cms/store/group/phys_heavyions/jvelazqu/energycorr/condor_R4_axisWTA_cen//0005/L1_object_data_5646_processed.root
hadd Source file 478: /eos/cms/store/group/phys_heavyions/jvelazqu/energycorr/condor_R4_axisWTA_cen//0000/L1_object_data_524_processed.root
hadd Source file 501: /eos/cms/store/group/phys_heavyions/jvelazqu/energycorr/condor_R4_axisWTA_cen//0001/L1_object_data_1302_processed.root
hadd Source file 531: /eos/cms/store/group/phys_heavyions/jvelazqu/energycorr/condor_R4_axisWTA_cen//0002/L1_object_data_2755_processed.root
hadd Source file 541: /eos/cms/store/group/phys_heavyions/jvelazqu/energycorr/condor_R4_axisWTA_cen//0002/L1_object_data_2160_processed.root
hadd Source file 498: /eos/cms/store/group/phys_heavyions/jvelazqu/energycorr/condor_R4_axisWTA_cen//0004/L1_object_data_4537_processed.root
hadd Source file 398: /eos/cms/store/group/phys_heavyions/jvelazqu/energycorr/condor_R4_axisWTA_cen//0005/L1_object_data_5647_processed.root
hadd Source file 542: /eos/cms/store/group/phys_heavyions/jvelazqu/energycorr/condor_R4_axisWTA_cen//0002/L1_object_data_2161_processed.root
hadd Source file 493: /eos/cms/store/group/phys_heavyions/jvelazqu/energycorr/condor_R4_axisWTA_cen//0003/L1_object_data_3927_processed.root
hadd Source file 502: /eos/cms/store/group/phys_heavyions/jvelazqu/energycorr/condor_R4_axisWTA_cen//0001/L1_object_data_1303_processed.root
hadd Source file 532: /eos/cms/store/group/phys_heavyions/jvelazqu/energycorr/condor_R4_axisWTA_cen//0002/L1_object_data_2756_processed.root
hadd Source file 499: /eos/cms/store/group/phys_heavyions/jvelazqu/energycorr/condor_R4_axisWTA_cen//0004/L1_object_data_4538_processed.root
hadd Source file 479: /eos/cms/store/group/phys_heavyions/jvelazqu/energycorr/condor_R4_axisWTA_cen//0000/L1_object_data_525_processed.root
hadd Source file 494: /eos/cms/store/group/phys_heavyions/jvelazqu/energycorr/condor_R4_axisWTA_cen//0003/L1_object_data_3928_processed.root
hadd Source file 499: /eos/cms/store/group/phys_heavyions/jvelazqu/energycorr/condor_R4_axisWTA_cen//0003/L1_object_data_3328_processed.root
hadd Source file 503: /eos/cms/store/group/phys_heavyions/jvelazqu/energycorr/condor_R4_axisWTA_cen//0001/L1_object_data_1304_processed.root
hadd Source file 543: /eos/cms/store/group/phys_heavyions/jvelazqu/energycorr/condor_R4_axisWTA_cen//0002/L1_object_data_2162_processed.root
hadd Source file 500: /eos/cms/store/group/phys_heavyions/jvelazqu/energycorr/condor_R4_axisWTA_cen//0004/L1_object_data_4539_processed.root
hadd Source file 472: /eos/cms/store/group/phys_heavyions/jvelazqu/energycorr/condor_R4_axisWTA_cen//0005/L1_object_data_5116_processed.root
hadd Source file 507: /eos/cms/store/group/phys_heavyions/jvelazqu/energycorr/condor_R4_axisWTA_cen//0006/L1_object_data_952_processed.root
hadd Source file 500: /eos/cms/store/group/phys_heavyions/jvelazqu/energycorr/condor_R4_axisWTA_cen//0003/L1_object_data_3329_processed.root
hadd Source file 495: /eos/cms/store/group/phys_heavyions/jvelazqu/energycorr/condor_R4_axisWTA_cen//0003/L1_object_data_3929_processed.root
hadd Source file 544: /eos/cms/store/group/phys_heavyions/jvelazqu/energycorr/condor_R4_axisWTA_cen//0002/L1_object_data_2163_processed.root
hadd Source file 501: /eos/cms/store/group/phys_heavyions/jvelazqu/energycorr/condor_R4_axisWTA_cen//0004/L1_object_data_4540_processed.root
hadd Source file 399: /eos/cms/store/group/phys_heavyions/jvelazqu/energycorr/condor_R4_axisWTA_cen//0005/L1_object_data_5648_processed.root
hadd Source file 501: /eos/cms/store/group/phys_heavyions/jvelazqu/energycorr/condor_R4_axisWTA_cen//0003/L1_object_data_3330_processed.root
hadd Source file 545: /eos/cms/store/group/phys_heavyions/jvelazqu/energycorr/condor_R4_axisWTA_cen//0002/L1_object_data_2164_processed.root
hadd Source file 508: /eos/cms/store/group/phys_heavyions/jvelazqu/energycorr/condor_R4_axisWTA_cen//0006/L1_object_data_953_processed.root
hadd Source file 473: /eos/cms/store/group/phys_heavyions/jvelazqu/energycorr/condor_R4_axisWTA_cen//0005/L1_object_data_5117_processed.root
hadd Source file 496: /eos/cms/store/group/phys_heavyions/jvelazqu/energycorr/condor_R4_axisWTA_cen//0003/L1_object_data_3930_processed.root
hadd Source file 502: /eos/cms/store/group/phys_heavyions/jvelazqu/energycorr/condor_R4_axisWTA_cen//0004/L1_object_data_4541_processed.root
hadd Source file 400: /eos/cms/store/group/phys_heavyions/jvelazqu/energycorr/condor_R4_axisWTA_cen//0005/L1_object_data_5649_processed.root
hadd Source file 480: /eos/cms/store/group/phys_heavyions/jvelazqu/energycorr/condor_R4_axisWTA_cen//0000/L1_object_data_526_processed.root
hadd Source file 546: /eos/cms/store/group/phys_heavyions/jvelazqu/energycorr/condor_R4_axisWTA_cen//0002/L1_object_data_2165_processed.root
hadd Source file 533: /eos/cms/store/group/phys_heavyions/jvelazqu/energycorr/condor_R4_axisWTA_cen//0002/L1_object_data_2757_processed.root
hadd Source file 502: /eos/cms/store/group/phys_heavyions/jvelazqu/energycorr/condor_R4_axisWTA_cen//0003/L1_object_data_3331_processed.root
hadd Source file 474: /eos/cms/store/group/phys_heavyions/jvelazqu/energycorr/condor_R4_axisWTA_cen//0005/L1_object_data_5118_processed.root
hadd Source file 503: /eos/cms/store/group/phys_heavyions/jvelazqu/energycorr/condor_R4_axisWTA_cen//0004/L1_object_data_4542_processed.root
hadd Source file 497: /eos/cms/store/group/phys_heavyions/jvelazqu/energycorr/condor_R4_axisWTA_cen//0003/L1_object_data_3931_processed.root
hadd Source file 534: /eos/cms/store/group/phys_heavyions/jvelazqu/energycorr/condor_R4_axisWTA_cen//0002/L1_object_data_2758_processed.root
hadd Source file 504: /eos/cms/store/group/phys_heavyions/jvelazqu/energycorr/condor_R4_axisWTA_cen//0001/L1_object_data_1305_processed.root
hadd Source file 503: /eos/cms/store/group/phys_heavyions/jvelazqu/energycorr/condor_R4_axisWTA_cen//0003/L1_object_data_3332_processed.root
hadd Source file 475: /eos/cms/store/group/phys_heavyions/jvelazqu/energycorr/condor_R4_axisWTA_cen//0005/L1_object_data_5119_processed.root
hadd Source file 481: /eos/cms/store/group/phys_heavyions/jvelazqu/energycorr/condor_R4_axisWTA_cen//0000/L1_object_data_527_processed.root
hadd Source file 547: /eos/cms/store/group/phys_heavyions/jvelazqu/energycorr/condor_R4_axisWTA_cen//0002/L1_object_data_2166_processed.root
hadd Source file 498: /eos/cms/store/group/phys_heavyions/jvelazqu/energycorr/condor_R4_axisWTA_cen//0003/L1_object_data_3932_processed.root
hadd Source file 504: /eos/cms/store/group/phys_heavyions/jvelazqu/energycorr/condor_R4_axisWTA_cen//0004/L1_object_data_4543_processed.root
hadd Source file 505: /eos/cms/store/group/phys_heavyions/jvelazqu/energycorr/condor_R4_axisWTA_cen//0001/L1_object_data_1306_processed.root
hadd Source file 476: /eos/cms/store/group/phys_heavyions/jvelazqu/energycorr/condor_R4_axisWTA_cen//0005/L1_object_data_5120_processed.root
hadd Source file 504: /eos/cms/store/group/phys_heavyions/jvelazqu/energycorr/condor_R4_axisWTA_cen//0003/L1_object_data_3333_processed.root
hadd Source file 499: /eos/cms/store/group/phys_heavyions/jvelazqu/energycorr/condor_R4_axisWTA_cen//0003/L1_object_data_3933_processed.root
hadd Source file 506: /eos/cms/store/group/phys_heavyions/jvelazqu/energycorr/condor_R4_axisWTA_cen//0001/L1_object_data_1307_processed.root
hadd Source file 482: /eos/cms/store/group/phys_heavyions/jvelazqu/energycorr/condor_R4_axisWTA_cen//0000/L1_object_data_528_processed.root
hadd Source file 509: /eos/cms/store/group/phys_heavyions/jvelazqu/energycorr/condor_R4_axisWTA_cen//0006/L1_object_data_954_processed.root
hadd Source file 548: /eos/cms/store/group/phys_heavyions/jvelazqu/energycorr/condor_R4_axisWTA_cen//0002/L1_object_data_2167_processed.root
hadd Source file 505: /eos/cms/store/group/phys_heavyions/jvelazqu/energycorr/condor_R4_axisWTA_cen//0004/L1_object_data_4544_processed.root
hadd Source file 505: /eos/cms/store/group/phys_heavyions/jvelazqu/energycorr/condor_R4_axisWTA_cen//0003/L1_object_data_3334_processed.root
hadd Source file 477: /eos/cms/store/group/phys_heavyions/jvelazqu/energycorr/condor_R4_axisWTA_cen//0005/L1_object_data_5121_processed.root
hadd Source file 401: /eos/cms/store/group/phys_heavyions/jvelazqu/energycorr/condor_R4_axisWTA_cen//0005/L1_object_data_5650_processed.root
hadd Source file 535: /eos/cms/store/group/phys_heavyions/jvelazqu/energycorr/condor_R4_axisWTA_cen//0002/L1_object_data_2759_processed.root
hadd Source file 500: /eos/cms/store/group/phys_heavyions/jvelazqu/energycorr/condor_R4_axisWTA_cen//0003/L1_object_data_3934_processed.root
hadd Source file 507: /eos/cms/store/group/phys_heavyions/jvelazqu/energycorr/condor_R4_axisWTA_cen//0001/L1_object_data_1308_processed.root
hadd Source file 402: /eos/cms/store/group/phys_heavyions/jvelazqu/energycorr/condor_R4_axisWTA_cen//0005/L1_object_data_5651_processed.root
hadd Source file 510: /eos/cms/store/group/phys_heavyions/jvelazqu/energycorr/condor_R4_axisWTA_cen//0006/L1_object_data_955_processed.root
hadd Source file 478: /eos/cms/store/group/phys_heavyions/jvelazqu/energycorr/condor_R4_axisWTA_cen//0005/L1_object_data_5122_processed.root
hadd Source file 483: /eos/cms/store/group/phys_heavyions/jvelazqu/energycorr/condor_R4_axisWTA_cen//0000/L1_object_data_529_processed.root
hadd Source file 536: /eos/cms/store/group/phys_heavyions/jvelazqu/energycorr/condor_R4_axisWTA_cen//0002/L1_object_data_2760_processed.root
hadd Source file 403: /eos/cms/store/group/phys_heavyions/jvelazqu/energycorr/condor_R4_axisWTA_cen//0005/L1_object_data_5652_processed.root
hadd Source file 549: /eos/cms/store/group/phys_heavyions/jvelazqu/energycorr/condor_R4_axisWTA_cen//0002/L1_object_data_2168_processed.root
hadd Source file 501: /eos/cms/store/group/phys_heavyions/jvelazqu/energycorr/condor_R4_axisWTA_cen//0003/L1_object_data_3935_processed.root
hadd Source file 511: /eos/cms/store/group/phys_heavyions/jvelazqu/energycorr/condor_R4_axisWTA_cen//0006/L1_object_data_956_processed.root
hadd Source file 484: /eos/cms/store/group/phys_heavyions/jvelazqu/energycorr/condor_R4_axisWTA_cen//0000/L1_object_data_531_processed.root
hadd Source file 479: /eos/cms/store/group/phys_heavyions/jvelazqu/energycorr/condor_R4_axisWTA_cen//0005/L1_object_data_5123_processed.root
hadd Source file 404: /eos/cms/store/group/phys_heavyions/jvelazqu/energycorr/condor_R4_axisWTA_cen//0005/L1_object_data_5653_processed.root
hadd Source file 550: /eos/cms/store/group/phys_heavyions/jvelazqu/energycorr/condor_R4_axisWTA_cen//0002/L1_object_data_2169_processed.root
hadd Source file 502: /eos/cms/store/group/phys_heavyions/jvelazqu/energycorr/condor_R4_axisWTA_cen//0003/L1_object_data_3936_processed.root
hadd Source file 506: /eos/cms/store/group/phys_heavyions/jvelazqu/energycorr/condor_R4_axisWTA_cen//0003/L1_object_data_3335_processed.root
hadd Source file 512: /eos/cms/store/group/phys_heavyions/jvelazqu/energycorr/condor_R4_axisWTA_cen//0006/L1_object_data_957_processed.root
hadd Source file 506: /eos/cms/store/group/phys_heavyions/jvelazqu/energycorr/condor_R4_axisWTA_cen//0004/L1_object_data_4545_processed.root
hadd Source file 508: /eos/cms/store/group/phys_heavyions/jvelazqu/energycorr/condor_R4_axisWTA_cen//0001/L1_object_data_1309_processed.root
hadd Source file 485: /eos/cms/store/group/phys_heavyions/jvelazqu/energycorr/condor_R4_axisWTA_cen//0000/L1_object_data_532_processed.root
hadd Source file 405: /eos/cms/store/group/phys_heavyions/jvelazqu/energycorr/condor_R4_axisWTA_cen//0005/L1_object_data_5654_processed.root
hadd Source file 513: /eos/cms/store/group/phys_heavyions/jvelazqu/energycorr/condor_R4_axisWTA_cen//0006/L1_object_data_958_processed.root
hadd Source file 514: /eos/cms/store/group/phys_heavyions/jvelazqu/energycorr/condor_R4_axisWTA_cen//0006/L1_object_data_959_processed.root
hadd Source file 551: /eos/cms/store/group/phys_heavyions/jvelazqu/energycorr/condor_R4_axisWTA_cen//0002/L1_object_data_2170_processed.root
hadd Source file 507: /eos/cms/store/group/phys_heavyions/jvelazqu/energycorr/condor_R4_axisWTA_cen//0003/L1_object_data_3336_processed.root
hadd Source file 509: /eos/cms/store/group/phys_heavyions/jvelazqu/energycorr/condor_R4_axisWTA_cen//0001/L1_object_data_1310_processed.root
hadd Source file 486: /eos/cms/store/group/phys_heavyions/jvelazqu/energycorr/condor_R4_axisWTA_cen//0000/L1_object_data_533_processed.root
hadd Source file 507: /eos/cms/store/group/phys_heavyions/jvelazqu/energycorr/condor_R4_axisWTA_cen//0004/L1_object_data_4546_processed.root
hadd Source file 406: /eos/cms/store/group/phys_heavyions/jvelazqu/energycorr/condor_R4_axisWTA_cen//0005/L1_object_data_5655_processed.root
hadd Source file 515: /eos/cms/store/group/phys_heavyions/jvelazqu/energycorr/condor_R4_axisWTA_cen//0006/L1_object_data_960_processed.root
hadd Source file 552: /eos/cms/store/group/phys_heavyions/jvelazqu/energycorr/condor_R4_axisWTA_cen//0002/L1_object_data_2171_processed.root
hadd Source file 537: /eos/cms/store/group/phys_heavyions/jvelazqu/energycorr/condor_R4_axisWTA_cen//0002/L1_object_data_2761_processed.root
hadd Source file 508: /eos/cms/store/group/phys_heavyions/jvelazqu/energycorr/condor_R4_axisWTA_cen//0004/L1_object_data_4547_processed.root
hadd Source file 510: /eos/cms/store/group/phys_heavyions/jvelazqu/energycorr/condor_R4_axisWTA_cen//0001/L1_object_data_1311_processed.root
hadd Source file 508: /eos/cms/store/group/phys_heavyions/jvelazqu/energycorr/condor_R4_axisWTA_cen//0003/L1_object_data_3337_processed.root
hadd Source file 487: /eos/cms/store/group/phys_heavyions/jvelazqu/energycorr/condor_R4_axisWTA_cen//0000/L1_object_data_534_processed.root
hadd Source file 538: /eos/cms/store/group/phys_heavyions/jvelazqu/energycorr/condor_R4_axisWTA_cen//0002/L1_object_data_2762_processed.root
hadd Source file 480: /eos/cms/store/group/phys_heavyions/jvelazqu/energycorr/condor_R4_axisWTA_cen//0005/L1_object_data_5124_processed.root
hadd Source file 553: /eos/cms/store/group/phys_heavyions/jvelazqu/energycorr/condor_R4_axisWTA_cen//0002/L1_object_data_2172_processed.root
hadd Source file 516: /eos/cms/store/group/phys_heavyions/jvelazqu/energycorr/condor_R4_axisWTA_cen//0006/L1_object_data_961_processed.root
hadd Source file 517: /eos/cms/store/group/phys_heavyions/jvelazqu/energycorr/condor_R4_axisWTA_cen//0006/L1_object_data_962_processed.root
hadd Source file 407: /eos/cms/store/group/phys_heavyions/jvelazqu/energycorr/condor_R4_axisWTA_cen//0005/L1_object_data_5656_processed.root
hadd Source file 503: /eos/cms/store/group/phys_heavyions/jvelazqu/energycorr/condor_R4_axisWTA_cen//0003/L1_object_data_3937_processed.root
hadd Source file 509: /eos/cms/store/group/phys_heavyions/jvelazqu/energycorr/condor_R4_axisWTA_cen//0004/L1_object_data_4548_processed.root
hadd Source file 481: /eos/cms/store/group/phys_heavyions/jvelazqu/energycorr/condor_R4_axisWTA_cen//0005/L1_object_data_5125_processed.root
hadd Source file 509: /eos/cms/store/group/phys_heavyions/jvelazqu/energycorr/condor_R4_axisWTA_cen//0003/L1_object_data_3338_processed.root
hadd Source file 488: /eos/cms/store/group/phys_heavyions/jvelazqu/energycorr/condor_R4_axisWTA_cen//0000/L1_object_data_535_processed.root
hadd Source file 408: /eos/cms/store/group/phys_heavyions/jvelazqu/energycorr/condor_R4_axisWTA_cen//0005/L1_object_data_5657_processed.root
hadd Source file 539: /eos/cms/store/group/phys_heavyions/jvelazqu/energycorr/condor_R4_axisWTA_cen//0002/L1_object_data_2763_processed.root
hadd Source file 554: /eos/cms/store/group/phys_heavyions/jvelazqu/energycorr/condor_R4_axisWTA_cen//0002/L1_object_data_2173_processed.root
hadd Source file 504: /eos/cms/store/group/phys_heavyions/jvelazqu/energycorr/condor_R4_axisWTA_cen//0003/L1_object_data_3938_processed.root
hadd Source file 518: /eos/cms/store/group/phys_heavyions/jvelazqu/energycorr/condor_R4_axisWTA_cen//0006/L1_object_data_963_processed.root
hadd Source file 489: /eos/cms/store/group/phys_heavyions/jvelazqu/energycorr/condor_R4_axisWTA_cen//0000/L1_object_data_536_processed.root
hadd Source file 510: /eos/cms/store/group/phys_heavyions/jvelazqu/energycorr/condor_R4_axisWTA_cen//0003/L1_object_data_3339_processed.root
hadd Source file 540: /eos/cms/store/group/phys_heavyions/jvelazqu/energycorr/condor_R4_axisWTA_cen//0002/L1_object_data_2764_processed.root
hadd Source file 409: /eos/cms/store/group/phys_heavyions/jvelazqu/energycorr/condor_R4_axisWTA_cen//0005/L1_object_data_5658_processed.root
hadd Source file 555: /eos/cms/store/group/phys_heavyions/jvelazqu/energycorr/condor_R4_axisWTA_cen//0002/L1_object_data_2174_processed.root
hadd Source file 511: /eos/cms/store/group/phys_heavyions/jvelazqu/energycorr/condor_R4_axisWTA_cen//0003/L1_object_data_3340_processed.root
hadd Source file 541: /eos/cms/store/group/phys_heavyions/jvelazqu/energycorr/condor_R4_axisWTA_cen//0002/L1_object_data_2765_processed.root
hadd Source file 490: /eos/cms/store/group/phys_heavyions/jvelazqu/energycorr/condor_R4_axisWTA_cen//0000/L1_object_data_537_processed.root
hadd Source file 556: /eos/cms/store/group/phys_heavyions/jvelazqu/energycorr/condor_R4_axisWTA_cen//0002/L1_object_data_2175_processed.root
hadd Source file 410: /eos/cms/store/group/phys_heavyions/jvelazqu/energycorr/condor_R4_axisWTA_cen//0005/L1_object_data_5659_processed.root
hadd Source file 519: /eos/cms/store/group/phys_heavyions/jvelazqu/energycorr/condor_R4_axisWTA_cen//0006/L1_object_data_964_processed.root
hadd Source file 511: /eos/cms/store/group/phys_heavyions/jvelazqu/energycorr/condor_R4_axisWTA_cen//0001/L1_object_data_1312_processed.root
hadd Source file 411: /eos/cms/store/group/phys_heavyions/jvelazqu/energycorr/condor_R4_axisWTA_cen//0005/L1_object_data_5660_processed.root
hadd Source file 520: /eos/cms/store/group/phys_heavyions/jvelazqu/energycorr/condor_R4_axisWTA_cen//0006/L1_object_data_965_processed.root
hadd Source file 512: /eos/cms/store/group/phys_heavyions/jvelazqu/energycorr/condor_R4_axisWTA_cen//0003/L1_object_data_3341_processed.root
hadd Source file 542: /eos/cms/store/group/phys_heavyions/jvelazqu/energycorr/condor_R4_axisWTA_cen//0002/L1_object_data_2766_processed.root
hadd Source file 512: /eos/cms/store/group/phys_heavyions/jvelazqu/energycorr/condor_R4_axisWTA_cen//0001/L1_object_data_1313_processed.root
hadd Source file 482: /eos/cms/store/group/phys_heavyions/jvelazqu/energycorr/condor_R4_axisWTA_cen//0005/L1_object_data_5126_processed.root
hadd Source file 557: /eos/cms/store/group/phys_heavyions/jvelazqu/energycorr/condor_R4_axisWTA_cen//0002/L1_object_data_2176_processed.root
hadd Source file 412: /eos/cms/store/group/phys_heavyions/jvelazqu/energycorr/condor_R4_axisWTA_cen//0005/L1_object_data_5661_processed.root
hadd Source file 510: /eos/cms/store/group/phys_heavyions/jvelazqu/energycorr/condor_R4_axisWTA_cen//0004/L1_object_data_4549_processed.root
hadd Source file 513: /eos/cms/store/group/phys_heavyions/jvelazqu/energycorr/condor_R4_axisWTA_cen//0003/L1_object_data_3342_processed.root
hadd Source file 543: /eos/cms/store/group/phys_heavyions/jvelazqu/energycorr/condor_R4_axisWTA_cen//0002/L1_object_data_2767_processed.root
hadd Source file 505: /eos/cms/store/group/phys_heavyions/jvelazqu/energycorr/condor_R4_axisWTA_cen//0003/L1_object_data_3939_processed.root
hadd Source file 558: /eos/cms/store/group/phys_heavyions/jvelazqu/energycorr/condor_R4_axisWTA_cen//0002/L1_object_data_2177_processed.root
hadd Source file 513: /eos/cms/store/group/phys_heavyions/jvelazqu/energycorr/condor_R4_axisWTA_cen//0001/L1_object_data_1314_processed.root
hadd Source file 483: /eos/cms/store/group/phys_heavyions/jvelazqu/energycorr/condor_R4_axisWTA_cen//0005/L1_object_data_5127_processed.root
hadd Source file 511: /eos/cms/store/group/phys_heavyions/jvelazqu/energycorr/condor_R4_axisWTA_cen//0004/L1_object_data_4550_processed.root
hadd Source file 514: /eos/cms/store/group/phys_heavyions/jvelazqu/energycorr/condor_R4_axisWTA_cen//0003/L1_object_data_3343_processed.root
hadd Source file 544: /eos/cms/store/group/phys_heavyions/jvelazqu/energycorr/condor_R4_axisWTA_cen//0002/L1_object_data_2768_processed.root
hadd Source file 413: /eos/cms/store/group/phys_heavyions/jvelazqu/energycorr/condor_R4_axisWTA_cen//0005/L1_object_data_5662_processed.root
hadd Source file 491: /eos/cms/store/group/phys_heavyions/jvelazqu/energycorr/condor_R4_axisWTA_cen//0000/L1_object_data_538_processed.root
hadd Source file 514: /eos/cms/store/group/phys_heavyions/jvelazqu/energycorr/condor_R4_axisWTA_cen//0001/L1_object_data_1315_processed.root
hadd Source file 484: /eos/cms/store/group/phys_heavyions/jvelazqu/energycorr/condor_R4_axisWTA_cen//0005/L1_object_data_5128_processed.root
hadd Source file 506: /eos/cms/store/group/phys_heavyions/jvelazqu/energycorr/condor_R4_axisWTA_cen//0003/L1_object_data_3940_processed.root
hadd Source file 512: /eos/cms/store/group/phys_heavyions/jvelazqu/energycorr/condor_R4_axisWTA_cen//0004/L1_object_data_4551_processed.root
hadd Source file 515: /eos/cms/store/group/phys_heavyions/jvelazqu/energycorr/condor_R4_axisWTA_cen//0003/L1_object_data_3344_processed.root
hadd Source file 515: /eos/cms/store/group/phys_heavyions/jvelazqu/energycorr/condor_R4_axisWTA_cen//0001/L1_object_data_1316_processed.root
hadd Source file 492: /eos/cms/store/group/phys_heavyions/jvelazqu/energycorr/condor_R4_axisWTA_cen//0000/L1_object_data_539_processed.root
hadd Source file 521: /eos/cms/store/group/phys_heavyions/jvelazqu/energycorr/condor_R4_axisWTA_cen//0006/L1_object_data_966_processed.root
hadd Source file 414: /eos/cms/store/group/phys_heavyions/jvelazqu/energycorr/condor_R4_axisWTA_cen//0005/L1_object_data_5663_processed.root
hadd Source file 545: /eos/cms/store/group/phys_heavyions/jvelazqu/energycorr/condor_R4_axisWTA_cen//0002/L1_object_data_2769_processed.root
hadd Source file 485: /eos/cms/store/group/phys_heavyions/jvelazqu/energycorr/condor_R4_axisWTA_cen//0005/L1_object_data_5129_processed.root
hadd Source file 516: /eos/cms/store/group/phys_heavyions/jvelazqu/energycorr/condor_R4_axisWTA_cen//0001/L1_object_data_1317_processed.root
hadd Source file 507: /eos/cms/store/group/phys_heavyions/jvelazqu/energycorr/condor_R4_axisWTA_cen//0003/L1_object_data_3941_processed.root
hadd Source file 415: /eos/cms/store/group/phys_heavyions/jvelazqu/energycorr/condor_R4_axisWTA_cen//0005/L1_object_data_5664_processed.root
hadd Source file 513: /eos/cms/store/group/phys_heavyions/jvelazqu/energycorr/condor_R4_axisWTA_cen//0004/L1_object_data_4552_processed.root
hadd Source file 493: /eos/cms/store/group/phys_heavyions/jvelazqu/energycorr/condor_R4_axisWTA_cen//0000/L1_object_data_540_processed.root
hadd Source file 522: /eos/cms/store/group/phys_heavyions/jvelazqu/energycorr/condor_R4_axisWTA_cen//0006/L1_object_data_967_processed.root
hadd Source file 486: /eos/cms/store/group/phys_heavyions/jvelazqu/energycorr/condor_R4_axisWTA_cen//0005/L1_object_data_5130_processed.root
hadd Source file 546: /eos/cms/store/group/phys_heavyions/jvelazqu/energycorr/condor_R4_axisWTA_cen//0002/L1_object_data_2770_processed.root
hadd Source file 517: /eos/cms/store/group/phys_heavyions/jvelazqu/energycorr/condor_R4_axisWTA_cen//0001/L1_object_data_1318_processed.root
hadd Source file 559: /eos/cms/store/group/phys_heavyions/jvelazqu/energycorr/condor_R4_axisWTA_cen//0002/L1_object_data_2178_processed.root
hadd Source file 516: /eos/cms/store/group/phys_heavyions/jvelazqu/energycorr/condor_R4_axisWTA_cen//0003/L1_object_data_3345_processed.root
hadd Source file 508: /eos/cms/store/group/phys_heavyions/jvelazqu/energycorr/condor_R4_axisWTA_cen//0003/L1_object_data_3942_processed.root
hadd Source file 416: /eos/cms/store/group/phys_heavyions/jvelazqu/energycorr/condor_R4_axisWTA_cen//0005/L1_object_data_5665_processed.root
hadd Source file 514: /eos/cms/store/group/phys_heavyions/jvelazqu/energycorr/condor_R4_axisWTA_cen//0004/L1_object_data_4553_processed.root
hadd Source file 494: /eos/cms/store/group/phys_heavyions/jvelazqu/energycorr/condor_R4_axisWTA_cen//0000/L1_object_data_541_processed.root
hadd Source file 547: /eos/cms/store/group/phys_heavyions/jvelazqu/energycorr/condor_R4_axisWTA_cen//0002/L1_object_data_2771_processed.root
hadd Source file 518: /eos/cms/store/group/phys_heavyions/jvelazqu/energycorr/condor_R4_axisWTA_cen//0001/L1_object_data_1319_processed.root
hadd Source file 487: /eos/cms/store/group/phys_heavyions/jvelazqu/energycorr/condor_R4_axisWTA_cen//0005/L1_object_data_5131_processed.root
hadd Source file 515: /eos/cms/store/group/phys_heavyions/jvelazqu/energycorr/condor_R4_axisWTA_cen//0004/L1_object_data_4554_processed.root
hadd Source file 509: /eos/cms/store/group/phys_heavyions/jvelazqu/energycorr/condor_R4_axisWTA_cen//0003/L1_object_data_3943_processed.root
hadd Source file 517: /eos/cms/store/group/phys_heavyions/jvelazqu/energycorr/condor_R4_axisWTA_cen//0003/L1_object_data_3346_processed.root
hadd Source file 417: /eos/cms/store/group/phys_heavyions/jvelazqu/energycorr/condor_R4_axisWTA_cen//0005/L1_object_data_5666_processed.root
hadd Source file 519: /eos/cms/store/group/phys_heavyions/jvelazqu/energycorr/condor_R4_axisWTA_cen//0001/L1_object_data_1320_processed.root
hadd Source file 548: /eos/cms/store/group/phys_heavyions/jvelazqu/energycorr/condor_R4_axisWTA_cen//0002/L1_object_data_2772_processed.root
hadd Source file 488: /eos/cms/store/group/phys_heavyions/jvelazqu/energycorr/condor_R4_axisWTA_cen//0005/L1_object_data_5132_processed.root
hadd Source file 495: /eos/cms/store/group/phys_heavyions/jvelazqu/energycorr/condor_R4_axisWTA_cen//0000/L1_object_data_542_processed.root
hadd Source file 510: /eos/cms/store/group/phys_heavyions/jvelazqu/energycorr/condor_R4_axisWTA_cen//0003/L1_object_data_3944_processed.root
hadd Source file 516: /eos/cms/store/group/phys_heavyions/jvelazqu/energycorr/condor_R4_axisWTA_cen//0004/L1_object_data_4555_processed.root
hadd Source file 518: /eos/cms/store/group/phys_heavyions/jvelazqu/energycorr/condor_R4_axisWTA_cen//0003/L1_object_data_3347_processed.root
hadd Source file 418: /eos/cms/store/group/phys_heavyions/jvelazqu/energycorr/condor_R4_axisWTA_cen//0005/L1_object_data_5667_processed.root
hadd Source file 489: /eos/cms/store/group/phys_heavyions/jvelazqu/energycorr/condor_R4_axisWTA_cen//0005/L1_object_data_5133_processed.root
hadd Source file 520: /eos/cms/store/group/phys_heavyions/jvelazqu/energycorr/condor_R4_axisWTA_cen//0001/L1_object_data_1321_processed.root
hadd Source file 496: /eos/cms/store/group/phys_heavyions/jvelazqu/energycorr/condor_R4_axisWTA_cen//0000/L1_object_data_543_processed.root
hadd Source file 549: /eos/cms/store/group/phys_heavyions/jvelazqu/energycorr/condor_R4_axisWTA_cen//0002/L1_object_data_2773_processed.root
hadd Source file 523: /eos/cms/store/group/phys_heavyions/jvelazqu/energycorr/condor_R4_axisWTA_cen//0006/L1_object_data_968_processed.root
hadd Source file 511: /eos/cms/store/group/phys_heavyions/jvelazqu/energycorr/condor_R4_axisWTA_cen//0003/L1_object_data_3945_processed.root
hadd Source file 517: /eos/cms/store/group/phys_heavyions/jvelazqu/energycorr/condor_R4_axisWTA_cen//0004/L1_object_data_4556_processed.root
hadd Source file 560: /eos/cms/store/group/phys_heavyions/jvelazqu/energycorr/condor_R4_axisWTA_cen//0002/L1_object_data_2179_processed.root
hadd Source file 490: /eos/cms/store/group/phys_heavyions/jvelazqu/energycorr/condor_R4_axisWTA_cen//0005/L1_object_data_5134_processed.root
hadd Source file 519: /eos/cms/store/group/phys_heavyions/jvelazqu/energycorr/condor_R4_axisWTA_cen//0003/L1_object_data_3348_processed.root
hadd Source file 419: /eos/cms/store/group/phys_heavyions/jvelazqu/energycorr/condor_R4_axisWTA_cen//0005/L1_object_data_5668_processed.root
hadd Source file 524: /eos/cms/store/group/phys_heavyions/jvelazqu/energycorr/condor_R4_axisWTA_cen//0006/L1_object_data_969_processed.root
hadd Source file 550: /eos/cms/store/group/phys_heavyions/jvelazqu/energycorr/condor_R4_axisWTA_cen//0002/L1_object_data_2774_processed.root
hadd Source file 561: /eos/cms/store/group/phys_heavyions/jvelazqu/energycorr/condor_R4_axisWTA_cen//0002/L1_object_data_2180_processed.root
hadd Source file 512: /eos/cms/store/group/phys_heavyions/jvelazqu/energycorr/condor_R4_axisWTA_cen//0003/L1_object_data_3946_processed.root
hadd Source file 497: /eos/cms/store/group/phys_heavyions/jvelazqu/energycorr/condor_R4_axisWTA_cen//0000/L1_object_data_544_processed.root
hadd Source file 518: /eos/cms/store/group/phys_heavyions/jvelazqu/energycorr/condor_R4_axisWTA_cen//0004/L1_object_data_4557_processed.root
hadd Source file 520: /eos/cms/store/group/phys_heavyions/jvelazqu/energycorr/condor_R4_axisWTA_cen//0003/L1_object_data_3349_processed.root
hadd Source file 491: /eos/cms/store/group/phys_heavyions/jvelazqu/energycorr/condor_R4_axisWTA_cen//0005/L1_object_data_5135_processed.root
hadd Source file 420: /eos/cms/store/group/phys_heavyions/jvelazqu/energycorr/condor_R4_axisWTA_cen//0005/L1_object_data_5669_processed.root
hadd Source file 562: /eos/cms/store/group/phys_heavyions/jvelazqu/energycorr/condor_R4_axisWTA_cen//0002/L1_object_data_2181_processed.root
hadd Source file 525: /eos/cms/store/group/phys_heavyions/jvelazqu/energycorr/condor_R4_axisWTA_cen//0006/L1_object_data_970_processed.root
hadd Source file 519: /eos/cms/store/group/phys_heavyions/jvelazqu/energycorr/condor_R4_axisWTA_cen//0004/L1_object_data_4558_processed.root
hadd Source file 526: /eos/cms/store/group/phys_heavyions/jvelazqu/energycorr/condor_R4_axisWTA_cen//0006/L1_object_data_971_processed.root
hadd Source file 492: /eos/cms/store/group/phys_heavyions/jvelazqu/energycorr/condor_R4_axisWTA_cen//0005/L1_object_data_5136_processed.root
hadd Source file 563: /eos/cms/store/group/phys_heavyions/jvelazqu/energycorr/condor_R4_axisWTA_cen//0002/L1_object_data_2182_processed.root
hadd Source file 521: /eos/cms/store/group/phys_heavyions/jvelazqu/energycorr/condor_R4_axisWTA_cen//0003/L1_object_data_3350_processed.root
hadd Source file 421: /eos/cms/store/group/phys_heavyions/jvelazqu/energycorr/condor_R4_axisWTA_cen//0005/L1_object_data_5670_processed.root
hadd Source file 513: /eos/cms/store/group/phys_heavyions/jvelazqu/energycorr/condor_R4_axisWTA_cen//0003/L1_object_data_3947_processed.root
hadd Source file 498: /eos/cms/store/group/phys_heavyions/jvelazqu/energycorr/condor_R4_axisWTA_cen//0000/L1_object_data_545_processed.root
hadd Source file 521: /eos/cms/store/group/phys_heavyions/jvelazqu/energycorr/condor_R4_axisWTA_cen//0001/L1_object_data_1322_processed.root
hadd Source file 551: /eos/cms/store/group/phys_heavyions/jvelazqu/energycorr/condor_R4_axisWTA_cen//0002/L1_object_data_2775_processed.root
hadd Source file 564: /eos/cms/store/group/phys_heavyions/jvelazqu/energycorr/condor_R4_axisWTA_cen//0002/L1_object_data_2183_processed.root
hadd Source file 493: /eos/cms/store/group/phys_heavyions/jvelazqu/energycorr/condor_R4_axisWTA_cen//0005/L1_object_data_5137_processed.root
hadd Source file 499: /eos/cms/store/group/phys_heavyions/jvelazqu/energycorr/condor_R4_axisWTA_cen//0000/L1_object_data_546_processed.root
hadd Source file 514: /eos/cms/store/group/phys_heavyions/jvelazqu/energycorr/condor_R4_axisWTA_cen//0003/L1_object_data_3948_processed.root
hadd Source file 527: /eos/cms/store/group/phys_heavyions/jvelazqu/energycorr/condor_R4_axisWTA_cen//0006/L1_object_data_972_processed.root
hadd Source file 522: /eos/cms/store/group/phys_heavyions/jvelazqu/energycorr/condor_R4_axisWTA_cen//0001/L1_object_data_1323_processed.root
hadd Source file 422: /eos/cms/store/group/phys_heavyions/jvelazqu/energycorr/condor_R4_axisWTA_cen//0005/L1_object_data_5671_processed.root
hadd Source file 552: /eos/cms/store/group/phys_heavyions/jvelazqu/energycorr/condor_R4_axisWTA_cen//0002/L1_object_data_2776_processed.root
hadd Source file 520: /eos/cms/store/group/phys_heavyions/jvelazqu/energycorr/condor_R4_axisWTA_cen//0004/L1_object_data_4559_processed.root
hadd Source file 565: /eos/cms/store/group/phys_heavyions/jvelazqu/energycorr/condor_R4_axisWTA_cen//0002/L1_object_data_2184_processed.root
hadd Source file 528: /eos/cms/store/group/phys_heavyions/jvelazqu/energycorr/condor_R4_axisWTA_cen//0006/L1_object_data_973_processed.root
hadd Source file 494: /eos/cms/store/group/phys_heavyions/jvelazqu/energycorr/condor_R4_axisWTA_cen//0005/L1_object_data_5138_processed.root
hadd Source file 515: /eos/cms/store/group/phys_heavyions/jvelazqu/energycorr/condor_R4_axisWTA_cen//0003/L1_object_data_3949_processed.root
hadd Source file 523: /eos/cms/store/group/phys_heavyions/jvelazqu/energycorr/condor_R4_axisWTA_cen//0001/L1_object_data_1324_processed.root
hadd Source file 423: /eos/cms/store/group/phys_heavyions/jvelazqu/energycorr/condor_R4_axisWTA_cen//0005/L1_object_data_5672_processed.root
hadd Source file 553: /eos/cms/store/group/phys_heavyions/jvelazqu/energycorr/condor_R4_axisWTA_cen//0002/L1_object_data_2777_processed.root
hadd Source file 529: /eos/cms/store/group/phys_heavyions/jvelazqu/energycorr/condor_R4_axisWTA_cen//0006/L1_object_data_974_processed.root
hadd Source file 500: /eos/cms/store/group/phys_heavyions/jvelazqu/energycorr/condor_R4_axisWTA_cen//0000/L1_object_data_547_processed.root
hadd Source file 495: /eos/cms/store/group/phys_heavyions/jvelazqu/energycorr/condor_R4_axisWTA_cen//0005/L1_object_data_5139_processed.root
hadd Source file 521: /eos/cms/store/group/phys_heavyions/jvelazqu/energycorr/condor_R4_axisWTA_cen//0004/L1_object_data_4560_processed.root
hadd Source file 424: /eos/cms/store/group/phys_heavyions/jvelazqu/energycorr/condor_R4_axisWTA_cen//0005/L1_object_data_5673_processed.root
hadd Source file 566: /eos/cms/store/group/phys_heavyions/jvelazqu/energycorr/condor_R4_axisWTA_cen//0002/L1_object_data_2185_processed.root
hadd Source file 554: /eos/cms/store/group/phys_heavyions/jvelazqu/energycorr/condor_R4_axisWTA_cen//0002/L1_object_data_2778_processed.root
hadd Source file 524: /eos/cms/store/group/phys_heavyions/jvelazqu/energycorr/condor_R4_axisWTA_cen//0001/L1_object_data_1325_processed.root
hadd Source file 516: /eos/cms/store/group/phys_heavyions/jvelazqu/energycorr/condor_R4_axisWTA_cen//0003/L1_object_data_3950_processed.root
hadd Source file 522: /eos/cms/store/group/phys_heavyions/jvelazqu/energycorr/condor_R4_axisWTA_cen//0003/L1_object_data_3351_processed.root
hadd Source file 530: /eos/cms/store/group/phys_heavyions/jvelazqu/energycorr/condor_R4_axisWTA_cen//0006/L1_object_data_975_processed.root
hadd Source file 501: /eos/cms/store/group/phys_heavyions/jvelazqu/energycorr/condor_R4_axisWTA_cen//0000/L1_object_data_548_processed.root
hadd Source file 496: /eos/cms/store/group/phys_heavyions/jvelazqu/energycorr/condor_R4_axisWTA_cen//0005/L1_object_data_5140_processed.root
hadd Source file 517: /eos/cms/store/group/phys_heavyions/jvelazqu/energycorr/condor_R4_axisWTA_cen//0003/L1_object_data_3951_processed.root
hadd Source file 425: /eos/cms/store/group/phys_heavyions/jvelazqu/energycorr/condor_R4_axisWTA_cen//0005/L1_object_data_5674_processed.root
hadd Source file 525: /eos/cms/store/group/phys_heavyions/jvelazqu/energycorr/condor_R4_axisWTA_cen//0001/L1_object_data_1326_processed.root
hadd Source file 522: /eos/cms/store/group/phys_heavyions/jvelazqu/energycorr/condor_R4_axisWTA_cen//0004/L1_object_data_4561_processed.root
hadd Source file 523: /eos/cms/store/group/phys_heavyions/jvelazqu/energycorr/condor_R4_axisWTA_cen//0003/L1_object_data_3352_processed.root
hadd Source file 531: /eos/cms/store/group/phys_heavyions/jvelazqu/energycorr/condor_R4_axisWTA_cen//0006/L1_object_data_976_processed.root
hadd Source file 502: /eos/cms/store/group/phys_heavyions/jvelazqu/energycorr/condor_R4_axisWTA_cen//0000/L1_object_data_549_processed.root
hadd Source file 497: /eos/cms/store/group/phys_heavyions/jvelazqu/energycorr/condor_R4_axisWTA_cen//0005/L1_object_data_5141_processed.root
hadd Source file 426: /eos/cms/store/group/phys_heavyions/jvelazqu/energycorr/condor_R4_axisWTA_cen//0005/L1_object_data_5675_processed.root
hadd Source file 503: /eos/cms/store/group/phys_heavyions/jvelazqu/energycorr/condor_R4_axisWTA_cen//0000/L1_object_data_550_processed.root
hadd Source file 524: /eos/cms/store/group/phys_heavyions/jvelazqu/energycorr/condor_R4_axisWTA_cen//0003/L1_object_data_3353_processed.root
hadd Source file 532: /eos/cms/store/group/phys_heavyions/jvelazqu/energycorr/condor_R4_axisWTA_cen//0006/L1_object_data_977_processed.root
hadd Source file 518: /eos/cms/store/group/phys_heavyions/jvelazqu/energycorr/condor_R4_axisWTA_cen//0003/L1_object_data_3952_processed.root
hadd Source file 526: /eos/cms/store/group/phys_heavyions/jvelazqu/energycorr/condor_R4_axisWTA_cen//0001/L1_object_data_1327_processed.root
hadd Source file 533: /eos/cms/store/group/phys_heavyions/jvelazqu/energycorr/condor_R4_axisWTA_cen//0006/L1_object_data_978_processed.root
hadd Source file 498: /eos/cms/store/group/phys_heavyions/jvelazqu/energycorr/condor_R4_axisWTA_cen//0005/L1_object_data_5142_processed.root
hadd Source file 519: /eos/cms/store/group/phys_heavyions/jvelazqu/energycorr/condor_R4_axisWTA_cen//0003/L1_object_data_3953_processed.root
hadd Source file 525: /eos/cms/store/group/phys_heavyions/jvelazqu/energycorr/condor_R4_axisWTA_cen//0003/L1_object_data_3354_processed.root
hadd Source file 527: /eos/cms/store/group/phys_heavyions/jvelazqu/energycorr/condor_R4_axisWTA_cen//0001/L1_object_data_1328_processed.root
hadd Source file 567: /eos/cms/store/group/phys_heavyions/jvelazqu/energycorr/condor_R4_axisWTA_cen//0002/L1_object_data_2186_processed.root
hadd Source file 520: /eos/cms/store/group/phys_heavyions/jvelazqu/energycorr/condor_R4_axisWTA_cen//0003/L1_object_data_3954_processed.root
hadd Source file 499: /eos/cms/store/group/phys_heavyions/jvelazqu/energycorr/condor_R4_axisWTA_cen//0005/L1_object_data_5143_processed.root
hadd Source file 555: /eos/cms/store/group/phys_heavyions/jvelazqu/energycorr/condor_R4_axisWTA_cen//0002/L1_object_data_2779_processed.root
hadd Source file 504: /eos/cms/store/group/phys_heavyions/jvelazqu/energycorr/condor_R4_axisWTA_cen//0000/L1_object_data_552_processed.root
hadd Source file 528: /eos/cms/store/group/phys_heavyions/jvelazqu/energycorr/condor_R4_axisWTA_cen//0001/L1_object_data_1329_processed.root
hadd Source file 526: /eos/cms/store/group/phys_heavyions/jvelazqu/energycorr/condor_R4_axisWTA_cen//0003/L1_object_data_3355_processed.root
hadd Source file 521: /eos/cms/store/group/phys_heavyions/jvelazqu/energycorr/condor_R4_axisWTA_cen//0003/L1_object_data_3955_processed.root
hadd Source file 568: /eos/cms/store/group/phys_heavyions/jvelazqu/energycorr/condor_R4_axisWTA_cen//0002/L1_object_data_2187_processed.root
hadd Source file 500: /eos/cms/store/group/phys_heavyions/jvelazqu/energycorr/condor_R4_axisWTA_cen//0005/L1_object_data_5144_processed.root
hadd Source file 505: /eos/cms/store/group/phys_heavyions/jvelazqu/energycorr/condor_R4_axisWTA_cen//0000/L1_object_data_553_processed.root
hadd Source file 523: /eos/cms/store/group/phys_heavyions/jvelazqu/energycorr/condor_R4_axisWTA_cen//0004/L1_object_data_4562_processed.root
hadd Source file 527: /eos/cms/store/group/phys_heavyions/jvelazqu/energycorr/condor_R4_axisWTA_cen//0003/L1_object_data_3356_processed.root
hadd Source file 529: /eos/cms/store/group/phys_heavyions/jvelazqu/energycorr/condor_R4_axisWTA_cen//0001/L1_object_data_1330_processed.root
hadd Source file 569: /eos/cms/store/group/phys_heavyions/jvelazqu/energycorr/condor_R4_axisWTA_cen//0002/L1_object_data_2188_processed.root
hadd Source file 556: /eos/cms/store/group/phys_heavyions/jvelazqu/energycorr/condor_R4_axisWTA_cen//0002/L1_object_data_2780_processed.root
hadd Source file 534: /eos/cms/store/group/phys_heavyions/jvelazqu/energycorr/condor_R4_axisWTA_cen//0006/L1_object_data_979_processed.root
hadd Source file 522: /eos/cms/store/group/phys_heavyions/jvelazqu/energycorr/condor_R4_axisWTA_cen//0003/L1_object_data_3956_processed.root
hadd Source file 501: /eos/cms/store/group/phys_heavyions/jvelazqu/energycorr/condor_R4_axisWTA_cen//0005/L1_object_data_5145_processed.root
hadd Source file 524: /eos/cms/store/group/phys_heavyions/jvelazqu/energycorr/condor_R4_axisWTA_cen//0004/L1_object_data_4563_processed.root
hadd Source file 427: /eos/cms/store/group/phys_heavyions/jvelazqu/energycorr/condor_R4_axisWTA_cen//0005/L1_object_data_5676_processed.root
hadd Source file 557: /eos/cms/store/group/phys_heavyions/jvelazqu/energycorr/condor_R4_axisWTA_cen//0002/L1_object_data_2781_processed.root
hadd Source file 570: /eos/cms/store/group/phys_heavyions/jvelazqu/energycorr/condor_R4_axisWTA_cen//0002/L1_object_data_2189_processed.root
hadd Source file 528: /eos/cms/store/group/phys_heavyions/jvelazqu/energycorr/condor_R4_axisWTA_cen//0003/L1_object_data_3357_processed.root
hadd Source file 530: /eos/cms/store/group/phys_heavyions/jvelazqu/energycorr/condor_R4_axisWTA_cen//0001/L1_object_data_1331_processed.root
hadd Source file 502: /eos/cms/store/group/phys_heavyions/jvelazqu/energycorr/condor_R4_axisWTA_cen//0005/L1_object_data_5146_processed.root
hadd Source file 523: /eos/cms/store/group/phys_heavyions/jvelazqu/energycorr/condor_R4_axisWTA_cen//0003/L1_object_data_3957_processed.root
hadd Source file 525: /eos/cms/store/group/phys_heavyions/jvelazqu/energycorr/condor_R4_axisWTA_cen//0004/L1_object_data_4564_processed.root
hadd Source file 428: /eos/cms/store/group/phys_heavyions/jvelazqu/energycorr/condor_R4_axisWTA_cen//0005/L1_object_data_5677_processed.root
hadd Source file 535: /eos/cms/store/group/phys_heavyions/jvelazqu/energycorr/condor_R4_axisWTA_cen//0006/L1_object_data_980_processed.root
hadd Source file 558: /eos/cms/store/group/phys_heavyions/jvelazqu/energycorr/condor_R4_axisWTA_cen//0002/L1_object_data_2782_processed.root
hadd Source file 571: /eos/cms/store/group/phys_heavyions/jvelazqu/energycorr/condor_R4_axisWTA_cen//0002/L1_object_data_2190_processed.root
hadd Source file 529: /eos/cms/store/group/phys_heavyions/jvelazqu/energycorr/condor_R4_axisWTA_cen//0003/L1_object_data_3358_processed.root
hadd Source file 524: /eos/cms/store/group/phys_heavyions/jvelazqu/energycorr/condor_R4_axisWTA_cen//0003/L1_object_data_3958_processed.root
hadd Source file 526: /eos/cms/store/group/phys_heavyions/jvelazqu/energycorr/condor_R4_axisWTA_cen//0004/L1_object_data_4565_processed.root
hadd Source file 503: /eos/cms/store/group/phys_heavyions/jvelazqu/energycorr/condor_R4_axisWTA_cen//0005/L1_object_data_5147_processed.root
hadd Source file 572: /eos/cms/store/group/phys_heavyions/jvelazqu/energycorr/condor_R4_axisWTA_cen//0002/L1_object_data_2191_processed.root
hadd Source file 506: /eos/cms/store/group/phys_heavyions/jvelazqu/energycorr/condor_R4_axisWTA_cen//0000/L1_object_data_554_processed.root
hadd Source file 429: /eos/cms/store/group/phys_heavyions/jvelazqu/energycorr/condor_R4_axisWTA_cen//0005/L1_object_data_5678_processed.root
hadd Source file 525: /eos/cms/store/group/phys_heavyions/jvelazqu/energycorr/condor_R4_axisWTA_cen//0003/L1_object_data_3959_processed.root
hadd Source file 527: /eos/cms/store/group/phys_heavyions/jvelazqu/energycorr/condor_R4_axisWTA_cen//0004/L1_object_data_4566_processed.root
hadd Source file 530: /eos/cms/store/group/phys_heavyions/jvelazqu/energycorr/condor_R4_axisWTA_cen//0003/L1_object_data_3359_processed.root
hadd Source file 526: /eos/cms/store/group/phys_heavyions/jvelazqu/energycorr/condor_R4_axisWTA_cen//0003/L1_object_data_3960_processed.root
hadd Source file 504: /eos/cms/store/group/phys_heavyions/jvelazqu/energycorr/condor_R4_axisWTA_cen//0005/L1_object_data_5148_processed.root
hadd Source file 528: /eos/cms/store/group/phys_heavyions/jvelazqu/energycorr/condor_R4_axisWTA_cen//0004/L1_object_data_4567_processed.root
hadd Source file 430: /eos/cms/store/group/phys_heavyions/jvelazqu/energycorr/condor_R4_axisWTA_cen//0005/L1_object_data_5679_processed.root
hadd Source file 531: /eos/cms/store/group/phys_heavyions/jvelazqu/energycorr/condor_R4_axisWTA_cen//0003/L1_object_data_3360_processed.root
hadd Source file 507: /eos/cms/store/group/phys_heavyions/jvelazqu/energycorr/condor_R4_axisWTA_cen//0000/L1_object_data_555_processed.root
hadd Source file 573: /eos/cms/store/group/phys_heavyions/jvelazqu/energycorr/condor_R4_axisWTA_cen//0002/L1_object_data_2192_processed.root
hadd Source file 505: /eos/cms/store/group/phys_heavyions/jvelazqu/energycorr/condor_R4_axisWTA_cen//0005/L1_object_data_5149_processed.root
hadd Source file 527: /eos/cms/store/group/phys_heavyions/jvelazqu/energycorr/condor_R4_axisWTA_cen//0003/L1_object_data_3961_processed.root
hadd Source file 532: /eos/cms/store/group/phys_heavyions/jvelazqu/energycorr/condor_R4_axisWTA_cen//0003/L1_object_data_3361_processed.root
hadd Source file 529: /eos/cms/store/group/phys_heavyions/jvelazqu/energycorr/condor_R4_axisWTA_cen//0004/L1_object_data_4568_processed.root
hadd Source file 508: /eos/cms/store/group/phys_heavyions/jvelazqu/energycorr/condor_R4_axisWTA_cen//0000/L1_object_data_556_processed.root
hadd Source file 536: /eos/cms/store/group/phys_heavyions/jvelazqu/energycorr/condor_R4_axisWTA_cen//0006/L1_object_data_981_processed.root
hadd Source file 531: /eos/cms/store/group/phys_heavyions/jvelazqu/energycorr/condor_R4_axisWTA_cen//0001/L1_object_data_1332_processed.root
hadd Source file 574: /eos/cms/store/group/phys_heavyions/jvelazqu/energycorr/condor_R4_axisWTA_cen//0002/L1_object_data_2193_processed.root
hadd Source file 559: /eos/cms/store/group/phys_heavyions/jvelazqu/energycorr/condor_R4_axisWTA_cen//0002/L1_object_data_2783_processed.root
hadd Source file 431: /eos/cms/store/group/phys_heavyions/jvelazqu/energycorr/condor_R4_axisWTA_cen//0005/L1_object_data_5680_processed.root
hadd Source file 533: /eos/cms/store/group/phys_heavyions/jvelazqu/energycorr/condor_R4_axisWTA_cen//0003/L1_object_data_3362_processed.root
hadd Source file 506: /eos/cms/store/group/phys_heavyions/jvelazqu/energycorr/condor_R4_axisWTA_cen//0005/L1_object_data_5150_processed.root
hadd Source file 528: /eos/cms/store/group/phys_heavyions/jvelazqu/energycorr/condor_R4_axisWTA_cen//0003/L1_object_data_3962_processed.root
hadd Source file 530: /eos/cms/store/group/phys_heavyions/jvelazqu/energycorr/condor_R4_axisWTA_cen//0004/L1_object_data_4569_processed.root
hadd Source file 509: /eos/cms/store/group/phys_heavyions/jvelazqu/energycorr/condor_R4_axisWTA_cen//0000/L1_object_data_557_processed.root
hadd Source file 575: /eos/cms/store/group/phys_heavyions/jvelazqu/energycorr/condor_R4_axisWTA_cen//0002/L1_object_data_2194_processed.root
hadd Source file 537: /eos/cms/store/group/phys_heavyions/jvelazqu/energycorr/condor_R4_axisWTA_cen//0006/L1_object_data_982_processed.root
hadd Source file 560: /eos/cms/store/group/phys_heavyions/jvelazqu/energycorr/condor_R4_axisWTA_cen//0002/L1_object_data_2784_processed.root
hadd Source file 532: /eos/cms/store/group/phys_heavyions/jvelazqu/energycorr/condor_R4_axisWTA_cen//0001/L1_object_data_1333_processed.root
hadd Source file 534: /eos/cms/store/group/phys_heavyions/jvelazqu/energycorr/condor_R4_axisWTA_cen//0003/L1_object_data_3363_processed.root
hadd Source file 507: /eos/cms/store/group/phys_heavyions/jvelazqu/energycorr/condor_R4_axisWTA_cen//0005/L1_object_data_5151_processed.root
hadd Source file 510: /eos/cms/store/group/phys_heavyions/jvelazqu/energycorr/condor_R4_axisWTA_cen//0000/L1_object_data_558_processed.root
hadd Source file 531: /eos/cms/store/group/phys_heavyions/jvelazqu/energycorr/condor_R4_axisWTA_cen//0004/L1_object_data_4570_processed.root
hadd Source file 533: /eos/cms/store/group/phys_heavyions/jvelazqu/energycorr/condor_R4_axisWTA_cen//0001/L1_object_data_1334_processed.root
hadd Source file 561: /eos/cms/store/group/phys_heavyions/jvelazqu/energycorr/condor_R4_axisWTA_cen//0002/L1_object_data_2785_processed.root
hadd Source file 538: /eos/cms/store/group/phys_heavyions/jvelazqu/energycorr/condor_R4_axisWTA_cen//0006/L1_object_data_983_processed.root
hadd Source file 529: /eos/cms/store/group/phys_heavyions/jvelazqu/energycorr/condor_R4_axisWTA_cen//0003/L1_object_data_3963_processed.root
hadd Source file 508: /eos/cms/store/group/phys_heavyions/jvelazqu/energycorr/condor_R4_axisWTA_cen//0005/L1_object_data_5152_processed.root
hadd Source file 535: /eos/cms/store/group/phys_heavyions/jvelazqu/energycorr/condor_R4_axisWTA_cen//0003/L1_object_data_3364_processed.root
hadd Source file 576: /eos/cms/store/group/phys_heavyions/jvelazqu/energycorr/condor_R4_axisWTA_cen//0002/L1_object_data_2195_processed.root
hadd Source file 532: /eos/cms/store/group/phys_heavyions/jvelazqu/energycorr/condor_R4_axisWTA_cen//0004/L1_object_data_4571_processed.root
hadd Source file 511: /eos/cms/store/group/phys_heavyions/jvelazqu/energycorr/condor_R4_axisWTA_cen//0000/L1_object_data_559_processed.root
hadd Source file 530: /eos/cms/store/group/phys_heavyions/jvelazqu/energycorr/condor_R4_axisWTA_cen//0003/L1_object_data_3964_processed.root
hadd Source file 539: /eos/cms/store/group/phys_heavyions/jvelazqu/energycorr/condor_R4_axisWTA_cen//0006/L1_object_data_984_processed.root
hadd Source file 562: /eos/cms/store/group/phys_heavyions/jvelazqu/energycorr/condor_R4_axisWTA_cen//0002/L1_object_data_2786_processed.root
hadd Source file 536: /eos/cms/store/group/phys_heavyions/jvelazqu/energycorr/condor_R4_axisWTA_cen//0003/L1_object_data_3365_processed.root
hadd Source file 533: /eos/cms/store/group/phys_heavyions/jvelazqu/energycorr/condor_R4_axisWTA_cen//0004/L1_object_data_4572_processed.root
hadd Source file 540: /eos/cms/store/group/phys_heavyions/jvelazqu/energycorr/condor_R4_axisWTA_cen//0006/L1_object_data_985_processed.root
hadd Source file 509: /eos/cms/store/group/phys_heavyions/jvelazqu/energycorr/condor_R4_axisWTA_cen//0005/L1_object_data_5153_processed.root
hadd Source file 512: /eos/cms/store/group/phys_heavyions/jvelazqu/energycorr/condor_R4_axisWTA_cen//0000/L1_object_data_560_processed.root
hadd Source file 563: /eos/cms/store/group/phys_heavyions/jvelazqu/energycorr/condor_R4_axisWTA_cen//0002/L1_object_data_2787_processed.root
hadd Source file 577: /eos/cms/store/group/phys_heavyions/jvelazqu/energycorr/condor_R4_axisWTA_cen//0002/L1_object_data_2196_processed.root
hadd Source file 510: /eos/cms/store/group/phys_heavyions/jvelazqu/energycorr/condor_R4_axisWTA_cen//0005/L1_object_data_5154_processed.root
hadd Source file 541: /eos/cms/store/group/phys_heavyions/jvelazqu/energycorr/condor_R4_axisWTA_cen//0006/L1_object_data_986_processed.root
hadd Source file 531: /eos/cms/store/group/phys_heavyions/jvelazqu/energycorr/condor_R4_axisWTA_cen//0003/L1_object_data_3965_processed.root
hadd Source file 534: /eos/cms/store/group/phys_heavyions/jvelazqu/energycorr/condor_R4_axisWTA_cen//0004/L1_object_data_4573_processed.root
hadd Source file 564: /eos/cms/store/group/phys_heavyions/jvelazqu/energycorr/condor_R4_axisWTA_cen//0002/L1_object_data_2788_processed.root
hadd Source file 513: /eos/cms/store/group/phys_heavyions/jvelazqu/energycorr/condor_R4_axisWTA_cen//0000/L1_object_data_561_processed.root
hadd Source file 578: /eos/cms/store/group/phys_heavyions/jvelazqu/energycorr/condor_R4_axisWTA_cen//0002/L1_object_data_2197_processed.root
hadd Source file 511: /eos/cms/store/group/phys_heavyions/jvelazqu/energycorr/condor_R4_axisWTA_cen//0005/L1_object_data_5155_processed.root
hadd Source file 514: /eos/cms/store/group/phys_heavyions/jvelazqu/energycorr/condor_R4_axisWTA_cen//0000/L1_object_data_562_processed.root
hadd Source file 535: /eos/cms/store/group/phys_heavyions/jvelazqu/energycorr/condor_R4_axisWTA_cen//0004/L1_object_data_4574_processed.root
hadd Source file 534: /eos/cms/store/group/phys_heavyions/jvelazqu/energycorr/condor_R4_axisWTA_cen//0001/L1_object_data_1335_processed.root
hadd Source file 532: /eos/cms/store/group/phys_heavyions/jvelazqu/energycorr/condor_R4_axisWTA_cen//0003/L1_object_data_3966_processed.root
hadd Source file 565: /eos/cms/store/group/phys_heavyions/jvelazqu/energycorr/condor_R4_axisWTA_cen//0002/L1_object_data_2789_processed.root
hadd Source file 512: /eos/cms/store/group/phys_heavyions/jvelazqu/energycorr/condor_R4_axisWTA_cen//0005/L1_object_data_5156_processed.root
hadd Source file 515: /eos/cms/store/group/phys_heavyions/jvelazqu/energycorr/condor_R4_axisWTA_cen//0000/L1_object_data_563_processed.root
hadd Source file 536: /eos/cms/store/group/phys_heavyions/jvelazqu/energycorr/condor_R4_axisWTA_cen//0004/L1_object_data_4575_processed.root
hadd Source file 535: /eos/cms/store/group/phys_heavyions/jvelazqu/energycorr/condor_R4_axisWTA_cen//0001/L1_object_data_1336_processed.root
hadd Source file 513: /eos/cms/store/group/phys_heavyions/jvelazqu/energycorr/condor_R4_axisWTA_cen//0005/L1_object_data_5157_processed.root
hadd Source file 516: /eos/cms/store/group/phys_heavyions/jvelazqu/energycorr/condor_R4_axisWTA_cen//0000/L1_object_data_564_processed.root
hadd Source file 537: /eos/cms/store/group/phys_heavyions/jvelazqu/energycorr/condor_R4_axisWTA_cen//0004/L1_object_data_4576_processed.root
hadd Source file 536: /eos/cms/store/group/phys_heavyions/jvelazqu/energycorr/condor_R4_axisWTA_cen//0001/L1_object_data_1337_processed.root
hadd Source file 517: /eos/cms/store/group/phys_heavyions/jvelazqu/energycorr/condor_R4_axisWTA_cen//0000/L1_object_data_565_processed.root
hadd Source file 566: /eos/cms/store/group/phys_heavyions/jvelazqu/energycorr/condor_R4_axisWTA_cen//0002/L1_object_data_2790_processed.root
hadd Source file 514: /eos/cms/store/group/phys_heavyions/jvelazqu/energycorr/condor_R4_axisWTA_cen//0005/L1_object_data_5158_processed.root
hadd Source file 537: /eos/cms/store/group/phys_heavyions/jvelazqu/energycorr/condor_R4_axisWTA_cen//0003/L1_object_data_3366_processed.root
hadd Source file 542: /eos/cms/store/group/phys_heavyions/jvelazqu/energycorr/condor_R4_axisWTA_cen//0006/L1_object_data_987_processed.root
hadd Source file 579: /eos/cms/store/group/phys_heavyions/jvelazqu/energycorr/condor_R4_axisWTA_cen//0002/L1_object_data_2198_processed.root
hadd Source file 538: /eos/cms/store/group/phys_heavyions/jvelazqu/energycorr/condor_R4_axisWTA_cen//0004/L1_object_data_4577_processed.root
hadd Source file 518: /eos/cms/store/group/phys_heavyions/jvelazqu/energycorr/condor_R4_axisWTA_cen//0000/L1_object_data_566_processed.root
hadd Source file 567: /eos/cms/store/group/phys_heavyions/jvelazqu/energycorr/condor_R4_axisWTA_cen//0002/L1_object_data_2791_processed.root
hadd Source file 543: /eos/cms/store/group/phys_heavyions/jvelazqu/energycorr/condor_R4_axisWTA_cen//0006/L1_object_data_988_processed.root
hadd Source file 533: /eos/cms/store/group/phys_heavyions/jvelazqu/energycorr/condor_R4_axisWTA_cen//0003/L1_object_data_3967_processed.root
hadd Source file 538: /eos/cms/store/group/phys_heavyions/jvelazqu/energycorr/condor_R4_axisWTA_cen//0003/L1_object_data_3367_processed.root
hadd Source file 544: /eos/cms/store/group/phys_heavyions/jvelazqu/energycorr/condor_R4_axisWTA_cen//0006/L1_object_data_989_processed.root
hadd Source file 519: /eos/cms/store/group/phys_heavyions/jvelazqu/energycorr/condor_R4_axisWTA_cen//0000/L1_object_data_567_processed.root
hadd Source file 432: /eos/cms/store/group/phys_heavyions/jvelazqu/energycorr/condor_R4_axisWTA_cen//0005/L1_object_data_5681_processed.root
hadd Source file 580: /eos/cms/store/group/phys_heavyions/jvelazqu/energycorr/condor_R4_axisWTA_cen//0002/L1_object_data_2199_processed.root
hadd Source file 539: /eos/cms/store/group/phys_heavyions/jvelazqu/energycorr/condor_R4_axisWTA_cen//0004/L1_object_data_4578_processed.root
hadd Source file 568: /eos/cms/store/group/phys_heavyions/jvelazqu/energycorr/condor_R4_axisWTA_cen//0002/L1_object_data_2792_processed.root
hadd Source file 539: /eos/cms/store/group/phys_heavyions/jvelazqu/energycorr/condor_R4_axisWTA_cen//0003/L1_object_data_3368_processed.root
hadd Source file 433: /eos/cms/store/group/phys_heavyions/jvelazqu/energycorr/condor_R4_axisWTA_cen//0005/L1_object_data_5682_processed.root
hadd Source file 545: /eos/cms/store/group/phys_heavyions/jvelazqu/energycorr/condor_R4_axisWTA_cen//0006/L1_object_data_990_processed.root
hadd Source file 520: /eos/cms/store/group/phys_heavyions/jvelazqu/energycorr/condor_R4_axisWTA_cen//0000/L1_object_data_568_processed.root
hadd Source file 581: /eos/cms/store/group/phys_heavyions/jvelazqu/energycorr/condor_R4_axisWTA_cen//0002/L1_object_data_2200_processed.root
hadd Source file 569: /eos/cms/store/group/phys_heavyions/jvelazqu/energycorr/condor_R4_axisWTA_cen//0002/L1_object_data_2793_processed.root
hadd Source file 540: /eos/cms/store/group/phys_heavyions/jvelazqu/energycorr/condor_R4_axisWTA_cen//0004/L1_object_data_4579_processed.root
hadd Source file 540: /eos/cms/store/group/phys_heavyions/jvelazqu/energycorr/condor_R4_axisWTA_cen//0003/L1_object_data_3369_processed.root
hadd Source file 546: /eos/cms/store/group/phys_heavyions/jvelazqu/energycorr/condor_R4_axisWTA_cen//0006/L1_object_data_991_processed.root
hadd Source file 521: /eos/cms/store/group/phys_heavyions/jvelazqu/energycorr/condor_R4_axisWTA_cen//0000/L1_object_data_569_processed.root
hadd Source file 434: /eos/cms/store/group/phys_heavyions/jvelazqu/energycorr/condor_R4_axisWTA_cen//0005/L1_object_data_5683_processed.root
hadd Source file 582: /eos/cms/store/group/phys_heavyions/jvelazqu/energycorr/condor_R4_axisWTA_cen//0002/L1_object_data_2201_processed.root
hadd Source file 541: /eos/cms/store/group/phys_heavyions/jvelazqu/energycorr/condor_R4_axisWTA_cen//0003/L1_object_data_3370_processed.root
hadd Source file 515: /eos/cms/store/group/phys_heavyions/jvelazqu/energycorr/condor_R4_axisWTA_cen//0005/L1_object_data_5159_processed.root
hadd Source file 541: /eos/cms/store/group/phys_heavyions/jvelazqu/energycorr/condor_R4_axisWTA_cen//0004/L1_object_data_4580_processed.root
hadd Source file 435: /eos/cms/store/group/phys_heavyions/jvelazqu/energycorr/condor_R4_axisWTA_cen//0005/L1_object_data_5684_processed.root
hadd Source file 522: /eos/cms/store/group/phys_heavyions/jvelazqu/energycorr/condor_R4_axisWTA_cen//0000/L1_object_data_570_processed.root
hadd Source file 570: /eos/cms/store/group/phys_heavyions/jvelazqu/energycorr/condor_R4_axisWTA_cen//0002/L1_object_data_2794_processed.root
hadd Source file 547: /eos/cms/store/group/phys_heavyions/jvelazqu/energycorr/condor_R4_axisWTA_cen//0006/L1_object_data_992_processed.root
hadd Source file 516: /eos/cms/store/group/phys_heavyions/jvelazqu/energycorr/condor_R4_axisWTA_cen//0005/L1_object_data_5160_processed.root
hadd Source file 583: /eos/cms/store/group/phys_heavyions/jvelazqu/energycorr/condor_R4_axisWTA_cen//0002/L1_object_data_2202_processed.root
hadd Source file 542: /eos/cms/store/group/phys_heavyions/jvelazqu/energycorr/condor_R4_axisWTA_cen//0003/L1_object_data_3371_processed.root
hadd Source file 537: /eos/cms/store/group/phys_heavyions/jvelazqu/energycorr/condor_R4_axisWTA_cen//0001/L1_object_data_1338_processed.root
hadd Source file 523: /eos/cms/store/group/phys_heavyions/jvelazqu/energycorr/condor_R4_axisWTA_cen//0000/L1_object_data_571_processed.root
hadd Source file 436: /eos/cms/store/group/phys_heavyions/jvelazqu/energycorr/condor_R4_axisWTA_cen//0005/L1_object_data_5685_processed.root
hadd Source file 571: /eos/cms/store/group/phys_heavyions/jvelazqu/energycorr/condor_R4_axisWTA_cen//0002/L1_object_data_2795_processed.root
hadd Source file 538: /eos/cms/store/group/phys_heavyions/jvelazqu/energycorr/condor_R4_axisWTA_cen//0001/L1_object_data_1339_processed.root
hadd Source file 543: /eos/cms/store/group/phys_heavyions/jvelazqu/energycorr/condor_R4_axisWTA_cen//0003/L1_object_data_3372_processed.root
hadd Source file 524: /eos/cms/store/group/phys_heavyions/jvelazqu/energycorr/condor_R4_axisWTA_cen//0000/L1_object_data_572_processed.root
hadd Source file 437: /eos/cms/store/group/phys_heavyions/jvelazqu/energycorr/condor_R4_axisWTA_cen//0005/L1_object_data_5686_processed.root
hadd Source file 584: /eos/cms/store/group/phys_heavyions/jvelazqu/energycorr/condor_R4_axisWTA_cen//0002/L1_object_data_2203_processed.root
hadd Source file 548: /eos/cms/store/group/phys_heavyions/jvelazqu/energycorr/condor_R4_axisWTA_cen//0006/L1_object_data_993_processed.root
hadd Source file 534: /eos/cms/store/group/phys_heavyions/jvelazqu/energycorr/condor_R4_axisWTA_cen//0003/L1_object_data_3968_processed.root
hadd Source file 539: /eos/cms/store/group/phys_heavyions/jvelazqu/energycorr/condor_R4_axisWTA_cen//0001/L1_object_data_1340_processed.root
hadd Source file 544: /eos/cms/store/group/phys_heavyions/jvelazqu/energycorr/condor_R4_axisWTA_cen//0003/L1_object_data_3373_processed.root
hadd Source file 525: /eos/cms/store/group/phys_heavyions/jvelazqu/energycorr/condor_R4_axisWTA_cen//0000/L1_object_data_573_processed.root
hadd Source file 585: /eos/cms/store/group/phys_heavyions/jvelazqu/energycorr/condor_R4_axisWTA_cen//0002/L1_object_data_2204_processed.root
hadd Source file 535: /eos/cms/store/group/phys_heavyions/jvelazqu/energycorr/condor_R4_axisWTA_cen//0003/L1_object_data_3969_processed.root
hadd Source file 549: /eos/cms/store/group/phys_heavyions/jvelazqu/energycorr/condor_R4_axisWTA_cen//0006/L1_object_data_994_processed.root
hadd Source file 540: /eos/cms/store/group/phys_heavyions/jvelazqu/energycorr/condor_R4_axisWTA_cen//0001/L1_object_data_1341_processed.root
hadd Source file 572: /eos/cms/store/group/phys_heavyions/jvelazqu/energycorr/condor_R4_axisWTA_cen//0002/L1_object_data_2796_processed.root
hadd Source file 438: /eos/cms/store/group/phys_heavyions/jvelazqu/energycorr/condor_R4_axisWTA_cen//0005/L1_object_data_5687_processed.root
hadd Source file 545: /eos/cms/store/group/phys_heavyions/jvelazqu/energycorr/condor_R4_axisWTA_cen//0003/L1_object_data_3374_processed.root
hadd Source file 526: /eos/cms/store/group/phys_heavyions/jvelazqu/energycorr/condor_R4_axisWTA_cen//0000/L1_object_data_574_processed.root
hadd Source file 550: /eos/cms/store/group/phys_heavyions/jvelazqu/energycorr/condor_R4_axisWTA_cen//0006/L1_object_data_995_processed.root
hadd Source file 542: /eos/cms/store/group/phys_heavyions/jvelazqu/energycorr/condor_R4_axisWTA_cen//0004/L1_object_data_4581_processed.root
hadd Source file 439: /eos/cms/store/group/phys_heavyions/jvelazqu/energycorr/condor_R4_axisWTA_cen//0005/L1_object_data_5688_processed.root
hadd Source file 517: /eos/cms/store/group/phys_heavyions/jvelazqu/energycorr/condor_R4_axisWTA_cen//0005/L1_object_data_5161_processed.root
hadd Source file 573: /eos/cms/store/group/phys_heavyions/jvelazqu/energycorr/condor_R4_axisWTA_cen//0002/L1_object_data_2797_processed.root
hadd Source file 527: /eos/cms/store/group/phys_heavyions/jvelazqu/energycorr/condor_R4_axisWTA_cen//0000/L1_object_data_575_processed.root
hadd Source file 546: /eos/cms/store/group/phys_heavyions/jvelazqu/energycorr/condor_R4_axisWTA_cen//0003/L1_object_data_3375_processed.root
hadd Source file 518: /eos/cms/store/group/phys_heavyions/jvelazqu/energycorr/condor_R4_axisWTA_cen//0005/L1_object_data_5162_processed.root
hadd Source file 541: /eos/cms/store/group/phys_heavyions/jvelazqu/energycorr/condor_R4_axisWTA_cen//0001/L1_object_data_1342_processed.root
hadd Source file 440: /eos/cms/store/group/phys_heavyions/jvelazqu/energycorr/condor_R4_axisWTA_cen//0005/L1_object_data_5689_processed.root
hadd Source file 551: /eos/cms/store/group/phys_heavyions/jvelazqu/energycorr/condor_R4_axisWTA_cen//0006/L1_object_data_996_processed.root
hadd Source file 543: /eos/cms/store/group/phys_heavyions/jvelazqu/energycorr/condor_R4_axisWTA_cen//0004/L1_object_data_4582_processed.root
hadd Source file 586: /eos/cms/store/group/phys_heavyions/jvelazqu/energycorr/condor_R4_axisWTA_cen//0002/L1_object_data_2205_processed.root
hadd Source file 528: /eos/cms/store/group/phys_heavyions/jvelazqu/energycorr/condor_R4_axisWTA_cen//0000/L1_object_data_576_processed.root
hadd Source file 574: /eos/cms/store/group/phys_heavyions/jvelazqu/energycorr/condor_R4_axisWTA_cen//0002/L1_object_data_2798_processed.root
hadd Source file 441: /eos/cms/store/group/phys_heavyions/jvelazqu/energycorr/condor_R4_axisWTA_cen//0005/L1_object_data_5690_processed.root
hadd Source file 542: /eos/cms/store/group/phys_heavyions/jvelazqu/energycorr/condor_R4_axisWTA_cen//0001/L1_object_data_1343_processed.root
hadd Source file 519: /eos/cms/store/group/phys_heavyions/jvelazqu/energycorr/condor_R4_axisWTA_cen//0005/L1_object_data_5163_processed.root
hadd Source file 547: /eos/cms/store/group/phys_heavyions/jvelazqu/energycorr/condor_R4_axisWTA_cen//0003/L1_object_data_3376_processed.root
hadd Source file 544: /eos/cms/store/group/phys_heavyions/jvelazqu/energycorr/condor_R4_axisWTA_cen//0004/L1_object_data_4583_processed.root
hadd Source file 529: /eos/cms/store/group/phys_heavyions/jvelazqu/energycorr/condor_R4_axisWTA_cen//0000/L1_object_data_577_processed.root
hadd Source file 587: /eos/cms/store/group/phys_heavyions/jvelazqu/energycorr/condor_R4_axisWTA_cen//0002/L1_object_data_2206_processed.root
hadd Source file 575: /eos/cms/store/group/phys_heavyions/jvelazqu/energycorr/condor_R4_axisWTA_cen//0002/L1_object_data_2799_processed.root
hadd Source file 536: /eos/cms/store/group/phys_heavyions/jvelazqu/energycorr/condor_R4_axisWTA_cen//0003/L1_object_data_3970_processed.root
hadd Source file 548: /eos/cms/store/group/phys_heavyions/jvelazqu/energycorr/condor_R4_axisWTA_cen//0003/L1_object_data_3377_processed.root
hadd Source file 552: /eos/cms/store/group/phys_heavyions/jvelazqu/energycorr/condor_R4_axisWTA_cen//0006/L1_object_data_997_processed.root
hadd Source file 530: /eos/cms/store/group/phys_heavyions/jvelazqu/energycorr/condor_R4_axisWTA_cen//0000/L1_object_data_578_processed.root
hadd Source file 543: /eos/cms/store/group/phys_heavyions/jvelazqu/energycorr/condor_R4_axisWTA_cen//0001/L1_object_data_1344_processed.root
hadd Source file 520: /eos/cms/store/group/phys_heavyions/jvelazqu/energycorr/condor_R4_axisWTA_cen//0005/L1_object_data_5164_processed.root
hadd Source file 545: /eos/cms/store/group/phys_heavyions/jvelazqu/energycorr/condor_R4_axisWTA_cen//0004/L1_object_data_4584_processed.root
hadd Source file 549: /eos/cms/store/group/phys_heavyions/jvelazqu/energycorr/condor_R4_axisWTA_cen//0003/L1_object_data_3378_processed.root
hadd Source file 521: /eos/cms/store/group/phys_heavyions/jvelazqu/energycorr/condor_R4_axisWTA_cen//0005/L1_object_data_5165_processed.root
hadd Source file 588: /eos/cms/store/group/phys_heavyions/jvelazqu/energycorr/condor_R4_axisWTA_cen//0002/L1_object_data_2207_processed.root
hadd Source file 537: /eos/cms/store/group/phys_heavyions/jvelazqu/energycorr/condor_R4_axisWTA_cen//0003/L1_object_data_3971_processed.root
hadd Source file 544: /eos/cms/store/group/phys_heavyions/jvelazqu/energycorr/condor_R4_axisWTA_cen//0001/L1_object_data_1345_processed.root
hadd Source file 553: /eos/cms/store/group/phys_heavyions/jvelazqu/energycorr/condor_R4_axisWTA_cen//0006/L1_object_data_998_processed.root
hadd Source file 531: /eos/cms/store/group/phys_heavyions/jvelazqu/energycorr/condor_R4_axisWTA_cen//0000/L1_object_data_579_processed.root
hadd Source file 550: /eos/cms/store/group/phys_heavyions/jvelazqu/energycorr/condor_R4_axisWTA_cen//0003/L1_object_data_3379_processed.root
hadd Source file 522: /eos/cms/store/group/phys_heavyions/jvelazqu/energycorr/condor_R4_axisWTA_cen//0005/L1_object_data_5166_processed.root
hadd Source file 532: /eos/cms/store/group/phys_heavyions/jvelazqu/energycorr/condor_R4_axisWTA_cen//0000/L1_object_data_580_processed.root
hadd Source file 589: /eos/cms/store/group/phys_heavyions/jvelazqu/energycorr/condor_R4_axisWTA_cen//0002/L1_object_data_2208_processed.root
hadd Source file 546: /eos/cms/store/group/phys_heavyions/jvelazqu/energycorr/condor_R4_axisWTA_cen//0004/L1_object_data_4585_processed.root
hadd Source file 545: /eos/cms/store/group/phys_heavyions/jvelazqu/energycorr/condor_R4_axisWTA_cen//0001/L1_object_data_1346_processed.root
hadd Source file 551: /eos/cms/store/group/phys_heavyions/jvelazqu/energycorr/condor_R4_axisWTA_cen//0003/L1_object_data_3380_processed.root
hadd Source file 523: /eos/cms/store/group/phys_heavyions/jvelazqu/energycorr/condor_R4_axisWTA_cen//0005/L1_object_data_5167_processed.root
hadd Source file 533: /eos/cms/store/group/phys_heavyions/jvelazqu/energycorr/condor_R4_axisWTA_cen//0000/L1_object_data_581_processed.root
hadd Source file 442: /eos/cms/store/group/phys_heavyions/jvelazqu/energycorr/condor_R4_axisWTA_cen//0005/L1_object_data_5691_processed.root
hadd Source file 547: /eos/cms/store/group/phys_heavyions/jvelazqu/energycorr/condor_R4_axisWTA_cen//0004/L1_object_data_4586_processed.root
hadd Source file 576: /eos/cms/store/group/phys_heavyions/jvelazqu/energycorr/condor_R4_axisWTA_cen//0002/L1_object_data_2800_processed.root
hadd Source file 546: /eos/cms/store/group/phys_heavyions/jvelazqu/energycorr/condor_R4_axisWTA_cen//0001/L1_object_data_1347_processed.root
hadd Source file 524: /eos/cms/store/group/phys_heavyions/jvelazqu/energycorr/condor_R4_axisWTA_cen//0005/L1_object_data_5168_processed.root
hadd Source file 443: /eos/cms/store/group/phys_heavyions/jvelazqu/energycorr/condor_R4_axisWTA_cen//0005/L1_object_data_5692_processed.root
hadd Source file 577: /eos/cms/store/group/phys_heavyions/jvelazqu/energycorr/condor_R4_axisWTA_cen//0002/L1_object_data_2801_processed.root
hadd Source file 548: /eos/cms/store/group/phys_heavyions/jvelazqu/energycorr/condor_R4_axisWTA_cen//0004/L1_object_data_4587_processed.root
hadd Source file 534: /eos/cms/store/group/phys_heavyions/jvelazqu/energycorr/condor_R4_axisWTA_cen//0000/L1_object_data_582_processed.root
hadd Source file 547: /eos/cms/store/group/phys_heavyions/jvelazqu/energycorr/condor_R4_axisWTA_cen//0001/L1_object_data_1348_processed.root
hadd Source file 590: /eos/cms/store/group/phys_heavyions/jvelazqu/energycorr/condor_R4_axisWTA_cen//0002/L1_object_data_2209_processed.root
hadd Source file 554: /eos/cms/store/group/phys_heavyions/jvelazqu/energycorr/condor_R4_axisWTA_cen//0006/L1_object_data_999_processed.root
hadd Source file 525: /eos/cms/store/group/phys_heavyions/jvelazqu/energycorr/condor_R4_axisWTA_cen//0005/L1_object_data_5169_processed.root
hadd Source file 538: /eos/cms/store/group/phys_heavyions/jvelazqu/energycorr/condor_R4_axisWTA_cen//0003/L1_object_data_3972_processed.root
hadd Source file 444: /eos/cms/store/group/phys_heavyions/jvelazqu/energycorr/condor_R4_axisWTA_cen//0005/L1_object_data_5693_processed.root
hadd Source file 549: /eos/cms/store/group/phys_heavyions/jvelazqu/energycorr/condor_R4_axisWTA_cen//0004/L1_object_data_4588_processed.root
hadd Source file 548: /eos/cms/store/group/phys_heavyions/jvelazqu/energycorr/condor_R4_axisWTA_cen//0001/L1_object_data_1349_processed.root
hadd Source file 539: /eos/cms/store/group/phys_heavyions/jvelazqu/energycorr/condor_R4_axisWTA_cen//0003/L1_object_data_3973_processed.root
hadd Source file 591: /eos/cms/store/group/phys_heavyions/jvelazqu/energycorr/condor_R4_axisWTA_cen//0002/L1_object_data_2210_processed.root
hadd Source file 445: /eos/cms/store/group/phys_heavyions/jvelazqu/energycorr/condor_R4_axisWTA_cen//0005/L1_object_data_5694_processed.root
hadd Source file 526: /eos/cms/store/group/phys_heavyions/jvelazqu/energycorr/condor_R4_axisWTA_cen//0005/L1_object_data_5170_processed.root
hadd Source file 552: /eos/cms/store/group/phys_heavyions/jvelazqu/energycorr/condor_R4_axisWTA_cen//0003/L1_object_data_3381_processed.root
hadd Source file 550: /eos/cms/store/group/phys_heavyions/jvelazqu/energycorr/condor_R4_axisWTA_cen//0004/L1_object_data_4589_processed.root
hadd Source file 446: /eos/cms/store/group/phys_heavyions/jvelazqu/energycorr/condor_R4_axisWTA_cen//0005/L1_object_data_5695_processed.root
hadd Source file 553: /eos/cms/store/group/phys_heavyions/jvelazqu/energycorr/condor_R4_axisWTA_cen//0003/L1_object_data_3382_processed.root
hadd Source file 527: /eos/cms/store/group/phys_heavyions/jvelazqu/energycorr/condor_R4_axisWTA_cen//0005/L1_object_data_5171_processed.root
hadd Source file 540: /eos/cms/store/group/phys_heavyions/jvelazqu/energycorr/condor_R4_axisWTA_cen//0003/L1_object_data_3974_processed.root
hadd Source file 551: /eos/cms/store/group/phys_heavyions/jvelazqu/energycorr/condor_R4_axisWTA_cen//0004/L1_object_data_4590_processed.root
hadd Source file 555: /eos/cms/store/group/phys_heavyions/jvelazqu/energycorr/condor_R4_axisWTA_cen//0006/L1_object_data_6000_processed.root
hadd Source file 535: /eos/cms/store/group/phys_heavyions/jvelazqu/energycorr/condor_R4_axisWTA_cen//0000/L1_object_data_583_processed.root
hadd Source file 578: /eos/cms/store/group/phys_heavyions/jvelazqu/energycorr/condor_R4_axisWTA_cen//0002/L1_object_data_2802_processed.root
hadd Source file 447: /eos/cms/store/group/phys_heavyions/jvelazqu/energycorr/condor_R4_axisWTA_cen//0005/L1_object_data_5696_processed.root
hadd Source file 554: /eos/cms/store/group/phys_heavyions/jvelazqu/energycorr/condor_R4_axisWTA_cen//0003/L1_object_data_3383_processed.root
hadd Source file 552: /eos/cms/store/group/phys_heavyions/jvelazqu/energycorr/condor_R4_axisWTA_cen//0004/L1_object_data_4591_processed.root
hadd Source file 541: /eos/cms/store/group/phys_heavyions/jvelazqu/energycorr/condor_R4_axisWTA_cen//0003/L1_object_data_3975_processed.root
hadd Source file 556: /eos/cms/store/group/phys_heavyions/jvelazqu/energycorr/condor_R4_axisWTA_cen//0006/L1_object_data_6001_processed.root
hadd Source file 536: /eos/cms/store/group/phys_heavyions/jvelazqu/energycorr/condor_R4_axisWTA_cen//0000/L1_object_data_584_processed.root
hadd Source file 555: /eos/cms/store/group/phys_heavyions/jvelazqu/energycorr/condor_R4_axisWTA_cen//0003/L1_object_data_3384_processed.root
hadd Source file 579: /eos/cms/store/group/phys_heavyions/jvelazqu/energycorr/condor_R4_axisWTA_cen//0002/L1_object_data_2803_processed.root
hadd Source file 542: /eos/cms/store/group/phys_heavyions/jvelazqu/energycorr/condor_R4_axisWTA_cen//0003/L1_object_data_3976_processed.root
hadd Source file 549: /eos/cms/store/group/phys_heavyions/jvelazqu/energycorr/condor_R4_axisWTA_cen//0001/L1_object_data_1350_processed.root
hadd Source file 553: /eos/cms/store/group/phys_heavyions/jvelazqu/energycorr/condor_R4_axisWTA_cen//0004/L1_object_data_4592_processed.root
hadd Source file 580: /eos/cms/store/group/phys_heavyions/jvelazqu/energycorr/condor_R4_axisWTA_cen//0002/L1_object_data_2804_processed.root
hadd Source file 528: /eos/cms/store/group/phys_heavyions/jvelazqu/energycorr/condor_R4_axisWTA_cen//0005/L1_object_data_5172_processed.root
hadd Source file 557: /eos/cms/store/group/phys_heavyions/jvelazqu/energycorr/condor_R4_axisWTA_cen//0006/L1_object_data_6002_processed.root
hadd Source file 448: /eos/cms/store/group/phys_heavyions/jvelazqu/energycorr/condor_R4_axisWTA_cen//0005/L1_object_data_5697_processed.root
hadd Source file 556: /eos/cms/store/group/phys_heavyions/jvelazqu/energycorr/condor_R4_axisWTA_cen//0003/L1_object_data_3385_processed.root
hadd Source file 537: /eos/cms/store/group/phys_heavyions/jvelazqu/energycorr/condor_R4_axisWTA_cen//0000/L1_object_data_585_processed.root
hadd Source file 558: /eos/cms/store/group/phys_heavyions/jvelazqu/energycorr/condor_R4_axisWTA_cen//0006/L1_object_data_6003_processed.root
hadd Source file 543: /eos/cms/store/group/phys_heavyions/jvelazqu/energycorr/condor_R4_axisWTA_cen//0003/L1_object_data_3977_processed.root
hadd Source file 557: /eos/cms/store/group/phys_heavyions/jvelazqu/energycorr/condor_R4_axisWTA_cen//0003/L1_object_data_3386_processed.root
hadd Source file 529: /eos/cms/store/group/phys_heavyions/jvelazqu/energycorr/condor_R4_axisWTA_cen//0005/L1_object_data_5173_processed.root
hadd Source file 550: /eos/cms/store/group/phys_heavyions/jvelazqu/energycorr/condor_R4_axisWTA_cen//0001/L1_object_data_1351_processed.root
hadd Source file 581: /eos/cms/store/group/phys_heavyions/jvelazqu/energycorr/condor_R4_axisWTA_cen//0002/L1_object_data_2805_processed.root
hadd Source file 554: /eos/cms/store/group/phys_heavyions/jvelazqu/energycorr/condor_R4_axisWTA_cen//0004/L1_object_data_4593_processed.root
hadd Source file 449: /eos/cms/store/group/phys_heavyions/jvelazqu/energycorr/condor_R4_axisWTA_cen//0005/L1_object_data_5698_processed.root
hadd Source file 538: /eos/cms/store/group/phys_heavyions/jvelazqu/energycorr/condor_R4_axisWTA_cen//0000/L1_object_data_586_processed.root
hadd Source file 544: /eos/cms/store/group/phys_heavyions/jvelazqu/energycorr/condor_R4_axisWTA_cen//0003/L1_object_data_3978_processed.root
hadd Source file 558: /eos/cms/store/group/phys_heavyions/jvelazqu/energycorr/condor_R4_axisWTA_cen//0003/L1_object_data_3387_processed.root
hadd Source file 555: /eos/cms/store/group/phys_heavyions/jvelazqu/energycorr/condor_R4_axisWTA_cen//0004/L1_object_data_4594_processed.root
hadd Source file 551: /eos/cms/store/group/phys_heavyions/jvelazqu/energycorr/condor_R4_axisWTA_cen//0001/L1_object_data_1352_processed.root
hadd Source file 539: /eos/cms/store/group/phys_heavyions/jvelazqu/energycorr/condor_R4_axisWTA_cen//0000/L1_object_data_587_processed.root
hadd Source file 450: /eos/cms/store/group/phys_heavyions/jvelazqu/energycorr/condor_R4_axisWTA_cen//0005/L1_object_data_5699_processed.root
hadd Source file 582: /eos/cms/store/group/phys_heavyions/jvelazqu/energycorr/condor_R4_axisWTA_cen//0002/L1_object_data_2806_processed.root
hadd Source file 559: /eos/cms/store/group/phys_heavyions/jvelazqu/energycorr/condor_R4_axisWTA_cen//0003/L1_object_data_3388_processed.root
hadd Source file 540: /eos/cms/store/group/phys_heavyions/jvelazqu/energycorr/condor_R4_axisWTA_cen//0000/L1_object_data_588_processed.root
hadd Source file 556: /eos/cms/store/group/phys_heavyions/jvelazqu/energycorr/condor_R4_axisWTA_cen//0004/L1_object_data_4595_processed.root
hadd Source file 451: /eos/cms/store/group/phys_heavyions/jvelazqu/energycorr/condor_R4_axisWTA_cen//0005/L1_object_data_5700_processed.root
hadd Source file 583: /eos/cms/store/group/phys_heavyions/jvelazqu/energycorr/condor_R4_axisWTA_cen//0002/L1_object_data_2807_processed.root
hadd Source file 552: /eos/cms/store/group/phys_heavyions/jvelazqu/energycorr/condor_R4_axisWTA_cen//0001/L1_object_data_1353_processed.root
hadd Source file 559: /eos/cms/store/group/phys_heavyions/jvelazqu/energycorr/condor_R4_axisWTA_cen//0006/L1_object_data_6004_processed.root
hadd Source file 560: /eos/cms/store/group/phys_heavyions/jvelazqu/energycorr/condor_R4_axisWTA_cen//0003/L1_object_data_3389_processed.root
hadd Source file 541: /eos/cms/store/group/phys_heavyions/jvelazqu/energycorr/condor_R4_axisWTA_cen//0000/L1_object_data_589_processed.root
hadd Source file 557: /eos/cms/store/group/phys_heavyions/jvelazqu/energycorr/condor_R4_axisWTA_cen//0004/L1_object_data_4596_processed.root
hadd Source file 452: /eos/cms/store/group/phys_heavyions/jvelazqu/energycorr/condor_R4_axisWTA_cen//0005/L1_object_data_5701_processed.root
hadd Source file 553: /eos/cms/store/group/phys_heavyions/jvelazqu/energycorr/condor_R4_axisWTA_cen//0001/L1_object_data_1354_processed.root
hadd Source file 530: /eos/cms/store/group/phys_heavyions/jvelazqu/energycorr/condor_R4_axisWTA_cen//0005/L1_object_data_5174_processed.root
hadd Source file 584: /eos/cms/store/group/phys_heavyions/jvelazqu/energycorr/condor_R4_axisWTA_cen//0002/L1_object_data_2808_processed.root
hadd Source file 561: /eos/cms/store/group/phys_heavyions/jvelazqu/energycorr/condor_R4_axisWTA_cen//0003/L1_object_data_3390_processed.root
hadd Source file 542: /eos/cms/store/group/phys_heavyions/jvelazqu/energycorr/condor_R4_axisWTA_cen//0000/L1_object_data_590_processed.root
hadd Source file 560: /eos/cms/store/group/phys_heavyions/jvelazqu/energycorr/condor_R4_axisWTA_cen//0006/L1_object_data_6005_processed.root
hadd Source file 558: /eos/cms/store/group/phys_heavyions/jvelazqu/energycorr/condor_R4_axisWTA_cen//0004/L1_object_data_4597_processed.root
hadd Source file 531: /eos/cms/store/group/phys_heavyions/jvelazqu/energycorr/condor_R4_axisWTA_cen//0005/L1_object_data_5175_processed.root
hadd Source file 585: /eos/cms/store/group/phys_heavyions/jvelazqu/energycorr/condor_R4_axisWTA_cen//0002/L1_object_data_2809_processed.root
hadd Source file 554: /eos/cms/store/group/phys_heavyions/jvelazqu/energycorr/condor_R4_axisWTA_cen//0001/L1_object_data_1355_processed.root
hadd Source file 561: /eos/cms/store/group/phys_heavyions/jvelazqu/energycorr/condor_R4_axisWTA_cen//0006/L1_object_data_6006_processed.root
hadd Source file 543: /eos/cms/store/group/phys_heavyions/jvelazqu/energycorr/condor_R4_axisWTA_cen//0000/L1_object_data_591_processed.root
hadd Source file 562: /eos/cms/store/group/phys_heavyions/jvelazqu/energycorr/condor_R4_axisWTA_cen//0003/L1_object_data_3391_processed.root
hadd Source file 559: /eos/cms/store/group/phys_heavyions/jvelazqu/energycorr/condor_R4_axisWTA_cen//0004/L1_object_data_4598_processed.root
hadd Source file 545: /eos/cms/store/group/phys_heavyions/jvelazqu/energycorr/condor_R4_axisWTA_cen//0003/L1_object_data_3979_processed.root
hadd Source file 562: /eos/cms/store/group/phys_heavyions/jvelazqu/energycorr/condor_R4_axisWTA_cen//0006/L1_object_data_6007_processed.root
hadd Source file 592: /eos/cms/store/group/phys_heavyions/jvelazqu/energycorr/condor_R4_axisWTA_cen//0002/L1_object_data_2211_processed.root
hadd Source file 544: /eos/cms/store/group/phys_heavyions/jvelazqu/energycorr/condor_R4_axisWTA_cen//0000/L1_object_data_592_processed.root
hadd Source file 560: /eos/cms/store/group/phys_heavyions/jvelazqu/energycorr/condor_R4_axisWTA_cen//0004/L1_object_data_4599_processed.root
hadd Source file 563: /eos/cms/store/group/phys_heavyions/jvelazqu/energycorr/condor_R4_axisWTA_cen//0003/L1_object_data_3392_processed.root
hadd Source file 586: /eos/cms/store/group/phys_heavyions/jvelazqu/energycorr/condor_R4_axisWTA_cen//0002/L1_object_data_2810_processed.root
hadd Source file 563: /eos/cms/store/group/phys_heavyions/jvelazqu/energycorr/condor_R4_axisWTA_cen//0006/L1_object_data_6008_processed.root
hadd Source file 532: /eos/cms/store/group/phys_heavyions/jvelazqu/energycorr/condor_R4_axisWTA_cen//0005/L1_object_data_5176_processed.root
hadd Source file 546: /eos/cms/store/group/phys_heavyions/jvelazqu/energycorr/condor_R4_axisWTA_cen//0003/L1_object_data_3980_processed.root
hadd Source file 545: /eos/cms/store/group/phys_heavyions/jvelazqu/energycorr/condor_R4_axisWTA_cen//0000/L1_object_data_593_processed.root
hadd Source file 593: /eos/cms/store/group/phys_heavyions/jvelazqu/energycorr/condor_R4_axisWTA_cen//0002/L1_object_data_2212_processed.root
hadd Source file 561: /eos/cms/store/group/phys_heavyions/jvelazqu/energycorr/condor_R4_axisWTA_cen//0004/L1_object_data_4600_processed.root
hadd Source file 453: /eos/cms/store/group/phys_heavyions/jvelazqu/energycorr/condor_R4_axisWTA_cen//0005/L1_object_data_5702_processed.root
hadd Source file 587: /eos/cms/store/group/phys_heavyions/jvelazqu/energycorr/condor_R4_axisWTA_cen//0002/L1_object_data_2811_processed.root
hadd Source file 533: /eos/cms/store/group/phys_heavyions/jvelazqu/energycorr/condor_R4_axisWTA_cen//0005/L1_object_data_5177_processed.root
hadd Source file 564: /eos/cms/store/group/phys_heavyions/jvelazqu/energycorr/condor_R4_axisWTA_cen//0003/L1_object_data_3393_processed.root
hadd Source file 546: /eos/cms/store/group/phys_heavyions/jvelazqu/energycorr/condor_R4_axisWTA_cen//0000/L1_object_data_595_processed.root
hadd Source file 564: /eos/cms/store/group/phys_heavyions/jvelazqu/energycorr/condor_R4_axisWTA_cen//0006/L1_object_data_6009_processed.root
hadd Source file 547: /eos/cms/store/group/phys_heavyions/jvelazqu/energycorr/condor_R4_axisWTA_cen//0003/L1_object_data_3981_processed.root
hadd Source file 594: /eos/cms/store/group/phys_heavyions/jvelazqu/energycorr/condor_R4_axisWTA_cen//0002/L1_object_data_2213_processed.root
hadd Source file 562: /eos/cms/store/group/phys_heavyions/jvelazqu/energycorr/condor_R4_axisWTA_cen//0004/L1_object_data_4601_processed.root
hadd Source file 454: /eos/cms/store/group/phys_heavyions/jvelazqu/energycorr/condor_R4_axisWTA_cen//0005/L1_object_data_5703_processed.root
hadd Source file 565: /eos/cms/store/group/phys_heavyions/jvelazqu/energycorr/condor_R4_axisWTA_cen//0003/L1_object_data_3394_processed.root
hadd Source file 555: /eos/cms/store/group/phys_heavyions/jvelazqu/energycorr/condor_R4_axisWTA_cen//0001/L1_object_data_1356_processed.root
hadd Source file 548: /eos/cms/store/group/phys_heavyions/jvelazqu/energycorr/condor_R4_axisWTA_cen//0003/L1_object_data_3982_processed.root
hadd Source file 565: /eos/cms/store/group/phys_heavyions/jvelazqu/energycorr/condor_R4_axisWTA_cen//0006/L1_object_data_6010_processed.root
hadd Source file 563: /eos/cms/store/group/phys_heavyions/jvelazqu/energycorr/condor_R4_axisWTA_cen//0004/L1_object_data_4602_processed.root
hadd Source file 595: /eos/cms/store/group/phys_heavyions/jvelazqu/energycorr/condor_R4_axisWTA_cen//0002/L1_object_data_2214_processed.root
hadd Source file 455: /eos/cms/store/group/phys_heavyions/jvelazqu/energycorr/condor_R4_axisWTA_cen//0005/L1_object_data_5704_processed.root
hadd Source file 547: /eos/cms/store/group/phys_heavyions/jvelazqu/energycorr/condor_R4_axisWTA_cen//0000/L1_object_data_596_processed.root
hadd Source file 566: /eos/cms/store/group/phys_heavyions/jvelazqu/energycorr/condor_R4_axisWTA_cen//0003/L1_object_data_3395_processed.root
hadd Source file 556: /eos/cms/store/group/phys_heavyions/jvelazqu/energycorr/condor_R4_axisWTA_cen//0001/L1_object_data_1357_processed.root
hadd Source file 549: /eos/cms/store/group/phys_heavyions/jvelazqu/energycorr/condor_R4_axisWTA_cen//0003/L1_object_data_3983_processed.root
hadd Source file 596: /eos/cms/store/group/phys_heavyions/jvelazqu/energycorr/condor_R4_axisWTA_cen//0002/L1_object_data_2215_processed.root
hadd Source file 456: /eos/cms/store/group/phys_heavyions/jvelazqu/energycorr/condor_R4_axisWTA_cen//0005/L1_object_data_5705_processed.root
hadd Source file 564: /eos/cms/store/group/phys_heavyions/jvelazqu/energycorr/condor_R4_axisWTA_cen//0004/L1_object_data_4603_processed.root
hadd Source file 557: /eos/cms/store/group/phys_heavyions/jvelazqu/energycorr/condor_R4_axisWTA_cen//0001/L1_object_data_1358_processed.root
hadd Source file 548: /eos/cms/store/group/phys_heavyions/jvelazqu/energycorr/condor_R4_axisWTA_cen//0000/L1_object_data_597_processed.root
hadd Source file 567: /eos/cms/store/group/phys_heavyions/jvelazqu/energycorr/condor_R4_axisWTA_cen//0003/L1_object_data_3396_processed.root
hadd Source file 597: /eos/cms/store/group/phys_heavyions/jvelazqu/energycorr/condor_R4_axisWTA_cen//0002/L1_object_data_2216_processed.root
hadd Source file 588: /eos/cms/store/group/phys_heavyions/jvelazqu/energycorr/condor_R4_axisWTA_cen//0002/L1_object_data_2812_processed.root
hadd Source file 534: /eos/cms/store/group/phys_heavyions/jvelazqu/energycorr/condor_R4_axisWTA_cen//0005/L1_object_data_5178_processed.root
hadd Source file 550: /eos/cms/store/group/phys_heavyions/jvelazqu/energycorr/condor_R4_axisWTA_cen//0003/L1_object_data_3984_processed.root
hadd Source file 549: /eos/cms/store/group/phys_heavyions/jvelazqu/energycorr/condor_R4_axisWTA_cen//0000/L1_object_data_598_processed.root
hadd Source file 457: /eos/cms/store/group/phys_heavyions/jvelazqu/energycorr/condor_R4_axisWTA_cen//0005/L1_object_data_5706_processed.root
hadd Source file 568: /eos/cms/store/group/phys_heavyions/jvelazqu/energycorr/condor_R4_axisWTA_cen//0003/L1_object_data_3397_processed.root
hadd Source file 535: /eos/cms/store/group/phys_heavyions/jvelazqu/energycorr/condor_R4_axisWTA_cen//0005/L1_object_data_5179_processed.root
hadd Source file 589: /eos/cms/store/group/phys_heavyions/jvelazqu/energycorr/condor_R4_axisWTA_cen//0002/L1_object_data_2813_processed.root
hadd Source file 598: /eos/cms/store/group/phys_heavyions/jvelazqu/energycorr/condor_R4_axisWTA_cen//0002/L1_object_data_2217_processed.root
hadd Source file 565: /eos/cms/store/group/phys_heavyions/jvelazqu/energycorr/condor_R4_axisWTA_cen//0004/L1_object_data_4604_processed.root
hadd Source file 558: /eos/cms/store/group/phys_heavyions/jvelazqu/energycorr/condor_R4_axisWTA_cen//0001/L1_object_data_1359_processed.root
hadd Source file 551: /eos/cms/store/group/phys_heavyions/jvelazqu/energycorr/condor_R4_axisWTA_cen//0003/L1_object_data_3985_processed.root
hadd Source file 458: /eos/cms/store/group/phys_heavyions/jvelazqu/energycorr/condor_R4_axisWTA_cen//0005/L1_object_data_5707_processed.root
hadd Source file 566: /eos/cms/store/group/phys_heavyions/jvelazqu/energycorr/condor_R4_axisWTA_cen//0006/L1_object_data_6011_processed.root
hadd Source file 569: /eos/cms/store/group/phys_heavyions/jvelazqu/energycorr/condor_R4_axisWTA_cen//0003/L1_object_data_3398_processed.root
hadd Source file 590: /eos/cms/store/group/phys_heavyions/jvelazqu/energycorr/condor_R4_axisWTA_cen//0002/L1_object_data_2814_processed.root
hadd Source file 599: /eos/cms/store/group/phys_heavyions/jvelazqu/energycorr/condor_R4_axisWTA_cen//0002/L1_object_data_2218_processed.root
hadd Source file 552: /eos/cms/store/group/phys_heavyions/jvelazqu/energycorr/condor_R4_axisWTA_cen//0003/L1_object_data_3986_processed.root
hadd Source file 566: /eos/cms/store/group/phys_heavyions/jvelazqu/energycorr/condor_R4_axisWTA_cen//0004/L1_object_data_4605_processed.root
hadd Source file 559: /eos/cms/store/group/phys_heavyions/jvelazqu/energycorr/condor_R4_axisWTA_cen//0001/L1_object_data_1360_processed.root
hadd Source file 536: /eos/cms/store/group/phys_heavyions/jvelazqu/energycorr/condor_R4_axisWTA_cen//0005/L1_object_data_5180_processed.root
hadd Source file 567: /eos/cms/store/group/phys_heavyions/jvelazqu/energycorr/condor_R4_axisWTA_cen//0006/L1_object_data_6012_processed.root
hadd Source file 570: /eos/cms/store/group/phys_heavyions/jvelazqu/energycorr/condor_R4_axisWTA_cen//0003/L1_object_data_3399_processed.root
hadd Source file 550: /eos/cms/store/group/phys_heavyions/jvelazqu/energycorr/condor_R4_axisWTA_cen//0000/L1_object_data_599_processed.root
hadd Source file 459: /eos/cms/store/group/phys_heavyions/jvelazqu/energycorr/condor_R4_axisWTA_cen//0005/L1_object_data_5708_processed.root
hadd Source file 600: /eos/cms/store/group/phys_heavyions/jvelazqu/energycorr/condor_R4_axisWTA_cen//0002/L1_object_data_2219_processed.root
hadd Source file 568: /eos/cms/store/group/phys_heavyions/jvelazqu/energycorr/condor_R4_axisWTA_cen//0006/L1_object_data_6013_processed.root
hadd Source file 553: /eos/cms/store/group/phys_heavyions/jvelazqu/energycorr/condor_R4_axisWTA_cen//0003/L1_object_data_3987_processed.root
hadd Source file 591: /eos/cms/store/group/phys_heavyions/jvelazqu/energycorr/condor_R4_axisWTA_cen//0002/L1_object_data_2815_processed.root
hadd Source file 537: /eos/cms/store/group/phys_heavyions/jvelazqu/energycorr/condor_R4_axisWTA_cen//0005/L1_object_data_5181_processed.root
hadd Source file 460: /eos/cms/store/group/phys_heavyions/jvelazqu/energycorr/condor_R4_axisWTA_cen//0005/L1_object_data_5709_processed.root
hadd Source file 560: /eos/cms/store/group/phys_heavyions/jvelazqu/energycorr/condor_R4_axisWTA_cen//0001/L1_object_data_1361_processed.root
hadd Source file 601: /eos/cms/store/group/phys_heavyions/jvelazqu/energycorr/condor_R4_axisWTA_cen//0002/L1_object_data_2220_processed.root
hadd Source file 592: /eos/cms/store/group/phys_heavyions/jvelazqu/energycorr/condor_R4_axisWTA_cen//0002/L1_object_data_2816_processed.root
hadd Source file 538: /eos/cms/store/group/phys_heavyions/jvelazqu/energycorr/condor_R4_axisWTA_cen//0005/L1_object_data_5182_processed.root
hadd Source file 569: /eos/cms/store/group/phys_heavyions/jvelazqu/energycorr/condor_R4_axisWTA_cen//0006/L1_object_data_6014_processed.root
hadd Source file 554: /eos/cms/store/group/phys_heavyions/jvelazqu/energycorr/condor_R4_axisWTA_cen//0003/L1_object_data_3988_processed.root
hadd Source file 570: /eos/cms/store/group/phys_heavyions/jvelazqu/energycorr/condor_R4_axisWTA_cen//0006/L1_object_data_6015_processed.root
hadd Source file 461: /eos/cms/store/group/phys_heavyions/jvelazqu/energycorr/condor_R4_axisWTA_cen//0005/L1_object_data_5710_processed.root
hadd Source file 567: /eos/cms/store/group/phys_heavyions/jvelazqu/energycorr/condor_R4_axisWTA_cen//0004/L1_object_data_4606_processed.root
hadd Source file 602: /eos/cms/store/group/phys_heavyions/jvelazqu/energycorr/condor_R4_axisWTA_cen//0002/L1_object_data_2221_processed.root
hadd Source file 561: /eos/cms/store/group/phys_heavyions/jvelazqu/energycorr/condor_R4_axisWTA_cen//0001/L1_object_data_1362_processed.root
hadd Source file 593: /eos/cms/store/group/phys_heavyions/jvelazqu/energycorr/condor_R4_axisWTA_cen//0002/L1_object_data_2817_processed.root
hadd Source file 539: /eos/cms/store/group/phys_heavyions/jvelazqu/energycorr/condor_R4_axisWTA_cen//0005/L1_object_data_5183_processed.root
hadd Source file 571: /eos/cms/store/group/phys_heavyions/jvelazqu/energycorr/condor_R4_axisWTA_cen//0006/L1_object_data_6016_processed.root
hadd Source file 555: /eos/cms/store/group/phys_heavyions/jvelazqu/energycorr/condor_R4_axisWTA_cen//0003/L1_object_data_3989_processed.root
hadd Source file 462: /eos/cms/store/group/phys_heavyions/jvelazqu/energycorr/condor_R4_axisWTA_cen//0005/L1_object_data_5711_processed.root
hadd Source file 568: /eos/cms/store/group/phys_heavyions/jvelazqu/energycorr/condor_R4_axisWTA_cen//0004/L1_object_data_4607_processed.root
hadd Source file 562: /eos/cms/store/group/phys_heavyions/jvelazqu/energycorr/condor_R4_axisWTA_cen//0001/L1_object_data_1363_processed.root
hadd Source file 603: /eos/cms/store/group/phys_heavyions/jvelazqu/energycorr/condor_R4_axisWTA_cen//0002/L1_object_data_2222_processed.root
hadd Source file 594: /eos/cms/store/group/phys_heavyions/jvelazqu/energycorr/condor_R4_axisWTA_cen//0002/L1_object_data_2818_processed.root
hadd Source file 571: /eos/cms/store/group/phys_heavyions/jvelazqu/energycorr/condor_R4_axisWTA_cen//0003/L1_object_data_3400_processed.root
hadd Source file 463: /eos/cms/store/group/phys_heavyions/jvelazqu/energycorr/condor_R4_axisWTA_cen//0005/L1_object_data_5712_processed.root
hadd Source file 572: /eos/cms/store/group/phys_heavyions/jvelazqu/energycorr/condor_R4_axisWTA_cen//0006/L1_object_data_6017_processed.root
hadd Source file 540: /eos/cms/store/group/phys_heavyions/jvelazqu/energycorr/condor_R4_axisWTA_cen//0005/L1_object_data_5184_processed.root
hadd Source file 569: /eos/cms/store/group/phys_heavyions/jvelazqu/energycorr/condor_R4_axisWTA_cen//0004/L1_object_data_4608_processed.root
hadd Source file 556: /eos/cms/store/group/phys_heavyions/jvelazqu/energycorr/condor_R4_axisWTA_cen//0003/L1_object_data_3990_processed.root
hadd Source file 551: /eos/cms/store/group/phys_heavyions/jvelazqu/energycorr/condor_R4_axisWTA_cen//0000/L1_object_data_601_processed.root
hadd Source file 563: /eos/cms/store/group/phys_heavyions/jvelazqu/energycorr/condor_R4_axisWTA_cen//0001/L1_object_data_1364_processed.root
hadd Source file 573: /eos/cms/store/group/phys_heavyions/jvelazqu/energycorr/condor_R4_axisWTA_cen//0006/L1_object_data_6018_processed.root
hadd Source file 604: /eos/cms/store/group/phys_heavyions/jvelazqu/energycorr/condor_R4_axisWTA_cen//0002/L1_object_data_2223_processed.root
hadd Source file 595: /eos/cms/store/group/phys_heavyions/jvelazqu/energycorr/condor_R4_axisWTA_cen//0002/L1_object_data_2819_processed.root
hadd Source file 572: /eos/cms/store/group/phys_heavyions/jvelazqu/energycorr/condor_R4_axisWTA_cen//0003/L1_object_data_3401_processed.root
hadd Source file 541: /eos/cms/store/group/phys_heavyions/jvelazqu/energycorr/condor_R4_axisWTA_cen//0005/L1_object_data_5185_processed.root
hadd Source file 557: /eos/cms/store/group/phys_heavyions/jvelazqu/energycorr/condor_R4_axisWTA_cen//0003/L1_object_data_3991_processed.root
hadd Source file 564: /eos/cms/store/group/phys_heavyions/jvelazqu/energycorr/condor_R4_axisWTA_cen//0001/L1_object_data_1365_processed.root
hadd Source file 552: /eos/cms/store/group/phys_heavyions/jvelazqu/energycorr/condor_R4_axisWTA_cen//0000/L1_object_data_602_processed.root
hadd Source file 574: /eos/cms/store/group/phys_heavyions/jvelazqu/energycorr/condor_R4_axisWTA_cen//0006/L1_object_data_6019_processed.root
hadd Source file 596: /eos/cms/store/group/phys_heavyions/jvelazqu/energycorr/condor_R4_axisWTA_cen//0002/L1_object_data_2820_processed.root
hadd Source file 464: /eos/cms/store/group/phys_heavyions/jvelazqu/energycorr/condor_R4_axisWTA_cen//0005/L1_object_data_5713_processed.root
hadd Source file 558: /eos/cms/store/group/phys_heavyions/jvelazqu/energycorr/condor_R4_axisWTA_cen//0003/L1_object_data_3992_processed.root
hadd Source file 553: /eos/cms/store/group/phys_heavyions/jvelazqu/energycorr/condor_R4_axisWTA_cen//0000/L1_object_data_603_processed.root
hadd Source file 565: /eos/cms/store/group/phys_heavyions/jvelazqu/energycorr/condor_R4_axisWTA_cen//0001/L1_object_data_1366_processed.root
hadd Source file 573: /eos/cms/store/group/phys_heavyions/jvelazqu/energycorr/condor_R4_axisWTA_cen//0003/L1_object_data_3402_processed.root
hadd Source file 575: /eos/cms/store/group/phys_heavyions/jvelazqu/energycorr/condor_R4_axisWTA_cen//0006/L1_object_data_6020_processed.root
hadd Source file 465: /eos/cms/store/group/phys_heavyions/jvelazqu/energycorr/condor_R4_axisWTA_cen//0005/L1_object_data_5714_processed.root
hadd Source file 554: /eos/cms/store/group/phys_heavyions/jvelazqu/energycorr/condor_R4_axisWTA_cen//0000/L1_object_data_604_processed.root
hadd Source file 597: /eos/cms/store/group/phys_heavyions/jvelazqu/energycorr/condor_R4_axisWTA_cen//0002/L1_object_data_2821_processed.root
hadd Source file 570: /eos/cms/store/group/phys_heavyions/jvelazqu/energycorr/condor_R4_axisWTA_cen//0004/L1_object_data_4609_processed.root
hadd Source file 576: /eos/cms/store/group/phys_heavyions/jvelazqu/energycorr/condor_R4_axisWTA_cen//0006/L1_object_data_6021_processed.root
hadd Source file 559: /eos/cms/store/group/phys_heavyions/jvelazqu/energycorr/condor_R4_axisWTA_cen//0003/L1_object_data_3993_processed.root
hadd Source file 555: /eos/cms/store/group/phys_heavyions/jvelazqu/energycorr/condor_R4_axisWTA_cen//0000/L1_object_data_605_processed.root
hadd Source file 577: /eos/cms/store/group/phys_heavyions/jvelazqu/energycorr/condor_R4_axisWTA_cen//0006/L1_object_data_6022_processed.root
hadd Source file 598: /eos/cms/store/group/phys_heavyions/jvelazqu/energycorr/condor_R4_axisWTA_cen//0002/L1_object_data_2822_processed.root
hadd Source file 566: /eos/cms/store/group/phys_heavyions/jvelazqu/energycorr/condor_R4_axisWTA_cen//0001/L1_object_data_1367_processed.root
hadd Source file 560: /eos/cms/store/group/phys_heavyions/jvelazqu/energycorr/condor_R4_axisWTA_cen//0003/L1_object_data_3994_processed.root
hadd Source file 466: /eos/cms/store/group/phys_heavyions/jvelazqu/energycorr/condor_R4_axisWTA_cen//0005/L1_object_data_5715_processed.root
hadd Source file 605: /eos/cms/store/group/phys_heavyions/jvelazqu/energycorr/condor_R4_axisWTA_cen//0002/L1_object_data_2224_processed.root
hadd Source file 571: /eos/cms/store/group/phys_heavyions/jvelazqu/energycorr/condor_R4_axisWTA_cen//0004/L1_object_data_4610_processed.root
hadd Source file 542: /eos/cms/store/group/phys_heavyions/jvelazqu/energycorr/condor_R4_axisWTA_cen//0005/L1_object_data_5186_processed.root
hadd Source file 556: /eos/cms/store/group/phys_heavyions/jvelazqu/energycorr/condor_R4_axisWTA_cen//0000/L1_object_data_606_processed.root
hadd Source file 561: /eos/cms/store/group/phys_heavyions/jvelazqu/energycorr/condor_R4_axisWTA_cen//0003/L1_object_data_3995_processed.root
hadd Source file 567: /eos/cms/store/group/phys_heavyions/jvelazqu/energycorr/condor_R4_axisWTA_cen//0001/L1_object_data_1368_processed.root
hadd Source file 599: /eos/cms/store/group/phys_heavyions/jvelazqu/energycorr/condor_R4_axisWTA_cen//0002/L1_object_data_2823_processed.root
hadd Source file 572: /eos/cms/store/group/phys_heavyions/jvelazqu/energycorr/condor_R4_axisWTA_cen//0004/L1_object_data_4611_processed.root
hadd Source file 467: /eos/cms/store/group/phys_heavyions/jvelazqu/energycorr/condor_R4_axisWTA_cen//0005/L1_object_data_5716_processed.root
hadd Source file 562: /eos/cms/store/group/phys_heavyions/jvelazqu/energycorr/condor_R4_axisWTA_cen//0003/L1_object_data_3996_processed.root
hadd Source file 574: /eos/cms/store/group/phys_heavyions/jvelazqu/energycorr/condor_R4_axisWTA_cen//0003/L1_object_data_3403_processed.root
hadd Source file 557: /eos/cms/store/group/phys_heavyions/jvelazqu/energycorr/condor_R4_axisWTA_cen//0000/L1_object_data_607_processed.root
hadd Source file 568: /eos/cms/store/group/phys_heavyions/jvelazqu/energycorr/condor_R4_axisWTA_cen//0001/L1_object_data_1369_processed.root
hadd Source file 600: /eos/cms/store/group/phys_heavyions/jvelazqu/energycorr/condor_R4_axisWTA_cen//0002/L1_object_data_2824_processed.root
hadd Target path: /pool/condor/dir_3888309/tmp/partial2_6eb2f57e-9bf4-11f1-8f89-b7c0b9bcbeef.root:/
hadd Source file 569: /eos/cms/store/group/phys_heavyions/jvelazqu/energycorr/condor_R4_axisWTA_cen//0001/L1_object_data_1370_processed.root
hadd Source file 573: /eos/cms/store/group/phys_heavyions/jvelazqu/energycorr/condor_R4_axisWTA_cen//0004/L1_object_data_4612_processed.root
hadd Source file 563: /eos/cms/store/group/phys_heavyions/jvelazqu/energycorr/condor_R4_axisWTA_cen//0003/L1_object_data_3997_processed.root
hadd Source file 558: /eos/cms/store/group/phys_heavyions/jvelazqu/energycorr/condor_R4_axisWTA_cen//0000/L1_object_data_608_processed.root
hadd Source file 575: /eos/cms/store/group/phys_heavyions/jvelazqu/energycorr/condor_R4_axisWTA_cen//0003/L1_object_data_3404_processed.root
hadd Source file 468: /eos/cms/store/group/phys_heavyions/jvelazqu/energycorr/condor_R4_axisWTA_cen//0005/L1_object_data_5717_processed.root
hadd Source file 601: /eos/cms/store/group/phys_heavyions/jvelazqu/energycorr/condor_R4_axisWTA_cen//0002/L1_object_data_2825_processed.root
hadd Source file 574: /eos/cms/store/group/phys_heavyions/jvelazqu/energycorr/condor_R4_axisWTA_cen//0004/L1_object_data_4613_processed.root
hadd Source file 578: /eos/cms/store/group/phys_heavyions/jvelazqu/energycorr/condor_R4_axisWTA_cen//0006/L1_object_data_6023_processed.root
hadd Source file 570: /eos/cms/store/group/phys_heavyions/jvelazqu/energycorr/condor_R4_axisWTA_cen//0001/L1_object_data_1371_processed.root
hadd Source file 559: /eos/cms/store/group/phys_heavyions/jvelazqu/energycorr/condor_R4_axisWTA_cen//0000/L1_object_data_609_processed.root
hadd Source file 564: /eos/cms/store/group/phys_heavyions/jvelazqu/energycorr/condor_R4_axisWTA_cen//0003/L1_object_data_3998_processed.root
hadd Source file 576: /eos/cms/store/group/phys_heavyions/jvelazqu/energycorr/condor_R4_axisWTA_cen//0003/L1_object_data_3405_processed.root
hadd Source file 543: /eos/cms/store/group/phys_heavyions/jvelazqu/energycorr/condor_R4_axisWTA_cen//0005/L1_object_data_5187_processed.root
hadd Source file 469: /eos/cms/store/group/phys_heavyions/jvelazqu/energycorr/condor_R4_axisWTA_cen//0005/L1_object_data_5718_processed.root
hadd Source file 602: /eos/cms/store/group/phys_heavyions/jvelazqu/energycorr/condor_R4_axisWTA_cen//0002/L1_object_data_2826_processed.root
hadd Source file 579: /eos/cms/store/group/phys_heavyions/jvelazqu/energycorr/condor_R4_axisWTA_cen//0006/L1_object_data_6024_processed.root
hadd Source file 575: /eos/cms/store/group/phys_heavyions/jvelazqu/energycorr/condor_R4_axisWTA_cen//0004/L1_object_data_4614_processed.root
hadd Source file 577: /eos/cms/store/group/phys_heavyions/jvelazqu/energycorr/condor_R4_axisWTA_cen//0003/L1_object_data_3406_processed.root
hadd Source file 565: /eos/cms/store/group/phys_heavyions/jvelazqu/energycorr/condor_R4_axisWTA_cen//0003/L1_object_data_3999_processed.root
hadd Source file 560: /eos/cms/store/group/phys_heavyions/jvelazqu/energycorr/condor_R4_axisWTA_cen//0000/L1_object_data_610_processed.root
hadd Source file 580: /eos/cms/store/group/phys_heavyions/jvelazqu/energycorr/condor_R4_axisWTA_cen//0006/L1_object_data_6025_processed.root
hadd Source file 470: /eos/cms/store/group/phys_heavyions/jvelazqu/energycorr/condor_R4_axisWTA_cen//0005/L1_object_data_5719_processed.root
hadd Source file 571: /eos/cms/store/group/phys_heavyions/jvelazqu/energycorr/condor_R4_axisWTA_cen//0001/L1_object_data_1372_processed.root
hadd Source file 544: /eos/cms/store/group/phys_heavyions/jvelazqu/energycorr/condor_R4_axisWTA_cen//0005/L1_object_data_5188_processed.root
hadd Source file 581: /eos/cms/store/group/phys_heavyions/jvelazqu/energycorr/condor_R4_axisWTA_cen//0006/L1_object_data_6026_processed.root
hadd Source file 561: /eos/cms/store/group/phys_heavyions/jvelazqu/energycorr/condor_R4_axisWTA_cen//0000/L1_object_data_611_processed.root
hadd Source file 578: /eos/cms/store/group/phys_heavyions/jvelazqu/energycorr/condor_R4_axisWTA_cen//0003/L1_object_data_3407_processed.root
hadd Source file 576: /eos/cms/store/group/phys_heavyions/jvelazqu/energycorr/condor_R4_axisWTA_cen//0004/L1_object_data_4615_processed.root
hadd Source file 566: /eos/cms/store/group/phys_heavyions/jvelazqu/energycorr/condor_R4_axisWTA_cen//0004/L1_object_data_4000_processed.root
hadd Source file 471: /eos/cms/store/group/phys_heavyions/jvelazqu/energycorr/condor_R4_axisWTA_cen//0005/L1_object_data_5720_processed.root
hadd Source file 603: /eos/cms/store/group/phys_heavyions/jvelazqu/energycorr/condor_R4_axisWTA_cen//0002/L1_object_data_2827_processed.root
hadd Source file 579: /eos/cms/store/group/phys_heavyions/jvelazqu/energycorr/condor_R4_axisWTA_cen//0003/L1_object_data_3408_processed.root
hadd Source file 545: /eos/cms/store/group/phys_heavyions/jvelazqu/energycorr/condor_R4_axisWTA_cen//0005/L1_object_data_5189_processed.root
hadd Source file 572: /eos/cms/store/group/phys_heavyions/jvelazqu/energycorr/condor_R4_axisWTA_cen//0001/L1_object_data_1373_processed.root
hadd Source file 582: /eos/cms/store/group/phys_heavyions/jvelazqu/energycorr/condor_R4_axisWTA_cen//0006/L1_object_data_6027_processed.root
hadd Source file 577: /eos/cms/store/group/phys_heavyions/jvelazqu/energycorr/condor_R4_axisWTA_cen//0004/L1_object_data_4616_processed.root
hadd Source file 562: /eos/cms/store/group/phys_heavyions/jvelazqu/energycorr/condor_R4_axisWTA_cen//0000/L1_object_data_612_processed.root
hadd Source file 604: /eos/cms/store/group/phys_heavyions/jvelazqu/energycorr/condor_R4_axisWTA_cen//0002/L1_object_data_2828_processed.root
hadd Source file 567: /eos/cms/store/group/phys_heavyions/jvelazqu/energycorr/condor_R4_axisWTA_cen//0004/L1_object_data_4001_processed.root
hadd Source file 472: /eos/cms/store/group/phys_heavyions/jvelazqu/energycorr/condor_R4_axisWTA_cen//0005/L1_object_data_5721_processed.root
hadd Source file 573: /eos/cms/store/group/phys_heavyions/jvelazqu/energycorr/condor_R4_axisWTA_cen//0001/L1_object_data_1374_processed.root
hadd Source file 563: /eos/cms/store/group/phys_heavyions/jvelazqu/energycorr/condor_R4_axisWTA_cen//0000/L1_object_data_613_processed.root
hadd Source file 546: /eos/cms/store/group/phys_heavyions/jvelazqu/energycorr/condor_R4_axisWTA_cen//0005/L1_object_data_5190_processed.root
hadd Source file 580: /eos/cms/store/group/phys_heavyions/jvelazqu/energycorr/condor_R4_axisWTA_cen//0003/L1_object_data_3409_processed.root
hadd Source file 578: /eos/cms/store/group/phys_heavyions/jvelazqu/energycorr/condor_R4_axisWTA_cen//0004/L1_object_data_4617_processed.root
hadd Source file 583: /eos/cms/store/group/phys_heavyions/jvelazqu/energycorr/condor_R4_axisWTA_cen//0006/L1_object_data_6028_processed.root
hadd Source file 568: /eos/cms/store/group/phys_heavyions/jvelazqu/energycorr/condor_R4_axisWTA_cen//0004/L1_object_data_4002_processed.root
hadd Source file 473: /eos/cms/store/group/phys_heavyions/jvelazqu/energycorr/condor_R4_axisWTA_cen//0005/L1_object_data_5722_processed.root
hadd Source file 605: /eos/cms/store/group/phys_heavyions/jvelazqu/energycorr/condor_R4_axisWTA_cen//0002/L1_object_data_2829_processed.root
hadd Source file 564: /eos/cms/store/group/phys_heavyions/jvelazqu/energycorr/condor_R4_axisWTA_cen//0000/L1_object_data_614_processed.root
hadd Source file 579: /eos/cms/store/group/phys_heavyions/jvelazqu/energycorr/condor_R4_axisWTA_cen//0004/L1_object_data_4618_processed.root
hadd Source file 584: /eos/cms/store/group/phys_heavyions/jvelazqu/energycorr/condor_R4_axisWTA_cen//0006/L1_object_data_6029_processed.root
hadd Source file 581: /eos/cms/store/group/phys_heavyions/jvelazqu/energycorr/condor_R4_axisWTA_cen//0003/L1_object_data_3410_processed.root
hadd Source file 585: /eos/cms/store/group/phys_heavyions/jvelazqu/energycorr/condor_R4_axisWTA_cen//0006/L1_object_data_6030_processed.root
hadd Source file 569: /eos/cms/store/group/phys_heavyions/jvelazqu/energycorr/condor_R4_axisWTA_cen//0004/L1_object_data_4003_processed.root
hadd Source file 565: /eos/cms/store/group/phys_heavyions/jvelazqu/energycorr/condor_R4_axisWTA_cen//0000/L1_object_data_615_processed.root
hadd Target path: /pool/condor/dir_3888309/tmp/partial3_6eb2f57e-9bf4-11f1-8f89-b7c0b9bcbeef.root:/
hadd Source file 474: /eos/cms/store/group/phys_heavyions/jvelazqu/energycorr/condor_R4_axisWTA_cen//0005/L1_object_data_5723_processed.root
hadd Source file 580: /eos/cms/store/group/phys_heavyions/jvelazqu/energycorr/condor_R4_axisWTA_cen//0004/L1_object_data_4619_processed.root
hadd Source file 586: /eos/cms/store/group/phys_heavyions/jvelazqu/energycorr/condor_R4_axisWTA_cen//0006/L1_object_data_6031_processed.root
hadd Source file 582: /eos/cms/store/group/phys_heavyions/jvelazqu/energycorr/condor_R4_axisWTA_cen//0003/L1_object_data_3411_processed.root
hadd Source file 475: /eos/cms/store/group/phys_heavyions/jvelazqu/energycorr/condor_R4_axisWTA_cen//0005/L1_object_data_5724_processed.root
hadd Source file 566: /eos/cms/store/group/phys_heavyions/jvelazqu/energycorr/condor_R4_axisWTA_cen//0000/L1_object_data_616_processed.root
hadd Source file 581: /eos/cms/store/group/phys_heavyions/jvelazqu/energycorr/condor_R4_axisWTA_cen//0004/L1_object_data_4620_processed.root
hadd Source file 587: /eos/cms/store/group/phys_heavyions/jvelazqu/energycorr/condor_R4_axisWTA_cen//0006/L1_object_data_6032_processed.root
hadd Source file 570: /eos/cms/store/group/phys_heavyions/jvelazqu/energycorr/condor_R4_axisWTA_cen//0004/L1_object_data_4004_processed.root
hadd Source file 588: /eos/cms/store/group/phys_heavyions/jvelazqu/energycorr/condor_R4_axisWTA_cen//0006/L1_object_data_6033_processed.root
hadd Source file 547: /eos/cms/store/group/phys_heavyions/jvelazqu/energycorr/condor_R4_axisWTA_cen//0005/L1_object_data_5191_processed.root
hadd Source file 574: /eos/cms/store/group/phys_heavyions/jvelazqu/energycorr/condor_R4_axisWTA_cen//0001/L1_object_data_1375_processed.root
hadd Source file 567: /eos/cms/store/group/phys_heavyions/jvelazqu/energycorr/condor_R4_axisWTA_cen//0000/L1_object_data_617_processed.root
hadd Source file 476: /eos/cms/store/group/phys_heavyions/jvelazqu/energycorr/condor_R4_axisWTA_cen//0005/L1_object_data_5725_processed.root
hadd Source file 582: /eos/cms/store/group/phys_heavyions/jvelazqu/energycorr/condor_R4_axisWTA_cen//0004/L1_object_data_4621_processed.root
hadd Source file 589: /eos/cms/store/group/phys_heavyions/jvelazqu/energycorr/condor_R4_axisWTA_cen//0006/L1_object_data_6034_processed.root
hadd Source file 575: /eos/cms/store/group/phys_heavyions/jvelazqu/energycorr/condor_R4_axisWTA_cen//0001/L1_object_data_1376_processed.root
hadd Source file 571: /eos/cms/store/group/phys_heavyions/jvelazqu/energycorr/condor_R4_axisWTA_cen//0004/L1_object_data_4005_processed.root
hadd Source file 590: /eos/cms/store/group/phys_heavyions/jvelazqu/energycorr/condor_R4_axisWTA_cen//0006/L1_object_data_6035_processed.root
hadd Source file 548: /eos/cms/store/group/phys_heavyions/jvelazqu/energycorr/condor_R4_axisWTA_cen//0005/L1_object_data_5192_processed.root
hadd Source file 576: /eos/cms/store/group/phys_heavyions/jvelazqu/energycorr/condor_R4_axisWTA_cen//0001/L1_object_data_1377_processed.root
hadd Source file 477: /eos/cms/store/group/phys_heavyions/jvelazqu/energycorr/condor_R4_axisWTA_cen//0005/L1_object_data_5726_processed.root
hadd Source file 572: /eos/cms/store/group/phys_heavyions/jvelazqu/energycorr/condor_R4_axisWTA_cen//0004/L1_object_data_4006_processed.root
hadd Source file 591: /eos/cms/store/group/phys_heavyions/jvelazqu/energycorr/condor_R4_axisWTA_cen//0006/L1_object_data_6036_processed.root
hadd Source file 583: /eos/cms/store/group/phys_heavyions/jvelazqu/energycorr/condor_R4_axisWTA_cen//0003/L1_object_data_3412_processed.root
hadd Source file 549: /eos/cms/store/group/phys_heavyions/jvelazqu/energycorr/condor_R4_axisWTA_cen//0005/L1_object_data_5193_processed.root
hadd Source file 478: /eos/cms/store/group/phys_heavyions/jvelazqu/energycorr/condor_R4_axisWTA_cen//0005/L1_object_data_5727_processed.root
hadd Source file 584: /eos/cms/store/group/phys_heavyions/jvelazqu/energycorr/condor_R4_axisWTA_cen//0003/L1_object_data_3413_processed.root
hadd Source file 577: /eos/cms/store/group/phys_heavyions/jvelazqu/energycorr/condor_R4_axisWTA_cen//0001/L1_object_data_1378_processed.root
hadd Source file 592: /eos/cms/store/group/phys_heavyions/jvelazqu/energycorr/condor_R4_axisWTA_cen//0006/L1_object_data_6037_processed.root
hadd Source file 573: /eos/cms/store/group/phys_heavyions/jvelazqu/energycorr/condor_R4_axisWTA_cen//0004/L1_object_data_4007_processed.root
hadd Source file 479: /eos/cms/store/group/phys_heavyions/jvelazqu/energycorr/condor_R4_axisWTA_cen//0005/L1_object_data_5728_processed.root
hadd Source file 568: /eos/cms/store/group/phys_heavyions/jvelazqu/energycorr/condor_R4_axisWTA_cen//0000/L1_object_data_618_processed.root
hadd Source file 593: /eos/cms/store/group/phys_heavyions/jvelazqu/energycorr/condor_R4_axisWTA_cen//0006/L1_object_data_6038_processed.root
hadd Source file 578: /eos/cms/store/group/phys_heavyions/jvelazqu/energycorr/condor_R4_axisWTA_cen//0001/L1_object_data_1379_processed.root
hadd Source file 574: /eos/cms/store/group/phys_heavyions/jvelazqu/energycorr/condor_R4_axisWTA_cen//0004/L1_object_data_4008_processed.root
hadd Source file 594: /eos/cms/store/group/phys_heavyions/jvelazqu/energycorr/condor_R4_axisWTA_cen//0006/L1_object_data_6039_processed.root
hadd Source file 480: /eos/cms/store/group/phys_heavyions/jvelazqu/energycorr/condor_R4_axisWTA_cen//0005/L1_object_data_5729_processed.root
hadd Source file 569: /eos/cms/store/group/phys_heavyions/jvelazqu/energycorr/condor_R4_axisWTA_cen//0000/L1_object_data_619_processed.root
hadd Source file 579: /eos/cms/store/group/phys_heavyions/jvelazqu/energycorr/condor_R4_axisWTA_cen//0001/L1_object_data_1380_processed.root
hadd Source file 575: /eos/cms/store/group/phys_heavyions/jvelazqu/energycorr/condor_R4_axisWTA_cen//0004/L1_object_data_4009_processed.root
hadd Source file 595: /eos/cms/store/group/phys_heavyions/jvelazqu/energycorr/condor_R4_axisWTA_cen//0006/L1_object_data_6040_processed.root
hadd Source file 550: /eos/cms/store/group/phys_heavyions/jvelazqu/energycorr/condor_R4_axisWTA_cen//0005/L1_object_data_5194_processed.root
hadd Source file 596: /eos/cms/store/group/phys_heavyions/jvelazqu/energycorr/condor_R4_axisWTA_cen//0006/L1_object_data_6041_processed.root
hadd Source file 570: /eos/cms/store/group/phys_heavyions/jvelazqu/energycorr/condor_R4_axisWTA_cen//0000/L1_object_data_620_processed.root
hadd Source file 597: /eos/cms/store/group/phys_heavyions/jvelazqu/energycorr/condor_R4_axisWTA_cen//0006/L1_object_data_6042_processed.root
hadd Source file 576: /eos/cms/store/group/phys_heavyions/jvelazqu/energycorr/condor_R4_axisWTA_cen//0004/L1_object_data_4010_processed.root
hadd Source file 481: /eos/cms/store/group/phys_heavyions/jvelazqu/energycorr/condor_R4_axisWTA_cen//0005/L1_object_data_5730_processed.root
hadd Source file 598: /eos/cms/store/group/phys_heavyions/jvelazqu/energycorr/condor_R4_axisWTA_cen//0006/L1_object_data_6043_processed.root
hadd Source file 580: /eos/cms/store/group/phys_heavyions/jvelazqu/energycorr/condor_R4_axisWTA_cen//0001/L1_object_data_1381_processed.root
hadd Source file 585: /eos/cms/store/group/phys_heavyions/jvelazqu/energycorr/condor_R4_axisWTA_cen//0003/L1_object_data_3414_processed.root
hadd Source file 577: /eos/cms/store/group/phys_heavyions/jvelazqu/energycorr/condor_R4_axisWTA_cen//0004/L1_object_data_4011_processed.root
hadd Source file 551: /eos/cms/store/group/phys_heavyions/jvelazqu/energycorr/condor_R4_axisWTA_cen//0005/L1_object_data_5195_processed.root
hadd Source file 599: /eos/cms/store/group/phys_heavyions/jvelazqu/energycorr/condor_R4_axisWTA_cen//0006/L1_object_data_6044_processed.root
hadd Source file 581: /eos/cms/store/group/phys_heavyions/jvelazqu/energycorr/condor_R4_axisWTA_cen//0001/L1_object_data_1383_processed.root
hadd Source file 571: /eos/cms/store/group/phys_heavyions/jvelazqu/energycorr/condor_R4_axisWTA_cen//0000/L1_object_data_621_processed.root
hadd Source file 586: /eos/cms/store/group/phys_heavyions/jvelazqu/energycorr/condor_R4_axisWTA_cen//0003/L1_object_data_3415_processed.root
hadd Source file 578: /eos/cms/store/group/phys_heavyions/jvelazqu/energycorr/condor_R4_axisWTA_cen//0004/L1_object_data_4012_processed.root
hadd Source file 482: /eos/cms/store/group/phys_heavyions/jvelazqu/energycorr/condor_R4_axisWTA_cen//0005/L1_object_data_5731_processed.root
hadd Source file 552: /eos/cms/store/group/phys_heavyions/jvelazqu/energycorr/condor_R4_axisWTA_cen//0005/L1_object_data_5196_processed.root
hadd Source file 600: /eos/cms/store/group/phys_heavyions/jvelazqu/energycorr/condor_R4_axisWTA_cen//0006/L1_object_data_6045_processed.root
hadd Source file 572: /eos/cms/store/group/phys_heavyions/jvelazqu/energycorr/condor_R4_axisWTA_cen//0000/L1_object_data_622_processed.root
hadd Source file 582: /eos/cms/store/group/phys_heavyions/jvelazqu/energycorr/condor_R4_axisWTA_cen//0001/L1_object_data_1384_processed.root
hadd Source file 483: /eos/cms/store/group/phys_heavyions/jvelazqu/energycorr/condor_R4_axisWTA_cen//0005/L1_object_data_5732_processed.root
hadd Source file 587: /eos/cms/store/group/phys_heavyions/jvelazqu/energycorr/condor_R4_axisWTA_cen//0003/L1_object_data_3416_processed.root
hadd Source file 579: /eos/cms/store/group/phys_heavyions/jvelazqu/energycorr/condor_R4_axisWTA_cen//0004/L1_object_data_4013_processed.root
hadd Source file 553: /eos/cms/store/group/phys_heavyions/jvelazqu/energycorr/condor_R4_axisWTA_cen//0005/L1_object_data_5197_processed.root
hadd Source file 573: /eos/cms/store/group/phys_heavyions/jvelazqu/energycorr/condor_R4_axisWTA_cen//0000/L1_object_data_624_processed.root
hadd Source file 484: /eos/cms/store/group/phys_heavyions/jvelazqu/energycorr/condor_R4_axisWTA_cen//0005/L1_object_data_5733_processed.root
hadd Source file 583: /eos/cms/store/group/phys_heavyions/jvelazqu/energycorr/condor_R4_axisWTA_cen//0001/L1_object_data_1385_processed.root
hadd Source file 580: /eos/cms/store/group/phys_heavyions/jvelazqu/energycorr/condor_R4_axisWTA_cen//0004/L1_object_data_4014_processed.root
hadd Source file 588: /eos/cms/store/group/phys_heavyions/jvelazqu/energycorr/condor_R4_axisWTA_cen//0003/L1_object_data_3417_processed.root
hadd Source file 584: /eos/cms/store/group/phys_heavyions/jvelazqu/energycorr/condor_R4_axisWTA_cen//0001/L1_object_data_1386_processed.root
hadd Source file 574: /eos/cms/store/group/phys_heavyions/jvelazqu/energycorr/condor_R4_axisWTA_cen//0000/L1_object_data_625_processed.root
hadd Source file 601: /eos/cms/store/group/phys_heavyions/jvelazqu/energycorr/condor_R4_axisWTA_cen//0006/L1_object_data_6046_processed.root
hadd Source file 485: /eos/cms/store/group/phys_heavyions/jvelazqu/energycorr/condor_R4_axisWTA_cen//0005/L1_object_data_5734_processed.root
hadd Source file 585: /eos/cms/store/group/phys_heavyions/jvelazqu/energycorr/condor_R4_axisWTA_cen//0001/L1_object_data_1387_processed.root
hadd Source file 589: /eos/cms/store/group/phys_heavyions/jvelazqu/energycorr/condor_R4_axisWTA_cen//0003/L1_object_data_3418_processed.root
hadd Source file 581: /eos/cms/store/group/phys_heavyions/jvelazqu/energycorr/condor_R4_axisWTA_cen//0004/L1_object_data_4015_processed.root
hadd Source file 602: /eos/cms/store/group/phys_heavyions/jvelazqu/energycorr/condor_R4_axisWTA_cen//0006/L1_object_data_6047_processed.root
hadd Source file 586: /eos/cms/store/group/phys_heavyions/jvelazqu/energycorr/condor_R4_axisWTA_cen//0001/L1_object_data_1388_processed.root
hadd Source file 582: /eos/cms/store/group/phys_heavyions/jvelazqu/energycorr/condor_R4_axisWTA_cen//0004/L1_object_data_4016_processed.root
hadd Target path: /pool/condor/dir_3888309/tmp/partial9_6eb2f57e-9bf4-11f1-8f89-b7c0b9bcbeef.root:/
hadd Source file 590: /eos/cms/store/group/phys_heavyions/jvelazqu/energycorr/condor_R4_axisWTA_cen//0003/L1_object_data_3419_processed.root
hadd Source file 587: /eos/cms/store/group/phys_heavyions/jvelazqu/energycorr/condor_R4_axisWTA_cen//0001/L1_object_data_1389_processed.root
hadd Source file 583: /eos/cms/store/group/phys_heavyions/jvelazqu/energycorr/condor_R4_axisWTA_cen//0004/L1_object_data_4017_processed.root
hadd Source file 591: /eos/cms/store/group/phys_heavyions/jvelazqu/energycorr/condor_R4_axisWTA_cen//0003/L1_object_data_3420_processed.root
hadd Source file 575: /eos/cms/store/group/phys_heavyions/jvelazqu/energycorr/condor_R4_axisWTA_cen//0000/L1_object_data_626_processed.root
hadd Source file 584: /eos/cms/store/group/phys_heavyions/jvelazqu/energycorr/condor_R4_axisWTA_cen//0004/L1_object_data_4018_processed.root
hadd Source file 588: /eos/cms/store/group/phys_heavyions/jvelazqu/energycorr/condor_R4_axisWTA_cen//0001/L1_object_data_1390_processed.root
hadd Source file 583: /eos/cms/store/group/phys_heavyions/jvelazqu/energycorr/condor_R4_axisWTA_cen//0004/L1_object_data_4622_processed.root
hadd Source file 592: /eos/cms/store/group/phys_heavyions/jvelazqu/energycorr/condor_R4_axisWTA_cen//0003/L1_object_data_3421_processed.root
hadd Source file 585: /eos/cms/store/group/phys_heavyions/jvelazqu/energycorr/condor_R4_axisWTA_cen//0004/L1_object_data_4019_processed.root
hadd Source file 589: /eos/cms/store/group/phys_heavyions/jvelazqu/energycorr/condor_R4_axisWTA_cen//0001/L1_object_data_1391_processed.root
hadd Source file 584: /eos/cms/store/group/phys_heavyions/jvelazqu/energycorr/condor_R4_axisWTA_cen//0004/L1_object_data_4623_processed.root
hadd Source file 593: /eos/cms/store/group/phys_heavyions/jvelazqu/energycorr/condor_R4_axisWTA_cen//0003/L1_object_data_3422_processed.root
hadd Source file 576: /eos/cms/store/group/phys_heavyions/jvelazqu/energycorr/condor_R4_axisWTA_cen//0000/L1_object_data_628_processed.root
hadd Source file 586: /eos/cms/store/group/phys_heavyions/jvelazqu/energycorr/condor_R4_axisWTA_cen//0004/L1_object_data_4020_processed.root
hadd Source file 585: /eos/cms/store/group/phys_heavyions/jvelazqu/energycorr/condor_R4_axisWTA_cen//0004/L1_object_data_4624_processed.root
hadd Source file 594: /eos/cms/store/group/phys_heavyions/jvelazqu/energycorr/condor_R4_axisWTA_cen//0003/L1_object_data_3423_processed.root
hadd Source file 590: /eos/cms/store/group/phys_heavyions/jvelazqu/energycorr/condor_R4_axisWTA_cen//0001/L1_object_data_1392_processed.root
hadd Source file 591: /eos/cms/store/group/phys_heavyions/jvelazqu/energycorr/condor_R4_axisWTA_cen//0001/L1_object_data_1393_processed.root
hadd Source file 595: /eos/cms/store/group/phys_heavyions/jvelazqu/energycorr/condor_R4_axisWTA_cen//0003/L1_object_data_3424_processed.root
hadd Source file 587: /eos/cms/store/group/phys_heavyions/jvelazqu/energycorr/condor_R4_axisWTA_cen//0004/L1_object_data_4021_processed.root
hadd Source file 586: /eos/cms/store/group/phys_heavyions/jvelazqu/energycorr/condor_R4_axisWTA_cen//0004/L1_object_data_4625_processed.root
hadd Source file 592: /eos/cms/store/group/phys_heavyions/jvelazqu/energycorr/condor_R4_axisWTA_cen//0001/L1_object_data_1394_processed.root
hadd Source file 593: /eos/cms/store/group/phys_heavyions/jvelazqu/energycorr/condor_R4_axisWTA_cen//0001/L1_object_data_1395_processed.root
hadd Source file 587: /eos/cms/store/group/phys_heavyions/jvelazqu/energycorr/condor_R4_axisWTA_cen//0004/L1_object_data_4626_processed.root
hadd Source file 596: /eos/cms/store/group/phys_heavyions/jvelazqu/energycorr/condor_R4_axisWTA_cen//0003/L1_object_data_3425_processed.root
hadd Source file 588: /eos/cms/store/group/phys_heavyions/jvelazqu/energycorr/condor_R4_axisWTA_cen//0004/L1_object_data_4022_processed.root
hadd Source file 554: /eos/cms/store/group/phys_heavyions/jvelazqu/energycorr/condor_R4_axisWTA_cen//0005/L1_object_data_5198_processed.root
hadd Source file 577: /eos/cms/store/group/phys_heavyions/jvelazqu/energycorr/condor_R4_axisWTA_cen//0000/L1_object_data_629_processed.root
hadd Source file 588: /eos/cms/store/group/phys_heavyions/jvelazqu/energycorr/condor_R4_axisWTA_cen//0004/L1_object_data_4627_processed.root
hadd Source file 597: /eos/cms/store/group/phys_heavyions/jvelazqu/energycorr/condor_R4_axisWTA_cen//0003/L1_object_data_3426_processed.root
hadd Source file 578: /eos/cms/store/group/phys_heavyions/jvelazqu/energycorr/condor_R4_axisWTA_cen//0000/L1_object_data_630_processed.root
hadd Source file 589: /eos/cms/store/group/phys_heavyions/jvelazqu/energycorr/condor_R4_axisWTA_cen//0004/L1_object_data_4023_processed.root
hadd Source file 594: /eos/cms/store/group/phys_heavyions/jvelazqu/energycorr/condor_R4_axisWTA_cen//0001/L1_object_data_1396_processed.root
hadd Source file 589: /eos/cms/store/group/phys_heavyions/jvelazqu/energycorr/condor_R4_axisWTA_cen//0004/L1_object_data_4628_processed.root
hadd Source file 555: /eos/cms/store/group/phys_heavyions/jvelazqu/energycorr/condor_R4_axisWTA_cen//0005/L1_object_data_5199_processed.root
hadd Source file 598: /eos/cms/store/group/phys_heavyions/jvelazqu/energycorr/condor_R4_axisWTA_cen//0003/L1_object_data_3427_processed.root
hadd Source file 486: /eos/cms/store/group/phys_heavyions/jvelazqu/energycorr/condor_R4_axisWTA_cen//0005/L1_object_data_5735_processed.root
hadd Source file 590: /eos/cms/store/group/phys_heavyions/jvelazqu/energycorr/condor_R4_axisWTA_cen//0004/L1_object_data_4024_processed.root
hadd Source file 595: /eos/cms/store/group/phys_heavyions/jvelazqu/energycorr/condor_R4_axisWTA_cen//0001/L1_object_data_1397_processed.root
hadd Source file 579: /eos/cms/store/group/phys_heavyions/jvelazqu/energycorr/condor_R4_axisWTA_cen//0000/L1_object_data_631_processed.root
hadd Source file 590: /eos/cms/store/group/phys_heavyions/jvelazqu/energycorr/condor_R4_axisWTA_cen//0004/L1_object_data_4629_processed.root
hadd Source file 556: /eos/cms/store/group/phys_heavyions/jvelazqu/energycorr/condor_R4_axisWTA_cen//0005/L1_object_data_5200_processed.root
hadd Source file 487: /eos/cms/store/group/phys_heavyions/jvelazqu/energycorr/condor_R4_axisWTA_cen//0005/L1_object_data_5736_processed.root
hadd Source file 596: /eos/cms/store/group/phys_heavyions/jvelazqu/energycorr/condor_R4_axisWTA_cen//0001/L1_object_data_1398_processed.root
hadd Source file 557: /eos/cms/store/group/phys_heavyions/jvelazqu/energycorr/condor_R4_axisWTA_cen//0005/L1_object_data_5201_processed.root
hadd Source file 597: /eos/cms/store/group/phys_heavyions/jvelazqu/energycorr/condor_R4_axisWTA_cen//0001/L1_object_data_1399_processed.root
hadd Source file 591: /eos/cms/store/group/phys_heavyions/jvelazqu/energycorr/condor_R4_axisWTA_cen//0004/L1_object_data_4025_processed.root
hadd Source file 591: /eos/cms/store/group/phys_heavyions/jvelazqu/energycorr/condor_R4_axisWTA_cen//0004/L1_object_data_4630_processed.root
hadd Source file 599: /eos/cms/store/group/phys_heavyions/jvelazqu/energycorr/condor_R4_axisWTA_cen//0003/L1_object_data_3428_processed.root
hadd Source file 488: /eos/cms/store/group/phys_heavyions/jvelazqu/energycorr/condor_R4_axisWTA_cen//0005/L1_object_data_5737_processed.root
hadd Source file 598: /eos/cms/store/group/phys_heavyions/jvelazqu/energycorr/condor_R4_axisWTA_cen//0001/L1_object_data_1400_processed.root
hadd Source file 592: /eos/cms/store/group/phys_heavyions/jvelazqu/energycorr/condor_R4_axisWTA_cen//0004/L1_object_data_4026_processed.root
hadd Source file 558: /eos/cms/store/group/phys_heavyions/jvelazqu/energycorr/condor_R4_axisWTA_cen//0005/L1_object_data_5202_processed.root
hadd Source file 600: /eos/cms/store/group/phys_heavyions/jvelazqu/energycorr/condor_R4_axisWTA_cen//0003/L1_object_data_3429_processed.root
hadd Source file 592: /eos/cms/store/group/phys_heavyions/jvelazqu/energycorr/condor_R4_axisWTA_cen//0004/L1_object_data_4631_processed.root
hadd Source file 593: /eos/cms/store/group/phys_heavyions/jvelazqu/energycorr/condor_R4_axisWTA_cen//0004/L1_object_data_4027_processed.root
hadd Source file 580: /eos/cms/store/group/phys_heavyions/jvelazqu/energycorr/condor_R4_axisWTA_cen//0000/L1_object_data_632_processed.root
hadd Source file 489: /eos/cms/store/group/phys_heavyions/jvelazqu/energycorr/condor_R4_axisWTA_cen//0005/L1_object_data_5738_processed.root
hadd Source file 601: /eos/cms/store/group/phys_heavyions/jvelazqu/energycorr/condor_R4_axisWTA_cen//0003/L1_object_data_3430_processed.root
hadd Source file 593: /eos/cms/store/group/phys_heavyions/jvelazqu/energycorr/condor_R4_axisWTA_cen//0004/L1_object_data_4632_processed.root
hadd Source file 581: /eos/cms/store/group/phys_heavyions/jvelazqu/energycorr/condor_R4_axisWTA_cen//0000/L1_object_data_633_processed.root
hadd Source file 594: /eos/cms/store/group/phys_heavyions/jvelazqu/energycorr/condor_R4_axisWTA_cen//0004/L1_object_data_4028_processed.root
hadd Source file 599: /eos/cms/store/group/phys_heavyions/jvelazqu/energycorr/condor_R4_axisWTA_cen//0001/L1_object_data_1401_processed.root
hadd Source file 490: /eos/cms/store/group/phys_heavyions/jvelazqu/energycorr/condor_R4_axisWTA_cen//0005/L1_object_data_5739_processed.root
hadd Source file 602: /eos/cms/store/group/phys_heavyions/jvelazqu/energycorr/condor_R4_axisWTA_cen//0003/L1_object_data_3431_processed.root
hadd Source file 594: /eos/cms/store/group/phys_heavyions/jvelazqu/energycorr/condor_R4_axisWTA_cen//0004/L1_object_data_4633_processed.root
hadd Source file 582: /eos/cms/store/group/phys_heavyions/jvelazqu/energycorr/condor_R4_axisWTA_cen//0000/L1_object_data_634_processed.root
hadd Source file 600: /eos/cms/store/group/phys_heavyions/jvelazqu/energycorr/condor_R4_axisWTA_cen//0001/L1_object_data_1402_processed.root
hadd Source file 595: /eos/cms/store/group/phys_heavyions/jvelazqu/energycorr/condor_R4_axisWTA_cen//0004/L1_object_data_4029_processed.root
hadd Source file 491: /eos/cms/store/group/phys_heavyions/jvelazqu/energycorr/condor_R4_axisWTA_cen//0005/L1_object_data_5740_processed.root
hadd Source file 559: /eos/cms/store/group/phys_heavyions/jvelazqu/energycorr/condor_R4_axisWTA_cen//0005/L1_object_data_5203_processed.root
hadd Source file 595: /eos/cms/store/group/phys_heavyions/jvelazqu/energycorr/condor_R4_axisWTA_cen//0004/L1_object_data_4634_processed.root
hadd Source file 601: /eos/cms/store/group/phys_heavyions/jvelazqu/energycorr/condor_R4_axisWTA_cen//0001/L1_object_data_1403_processed.root
hadd Source file 492: /eos/cms/store/group/phys_heavyions/jvelazqu/energycorr/condor_R4_axisWTA_cen//0005/L1_object_data_5741_processed.root
hadd Source file 596: /eos/cms/store/group/phys_heavyions/jvelazqu/energycorr/condor_R4_axisWTA_cen//0004/L1_object_data_4030_processed.root
hadd Source file 583: /eos/cms/store/group/phys_heavyions/jvelazqu/energycorr/condor_R4_axisWTA_cen//0000/L1_object_data_636_processed.root
hadd Source file 602: /eos/cms/store/group/phys_heavyions/jvelazqu/energycorr/condor_R4_axisWTA_cen//0001/L1_object_data_1404_processed.root
hadd Source file 560: /eos/cms/store/group/phys_heavyions/jvelazqu/energycorr/condor_R4_axisWTA_cen//0005/L1_object_data_5204_processed.root
hadd Source file 597: /eos/cms/store/group/phys_heavyions/jvelazqu/energycorr/condor_R4_axisWTA_cen//0004/L1_object_data_4031_processed.root
hadd Source file 596: /eos/cms/store/group/phys_heavyions/jvelazqu/energycorr/condor_R4_axisWTA_cen//0004/L1_object_data_4635_processed.root
hadd Source file 584: /eos/cms/store/group/phys_heavyions/jvelazqu/energycorr/condor_R4_axisWTA_cen//0000/L1_object_data_637_processed.root
hadd Source file 598: /eos/cms/store/group/phys_heavyions/jvelazqu/energycorr/condor_R4_axisWTA_cen//0004/L1_object_data_4032_processed.root
hadd Source file 603: /eos/cms/store/group/phys_heavyions/jvelazqu/energycorr/condor_R4_axisWTA_cen//0001/L1_object_data_1405_processed.root
hadd Source file 603: /eos/cms/store/group/phys_heavyions/jvelazqu/energycorr/condor_R4_axisWTA_cen//0003/L1_object_data_3432_processed.root
hadd Source file 561: /eos/cms/store/group/phys_heavyions/jvelazqu/energycorr/condor_R4_axisWTA_cen//0005/L1_object_data_5205_processed.root
hadd Source file 597: /eos/cms/store/group/phys_heavyions/jvelazqu/energycorr/condor_R4_axisWTA_cen//0004/L1_object_data_4636_processed.root
hadd Source file 585: /eos/cms/store/group/phys_heavyions/jvelazqu/energycorr/condor_R4_axisWTA_cen//0000/L1_object_data_638_processed.root
hadd Source file 598: /eos/cms/store/group/phys_heavyions/jvelazqu/energycorr/condor_R4_axisWTA_cen//0004/L1_object_data_4637_processed.root
hadd Source file 604: /eos/cms/store/group/phys_heavyions/jvelazqu/energycorr/condor_R4_axisWTA_cen//0001/L1_object_data_1406_processed.root
hadd Source file 562: /eos/cms/store/group/phys_heavyions/jvelazqu/energycorr/condor_R4_axisWTA_cen//0005/L1_object_data_5206_processed.root
hadd Source file 605: /eos/cms/store/group/phys_heavyions/jvelazqu/energycorr/condor_R4_axisWTA_cen//0001/L1_object_data_1407_processed.root
hadd Source file 563: /eos/cms/store/group/phys_heavyions/jvelazqu/energycorr/condor_R4_axisWTA_cen//0005/L1_object_data_5207_processed.root
hadd Source file 599: /eos/cms/store/group/phys_heavyions/jvelazqu/energycorr/condor_R4_axisWTA_cen//0004/L1_object_data_4638_processed.root
hadd Source file 604: /eos/cms/store/group/phys_heavyions/jvelazqu/energycorr/condor_R4_axisWTA_cen//0003/L1_object_data_3433_processed.root
hadd Source file 493: /eos/cms/store/group/phys_heavyions/jvelazqu/energycorr/condor_R4_axisWTA_cen//0005/L1_object_data_5742_processed.root
hadd Target path: /pool/condor/dir_3888309/tmp/partial1_6eb2f57e-9bf4-11f1-8f89-b7c0b9bcbeef.root:/
hadd Source file 600: /eos/cms/store/group/phys_heavyions/jvelazqu/energycorr/condor_R4_axisWTA_cen//0004/L1_object_data_4639_processed.root
hadd Source file 605: /eos/cms/store/group/phys_heavyions/jvelazqu/energycorr/condor_R4_axisWTA_cen//0003/L1_object_data_3434_processed.root
hadd Source file 494: /eos/cms/store/group/phys_heavyions/jvelazqu/energycorr/condor_R4_axisWTA_cen//0005/L1_object_data_5743_processed.root
hadd Source file 495: /eos/cms/store/group/phys_heavyions/jvelazqu/energycorr/condor_R4_axisWTA_cen//0005/L1_object_data_5744_processed.root
hadd Target path: /pool/condor/dir_3888309/tmp/partial4_6eb2f57e-9bf4-11f1-8f89-b7c0b9bcbeef.root:/
hadd Source file 599: /eos/cms/store/group/phys_heavyions/jvelazqu/energycorr/condor_R4_axisWTA_cen//0004/L1_object_data_4033_processed.root
hadd Source file 586: /eos/cms/store/group/phys_heavyions/jvelazqu/energycorr/condor_R4_axisWTA_cen//0000/L1_object_data_639_processed.root
hadd Source file 601: /eos/cms/store/group/phys_heavyions/jvelazqu/energycorr/condor_R4_axisWTA_cen//0004/L1_object_data_4640_processed.root
hadd Source file 600: /eos/cms/store/group/phys_heavyions/jvelazqu/energycorr/condor_R4_axisWTA_cen//0004/L1_object_data_4034_processed.root
hadd Source file 587: /eos/cms/store/group/phys_heavyions/jvelazqu/energycorr/condor_R4_axisWTA_cen//0000/L1_object_data_640_processed.root
hadd Source file 496: /eos/cms/store/group/phys_heavyions/jvelazqu/energycorr/condor_R4_axisWTA_cen//0005/L1_object_data_5745_processed.root
hadd Source file 602: /eos/cms/store/group/phys_heavyions/jvelazqu/energycorr/condor_R4_axisWTA_cen//0004/L1_object_data_4641_processed.root
hadd Source file 588: /eos/cms/store/group/phys_heavyions/jvelazqu/energycorr/condor_R4_axisWTA_cen//0000/L1_object_data_641_processed.root
hadd Source file 603: /eos/cms/store/group/phys_heavyions/jvelazqu/energycorr/condor_R4_axisWTA_cen//0004/L1_object_data_4642_processed.root
hadd Source file 497: /eos/cms/store/group/phys_heavyions/jvelazqu/energycorr/condor_R4_axisWTA_cen//0005/L1_object_data_5746_processed.root
hadd Source file 564: /eos/cms/store/group/phys_heavyions/jvelazqu/energycorr/condor_R4_axisWTA_cen//0005/L1_object_data_5208_processed.root
hadd Source file 601: /eos/cms/store/group/phys_heavyions/jvelazqu/energycorr/condor_R4_axisWTA_cen//0004/L1_object_data_4035_processed.root
hadd Source file 604: /eos/cms/store/group/phys_heavyions/jvelazqu/energycorr/condor_R4_axisWTA_cen//0004/L1_object_data_4643_processed.root
hadd Source file 498: /eos/cms/store/group/phys_heavyions/jvelazqu/energycorr/condor_R4_axisWTA_cen//0005/L1_object_data_5747_processed.root
hadd Source file 565: /eos/cms/store/group/phys_heavyions/jvelazqu/energycorr/condor_R4_axisWTA_cen//0005/L1_object_data_5209_processed.root
hadd Source file 602: /eos/cms/store/group/phys_heavyions/jvelazqu/energycorr/condor_R4_axisWTA_cen//0004/L1_object_data_4036_processed.root
hadd Source file 499: /eos/cms/store/group/phys_heavyions/jvelazqu/energycorr/condor_R4_axisWTA_cen//0005/L1_object_data_5748_processed.root
hadd Source file 605: /eos/cms/store/group/phys_heavyions/jvelazqu/energycorr/condor_R4_axisWTA_cen//0004/L1_object_data_4644_processed.root
hadd Source file 589: /eos/cms/store/group/phys_heavyions/jvelazqu/energycorr/condor_R4_axisWTA_cen//0000/L1_object_data_643_processed.root
hadd Source file 566: /eos/cms/store/group/phys_heavyions/jvelazqu/energycorr/condor_R4_axisWTA_cen//0005/L1_object_data_5210_processed.root
hadd Source file 500: /eos/cms/store/group/phys_heavyions/jvelazqu/energycorr/condor_R4_axisWTA_cen//0005/L1_object_data_5749_processed.root
hadd Target path: /pool/condor/dir_3888309/tmp/partial6_6eb2f57e-9bf4-11f1-8f89-b7c0b9bcbeef.root:/
hadd Source file 567: /eos/cms/store/group/phys_heavyions/jvelazqu/energycorr/condor_R4_axisWTA_cen//0005/L1_object_data_5211_processed.root
hadd Source file 590: /eos/cms/store/group/phys_heavyions/jvelazqu/energycorr/condor_R4_axisWTA_cen//0000/L1_object_data_644_processed.root
hadd Source file 501: /eos/cms/store/group/phys_heavyions/jvelazqu/energycorr/condor_R4_axisWTA_cen//0005/L1_object_data_5750_processed.root
hadd Source file 568: /eos/cms/store/group/phys_heavyions/jvelazqu/energycorr/condor_R4_axisWTA_cen//0005/L1_object_data_5212_processed.root
hadd Source file 591: /eos/cms/store/group/phys_heavyions/jvelazqu/energycorr/condor_R4_axisWTA_cen//0000/L1_object_data_1382_processed.root
hadd Source file 502: /eos/cms/store/group/phys_heavyions/jvelazqu/energycorr/condor_R4_axisWTA_cen//0005/L1_object_data_5751_processed.root
hadd Source file 603: /eos/cms/store/group/phys_heavyions/jvelazqu/energycorr/condor_R4_axisWTA_cen//0004/L1_object_data_4037_processed.root
hadd Source file 592: /eos/cms/store/group/phys_heavyions/jvelazqu/energycorr/condor_R4_axisWTA_cen//0000/L1_object_data_1419_processed.root
hadd Source file 569: /eos/cms/store/group/phys_heavyions/jvelazqu/energycorr/condor_R4_axisWTA_cen//0005/L1_object_data_5213_processed.root
hadd Source file 604: /eos/cms/store/group/phys_heavyions/jvelazqu/energycorr/condor_R4_axisWTA_cen//0004/L1_object_data_4038_processed.root
hadd Source file 503: /eos/cms/store/group/phys_heavyions/jvelazqu/energycorr/condor_R4_axisWTA_cen//0005/L1_object_data_5752_processed.root
hadd Source file 593: /eos/cms/store/group/phys_heavyions/jvelazqu/energycorr/condor_R4_axisWTA_cen//0000/L1_object_data_1658_processed.root
hadd Source file 570: /eos/cms/store/group/phys_heavyions/jvelazqu/energycorr/condor_R4_axisWTA_cen//0005/L1_object_data_5214_processed.root
hadd Source file 605: /eos/cms/store/group/phys_heavyions/jvelazqu/energycorr/condor_R4_axisWTA_cen//0004/L1_object_data_4039_processed.root
hadd Source file 594: /eos/cms/store/group/phys_heavyions/jvelazqu/energycorr/condor_R4_axisWTA_cen//0000/L1_object_data_1662_processed.root
hadd Source file 571: /eos/cms/store/group/phys_heavyions/jvelazqu/energycorr/condor_R4_axisWTA_cen//0005/L1_object_data_5215_processed.root
hadd Source file 504: /eos/cms/store/group/phys_heavyions/jvelazqu/energycorr/condor_R4_axisWTA_cen//0005/L1_object_data_5753_processed.root
hadd Source file 595: /eos/cms/store/group/phys_heavyions/jvelazqu/energycorr/condor_R4_axisWTA_cen//0000/L1_object_data_1718_processed.root
hadd Source file 505: /eos/cms/store/group/phys_heavyions/jvelazqu/energycorr/condor_R4_axisWTA_cen//0005/L1_object_data_5754_processed.root
hadd Source file 596: /eos/cms/store/group/phys_heavyions/jvelazqu/energycorr/condor_R4_axisWTA_cen//0000/L1_object_data_1770_processed.root
hadd Source file 597: /eos/cms/store/group/phys_heavyions/jvelazqu/energycorr/condor_R4_axisWTA_cen//0000/L1_object_data_1793_processed.root
hadd Target path: /pool/condor/dir_3888309/tmp/partial5_6eb2f57e-9bf4-11f1-8f89-b7c0b9bcbeef.root:/
hadd Source file 506: /eos/cms/store/group/phys_heavyions/jvelazqu/energycorr/condor_R4_axisWTA_cen//0005/L1_object_data_5755_processed.root
hadd Source file 598: /eos/cms/store/group/phys_heavyions/jvelazqu/energycorr/condor_R4_axisWTA_cen//0000/L1_object_data_1794_processed.root
hadd Source file 572: /eos/cms/store/group/phys_heavyions/jvelazqu/energycorr/condor_R4_axisWTA_cen//0005/L1_object_data_5216_processed.root
hadd Source file 599: /eos/cms/store/group/phys_heavyions/jvelazqu/energycorr/condor_R4_axisWTA_cen//0000/L1_object_data_1795_processed.root
hadd Source file 507: /eos/cms/store/group/phys_heavyions/jvelazqu/energycorr/condor_R4_axisWTA_cen//0005/L1_object_data_5756_processed.root
hadd Source file 573: /eos/cms/store/group/phys_heavyions/jvelazqu/energycorr/condor_R4_axisWTA_cen//0005/L1_object_data_5217_processed.root
hadd Source file 600: /eos/cms/store/group/phys_heavyions/jvelazqu/energycorr/condor_R4_axisWTA_cen//0000/L1_object_data_1796_processed.root
hadd Source file 574: /eos/cms/store/group/phys_heavyions/jvelazqu/energycorr/condor_R4_axisWTA_cen//0005/L1_object_data_5218_processed.root
hadd Source file 601: /eos/cms/store/group/phys_heavyions/jvelazqu/energycorr/condor_R4_axisWTA_cen//0000/L1_object_data_1797_processed.root
hadd Source file 602: /eos/cms/store/group/phys_heavyions/jvelazqu/energycorr/condor_R4_axisWTA_cen//0000/L1_object_data_1798_processed.root
hadd Source file 575: /eos/cms/store/group/phys_heavyions/jvelazqu/energycorr/condor_R4_axisWTA_cen//0005/L1_object_data_5219_processed.root
hadd Source file 508: /eos/cms/store/group/phys_heavyions/jvelazqu/energycorr/condor_R4_axisWTA_cen//0005/L1_object_data_5757_processed.root
hadd Source file 576: /eos/cms/store/group/phys_heavyions/jvelazqu/energycorr/condor_R4_axisWTA_cen//0005/L1_object_data_5220_processed.root
hadd Source file 509: /eos/cms/store/group/phys_heavyions/jvelazqu/energycorr/condor_R4_axisWTA_cen//0005/L1_object_data_5758_processed.root
hadd Source file 603: /eos/cms/store/group/phys_heavyions/jvelazqu/energycorr/condor_R4_axisWTA_cen//0000/L1_object_data_1799_processed.root
hadd Source file 577: /eos/cms/store/group/phys_heavyions/jvelazqu/energycorr/condor_R4_axisWTA_cen//0005/L1_object_data_5221_processed.root
hadd Source file 604: /eos/cms/store/group/phys_heavyions/jvelazqu/energycorr/condor_R4_axisWTA_cen//0000/L1_object_data_1800_processed.root
hadd Source file 605: /eos/cms/store/group/phys_heavyions/jvelazqu/energycorr/condor_R4_axisWTA_cen//0000/L1_object_data_1801_processed.root
hadd Source file 578: /eos/cms/store/group/phys_heavyions/jvelazqu/energycorr/condor_R4_axisWTA_cen//0005/L1_object_data_5222_processed.root
hadd Target path: /pool/condor/dir_3888309/tmp/partial0_6eb2f57e-9bf4-11f1-8f89-b7c0b9bcbeef.root:/
hadd Source file 510: /eos/cms/store/group/phys_heavyions/jvelazqu/energycorr/condor_R4_axisWTA_cen//0005/L1_object_data_5759_processed.root
hadd Source file 579: /eos/cms/store/group/phys_heavyions/jvelazqu/energycorr/condor_R4_axisWTA_cen//0005/L1_object_data_5223_processed.root
hadd Source file 580: /eos/cms/store/group/phys_heavyions/jvelazqu/energycorr/condor_R4_axisWTA_cen//0005/L1_object_data_5224_processed.root
hadd Source file 511: /eos/cms/store/group/phys_heavyions/jvelazqu/energycorr/condor_R4_axisWTA_cen//0005/L1_object_data_5760_processed.root
hadd Source file 512: /eos/cms/store/group/phys_heavyions/jvelazqu/energycorr/condor_R4_axisWTA_cen//0005/L1_object_data_5761_processed.root
hadd Source file 581: /eos/cms/store/group/phys_heavyions/jvelazqu/energycorr/condor_R4_axisWTA_cen//0005/L1_object_data_5225_processed.root
hadd Source file 513: /eos/cms/store/group/phys_heavyions/jvelazqu/energycorr/condor_R4_axisWTA_cen//0005/L1_object_data_5762_processed.root
hadd Source file 582: /eos/cms/store/group/phys_heavyions/jvelazqu/energycorr/condor_R4_axisWTA_cen//0005/L1_object_data_5226_processed.root
hadd Source file 514: /eos/cms/store/group/phys_heavyions/jvelazqu/energycorr/condor_R4_axisWTA_cen//0005/L1_object_data_5763_processed.root
hadd Source file 583: /eos/cms/store/group/phys_heavyions/jvelazqu/energycorr/condor_R4_axisWTA_cen//0005/L1_object_data_5227_processed.root
hadd Source file 584: /eos/cms/store/group/phys_heavyions/jvelazqu/energycorr/condor_R4_axisWTA_cen//0005/L1_object_data_5228_processed.root
hadd Source file 585: /eos/cms/store/group/phys_heavyions/jvelazqu/energycorr/condor_R4_axisWTA_cen//0005/L1_object_data_5229_processed.root
hadd Source file 586: /eos/cms/store/group/phys_heavyions/jvelazqu/energycorr/condor_R4_axisWTA_cen//0005/L1_object_data_5230_processed.root
hadd Source file 587: /eos/cms/store/group/phys_heavyions/jvelazqu/energycorr/condor_R4_axisWTA_cen//0005/L1_object_data_5231_processed.root
hadd Source file 588: /eos/cms/store/group/phys_heavyions/jvelazqu/energycorr/condor_R4_axisWTA_cen//0005/L1_object_data_5232_processed.root
hadd Source file 589: /eos/cms/store/group/phys_heavyions/jvelazqu/energycorr/condor_R4_axisWTA_cen//0005/L1_object_data_5233_processed.root
hadd Source file 590: /eos/cms/store/group/phys_heavyions/jvelazqu/energycorr/condor_R4_axisWTA_cen//0005/L1_object_data_5234_processed.root
hadd Source file 515: /eos/cms/store/group/phys_heavyions/jvelazqu/energycorr/condor_R4_axisWTA_cen//0005/L1_object_data_5764_processed.root
hadd Source file 591: /eos/cms/store/group/phys_heavyions/jvelazqu/energycorr/condor_R4_axisWTA_cen//0005/L1_object_data_5235_processed.root
hadd Source file 516: /eos/cms/store/group/phys_heavyions/jvelazqu/energycorr/condor_R4_axisWTA_cen//0005/L1_object_data_5765_processed.root
hadd Source file 592: /eos/cms/store/group/phys_heavyions/jvelazqu/energycorr/condor_R4_axisWTA_cen//0005/L1_object_data_5236_processed.root
hadd Source file 517: /eos/cms/store/group/phys_heavyions/jvelazqu/energycorr/condor_R4_axisWTA_cen//0005/L1_object_data_5766_processed.root
hadd Source file 518: /eos/cms/store/group/phys_heavyions/jvelazqu/energycorr/condor_R4_axisWTA_cen//0005/L1_object_data_5767_processed.root
hadd Source file 593: /eos/cms/store/group/phys_heavyions/jvelazqu/energycorr/condor_R4_axisWTA_cen//0005/L1_object_data_5237_processed.root
hadd Source file 519: /eos/cms/store/group/phys_heavyions/jvelazqu/energycorr/condor_R4_axisWTA_cen//0005/L1_object_data_5768_processed.root
hadd Source file 594: /eos/cms/store/group/phys_heavyions/jvelazqu/energycorr/condor_R4_axisWTA_cen//0005/L1_object_data_5238_processed.root
hadd Source file 595: /eos/cms/store/group/phys_heavyions/jvelazqu/energycorr/condor_R4_axisWTA_cen//0005/L1_object_data_5239_processed.root
hadd Source file 596: /eos/cms/store/group/phys_heavyions/jvelazqu/energycorr/condor_R4_axisWTA_cen//0005/L1_object_data_5240_processed.root
hadd Source file 597: /eos/cms/store/group/phys_heavyions/jvelazqu/energycorr/condor_R4_axisWTA_cen//0005/L1_object_data_5241_processed.root
hadd Source file 520: /eos/cms/store/group/phys_heavyions/jvelazqu/energycorr/condor_R4_axisWTA_cen//0005/L1_object_data_5769_processed.root
hadd Source file 598: /eos/cms/store/group/phys_heavyions/jvelazqu/energycorr/condor_R4_axisWTA_cen//0005/L1_object_data_5242_processed.root
hadd Source file 521: /eos/cms/store/group/phys_heavyions/jvelazqu/energycorr/condor_R4_axisWTA_cen//0005/L1_object_data_5770_processed.root
hadd Source file 522: /eos/cms/store/group/phys_heavyions/jvelazqu/energycorr/condor_R4_axisWTA_cen//0005/L1_object_data_5771_processed.root
hadd Source file 599: /eos/cms/store/group/phys_heavyions/jvelazqu/energycorr/condor_R4_axisWTA_cen//0005/L1_object_data_5243_processed.root
hadd Source file 600: /eos/cms/store/group/phys_heavyions/jvelazqu/energycorr/condor_R4_axisWTA_cen//0005/L1_object_data_5244_processed.root
hadd Source file 601: /eos/cms/store/group/phys_heavyions/jvelazqu/energycorr/condor_R4_axisWTA_cen//0005/L1_object_data_5245_processed.root
hadd Source file 523: /eos/cms/store/group/phys_heavyions/jvelazqu/energycorr/condor_R4_axisWTA_cen//0005/L1_object_data_5772_processed.root
hadd Source file 602: /eos/cms/store/group/phys_heavyions/jvelazqu/energycorr/condor_R4_axisWTA_cen//0005/L1_object_data_5246_processed.root
hadd Source file 524: /eos/cms/store/group/phys_heavyions/jvelazqu/energycorr/condor_R4_axisWTA_cen//0005/L1_object_data_5773_processed.root
hadd Source file 603: /eos/cms/store/group/phys_heavyions/jvelazqu/energycorr/condor_R4_axisWTA_cen//0005/L1_object_data_5247_processed.root
hadd Source file 525: /eos/cms/store/group/phys_heavyions/jvelazqu/energycorr/condor_R4_axisWTA_cen//0005/L1_object_data_5774_processed.root
hadd Source file 604: /eos/cms/store/group/phys_heavyions/jvelazqu/energycorr/condor_R4_axisWTA_cen//0005/L1_object_data_5248_processed.root
hadd Source file 526: /eos/cms/store/group/phys_heavyions/jvelazqu/energycorr/condor_R4_axisWTA_cen//0005/L1_object_data_5775_processed.root
hadd Source file 605: /eos/cms/store/group/phys_heavyions/jvelazqu/energycorr/condor_R4_axisWTA_cen//0005/L1_object_data_5249_processed.root
hadd Source file 527: /eos/cms/store/group/phys_heavyions/jvelazqu/energycorr/condor_R4_axisWTA_cen//0005/L1_object_data_5776_processed.root
hadd Target path: /pool/condor/dir_3888309/tmp/partial7_6eb2f57e-9bf4-11f1-8f89-b7c0b9bcbeef.root:/
hadd Source file 528: /eos/cms/store/group/phys_heavyions/jvelazqu/energycorr/condor_R4_axisWTA_cen//0005/L1_object_data_5777_processed.root
hadd Source file 529: /eos/cms/store/group/phys_heavyions/jvelazqu/energycorr/condor_R4_axisWTA_cen//0005/L1_object_data_5778_processed.root
hadd Source file 530: /eos/cms/store/group/phys_heavyions/jvelazqu/energycorr/condor_R4_axisWTA_cen//0005/L1_object_data_5779_processed.root
hadd Source file 531: /eos/cms/store/group/phys_heavyions/jvelazqu/energycorr/condor_R4_axisWTA_cen//0005/L1_object_data_5780_processed.root
hadd Source file 532: /eos/cms/store/group/phys_heavyions/jvelazqu/energycorr/condor_R4_axisWTA_cen//0005/L1_object_data_5781_processed.root
hadd Source file 533: /eos/cms/store/group/phys_heavyions/jvelazqu/energycorr/condor_R4_axisWTA_cen//0005/L1_object_data_5782_processed.root
hadd Source file 534: /eos/cms/store/group/phys_heavyions/jvelazqu/energycorr/condor_R4_axisWTA_cen//0005/L1_object_data_5783_processed.root
hadd Source file 535: /eos/cms/store/group/phys_heavyions/jvelazqu/energycorr/condor_R4_axisWTA_cen//0005/L1_object_data_5784_processed.root
hadd Source file 536: /eos/cms/store/group/phys_heavyions/jvelazqu/energycorr/condor_R4_axisWTA_cen//0005/L1_object_data_5785_processed.root
hadd Source file 537: /eos/cms/store/group/phys_heavyions/jvelazqu/energycorr/condor_R4_axisWTA_cen//0005/L1_object_data_5786_processed.root
hadd Source file 538: /eos/cms/store/group/phys_heavyions/jvelazqu/energycorr/condor_R4_axisWTA_cen//0005/L1_object_data_5787_processed.root
hadd Source file 539: /eos/cms/store/group/phys_heavyions/jvelazqu/energycorr/condor_R4_axisWTA_cen//0005/L1_object_data_5788_processed.root
hadd Source file 540: /eos/cms/store/group/phys_heavyions/jvelazqu/energycorr/condor_R4_axisWTA_cen//0005/L1_object_data_5789_processed.root
hadd Source file 541: /eos/cms/store/group/phys_heavyions/jvelazqu/energycorr/condor_R4_axisWTA_cen//0005/L1_object_data_5790_processed.root
hadd Source file 542: /eos/cms/store/group/phys_heavyions/jvelazqu/energycorr/condor_R4_axisWTA_cen//0005/L1_object_data_5791_processed.root
hadd Source file 543: /eos/cms/store/group/phys_heavyions/jvelazqu/energycorr/condor_R4_axisWTA_cen//0005/L1_object_data_5792_processed.root
hadd Source file 544: /eos/cms/store/group/phys_heavyions/jvelazqu/energycorr/condor_R4_axisWTA_cen//0005/L1_object_data_5793_processed.root
hadd Source file 545: /eos/cms/store/group/phys_heavyions/jvelazqu/energycorr/condor_R4_axisWTA_cen//0005/L1_object_data_5794_processed.root
hadd Source file 546: /eos/cms/store/group/phys_heavyions/jvelazqu/energycorr/condor_R4_axisWTA_cen//0005/L1_object_data_5795_processed.root
hadd Source file 547: /eos/cms/store/group/phys_heavyions/jvelazqu/energycorr/condor_R4_axisWTA_cen//0005/L1_object_data_5796_processed.root
hadd Source file 548: /eos/cms/store/group/phys_heavyions/jvelazqu/energycorr/condor_R4_axisWTA_cen//0005/L1_object_data_5797_processed.root
hadd Source file 549: /eos/cms/store/group/phys_heavyions/jvelazqu/energycorr/condor_R4_axisWTA_cen//0005/L1_object_data_5798_processed.root
hadd Source file 550: /eos/cms/store/group/phys_heavyions/jvelazqu/energycorr/condor_R4_axisWTA_cen//0005/L1_object_data_5799_processed.root
hadd Source file 551: /eos/cms/store/group/phys_heavyions/jvelazqu/energycorr/condor_R4_axisWTA_cen//0005/L1_object_data_5800_processed.root
hadd Source file 552: /eos/cms/store/group/phys_heavyions/jvelazqu/energycorr/condor_R4_axisWTA_cen//0005/L1_object_data_5801_processed.root
hadd Source file 553: /eos/cms/store/group/phys_heavyions/jvelazqu/energycorr/condor_R4_axisWTA_cen//0005/L1_object_data_5802_processed.root
hadd Source file 554: /eos/cms/store/group/phys_heavyions/jvelazqu/energycorr/condor_R4_axisWTA_cen//0005/L1_object_data_5803_processed.root
hadd Source file 555: /eos/cms/store/group/phys_heavyions/jvelazqu/energycorr/condor_R4_axisWTA_cen//0005/L1_object_data_5804_processed.root
hadd Source file 556: /eos/cms/store/group/phys_heavyions/jvelazqu/energycorr/condor_R4_axisWTA_cen//0005/L1_object_data_5805_processed.root
hadd Source file 557: /eos/cms/store/group/phys_heavyions/jvelazqu/energycorr/condor_R4_axisWTA_cen//0005/L1_object_data_5806_processed.root
hadd Source file 558: /eos/cms/store/group/phys_heavyions/jvelazqu/energycorr/condor_R4_axisWTA_cen//0005/L1_object_data_5807_processed.root
hadd Source file 559: /eos/cms/store/group/phys_heavyions/jvelazqu/energycorr/condor_R4_axisWTA_cen//0005/L1_object_data_5808_processed.root
hadd Source file 560: /eos/cms/store/group/phys_heavyions/jvelazqu/energycorr/condor_R4_axisWTA_cen//0005/L1_object_data_5809_processed.root
hadd Source file 561: /eos/cms/store/group/phys_heavyions/jvelazqu/energycorr/condor_R4_axisWTA_cen//0005/L1_object_data_5810_processed.root
hadd Source file 562: /eos/cms/store/group/phys_heavyions/jvelazqu/energycorr/condor_R4_axisWTA_cen//0005/L1_object_data_5811_processed.root
hadd Source file 563: /eos/cms/store/group/phys_heavyions/jvelazqu/energycorr/condor_R4_axisWTA_cen//0005/L1_object_data_5812_processed.root
hadd Source file 564: /eos/cms/store/group/phys_heavyions/jvelazqu/energycorr/condor_R4_axisWTA_cen//0005/L1_object_data_5813_processed.root
hadd Source file 565: /eos/cms/store/group/phys_heavyions/jvelazqu/energycorr/condor_R4_axisWTA_cen//0005/L1_object_data_5814_processed.root
hadd Source file 566: /eos/cms/store/group/phys_heavyions/jvelazqu/energycorr/condor_R4_axisWTA_cen//0005/L1_object_data_5815_processed.root
hadd Source file 567: /eos/cms/store/group/phys_heavyions/jvelazqu/energycorr/condor_R4_axisWTA_cen//0005/L1_object_data_5816_processed.root
hadd Source file 568: /eos/cms/store/group/phys_heavyions/jvelazqu/energycorr/condor_R4_axisWTA_cen//0005/L1_object_data_5817_processed.root
hadd Source file 569: /eos/cms/store/group/phys_heavyions/jvelazqu/energycorr/condor_R4_axisWTA_cen//0005/L1_object_data_5818_processed.root
hadd Source file 570: /eos/cms/store/group/phys_heavyions/jvelazqu/energycorr/condor_R4_axisWTA_cen//0005/L1_object_data_5819_processed.root
hadd Source file 571: /eos/cms/store/group/phys_heavyions/jvelazqu/energycorr/condor_R4_axisWTA_cen//0005/L1_object_data_5820_processed.root
hadd Source file 572: /eos/cms/store/group/phys_heavyions/jvelazqu/energycorr/condor_R4_axisWTA_cen//0005/L1_object_data_5821_processed.root
hadd Source file 573: /eos/cms/store/group/phys_heavyions/jvelazqu/energycorr/condor_R4_axisWTA_cen//0005/L1_object_data_5822_processed.root
hadd Source file 574: /eos/cms/store/group/phys_heavyions/jvelazqu/energycorr/condor_R4_axisWTA_cen//0005/L1_object_data_5823_processed.root
hadd Source file 575: /eos/cms/store/group/phys_heavyions/jvelazqu/energycorr/condor_R4_axisWTA_cen//0005/L1_object_data_5824_processed.root
hadd Source file 576: /eos/cms/store/group/phys_heavyions/jvelazqu/energycorr/condor_R4_axisWTA_cen//0005/L1_object_data_5825_processed.root
hadd Source file 577: /eos/cms/store/group/phys_heavyions/jvelazqu/energycorr/condor_R4_axisWTA_cen//0005/L1_object_data_5826_processed.root
hadd Source file 578: /eos/cms/store/group/phys_heavyions/jvelazqu/energycorr/condor_R4_axisWTA_cen//0005/L1_object_data_5827_processed.root
hadd Source file 579: /eos/cms/store/group/phys_heavyions/jvelazqu/energycorr/condor_R4_axisWTA_cen//0005/L1_object_data_5828_processed.root
hadd Source file 580: /eos/cms/store/group/phys_heavyions/jvelazqu/energycorr/condor_R4_axisWTA_cen//0005/L1_object_data_5829_processed.root
hadd Source file 581: /eos/cms/store/group/phys_heavyions/jvelazqu/energycorr/condor_R4_axisWTA_cen//0005/L1_object_data_5830_processed.root
hadd Source file 582: /eos/cms/store/group/phys_heavyions/jvelazqu/energycorr/condor_R4_axisWTA_cen//0005/L1_object_data_5831_processed.root
hadd Source file 583: /eos/cms/store/group/phys_heavyions/jvelazqu/energycorr/condor_R4_axisWTA_cen//0005/L1_object_data_5832_processed.root
hadd Source file 584: /eos/cms/store/group/phys_heavyions/jvelazqu/energycorr/condor_R4_axisWTA_cen//0005/L1_object_data_5833_processed.root
hadd Source file 585: /eos/cms/store/group/phys_heavyions/jvelazqu/energycorr/condor_R4_axisWTA_cen//0005/L1_object_data_5834_processed.root
hadd Source file 586: /eos/cms/store/group/phys_heavyions/jvelazqu/energycorr/condor_R4_axisWTA_cen//0005/L1_object_data_5835_processed.root
hadd Source file 587: /eos/cms/store/group/phys_heavyions/jvelazqu/energycorr/condor_R4_axisWTA_cen//0005/L1_object_data_5836_processed.root
hadd Source file 588: /eos/cms/store/group/phys_heavyions/jvelazqu/energycorr/condor_R4_axisWTA_cen//0005/L1_object_data_5837_processed.root
hadd Source file 589: /eos/cms/store/group/phys_heavyions/jvelazqu/energycorr/condor_R4_axisWTA_cen//0005/L1_object_data_5838_processed.root
hadd Source file 590: /eos/cms/store/group/phys_heavyions/jvelazqu/energycorr/condor_R4_axisWTA_cen//0005/L1_object_data_5839_processed.root
hadd Source file 591: /eos/cms/store/group/phys_heavyions/jvelazqu/energycorr/condor_R4_axisWTA_cen//0005/L1_object_data_5840_processed.root
hadd Source file 592: /eos/cms/store/group/phys_heavyions/jvelazqu/energycorr/condor_R4_axisWTA_cen//0005/L1_object_data_5841_processed.root
hadd Source file 593: /eos/cms/store/group/phys_heavyions/jvelazqu/energycorr/condor_R4_axisWTA_cen//0005/L1_object_data_5842_processed.root
hadd Source file 594: /eos/cms/store/group/phys_heavyions/jvelazqu/energycorr/condor_R4_axisWTA_cen//0005/L1_object_data_5843_processed.root
hadd Source file 595: /eos/cms/store/group/phys_heavyions/jvelazqu/energycorr/condor_R4_axisWTA_cen//0005/L1_object_data_5844_processed.root
hadd Source file 596: /eos/cms/store/group/phys_heavyions/jvelazqu/energycorr/condor_R4_axisWTA_cen//0005/L1_object_data_5845_processed.root
hadd Source file 597: /eos/cms/store/group/phys_heavyions/jvelazqu/energycorr/condor_R4_axisWTA_cen//0005/L1_object_data_5846_processed.root
hadd Source file 598: /eos/cms/store/group/phys_heavyions/jvelazqu/energycorr/condor_R4_axisWTA_cen//0005/L1_object_data_5847_processed.root
hadd Source file 599: /eos/cms/store/group/phys_heavyions/jvelazqu/energycorr/condor_R4_axisWTA_cen//0005/L1_object_data_5848_processed.root
hadd Source file 600: /eos/cms/store/group/phys_heavyions/jvelazqu/energycorr/condor_R4_axisWTA_cen//0005/L1_object_data_5849_processed.root
hadd Source file 601: /eos/cms/store/group/phys_heavyions/jvelazqu/energycorr/condor_R4_axisWTA_cen//0005/L1_object_data_5850_processed.root
hadd Source file 602: /eos/cms/store/group/phys_heavyions/jvelazqu/energycorr/condor_R4_axisWTA_cen//0005/L1_object_data_5851_processed.root
hadd Source file 603: /eos/cms/store/group/phys_heavyions/jvelazqu/energycorr/condor_R4_axisWTA_cen//0005/L1_object_data_5852_processed.root
hadd Source file 604: /eos/cms/store/group/phys_heavyions/jvelazqu/energycorr/condor_R4_axisWTA_cen//0005/L1_object_data_5853_processed.root
hadd Source file 605: /eos/cms/store/group/phys_heavyions/jvelazqu/energycorr/condor_R4_axisWTA_cen//0005/L1_object_data_5854_processed.root
hadd Target path: /pool/condor/dir_3888309/tmp/partial8_6eb2f57e-9bf4-11f1-8f89-b7c0b9bcbeef.root:/
hadd Target path: /pool/condor/dir_3888309/tmp/partial2_6eb2f57e-9bf4-11f1-8f89-b7c0b9bcbeef.root:/JCard
hadd Target path: /pool/condor/dir_3888309/tmp/partial8_6eb2f57e-9bf4-11f1-8f89-b7c0b9bcbeef.root:/JCard
hadd Target path: /pool/condor/dir_3888309/tmp/partial3_6eb2f57e-9bf4-11f1-8f89-b7c0b9bcbeef.root:/JCard
hadd Target path: /pool/condor/dir_3888309/tmp/partial9_6eb2f57e-9bf4-11f1-8f89-b7c0b9bcbeef.root:/JCard
hadd Target path: /pool/condor/dir_3888309/tmp/partial6_6eb2f57e-9bf4-11f1-8f89-b7c0b9bcbeef.root:/JCard
hadd Target path: /pool/condor/dir_3888309/tmp/partial0_6eb2f57e-9bf4-11f1-8f89-b7c0b9bcbeef.root:/JCard
hadd Target path: /pool/condor/dir_3888309/tmp/partial7_6eb2f57e-9bf4-11f1-8f89-b7c0b9bcbeef.root:/JCard
hadd Target path: /pool/condor/dir_3888309/tmp/partial5_6eb2f57e-9bf4-11f1-8f89-b7c0b9bcbeef.root:/JCard
hadd Target path: /pool/condor/dir_3888309/tmp/partial1_6eb2f57e-9bf4-11f1-8f89-b7c0b9bcbeef.root:/JCard
hadd Target path: /pool/condor/dir_3888309/tmp/partial4_6eb2f57e-9bf4-11f1-8f89-b7c0b9bcbeef.root:/JCard
hadd Source file 1: /pool/condor/dir_3888309/tmp/partial0_6eb2f57e-9bf4-11f1-8f89-b7c0b9bcbeef.root
hadd Source file 2: /pool/condor/dir_3888309/tmp/partial1_6eb2f57e-9bf4-11f1-8f89-b7c0b9bcbeef.root
hadd Source file 3: /pool/condor/dir_3888309/tmp/partial2_6eb2f57e-9bf4-11f1-8f89-b7c0b9bcbeef.root
hadd Source file 4: /pool/condor/dir_3888309/tmp/partial3_6eb2f57e-9bf4-11f1-8f89-b7c0b9bcbeef.root
hadd Source file 5: /pool/condor/dir_3888309/tmp/partial4_6eb2f57e-9bf4-11f1-8f89-b7c0b9bcbeef.root
hadd Source file 6: /pool/condor/dir_3888309/tmp/partial5_6eb2f57e-9bf4-11f1-8f89-b7c0b9bcbeef.root
hadd Source file 7: /pool/condor/dir_3888309/tmp/partial6_6eb2f57e-9bf4-11f1-8f89-b7c0b9bcbeef.root
hadd Source file 8: /pool/condor/dir_3888309/tmp/partial7_6eb2f57e-9bf4-11f1-8f89-b7c0b9bcbeef.root
hadd Source file 9: /pool/condor/dir_3888309/tmp/partial8_6eb2f57e-9bf4-11f1-8f89-b7c0b9bcbeef.root
hadd Source file 10: /pool/condor/dir_3888309/tmp/partial9_6eb2f57e-9bf4-11f1-8f89-b7c0b9bcbeef.root
hadd Target path: /eos/cms/store/group/phys_heavyions/jvelazqu/energycorr/merged/new_R4_axisWTA_cen/merged_R4_axisWTA_cen_jetcorrected.root:/
hadd Target path: /eos/cms/store/group/phys_heavyions/jvelazqu/energycorr/merged/new_R4_axisWTA_cen/merged_R4_axisWTA_cen_jetcorrected.root:/JCard
=========================================================
Merge completado: /eos/cms/store/group/phys_heavyions/jvelazqu/energycorr/merged/new_R4_axisWTA_cen/merged_R4_axisWTA_cen_jetcorrected.root
=========================================================
