==> Buscando archivos en /eos/cms/store/group/phys_heavyions/jvelazqu/energycorr/eecAnalysis_ppref_2024-09-10/eecOOHistograms/crab_eecAnalysis_ppref_2024-09-10/260910_041527/000*
==> Encontrados 4275 archivos candidatos
==> Validando integridad (zombies y TTree truncados)...
==> Válidos: 4275 | Malos: 0
==> Mergeando 4275 archivos válidos...
Parallelizing  with 10 processes.
hadd Target file: /eos/cms/store/group/phys_heavyions/jvelazqu/energycorr/merged//merged_eecppRef_2024-09-10.root
hadd compression setting for all output: 101
hadd Source file 1: /eos/cms/store/group/phys_heavyions/jvelazqu/energycorr/eecAnalysis_ppref_2024-09-10/eecOOHistograms/crab_eecAnalysis_ppref_2024-09-10/260910_041527/0002/eecAnalysis_ppref_2024-09-10_2997.root
hadd Source file 1: /eos/cms/store/group/phys_heavyions/jvelazqu/energycorr/eecAnalysis_ppref_2024-09-10/eecOOHistograms/crab_eecAnalysis_ppref_2024-09-10/260910_041527/0001/eecAnalysis_ppref_2024-09-10_1713.root
hadd Source file 1: /eos/cms/store/group/phys_heavyions/jvelazqu/energycorr/eecAnalysis_ppref_2024-09-10/eecOOHistograms/crab_eecAnalysis_ppref_2024-09-10/260910_041527/0002/eecAnalysis_ppref_2024-09-10_2569.root
hadd Source file 1: /eos/cms/store/group/phys_heavyions/jvelazqu/energycorr/eecAnalysis_ppref_2024-09-10/eecOOHistograms/crab_eecAnalysis_ppref_2024-09-10/260910_041527/0001/eecAnalysis_ppref_2024-09-10_1285.root
hadd Source file 1: /eos/cms/store/group/phys_heavyions/jvelazqu/energycorr/eecAnalysis_ppref_2024-09-10/eecOOHistograms/crab_eecAnalysis_ppref_2024-09-10/260910_041527/0000/eecAnalysis_ppref_2024-09-10_857.root
hadd Source file 1: /eos/cms/store/group/phys_heavyions/jvelazqu/energycorr/eecAnalysis_ppref_2024-09-10/eecOOHistograms/crab_eecAnalysis_ppref_2024-09-10/260910_041527/0000/eecAnalysis_ppref_2024-09-10_429.root
hadd Source file 1: /eos/cms/store/group/phys_heavyions/jvelazqu/energycorr/eecAnalysis_ppref_2024-09-10/eecOOHistograms/crab_eecAnalysis_ppref_2024-09-10/260910_041527/0000/eecAnalysis_ppref_2024-09-10_1.root
hadd Source file 1: /eos/cms/store/group/phys_heavyions/jvelazqu/energycorr/eecAnalysis_ppref_2024-09-10/eecOOHistograms/crab_eecAnalysis_ppref_2024-09-10/260910_041527/0002/eecAnalysis_ppref_2024-09-10_2141.root
hadd Source file 1: /eos/cms/store/group/phys_heavyions/jvelazqu/energycorr/eecAnalysis_ppref_2024-09-10/eecOOHistograms/crab_eecAnalysis_ppref_2024-09-10/260910_041527/0003/eecAnalysis_ppref_2024-09-10_3425.root
hadd Source file 1: /eos/cms/store/group/phys_heavyions/jvelazqu/energycorr/eecAnalysis_ppref_2024-09-10/eecOOHistograms/crab_eecAnalysis_ppref_2024-09-10/260910_041527/0003/eecAnalysis_ppref_2024-09-10_3853.root
hadd Source file 2: /eos/cms/store/group/phys_heavyions/jvelazqu/energycorr/eecAnalysis_ppref_2024-09-10/eecOOHistograms/crab_eecAnalysis_ppref_2024-09-10/260910_041527/0002/eecAnalysis_ppref_2024-09-10_2570.root
hadd Source file 2: /eos/cms/store/group/phys_heavyions/jvelazqu/energycorr/eecAnalysis_ppref_2024-09-10/eecOOHistograms/crab_eecAnalysis_ppref_2024-09-10/260910_041527/0003/eecAnalysis_ppref_2024-09-10_3426.root
hadd Source file 2: /eos/cms/store/group/phys_heavyions/jvelazqu/energycorr/eecAnalysis_ppref_2024-09-10/eecOOHistograms/crab_eecAnalysis_ppref_2024-09-10/260910_041527/0001/eecAnalysis_ppref_2024-09-10_1286.root
hadd Source file 2: /eos/cms/store/group/phys_heavyions/jvelazqu/energycorr/eecAnalysis_ppref_2024-09-10/eecOOHistograms/crab_eecAnalysis_ppref_2024-09-10/260910_041527/0000/eecAnalysis_ppref_2024-09-10_858.root
hadd Source file 2: /eos/cms/store/group/phys_heavyions/jvelazqu/energycorr/eecAnalysis_ppref_2024-09-10/eecOOHistograms/crab_eecAnalysis_ppref_2024-09-10/260910_041527/0002/eecAnalysis_ppref_2024-09-10_2142.root
hadd Source file 3: /eos/cms/store/group/phys_heavyions/jvelazqu/energycorr/eecAnalysis_ppref_2024-09-10/eecOOHistograms/crab_eecAnalysis_ppref_2024-09-10/260910_041527/0002/eecAnalysis_ppref_2024-09-10_2571.root
hadd Source file 2: /eos/cms/store/group/phys_heavyions/jvelazqu/energycorr/eecAnalysis_ppref_2024-09-10/eecOOHistograms/crab_eecAnalysis_ppref_2024-09-10/260910_041527/0003/eecAnalysis_ppref_2024-09-10_3854.root
hadd Source file 2: /eos/cms/store/group/phys_heavyions/jvelazqu/energycorr/eecAnalysis_ppref_2024-09-10/eecOOHistograms/crab_eecAnalysis_ppref_2024-09-10/260910_041527/0000/eecAnalysis_ppref_2024-09-10_2.root
hadd Source file 2: /eos/cms/store/group/phys_heavyions/jvelazqu/energycorr/eecAnalysis_ppref_2024-09-10/eecOOHistograms/crab_eecAnalysis_ppref_2024-09-10/260910_041527/0002/eecAnalysis_ppref_2024-09-10_2998.root
hadd Source file 3: /eos/cms/store/group/phys_heavyions/jvelazqu/energycorr/eecAnalysis_ppref_2024-09-10/eecOOHistograms/crab_eecAnalysis_ppref_2024-09-10/260910_041527/0000/eecAnalysis_ppref_2024-09-10_859.root
hadd Source file 3: /eos/cms/store/group/phys_heavyions/jvelazqu/energycorr/eecAnalysis_ppref_2024-09-10/eecOOHistograms/crab_eecAnalysis_ppref_2024-09-10/260910_041527/0001/eecAnalysis_ppref_2024-09-10_1287.root
hadd Source file 4: /eos/cms/store/group/phys_heavyions/jvelazqu/energycorr/eecAnalysis_ppref_2024-09-10/eecOOHistograms/crab_eecAnalysis_ppref_2024-09-10/260910_041527/0002/eecAnalysis_ppref_2024-09-10_2572.root
hadd Source file 4: /eos/cms/store/group/phys_heavyions/jvelazqu/energycorr/eecAnalysis_ppref_2024-09-10/eecOOHistograms/crab_eecAnalysis_ppref_2024-09-10/260910_041527/0001/eecAnalysis_ppref_2024-09-10_1288.root
hadd Source file 3: /eos/cms/store/group/phys_heavyions/jvelazqu/energycorr/eecAnalysis_ppref_2024-09-10/eecOOHistograms/crab_eecAnalysis_ppref_2024-09-10/260910_041527/0003/eecAnalysis_ppref_2024-09-10_3855.root
hadd Source file 3: /eos/cms/store/group/phys_heavyions/jvelazqu/energycorr/eecAnalysis_ppref_2024-09-10/eecOOHistograms/crab_eecAnalysis_ppref_2024-09-10/260910_041527/0002/eecAnalysis_ppref_2024-09-10_2999.root
hadd Source file 4: /eos/cms/store/group/phys_heavyions/jvelazqu/energycorr/eecAnalysis_ppref_2024-09-10/eecOOHistograms/crab_eecAnalysis_ppref_2024-09-10/260910_041527/0000/eecAnalysis_ppref_2024-09-10_860.root
hadd Source file 3: /eos/cms/store/group/phys_heavyions/jvelazqu/energycorr/eecAnalysis_ppref_2024-09-10/eecOOHistograms/crab_eecAnalysis_ppref_2024-09-10/260910_041527/0000/eecAnalysis_ppref_2024-09-10_3.root
hadd Source file 5: /eos/cms/store/group/phys_heavyions/jvelazqu/energycorr/eecAnalysis_ppref_2024-09-10/eecOOHistograms/crab_eecAnalysis_ppref_2024-09-10/260910_041527/0002/eecAnalysis_ppref_2024-09-10_2573.root
hadd Source file 5: /eos/cms/store/group/phys_heavyions/jvelazqu/energycorr/eecAnalysis_ppref_2024-09-10/eecOOHistograms/crab_eecAnalysis_ppref_2024-09-10/260910_041527/0001/eecAnalysis_ppref_2024-09-10_1289.root
hadd Source file 3: /eos/cms/store/group/phys_heavyions/jvelazqu/energycorr/eecAnalysis_ppref_2024-09-10/eecOOHistograms/crab_eecAnalysis_ppref_2024-09-10/260910_041527/0002/eecAnalysis_ppref_2024-09-10_2143.root
hadd Source file 4: /eos/cms/store/group/phys_heavyions/jvelazqu/energycorr/eecAnalysis_ppref_2024-09-10/eecOOHistograms/crab_eecAnalysis_ppref_2024-09-10/260910_041527/0003/eecAnalysis_ppref_2024-09-10_3000.root
hadd Source file 3: /eos/cms/store/group/phys_heavyions/jvelazqu/energycorr/eecAnalysis_ppref_2024-09-10/eecOOHistograms/crab_eecAnalysis_ppref_2024-09-10/260910_041527/0003/eecAnalysis_ppref_2024-09-10_3427.root
hadd Source file 4: /eos/cms/store/group/phys_heavyions/jvelazqu/energycorr/eecAnalysis_ppref_2024-09-10/eecOOHistograms/crab_eecAnalysis_ppref_2024-09-10/260910_041527/0000/eecAnalysis_ppref_2024-09-10_4.root
hadd Source file 5: /eos/cms/store/group/phys_heavyions/jvelazqu/energycorr/eecAnalysis_ppref_2024-09-10/eecOOHistograms/crab_eecAnalysis_ppref_2024-09-10/260910_041527/0000/eecAnalysis_ppref_2024-09-10_861.root
hadd Source file 6: /eos/cms/store/group/phys_heavyions/jvelazqu/energycorr/eecAnalysis_ppref_2024-09-10/eecOOHistograms/crab_eecAnalysis_ppref_2024-09-10/260910_041527/0002/eecAnalysis_ppref_2024-09-10_2574.root
hadd Source file 4: /eos/cms/store/group/phys_heavyions/jvelazqu/energycorr/eecAnalysis_ppref_2024-09-10/eecOOHistograms/crab_eecAnalysis_ppref_2024-09-10/260910_041527/0002/eecAnalysis_ppref_2024-09-10_2144.root
hadd Source file 6: /eos/cms/store/group/phys_heavyions/jvelazqu/energycorr/eecAnalysis_ppref_2024-09-10/eecOOHistograms/crab_eecAnalysis_ppref_2024-09-10/260910_041527/0001/eecAnalysis_ppref_2024-09-10_1290.root
hadd Source file 4: /eos/cms/store/group/phys_heavyions/jvelazqu/energycorr/eecAnalysis_ppref_2024-09-10/eecOOHistograms/crab_eecAnalysis_ppref_2024-09-10/260910_041527/0003/eecAnalysis_ppref_2024-09-10_3428.root
hadd Source file 2: /eos/cms/store/group/phys_heavyions/jvelazqu/energycorr/eecAnalysis_ppref_2024-09-10/eecOOHistograms/crab_eecAnalysis_ppref_2024-09-10/260910_041527/0000/eecAnalysis_ppref_2024-09-10_430.root
hadd Source file 5: /eos/cms/store/group/phys_heavyions/jvelazqu/energycorr/eecAnalysis_ppref_2024-09-10/eecOOHistograms/crab_eecAnalysis_ppref_2024-09-10/260910_041527/0000/eecAnalysis_ppref_2024-09-10_5.root
hadd Source file 5: /eos/cms/store/group/phys_heavyions/jvelazqu/energycorr/eecAnalysis_ppref_2024-09-10/eecOOHistograms/crab_eecAnalysis_ppref_2024-09-10/260910_041527/0003/eecAnalysis_ppref_2024-09-10_3001.root
hadd Source file 6: /eos/cms/store/group/phys_heavyions/jvelazqu/energycorr/eecAnalysis_ppref_2024-09-10/eecOOHistograms/crab_eecAnalysis_ppref_2024-09-10/260910_041527/0000/eecAnalysis_ppref_2024-09-10_862.root
hadd Source file 7: /eos/cms/store/group/phys_heavyions/jvelazqu/energycorr/eecAnalysis_ppref_2024-09-10/eecOOHistograms/crab_eecAnalysis_ppref_2024-09-10/260910_041527/0002/eecAnalysis_ppref_2024-09-10_2575.root
hadd Source file 6: /eos/cms/store/group/phys_heavyions/jvelazqu/energycorr/eecAnalysis_ppref_2024-09-10/eecOOHistograms/crab_eecAnalysis_ppref_2024-09-10/260910_041527/0003/eecAnalysis_ppref_2024-09-10_3002.root
hadd Source file 2: /eos/cms/store/group/phys_heavyions/jvelazqu/energycorr/eecAnalysis_ppref_2024-09-10/eecOOHistograms/crab_eecAnalysis_ppref_2024-09-10/260910_041527/0001/eecAnalysis_ppref_2024-09-10_1714.root
hadd Source file 3: /eos/cms/store/group/phys_heavyions/jvelazqu/energycorr/eecAnalysis_ppref_2024-09-10/eecOOHistograms/crab_eecAnalysis_ppref_2024-09-10/260910_041527/0000/eecAnalysis_ppref_2024-09-10_431.root
hadd Source file 5: /eos/cms/store/group/phys_heavyions/jvelazqu/energycorr/eecAnalysis_ppref_2024-09-10/eecOOHistograms/crab_eecAnalysis_ppref_2024-09-10/260910_041527/0002/eecAnalysis_ppref_2024-09-10_2145.root
hadd Source file 8: /eos/cms/store/group/phys_heavyions/jvelazqu/energycorr/eecAnalysis_ppref_2024-09-10/eecOOHistograms/crab_eecAnalysis_ppref_2024-09-10/260910_041527/0002/eecAnalysis_ppref_2024-09-10_2576.root
hadd Source file 7: /eos/cms/store/group/phys_heavyions/jvelazqu/energycorr/eecAnalysis_ppref_2024-09-10/eecOOHistograms/crab_eecAnalysis_ppref_2024-09-10/260910_041527/0001/eecAnalysis_ppref_2024-09-10_1291.root
hadd Source file 6: /eos/cms/store/group/phys_heavyions/jvelazqu/energycorr/eecAnalysis_ppref_2024-09-10/eecOOHistograms/crab_eecAnalysis_ppref_2024-09-10/260910_041527/0000/eecAnalysis_ppref_2024-09-10_6.root
hadd Source file 7: /eos/cms/store/group/phys_heavyions/jvelazqu/energycorr/eecAnalysis_ppref_2024-09-10/eecOOHistograms/crab_eecAnalysis_ppref_2024-09-10/260910_041527/0000/eecAnalysis_ppref_2024-09-10_863.root
hadd Source file 3: /eos/cms/store/group/phys_heavyions/jvelazqu/energycorr/eecAnalysis_ppref_2024-09-10/eecOOHistograms/crab_eecAnalysis_ppref_2024-09-10/260910_041527/0001/eecAnalysis_ppref_2024-09-10_1715.root
hadd Source file 4: /eos/cms/store/group/phys_heavyions/jvelazqu/energycorr/eecAnalysis_ppref_2024-09-10/eecOOHistograms/crab_eecAnalysis_ppref_2024-09-10/260910_041527/0000/eecAnalysis_ppref_2024-09-10_432.root
hadd Source file 8: /eos/cms/store/group/phys_heavyions/jvelazqu/energycorr/eecAnalysis_ppref_2024-09-10/eecOOHistograms/crab_eecAnalysis_ppref_2024-09-10/260910_041527/0001/eecAnalysis_ppref_2024-09-10_1292.root
hadd Source file 6: /eos/cms/store/group/phys_heavyions/jvelazqu/energycorr/eecAnalysis_ppref_2024-09-10/eecOOHistograms/crab_eecAnalysis_ppref_2024-09-10/260910_041527/0002/eecAnalysis_ppref_2024-09-10_2146.root
hadd Source file 7: /eos/cms/store/group/phys_heavyions/jvelazqu/energycorr/eecAnalysis_ppref_2024-09-10/eecOOHistograms/crab_eecAnalysis_ppref_2024-09-10/260910_041527/0000/eecAnalysis_ppref_2024-09-10_7.root
hadd Source file 9: /eos/cms/store/group/phys_heavyions/jvelazqu/energycorr/eecAnalysis_ppref_2024-09-10/eecOOHistograms/crab_eecAnalysis_ppref_2024-09-10/260910_041527/0002/eecAnalysis_ppref_2024-09-10_2577.root
hadd Source file 7: /eos/cms/store/group/phys_heavyions/jvelazqu/energycorr/eecAnalysis_ppref_2024-09-10/eecOOHistograms/crab_eecAnalysis_ppref_2024-09-10/260910_041527/0003/eecAnalysis_ppref_2024-09-10_3003.root
hadd Source file 8: /eos/cms/store/group/phys_heavyions/jvelazqu/energycorr/eecAnalysis_ppref_2024-09-10/eecOOHistograms/crab_eecAnalysis_ppref_2024-09-10/260910_041527/0000/eecAnalysis_ppref_2024-09-10_864.root
hadd Source file 7: /eos/cms/store/group/phys_heavyions/jvelazqu/energycorr/eecAnalysis_ppref_2024-09-10/eecOOHistograms/crab_eecAnalysis_ppref_2024-09-10/260910_041527/0002/eecAnalysis_ppref_2024-09-10_2147.root
hadd Source file 9: /eos/cms/store/group/phys_heavyions/jvelazqu/energycorr/eecAnalysis_ppref_2024-09-10/eecOOHistograms/crab_eecAnalysis_ppref_2024-09-10/260910_041527/0001/eecAnalysis_ppref_2024-09-10_1293.root
hadd Source file 10: /eos/cms/store/group/phys_heavyions/jvelazqu/energycorr/eecAnalysis_ppref_2024-09-10/eecOOHistograms/crab_eecAnalysis_ppref_2024-09-10/260910_041527/0002/eecAnalysis_ppref_2024-09-10_2578.root
hadd Source file 8: /eos/cms/store/group/phys_heavyions/jvelazqu/energycorr/eecAnalysis_ppref_2024-09-10/eecOOHistograms/crab_eecAnalysis_ppref_2024-09-10/260910_041527/0003/eecAnalysis_ppref_2024-09-10_3004.root
hadd Source file 8: /eos/cms/store/group/phys_heavyions/jvelazqu/energycorr/eecAnalysis_ppref_2024-09-10/eecOOHistograms/crab_eecAnalysis_ppref_2024-09-10/260910_041527/0002/eecAnalysis_ppref_2024-09-10_2148.root
hadd Source file 9: /eos/cms/store/group/phys_heavyions/jvelazqu/energycorr/eecAnalysis_ppref_2024-09-10/eecOOHistograms/crab_eecAnalysis_ppref_2024-09-10/260910_041527/0000/eecAnalysis_ppref_2024-09-10_865.root
hadd Source file 4: /eos/cms/store/group/phys_heavyions/jvelazqu/energycorr/eecAnalysis_ppref_2024-09-10/eecOOHistograms/crab_eecAnalysis_ppref_2024-09-10/260910_041527/0001/eecAnalysis_ppref_2024-09-10_1716.root
hadd Source file 4: /eos/cms/store/group/phys_heavyions/jvelazqu/energycorr/eecAnalysis_ppref_2024-09-10/eecOOHistograms/crab_eecAnalysis_ppref_2024-09-10/260910_041527/0003/eecAnalysis_ppref_2024-09-10_3856.root
hadd Source file 5: /eos/cms/store/group/phys_heavyions/jvelazqu/energycorr/eecAnalysis_ppref_2024-09-10/eecOOHistograms/crab_eecAnalysis_ppref_2024-09-10/260910_041527/0001/eecAnalysis_ppref_2024-09-10_1717.root
hadd Source file 10: /eos/cms/store/group/phys_heavyions/jvelazqu/energycorr/eecAnalysis_ppref_2024-09-10/eecOOHistograms/crab_eecAnalysis_ppref_2024-09-10/260910_041527/0000/eecAnalysis_ppref_2024-09-10_866.root
hadd Source file 9: /eos/cms/store/group/phys_heavyions/jvelazqu/energycorr/eecAnalysis_ppref_2024-09-10/eecOOHistograms/crab_eecAnalysis_ppref_2024-09-10/260910_041527/0002/eecAnalysis_ppref_2024-09-10_2149.root
hadd Source file 9: /eos/cms/store/group/phys_heavyions/jvelazqu/energycorr/eecAnalysis_ppref_2024-09-10/eecOOHistograms/crab_eecAnalysis_ppref_2024-09-10/260910_041527/0003/eecAnalysis_ppref_2024-09-10_3005.root
hadd Source file 11: /eos/cms/store/group/phys_heavyions/jvelazqu/energycorr/eecAnalysis_ppref_2024-09-10/eecOOHistograms/crab_eecAnalysis_ppref_2024-09-10/260910_041527/0000/eecAnalysis_ppref_2024-09-10_867.root
hadd Source file 5: /eos/cms/store/group/phys_heavyions/jvelazqu/energycorr/eecAnalysis_ppref_2024-09-10/eecOOHistograms/crab_eecAnalysis_ppref_2024-09-10/260910_041527/0003/eecAnalysis_ppref_2024-09-10_3857.root
hadd Source file 6: /eos/cms/store/group/phys_heavyions/jvelazqu/energycorr/eecAnalysis_ppref_2024-09-10/eecOOHistograms/crab_eecAnalysis_ppref_2024-09-10/260910_041527/0001/eecAnalysis_ppref_2024-09-10_1718.root
hadd Source file 5: /eos/cms/store/group/phys_heavyions/jvelazqu/energycorr/eecAnalysis_ppref_2024-09-10/eecOOHistograms/crab_eecAnalysis_ppref_2024-09-10/260910_041527/0000/eecAnalysis_ppref_2024-09-10_433.root
hadd Source file 12: /eos/cms/store/group/phys_heavyions/jvelazqu/energycorr/eecAnalysis_ppref_2024-09-10/eecOOHistograms/crab_eecAnalysis_ppref_2024-09-10/260910_041527/0000/eecAnalysis_ppref_2024-09-10_868.root
hadd Source file 8: /eos/cms/store/group/phys_heavyions/jvelazqu/energycorr/eecAnalysis_ppref_2024-09-10/eecOOHistograms/crab_eecAnalysis_ppref_2024-09-10/260910_041527/0000/eecAnalysis_ppref_2024-09-10_8.root
hadd Source file 6: /eos/cms/store/group/phys_heavyions/jvelazqu/energycorr/eecAnalysis_ppref_2024-09-10/eecOOHistograms/crab_eecAnalysis_ppref_2024-09-10/260910_041527/0003/eecAnalysis_ppref_2024-09-10_3858.root
hadd Source file 10: /eos/cms/store/group/phys_heavyions/jvelazqu/energycorr/eecAnalysis_ppref_2024-09-10/eecOOHistograms/crab_eecAnalysis_ppref_2024-09-10/260910_041527/0002/eecAnalysis_ppref_2024-09-10_2150.root
hadd Source file 10: /eos/cms/store/group/phys_heavyions/jvelazqu/energycorr/eecAnalysis_ppref_2024-09-10/eecOOHistograms/crab_eecAnalysis_ppref_2024-09-10/260910_041527/0001/eecAnalysis_ppref_2024-09-10_1294.root
hadd Source file 6: /eos/cms/store/group/phys_heavyions/jvelazqu/energycorr/eecAnalysis_ppref_2024-09-10/eecOOHistograms/crab_eecAnalysis_ppref_2024-09-10/260910_041527/0000/eecAnalysis_ppref_2024-09-10_434.root
hadd Source file 13: /eos/cms/store/group/phys_heavyions/jvelazqu/energycorr/eecAnalysis_ppref_2024-09-10/eecOOHistograms/crab_eecAnalysis_ppref_2024-09-10/260910_041527/0000/eecAnalysis_ppref_2024-09-10_869.root
hadd Source file 11: /eos/cms/store/group/phys_heavyions/jvelazqu/energycorr/eecAnalysis_ppref_2024-09-10/eecOOHistograms/crab_eecAnalysis_ppref_2024-09-10/260910_041527/0002/eecAnalysis_ppref_2024-09-10_2579.root
hadd Source file 7: /eos/cms/store/group/phys_heavyions/jvelazqu/energycorr/eecAnalysis_ppref_2024-09-10/eecOOHistograms/crab_eecAnalysis_ppref_2024-09-10/260910_041527/0003/eecAnalysis_ppref_2024-09-10_3859.root
hadd Source file 14: /eos/cms/store/group/phys_heavyions/jvelazqu/energycorr/eecAnalysis_ppref_2024-09-10/eecOOHistograms/crab_eecAnalysis_ppref_2024-09-10/260910_041527/0000/eecAnalysis_ppref_2024-09-10_870.root
hadd Source file 7: /eos/cms/store/group/phys_heavyions/jvelazqu/energycorr/eecAnalysis_ppref_2024-09-10/eecOOHistograms/crab_eecAnalysis_ppref_2024-09-10/260910_041527/0000/eecAnalysis_ppref_2024-09-10_435.root
hadd Source file 12: /eos/cms/store/group/phys_heavyions/jvelazqu/energycorr/eecAnalysis_ppref_2024-09-10/eecOOHistograms/crab_eecAnalysis_ppref_2024-09-10/260910_041527/0002/eecAnalysis_ppref_2024-09-10_2580.root
hadd Source file 7: /eos/cms/store/group/phys_heavyions/jvelazqu/energycorr/eecAnalysis_ppref_2024-09-10/eecOOHistograms/crab_eecAnalysis_ppref_2024-09-10/260910_041527/0001/eecAnalysis_ppref_2024-09-10_1719.root
hadd Source file 8: /eos/cms/store/group/phys_heavyions/jvelazqu/energycorr/eecAnalysis_ppref_2024-09-10/eecOOHistograms/crab_eecAnalysis_ppref_2024-09-10/260910_041527/0003/eecAnalysis_ppref_2024-09-10_3860.root
hadd Source file 8: /eos/cms/store/group/phys_heavyions/jvelazqu/energycorr/eecAnalysis_ppref_2024-09-10/eecOOHistograms/crab_eecAnalysis_ppref_2024-09-10/260910_041527/0000/eecAnalysis_ppref_2024-09-10_436.root
hadd Source file 8: /eos/cms/store/group/phys_heavyions/jvelazqu/energycorr/eecAnalysis_ppref_2024-09-10/eecOOHistograms/crab_eecAnalysis_ppref_2024-09-10/260910_041527/0001/eecAnalysis_ppref_2024-09-10_1720.root
hadd Source file 10: /eos/cms/store/group/phys_heavyions/jvelazqu/energycorr/eecAnalysis_ppref_2024-09-10/eecOOHistograms/crab_eecAnalysis_ppref_2024-09-10/260910_041527/0003/eecAnalysis_ppref_2024-09-10_3006.root
hadd Source file 13: /eos/cms/store/group/phys_heavyions/jvelazqu/energycorr/eecAnalysis_ppref_2024-09-10/eecOOHistograms/crab_eecAnalysis_ppref_2024-09-10/260910_041527/0002/eecAnalysis_ppref_2024-09-10_2581.root
hadd Source file 9: /eos/cms/store/group/phys_heavyions/jvelazqu/energycorr/eecAnalysis_ppref_2024-09-10/eecOOHistograms/crab_eecAnalysis_ppref_2024-09-10/260910_041527/0000/eecAnalysis_ppref_2024-09-10_437.root
hadd Source file 9: /eos/cms/store/group/phys_heavyions/jvelazqu/energycorr/eecAnalysis_ppref_2024-09-10/eecOOHistograms/crab_eecAnalysis_ppref_2024-09-10/260910_041527/0003/eecAnalysis_ppref_2024-09-10_3861.root
hadd Source file 9: /eos/cms/store/group/phys_heavyions/jvelazqu/energycorr/eecAnalysis_ppref_2024-09-10/eecOOHistograms/crab_eecAnalysis_ppref_2024-09-10/260910_041527/0001/eecAnalysis_ppref_2024-09-10_1721.root
hadd Source file 10: /eos/cms/store/group/phys_heavyions/jvelazqu/energycorr/eecAnalysis_ppref_2024-09-10/eecOOHistograms/crab_eecAnalysis_ppref_2024-09-10/260910_041527/0000/eecAnalysis_ppref_2024-09-10_438.root
hadd Source file 11: /eos/cms/store/group/phys_heavyions/jvelazqu/energycorr/eecAnalysis_ppref_2024-09-10/eecOOHistograms/crab_eecAnalysis_ppref_2024-09-10/260910_041527/0003/eecAnalysis_ppref_2024-09-10_3007.root
hadd Source file 11: /eos/cms/store/group/phys_heavyions/jvelazqu/energycorr/eecAnalysis_ppref_2024-09-10/eecOOHistograms/crab_eecAnalysis_ppref_2024-09-10/260910_041527/0002/eecAnalysis_ppref_2024-09-10_2151.root
hadd Source file 10: /eos/cms/store/group/phys_heavyions/jvelazqu/energycorr/eecAnalysis_ppref_2024-09-10/eecOOHistograms/crab_eecAnalysis_ppref_2024-09-10/260910_041527/0003/eecAnalysis_ppref_2024-09-10_3862.root
hadd Source file 10: /eos/cms/store/group/phys_heavyions/jvelazqu/energycorr/eecAnalysis_ppref_2024-09-10/eecOOHistograms/crab_eecAnalysis_ppref_2024-09-10/260910_041527/0001/eecAnalysis_ppref_2024-09-10_1722.root
hadd Source file 9: /eos/cms/store/group/phys_heavyions/jvelazqu/energycorr/eecAnalysis_ppref_2024-09-10/eecOOHistograms/crab_eecAnalysis_ppref_2024-09-10/260910_041527/0000/eecAnalysis_ppref_2024-09-10_9.root
hadd Source file 11: /eos/cms/store/group/phys_heavyions/jvelazqu/energycorr/eecAnalysis_ppref_2024-09-10/eecOOHistograms/crab_eecAnalysis_ppref_2024-09-10/260910_041527/0000/eecAnalysis_ppref_2024-09-10_439.root
hadd Source file 12: /eos/cms/store/group/phys_heavyions/jvelazqu/energycorr/eecAnalysis_ppref_2024-09-10/eecOOHistograms/crab_eecAnalysis_ppref_2024-09-10/260910_041527/0003/eecAnalysis_ppref_2024-09-10_3008.root
hadd Source file 15: /eos/cms/store/group/phys_heavyions/jvelazqu/energycorr/eecAnalysis_ppref_2024-09-10/eecOOHistograms/crab_eecAnalysis_ppref_2024-09-10/260910_041527/0000/eecAnalysis_ppref_2024-09-10_871.root
hadd Source file 11: /eos/cms/store/group/phys_heavyions/jvelazqu/energycorr/eecAnalysis_ppref_2024-09-10/eecOOHistograms/crab_eecAnalysis_ppref_2024-09-10/260910_041527/0003/eecAnalysis_ppref_2024-09-10_3863.root
hadd Source file 11: /eos/cms/store/group/phys_heavyions/jvelazqu/energycorr/eecAnalysis_ppref_2024-09-10/eecOOHistograms/crab_eecAnalysis_ppref_2024-09-10/260910_041527/0001/eecAnalysis_ppref_2024-09-10_1723.root
hadd Source file 13: /eos/cms/store/group/phys_heavyions/jvelazqu/energycorr/eecAnalysis_ppref_2024-09-10/eecOOHistograms/crab_eecAnalysis_ppref_2024-09-10/260910_041527/0003/eecAnalysis_ppref_2024-09-10_3009.root
hadd Source file 12: /eos/cms/store/group/phys_heavyions/jvelazqu/energycorr/eecAnalysis_ppref_2024-09-10/eecOOHistograms/crab_eecAnalysis_ppref_2024-09-10/260910_041527/0000/eecAnalysis_ppref_2024-09-10_440.root
hadd Source file 12: /eos/cms/store/group/phys_heavyions/jvelazqu/energycorr/eecAnalysis_ppref_2024-09-10/eecOOHistograms/crab_eecAnalysis_ppref_2024-09-10/260910_041527/0003/eecAnalysis_ppref_2024-09-10_3864.root
hadd Source file 10: /eos/cms/store/group/phys_heavyions/jvelazqu/energycorr/eecAnalysis_ppref_2024-09-10/eecOOHistograms/crab_eecAnalysis_ppref_2024-09-10/260910_041527/0000/eecAnalysis_ppref_2024-09-10_10.root
hadd Source file 14: /eos/cms/store/group/phys_heavyions/jvelazqu/energycorr/eecAnalysis_ppref_2024-09-10/eecOOHistograms/crab_eecAnalysis_ppref_2024-09-10/260910_041527/0002/eecAnalysis_ppref_2024-09-10_2582.root
hadd Source file 16: /eos/cms/store/group/phys_heavyions/jvelazqu/energycorr/eecAnalysis_ppref_2024-09-10/eecOOHistograms/crab_eecAnalysis_ppref_2024-09-10/260910_041527/0000/eecAnalysis_ppref_2024-09-10_872.root
hadd Source file 14: /eos/cms/store/group/phys_heavyions/jvelazqu/energycorr/eecAnalysis_ppref_2024-09-10/eecOOHistograms/crab_eecAnalysis_ppref_2024-09-10/260910_041527/0003/eecAnalysis_ppref_2024-09-10_3010.root
hadd Source file 13: /eos/cms/store/group/phys_heavyions/jvelazqu/energycorr/eecAnalysis_ppref_2024-09-10/eecOOHistograms/crab_eecAnalysis_ppref_2024-09-10/260910_041527/0000/eecAnalysis_ppref_2024-09-10_441.root
hadd Source file 17: /eos/cms/store/group/phys_heavyions/jvelazqu/energycorr/eecAnalysis_ppref_2024-09-10/eecOOHistograms/crab_eecAnalysis_ppref_2024-09-10/260910_041527/0000/eecAnalysis_ppref_2024-09-10_873.root
hadd Source file 15: /eos/cms/store/group/phys_heavyions/jvelazqu/energycorr/eecAnalysis_ppref_2024-09-10/eecOOHistograms/crab_eecAnalysis_ppref_2024-09-10/260910_041527/0002/eecAnalysis_ppref_2024-09-10_2583.root
hadd Source file 13: /eos/cms/store/group/phys_heavyions/jvelazqu/energycorr/eecAnalysis_ppref_2024-09-10/eecOOHistograms/crab_eecAnalysis_ppref_2024-09-10/260910_041527/0003/eecAnalysis_ppref_2024-09-10_3865.root
hadd Source file 11: /eos/cms/store/group/phys_heavyions/jvelazqu/energycorr/eecAnalysis_ppref_2024-09-10/eecOOHistograms/crab_eecAnalysis_ppref_2024-09-10/260910_041527/0001/eecAnalysis_ppref_2024-09-10_1295.root
hadd Source file 12: /eos/cms/store/group/phys_heavyions/jvelazqu/energycorr/eecAnalysis_ppref_2024-09-10/eecOOHistograms/crab_eecAnalysis_ppref_2024-09-10/260910_041527/0002/eecAnalysis_ppref_2024-09-10_2152.root
hadd Source file 15: /eos/cms/store/group/phys_heavyions/jvelazqu/energycorr/eecAnalysis_ppref_2024-09-10/eecOOHistograms/crab_eecAnalysis_ppref_2024-09-10/260910_041527/0003/eecAnalysis_ppref_2024-09-10_3011.root
hadd Source file 18: /eos/cms/store/group/phys_heavyions/jvelazqu/energycorr/eecAnalysis_ppref_2024-09-10/eecOOHistograms/crab_eecAnalysis_ppref_2024-09-10/260910_041527/0000/eecAnalysis_ppref_2024-09-10_874.root
hadd Source file 16: /eos/cms/store/group/phys_heavyions/jvelazqu/energycorr/eecAnalysis_ppref_2024-09-10/eecOOHistograms/crab_eecAnalysis_ppref_2024-09-10/260910_041527/0002/eecAnalysis_ppref_2024-09-10_2584.root
hadd Source file 19: /eos/cms/store/group/phys_heavyions/jvelazqu/energycorr/eecAnalysis_ppref_2024-09-10/eecOOHistograms/crab_eecAnalysis_ppref_2024-09-10/260910_041527/0000/eecAnalysis_ppref_2024-09-10_875.root
hadd Source file 16: /eos/cms/store/group/phys_heavyions/jvelazqu/energycorr/eecAnalysis_ppref_2024-09-10/eecOOHistograms/crab_eecAnalysis_ppref_2024-09-10/260910_041527/0003/eecAnalysis_ppref_2024-09-10_3012.root
hadd Source file 17: /eos/cms/store/group/phys_heavyions/jvelazqu/energycorr/eecAnalysis_ppref_2024-09-10/eecOOHistograms/crab_eecAnalysis_ppref_2024-09-10/260910_041527/0002/eecAnalysis_ppref_2024-09-10_2585.root
hadd Source file 20: /eos/cms/store/group/phys_heavyions/jvelazqu/energycorr/eecAnalysis_ppref_2024-09-10/eecOOHistograms/crab_eecAnalysis_ppref_2024-09-10/260910_041527/0000/eecAnalysis_ppref_2024-09-10_876.root
hadd Source file 14: /eos/cms/store/group/phys_heavyions/jvelazqu/energycorr/eecAnalysis_ppref_2024-09-10/eecOOHistograms/crab_eecAnalysis_ppref_2024-09-10/260910_041527/0003/eecAnalysis_ppref_2024-09-10_3866.root
hadd Source file 12: /eos/cms/store/group/phys_heavyions/jvelazqu/energycorr/eecAnalysis_ppref_2024-09-10/eecOOHistograms/crab_eecAnalysis_ppref_2024-09-10/260910_041527/0001/eecAnalysis_ppref_2024-09-10_1724.root
hadd Source file 11: /eos/cms/store/group/phys_heavyions/jvelazqu/energycorr/eecAnalysis_ppref_2024-09-10/eecOOHistograms/crab_eecAnalysis_ppref_2024-09-10/260910_041527/0000/eecAnalysis_ppref_2024-09-10_11.root
hadd Source file 17: /eos/cms/store/group/phys_heavyions/jvelazqu/energycorr/eecAnalysis_ppref_2024-09-10/eecOOHistograms/crab_eecAnalysis_ppref_2024-09-10/260910_041527/0003/eecAnalysis_ppref_2024-09-10_3013.root
hadd Source file 12: /eos/cms/store/group/phys_heavyions/jvelazqu/energycorr/eecAnalysis_ppref_2024-09-10/eecOOHistograms/crab_eecAnalysis_ppref_2024-09-10/260910_041527/0001/eecAnalysis_ppref_2024-09-10_1296.root
hadd Source file 15: /eos/cms/store/group/phys_heavyions/jvelazqu/energycorr/eecAnalysis_ppref_2024-09-10/eecOOHistograms/crab_eecAnalysis_ppref_2024-09-10/260910_041527/0003/eecAnalysis_ppref_2024-09-10_3867.root
hadd Source file 14: /eos/cms/store/group/phys_heavyions/jvelazqu/energycorr/eecAnalysis_ppref_2024-09-10/eecOOHistograms/crab_eecAnalysis_ppref_2024-09-10/260910_041527/0000/eecAnalysis_ppref_2024-09-10_442.root
hadd Source file 18: /eos/cms/store/group/phys_heavyions/jvelazqu/energycorr/eecAnalysis_ppref_2024-09-10/eecOOHistograms/crab_eecAnalysis_ppref_2024-09-10/260910_041527/0003/eecAnalysis_ppref_2024-09-10_3014.root
hadd Source file 12: /eos/cms/store/group/phys_heavyions/jvelazqu/energycorr/eecAnalysis_ppref_2024-09-10/eecOOHistograms/crab_eecAnalysis_ppref_2024-09-10/260910_041527/0000/eecAnalysis_ppref_2024-09-10_12.root
hadd Source file 13: /eos/cms/store/group/phys_heavyions/jvelazqu/energycorr/eecAnalysis_ppref_2024-09-10/eecOOHistograms/crab_eecAnalysis_ppref_2024-09-10/260910_041527/0001/eecAnalysis_ppref_2024-09-10_1725.root
hadd Source file 13: /eos/cms/store/group/phys_heavyions/jvelazqu/energycorr/eecAnalysis_ppref_2024-09-10/eecOOHistograms/crab_eecAnalysis_ppref_2024-09-10/260910_041527/0002/eecAnalysis_ppref_2024-09-10_2153.root
hadd Source file 13: /eos/cms/store/group/phys_heavyions/jvelazqu/energycorr/eecAnalysis_ppref_2024-09-10/eecOOHistograms/crab_eecAnalysis_ppref_2024-09-10/260910_041527/0000/eecAnalysis_ppref_2024-09-10_13.root
hadd Source file 16: /eos/cms/store/group/phys_heavyions/jvelazqu/energycorr/eecAnalysis_ppref_2024-09-10/eecOOHistograms/crab_eecAnalysis_ppref_2024-09-10/260910_041527/0003/eecAnalysis_ppref_2024-09-10_3868.root
hadd Source file 19: /eos/cms/store/group/phys_heavyions/jvelazqu/energycorr/eecAnalysis_ppref_2024-09-10/eecOOHistograms/crab_eecAnalysis_ppref_2024-09-10/260910_041527/0003/eecAnalysis_ppref_2024-09-10_3015.root
hadd Source file 14: /eos/cms/store/group/phys_heavyions/jvelazqu/energycorr/eecAnalysis_ppref_2024-09-10/eecOOHistograms/crab_eecAnalysis_ppref_2024-09-10/260910_041527/0001/eecAnalysis_ppref_2024-09-10_1726.root
hadd Source file 14: /eos/cms/store/group/phys_heavyions/jvelazqu/energycorr/eecAnalysis_ppref_2024-09-10/eecOOHistograms/crab_eecAnalysis_ppref_2024-09-10/260910_041527/0002/eecAnalysis_ppref_2024-09-10_2154.root
hadd Source file 20: /eos/cms/store/group/phys_heavyions/jvelazqu/energycorr/eecAnalysis_ppref_2024-09-10/eecOOHistograms/crab_eecAnalysis_ppref_2024-09-10/260910_041527/0003/eecAnalysis_ppref_2024-09-10_3016.root
hadd Source file 17: /eos/cms/store/group/phys_heavyions/jvelazqu/energycorr/eecAnalysis_ppref_2024-09-10/eecOOHistograms/crab_eecAnalysis_ppref_2024-09-10/260910_041527/0003/eecAnalysis_ppref_2024-09-10_3869.root
hadd Source file 15: /eos/cms/store/group/phys_heavyions/jvelazqu/energycorr/eecAnalysis_ppref_2024-09-10/eecOOHistograms/crab_eecAnalysis_ppref_2024-09-10/260910_041527/0001/eecAnalysis_ppref_2024-09-10_1727.root
hadd Source file 21: /eos/cms/store/group/phys_heavyions/jvelazqu/energycorr/eecAnalysis_ppref_2024-09-10/eecOOHistograms/crab_eecAnalysis_ppref_2024-09-10/260910_041527/0000/eecAnalysis_ppref_2024-09-10_877.root
hadd Source file 15: /eos/cms/store/group/phys_heavyions/jvelazqu/energycorr/eecAnalysis_ppref_2024-09-10/eecOOHistograms/crab_eecAnalysis_ppref_2024-09-10/260910_041527/0002/eecAnalysis_ppref_2024-09-10_2155.root
hadd Source file 13: /eos/cms/store/group/phys_heavyions/jvelazqu/energycorr/eecAnalysis_ppref_2024-09-10/eecOOHistograms/crab_eecAnalysis_ppref_2024-09-10/260910_041527/0001/eecAnalysis_ppref_2024-09-10_1297.root
hadd Source file 16: /eos/cms/store/group/phys_heavyions/jvelazqu/energycorr/eecAnalysis_ppref_2024-09-10/eecOOHistograms/crab_eecAnalysis_ppref_2024-09-10/260910_041527/0001/eecAnalysis_ppref_2024-09-10_1728.root
hadd Source file 22: /eos/cms/store/group/phys_heavyions/jvelazqu/energycorr/eecAnalysis_ppref_2024-09-10/eecOOHistograms/crab_eecAnalysis_ppref_2024-09-10/260910_041527/0000/eecAnalysis_ppref_2024-09-10_878.root
hadd Source file 16: /eos/cms/store/group/phys_heavyions/jvelazqu/energycorr/eecAnalysis_ppref_2024-09-10/eecOOHistograms/crab_eecAnalysis_ppref_2024-09-10/260910_041527/0002/eecAnalysis_ppref_2024-09-10_2156.root
hadd Source file 18: /eos/cms/store/group/phys_heavyions/jvelazqu/energycorr/eecAnalysis_ppref_2024-09-10/eecOOHistograms/crab_eecAnalysis_ppref_2024-09-10/260910_041527/0003/eecAnalysis_ppref_2024-09-10_3870.root
hadd Source file 15: /eos/cms/store/group/phys_heavyions/jvelazqu/energycorr/eecAnalysis_ppref_2024-09-10/eecOOHistograms/crab_eecAnalysis_ppref_2024-09-10/260910_041527/0000/eecAnalysis_ppref_2024-09-10_443.root
hadd Source file 14: /eos/cms/store/group/phys_heavyions/jvelazqu/energycorr/eecAnalysis_ppref_2024-09-10/eecOOHistograms/crab_eecAnalysis_ppref_2024-09-10/260910_041527/0001/eecAnalysis_ppref_2024-09-10_1298.root
hadd Source file 16: /eos/cms/store/group/phys_heavyions/jvelazqu/energycorr/eecAnalysis_ppref_2024-09-10/eecOOHistograms/crab_eecAnalysis_ppref_2024-09-10/260910_041527/0000/eecAnalysis_ppref_2024-09-10_444.root
hadd Source file 23: /eos/cms/store/group/phys_heavyions/jvelazqu/energycorr/eecAnalysis_ppref_2024-09-10/eecOOHistograms/crab_eecAnalysis_ppref_2024-09-10/260910_041527/0000/eecAnalysis_ppref_2024-09-10_879.root
hadd Source file 14: /eos/cms/store/group/phys_heavyions/jvelazqu/energycorr/eecAnalysis_ppref_2024-09-10/eecOOHistograms/crab_eecAnalysis_ppref_2024-09-10/260910_041527/0000/eecAnalysis_ppref_2024-09-10_14.root
hadd Source file 17: /eos/cms/store/group/phys_heavyions/jvelazqu/energycorr/eecAnalysis_ppref_2024-09-10/eecOOHistograms/crab_eecAnalysis_ppref_2024-09-10/260910_041527/0001/eecAnalysis_ppref_2024-09-10_1729.root
hadd Source file 17: /eos/cms/store/group/phys_heavyions/jvelazqu/energycorr/eecAnalysis_ppref_2024-09-10/eecOOHistograms/crab_eecAnalysis_ppref_2024-09-10/260910_041527/0002/eecAnalysis_ppref_2024-09-10_2157.root
hadd Source file 17: /eos/cms/store/group/phys_heavyions/jvelazqu/energycorr/eecAnalysis_ppref_2024-09-10/eecOOHistograms/crab_eecAnalysis_ppref_2024-09-10/260910_041527/0000/eecAnalysis_ppref_2024-09-10_445.root
hadd Source file 15: /eos/cms/store/group/phys_heavyions/jvelazqu/energycorr/eecAnalysis_ppref_2024-09-10/eecOOHistograms/crab_eecAnalysis_ppref_2024-09-10/260910_041527/0001/eecAnalysis_ppref_2024-09-10_1299.root
hadd Source file 21: /eos/cms/store/group/phys_heavyions/jvelazqu/energycorr/eecAnalysis_ppref_2024-09-10/eecOOHistograms/crab_eecAnalysis_ppref_2024-09-10/260910_041527/0003/eecAnalysis_ppref_2024-09-10_3017.root
hadd Source file 24: /eos/cms/store/group/phys_heavyions/jvelazqu/energycorr/eecAnalysis_ppref_2024-09-10/eecOOHistograms/crab_eecAnalysis_ppref_2024-09-10/260910_041527/0000/eecAnalysis_ppref_2024-09-10_880.root
hadd Source file 18: /eos/cms/store/group/phys_heavyions/jvelazqu/energycorr/eecAnalysis_ppref_2024-09-10/eecOOHistograms/crab_eecAnalysis_ppref_2024-09-10/260910_041527/0002/eecAnalysis_ppref_2024-09-10_2158.root
hadd Source file 15: /eos/cms/store/group/phys_heavyions/jvelazqu/energycorr/eecAnalysis_ppref_2024-09-10/eecOOHistograms/crab_eecAnalysis_ppref_2024-09-10/260910_041527/0000/eecAnalysis_ppref_2024-09-10_15.root
hadd Source file 18: /eos/cms/store/group/phys_heavyions/jvelazqu/energycorr/eecAnalysis_ppref_2024-09-10/eecOOHistograms/crab_eecAnalysis_ppref_2024-09-10/260910_041527/0002/eecAnalysis_ppref_2024-09-10_2586.root
hadd Source file 18: /eos/cms/store/group/phys_heavyions/jvelazqu/energycorr/eecAnalysis_ppref_2024-09-10/eecOOHistograms/crab_eecAnalysis_ppref_2024-09-10/260910_041527/0001/eecAnalysis_ppref_2024-09-10_1730.root
hadd Source file 22: /eos/cms/store/group/phys_heavyions/jvelazqu/energycorr/eecAnalysis_ppref_2024-09-10/eecOOHistograms/crab_eecAnalysis_ppref_2024-09-10/260910_041527/0003/eecAnalysis_ppref_2024-09-10_3018.root
hadd Source file 18: /eos/cms/store/group/phys_heavyions/jvelazqu/energycorr/eecAnalysis_ppref_2024-09-10/eecOOHistograms/crab_eecAnalysis_ppref_2024-09-10/260910_041527/0000/eecAnalysis_ppref_2024-09-10_446.root
hadd Source file 19: /eos/cms/store/group/phys_heavyions/jvelazqu/energycorr/eecAnalysis_ppref_2024-09-10/eecOOHistograms/crab_eecAnalysis_ppref_2024-09-10/260910_041527/0002/eecAnalysis_ppref_2024-09-10_2587.root
hadd Source file 19: /eos/cms/store/group/phys_heavyions/jvelazqu/energycorr/eecAnalysis_ppref_2024-09-10/eecOOHistograms/crab_eecAnalysis_ppref_2024-09-10/260910_041527/0002/eecAnalysis_ppref_2024-09-10_2159.root
hadd Source file 25: /eos/cms/store/group/phys_heavyions/jvelazqu/energycorr/eecAnalysis_ppref_2024-09-10/eecOOHistograms/crab_eecAnalysis_ppref_2024-09-10/260910_041527/0000/eecAnalysis_ppref_2024-09-10_881.root
hadd Source file 19: /eos/cms/store/group/phys_heavyions/jvelazqu/energycorr/eecAnalysis_ppref_2024-09-10/eecOOHistograms/crab_eecAnalysis_ppref_2024-09-10/260910_041527/0001/eecAnalysis_ppref_2024-09-10_1731.root
hadd Source file 23: /eos/cms/store/group/phys_heavyions/jvelazqu/energycorr/eecAnalysis_ppref_2024-09-10/eecOOHistograms/crab_eecAnalysis_ppref_2024-09-10/260910_041527/0003/eecAnalysis_ppref_2024-09-10_3019.root
hadd Source file 26: /eos/cms/store/group/phys_heavyions/jvelazqu/energycorr/eecAnalysis_ppref_2024-09-10/eecOOHistograms/crab_eecAnalysis_ppref_2024-09-10/260910_041527/0000/eecAnalysis_ppref_2024-09-10_882.root
hadd Source file 19: /eos/cms/store/group/phys_heavyions/jvelazqu/energycorr/eecAnalysis_ppref_2024-09-10/eecOOHistograms/crab_eecAnalysis_ppref_2024-09-10/260910_041527/0003/eecAnalysis_ppref_2024-09-10_3871.root
hadd Source file 20: /eos/cms/store/group/phys_heavyions/jvelazqu/energycorr/eecAnalysis_ppref_2024-09-10/eecOOHistograms/crab_eecAnalysis_ppref_2024-09-10/260910_041527/0002/eecAnalysis_ppref_2024-09-10_2160.root
hadd Source file 24: /eos/cms/store/group/phys_heavyions/jvelazqu/energycorr/eecAnalysis_ppref_2024-09-10/eecOOHistograms/crab_eecAnalysis_ppref_2024-09-10/260910_041527/0003/eecAnalysis_ppref_2024-09-10_3020.root
hadd Source file 20: /eos/cms/store/group/phys_heavyions/jvelazqu/energycorr/eecAnalysis_ppref_2024-09-10/eecOOHistograms/crab_eecAnalysis_ppref_2024-09-10/260910_041527/0001/eecAnalysis_ppref_2024-09-10_1732.root
hadd Source file 20: /eos/cms/store/group/phys_heavyions/jvelazqu/energycorr/eecAnalysis_ppref_2024-09-10/eecOOHistograms/crab_eecAnalysis_ppref_2024-09-10/260910_041527/0002/eecAnalysis_ppref_2024-09-10_2588.root
hadd Source file 16: /eos/cms/store/group/phys_heavyions/jvelazqu/energycorr/eecAnalysis_ppref_2024-09-10/eecOOHistograms/crab_eecAnalysis_ppref_2024-09-10/260910_041527/0001/eecAnalysis_ppref_2024-09-10_1300.root
hadd Source file 20: /eos/cms/store/group/phys_heavyions/jvelazqu/energycorr/eecAnalysis_ppref_2024-09-10/eecOOHistograms/crab_eecAnalysis_ppref_2024-09-10/260910_041527/0003/eecAnalysis_ppref_2024-09-10_3872.root
hadd Source file 21: /eos/cms/store/group/phys_heavyions/jvelazqu/energycorr/eecAnalysis_ppref_2024-09-10/eecOOHistograms/crab_eecAnalysis_ppref_2024-09-10/260910_041527/0002/eecAnalysis_ppref_2024-09-10_2589.root
hadd Source file 25: /eos/cms/store/group/phys_heavyions/jvelazqu/energycorr/eecAnalysis_ppref_2024-09-10/eecOOHistograms/crab_eecAnalysis_ppref_2024-09-10/260910_041527/0003/eecAnalysis_ppref_2024-09-10_3021.root
hadd Source file 16: /eos/cms/store/group/phys_heavyions/jvelazqu/energycorr/eecAnalysis_ppref_2024-09-10/eecOOHistograms/crab_eecAnalysis_ppref_2024-09-10/260910_041527/0000/eecAnalysis_ppref_2024-09-10_16.root
hadd Source file 21: /eos/cms/store/group/phys_heavyions/jvelazqu/energycorr/eecAnalysis_ppref_2024-09-10/eecOOHistograms/crab_eecAnalysis_ppref_2024-09-10/260910_041527/0001/eecAnalysis_ppref_2024-09-10_1733.root
hadd Source file 17: /eos/cms/store/group/phys_heavyions/jvelazqu/energycorr/eecAnalysis_ppref_2024-09-10/eecOOHistograms/crab_eecAnalysis_ppref_2024-09-10/260910_041527/0001/eecAnalysis_ppref_2024-09-10_1301.root
hadd Source file 21: /eos/cms/store/group/phys_heavyions/jvelazqu/energycorr/eecAnalysis_ppref_2024-09-10/eecOOHistograms/crab_eecAnalysis_ppref_2024-09-10/260910_041527/0003/eecAnalysis_ppref_2024-09-10_3873.root
hadd Source file 26: /eos/cms/store/group/phys_heavyions/jvelazqu/energycorr/eecAnalysis_ppref_2024-09-10/eecOOHistograms/crab_eecAnalysis_ppref_2024-09-10/260910_041527/0003/eecAnalysis_ppref_2024-09-10_3022.root
hadd Source file 19: /eos/cms/store/group/phys_heavyions/jvelazqu/energycorr/eecAnalysis_ppref_2024-09-10/eecOOHistograms/crab_eecAnalysis_ppref_2024-09-10/260910_041527/0000/eecAnalysis_ppref_2024-09-10_447.root
hadd Source file 22: /eos/cms/store/group/phys_heavyions/jvelazqu/energycorr/eecAnalysis_ppref_2024-09-10/eecOOHistograms/crab_eecAnalysis_ppref_2024-09-10/260910_041527/0002/eecAnalysis_ppref_2024-09-10_2590.root
hadd Source file 17: /eos/cms/store/group/phys_heavyions/jvelazqu/energycorr/eecAnalysis_ppref_2024-09-10/eecOOHistograms/crab_eecAnalysis_ppref_2024-09-10/260910_041527/0000/eecAnalysis_ppref_2024-09-10_17.root
hadd Source file 18: /eos/cms/store/group/phys_heavyions/jvelazqu/energycorr/eecAnalysis_ppref_2024-09-10/eecOOHistograms/crab_eecAnalysis_ppref_2024-09-10/260910_041527/0001/eecAnalysis_ppref_2024-09-10_1302.root
hadd Source file 27: /eos/cms/store/group/phys_heavyions/jvelazqu/energycorr/eecAnalysis_ppref_2024-09-10/eecOOHistograms/crab_eecAnalysis_ppref_2024-09-10/260910_041527/0003/eecAnalysis_ppref_2024-09-10_3023.root
hadd Source file 22: /eos/cms/store/group/phys_heavyions/jvelazqu/energycorr/eecAnalysis_ppref_2024-09-10/eecOOHistograms/crab_eecAnalysis_ppref_2024-09-10/260910_041527/0003/eecAnalysis_ppref_2024-09-10_3874.root
hadd Source file 18: /eos/cms/store/group/phys_heavyions/jvelazqu/energycorr/eecAnalysis_ppref_2024-09-10/eecOOHistograms/crab_eecAnalysis_ppref_2024-09-10/260910_041527/0000/eecAnalysis_ppref_2024-09-10_18.root
hadd Source file 20: /eos/cms/store/group/phys_heavyions/jvelazqu/energycorr/eecAnalysis_ppref_2024-09-10/eecOOHistograms/crab_eecAnalysis_ppref_2024-09-10/260910_041527/0000/eecAnalysis_ppref_2024-09-10_448.root
hadd Source file 23: /eos/cms/store/group/phys_heavyions/jvelazqu/energycorr/eecAnalysis_ppref_2024-09-10/eecOOHistograms/crab_eecAnalysis_ppref_2024-09-10/260910_041527/0002/eecAnalysis_ppref_2024-09-10_2591.root
hadd Source file 19: /eos/cms/store/group/phys_heavyions/jvelazqu/energycorr/eecAnalysis_ppref_2024-09-10/eecOOHistograms/crab_eecAnalysis_ppref_2024-09-10/260910_041527/0001/eecAnalysis_ppref_2024-09-10_1303.root
hadd Source file 28: /eos/cms/store/group/phys_heavyions/jvelazqu/energycorr/eecAnalysis_ppref_2024-09-10/eecOOHistograms/crab_eecAnalysis_ppref_2024-09-10/260910_041527/0003/eecAnalysis_ppref_2024-09-10_3024.root
hadd Source file 27: /eos/cms/store/group/phys_heavyions/jvelazqu/energycorr/eecAnalysis_ppref_2024-09-10/eecOOHistograms/crab_eecAnalysis_ppref_2024-09-10/260910_041527/0000/eecAnalysis_ppref_2024-09-10_883.root
hadd Source file 21: /eos/cms/store/group/phys_heavyions/jvelazqu/energycorr/eecAnalysis_ppref_2024-09-10/eecOOHistograms/crab_eecAnalysis_ppref_2024-09-10/260910_041527/0002/eecAnalysis_ppref_2024-09-10_2161.root
hadd Source file 5: /eos/cms/store/group/phys_heavyions/jvelazqu/energycorr/eecAnalysis_ppref_2024-09-10/eecOOHistograms/crab_eecAnalysis_ppref_2024-09-10/260910_041527/0003/eecAnalysis_ppref_2024-09-10_3429.root
hadd Source file 23: /eos/cms/store/group/phys_heavyions/jvelazqu/energycorr/eecAnalysis_ppref_2024-09-10/eecOOHistograms/crab_eecAnalysis_ppref_2024-09-10/260910_041527/0003/eecAnalysis_ppref_2024-09-10_3875.root
hadd Source file 21: /eos/cms/store/group/phys_heavyions/jvelazqu/energycorr/eecAnalysis_ppref_2024-09-10/eecOOHistograms/crab_eecAnalysis_ppref_2024-09-10/260910_041527/0000/eecAnalysis_ppref_2024-09-10_449.root
hadd Source file 20: /eos/cms/store/group/phys_heavyions/jvelazqu/energycorr/eecAnalysis_ppref_2024-09-10/eecOOHistograms/crab_eecAnalysis_ppref_2024-09-10/260910_041527/0001/eecAnalysis_ppref_2024-09-10_1304.root
hadd Source file 29: /eos/cms/store/group/phys_heavyions/jvelazqu/energycorr/eecAnalysis_ppref_2024-09-10/eecOOHistograms/crab_eecAnalysis_ppref_2024-09-10/260910_041527/0003/eecAnalysis_ppref_2024-09-10_3025.root
hadd Source file 22: /eos/cms/store/group/phys_heavyions/jvelazqu/energycorr/eecAnalysis_ppref_2024-09-10/eecOOHistograms/crab_eecAnalysis_ppref_2024-09-10/260910_041527/0002/eecAnalysis_ppref_2024-09-10_2162.root
hadd Source file 24: /eos/cms/store/group/phys_heavyions/jvelazqu/energycorr/eecAnalysis_ppref_2024-09-10/eecOOHistograms/crab_eecAnalysis_ppref_2024-09-10/260910_041527/0003/eecAnalysis_ppref_2024-09-10_3876.root
hadd Source file 6: /eos/cms/store/group/phys_heavyions/jvelazqu/energycorr/eecAnalysis_ppref_2024-09-10/eecOOHistograms/crab_eecAnalysis_ppref_2024-09-10/260910_041527/0003/eecAnalysis_ppref_2024-09-10_3430.root
hadd Source file 22: /eos/cms/store/group/phys_heavyions/jvelazqu/energycorr/eecAnalysis_ppref_2024-09-10/eecOOHistograms/crab_eecAnalysis_ppref_2024-09-10/260910_041527/0000/eecAnalysis_ppref_2024-09-10_450.root
hadd Source file 21: /eos/cms/store/group/phys_heavyions/jvelazqu/energycorr/eecAnalysis_ppref_2024-09-10/eecOOHistograms/crab_eecAnalysis_ppref_2024-09-10/260910_041527/0001/eecAnalysis_ppref_2024-09-10_1305.root
hadd Source file 30: /eos/cms/store/group/phys_heavyions/jvelazqu/energycorr/eecAnalysis_ppref_2024-09-10/eecOOHistograms/crab_eecAnalysis_ppref_2024-09-10/260910_041527/0003/eecAnalysis_ppref_2024-09-10_3026.root
hadd Source file 23: /eos/cms/store/group/phys_heavyions/jvelazqu/energycorr/eecAnalysis_ppref_2024-09-10/eecOOHistograms/crab_eecAnalysis_ppref_2024-09-10/260910_041527/0000/eecAnalysis_ppref_2024-09-10_451.root
hadd Source file 7: /eos/cms/store/group/phys_heavyions/jvelazqu/energycorr/eecAnalysis_ppref_2024-09-10/eecOOHistograms/crab_eecAnalysis_ppref_2024-09-10/260910_041527/0003/eecAnalysis_ppref_2024-09-10_3431.root
hadd Source file 25: /eos/cms/store/group/phys_heavyions/jvelazqu/energycorr/eecAnalysis_ppref_2024-09-10/eecOOHistograms/crab_eecAnalysis_ppref_2024-09-10/260910_041527/0003/eecAnalysis_ppref_2024-09-10_3877.root
hadd Source file 31: /eos/cms/store/group/phys_heavyions/jvelazqu/energycorr/eecAnalysis_ppref_2024-09-10/eecOOHistograms/crab_eecAnalysis_ppref_2024-09-10/260910_041527/0003/eecAnalysis_ppref_2024-09-10_3027.root
hadd Source file 22: /eos/cms/store/group/phys_heavyions/jvelazqu/energycorr/eecAnalysis_ppref_2024-09-10/eecOOHistograms/crab_eecAnalysis_ppref_2024-09-10/260910_041527/0001/eecAnalysis_ppref_2024-09-10_1306.root
hadd Source file 26: /eos/cms/store/group/phys_heavyions/jvelazqu/energycorr/eecAnalysis_ppref_2024-09-10/eecOOHistograms/crab_eecAnalysis_ppref_2024-09-10/260910_041527/0003/eecAnalysis_ppref_2024-09-10_3878.root
hadd Source file 22: /eos/cms/store/group/phys_heavyions/jvelazqu/energycorr/eecAnalysis_ppref_2024-09-10/eecOOHistograms/crab_eecAnalysis_ppref_2024-09-10/260910_041527/0001/eecAnalysis_ppref_2024-09-10_1734.root
hadd Source file 8: /eos/cms/store/group/phys_heavyions/jvelazqu/energycorr/eecAnalysis_ppref_2024-09-10/eecOOHistograms/crab_eecAnalysis_ppref_2024-09-10/260910_041527/0003/eecAnalysis_ppref_2024-09-10_3432.root
hadd Source file 24: /eos/cms/store/group/phys_heavyions/jvelazqu/energycorr/eecAnalysis_ppref_2024-09-10/eecOOHistograms/crab_eecAnalysis_ppref_2024-09-10/260910_041527/0002/eecAnalysis_ppref_2024-09-10_2592.root
hadd Source file 24: /eos/cms/store/group/phys_heavyions/jvelazqu/energycorr/eecAnalysis_ppref_2024-09-10/eecOOHistograms/crab_eecAnalysis_ppref_2024-09-10/260910_041527/0000/eecAnalysis_ppref_2024-09-10_452.root
hadd Source file 28: /eos/cms/store/group/phys_heavyions/jvelazqu/energycorr/eecAnalysis_ppref_2024-09-10/eecOOHistograms/crab_eecAnalysis_ppref_2024-09-10/260910_041527/0000/eecAnalysis_ppref_2024-09-10_884.root
hadd Source file 27: /eos/cms/store/group/phys_heavyions/jvelazqu/energycorr/eecAnalysis_ppref_2024-09-10/eecOOHistograms/crab_eecAnalysis_ppref_2024-09-10/260910_041527/0003/eecAnalysis_ppref_2024-09-10_3879.root
hadd Source file 23: /eos/cms/store/group/phys_heavyions/jvelazqu/energycorr/eecAnalysis_ppref_2024-09-10/eecOOHistograms/crab_eecAnalysis_ppref_2024-09-10/260910_041527/0001/eecAnalysis_ppref_2024-09-10_1307.root
hadd Source file 32: /eos/cms/store/group/phys_heavyions/jvelazqu/energycorr/eecAnalysis_ppref_2024-09-10/eecOOHistograms/crab_eecAnalysis_ppref_2024-09-10/260910_041527/0003/eecAnalysis_ppref_2024-09-10_3028.root
hadd Source file 19: /eos/cms/store/group/phys_heavyions/jvelazqu/energycorr/eecAnalysis_ppref_2024-09-10/eecOOHistograms/crab_eecAnalysis_ppref_2024-09-10/260910_041527/0000/eecAnalysis_ppref_2024-09-10_19.root
hadd Source file 25: /eos/cms/store/group/phys_heavyions/jvelazqu/energycorr/eecAnalysis_ppref_2024-09-10/eecOOHistograms/crab_eecAnalysis_ppref_2024-09-10/260910_041527/0002/eecAnalysis_ppref_2024-09-10_2593.root
hadd Source file 25: /eos/cms/store/group/phys_heavyions/jvelazqu/energycorr/eecAnalysis_ppref_2024-09-10/eecOOHistograms/crab_eecAnalysis_ppref_2024-09-10/260910_041527/0000/eecAnalysis_ppref_2024-09-10_453.root
hadd Source file 23: /eos/cms/store/group/phys_heavyions/jvelazqu/energycorr/eecAnalysis_ppref_2024-09-10/eecOOHistograms/crab_eecAnalysis_ppref_2024-09-10/260910_041527/0002/eecAnalysis_ppref_2024-09-10_2163.root
hadd Source file 24: /eos/cms/store/group/phys_heavyions/jvelazqu/energycorr/eecAnalysis_ppref_2024-09-10/eecOOHistograms/crab_eecAnalysis_ppref_2024-09-10/260910_041527/0001/eecAnalysis_ppref_2024-09-10_1308.root
hadd Source file 20: /eos/cms/store/group/phys_heavyions/jvelazqu/energycorr/eecAnalysis_ppref_2024-09-10/eecOOHistograms/crab_eecAnalysis_ppref_2024-09-10/260910_041527/0000/eecAnalysis_ppref_2024-09-10_20.root
hadd Source file 33: /eos/cms/store/group/phys_heavyions/jvelazqu/energycorr/eecAnalysis_ppref_2024-09-10/eecOOHistograms/crab_eecAnalysis_ppref_2024-09-10/260910_041527/0003/eecAnalysis_ppref_2024-09-10_3029.root
hadd Source file 26: /eos/cms/store/group/phys_heavyions/jvelazqu/energycorr/eecAnalysis_ppref_2024-09-10/eecOOHistograms/crab_eecAnalysis_ppref_2024-09-10/260910_041527/0000/eecAnalysis_ppref_2024-09-10_454.root
hadd Source file 34: /eos/cms/store/group/phys_heavyions/jvelazqu/energycorr/eecAnalysis_ppref_2024-09-10/eecOOHistograms/crab_eecAnalysis_ppref_2024-09-10/260910_041527/0003/eecAnalysis_ppref_2024-09-10_3030.root
hadd Source file 24: /eos/cms/store/group/phys_heavyions/jvelazqu/energycorr/eecAnalysis_ppref_2024-09-10/eecOOHistograms/crab_eecAnalysis_ppref_2024-09-10/260910_041527/0002/eecAnalysis_ppref_2024-09-10_2164.root
hadd Source file 25: /eos/cms/store/group/phys_heavyions/jvelazqu/energycorr/eecAnalysis_ppref_2024-09-10/eecOOHistograms/crab_eecAnalysis_ppref_2024-09-10/260910_041527/0001/eecAnalysis_ppref_2024-09-10_1309.root
hadd Source file 27: /eos/cms/store/group/phys_heavyions/jvelazqu/energycorr/eecAnalysis_ppref_2024-09-10/eecOOHistograms/crab_eecAnalysis_ppref_2024-09-10/260910_041527/0000/eecAnalysis_ppref_2024-09-10_455.root
hadd Source file 28: /eos/cms/store/group/phys_heavyions/jvelazqu/energycorr/eecAnalysis_ppref_2024-09-10/eecOOHistograms/crab_eecAnalysis_ppref_2024-09-10/260910_041527/0000/eecAnalysis_ppref_2024-09-10_456.root
hadd Source file 23: /eos/cms/store/group/phys_heavyions/jvelazqu/energycorr/eecAnalysis_ppref_2024-09-10/eecOOHistograms/crab_eecAnalysis_ppref_2024-09-10/260910_041527/0001/eecAnalysis_ppref_2024-09-10_1735.root
hadd Source file 35: /eos/cms/store/group/phys_heavyions/jvelazqu/energycorr/eecAnalysis_ppref_2024-09-10/eecOOHistograms/crab_eecAnalysis_ppref_2024-09-10/260910_041527/0003/eecAnalysis_ppref_2024-09-10_3031.root
hadd Source file 25: /eos/cms/store/group/phys_heavyions/jvelazqu/energycorr/eecAnalysis_ppref_2024-09-10/eecOOHistograms/crab_eecAnalysis_ppref_2024-09-10/260910_041527/0002/eecAnalysis_ppref_2024-09-10_2165.root
hadd Source file 29: /eos/cms/store/group/phys_heavyions/jvelazqu/energycorr/eecAnalysis_ppref_2024-09-10/eecOOHistograms/crab_eecAnalysis_ppref_2024-09-10/260910_041527/0000/eecAnalysis_ppref_2024-09-10_885.root
hadd Source file 9: /eos/cms/store/group/phys_heavyions/jvelazqu/energycorr/eecAnalysis_ppref_2024-09-10/eecOOHistograms/crab_eecAnalysis_ppref_2024-09-10/260910_041527/0003/eecAnalysis_ppref_2024-09-10_3433.root
hadd Source file 26: /eos/cms/store/group/phys_heavyions/jvelazqu/energycorr/eecAnalysis_ppref_2024-09-10/eecOOHistograms/crab_eecAnalysis_ppref_2024-09-10/260910_041527/0001/eecAnalysis_ppref_2024-09-10_1310.root
hadd Source file 28: /eos/cms/store/group/phys_heavyions/jvelazqu/energycorr/eecAnalysis_ppref_2024-09-10/eecOOHistograms/crab_eecAnalysis_ppref_2024-09-10/260910_041527/0003/eecAnalysis_ppref_2024-09-10_3880.root
hadd Source file 24: /eos/cms/store/group/phys_heavyions/jvelazqu/energycorr/eecAnalysis_ppref_2024-09-10/eecOOHistograms/crab_eecAnalysis_ppref_2024-09-10/260910_041527/0001/eecAnalysis_ppref_2024-09-10_1736.root
hadd Source file 10: /eos/cms/store/group/phys_heavyions/jvelazqu/energycorr/eecAnalysis_ppref_2024-09-10/eecOOHistograms/crab_eecAnalysis_ppref_2024-09-10/260910_041527/0003/eecAnalysis_ppref_2024-09-10_3434.root
hadd Source file 36: /eos/cms/store/group/phys_heavyions/jvelazqu/energycorr/eecAnalysis_ppref_2024-09-10/eecOOHistograms/crab_eecAnalysis_ppref_2024-09-10/260910_041527/0003/eecAnalysis_ppref_2024-09-10_3032.root
hadd Source file 30: /eos/cms/store/group/phys_heavyions/jvelazqu/energycorr/eecAnalysis_ppref_2024-09-10/eecOOHistograms/crab_eecAnalysis_ppref_2024-09-10/260910_041527/0000/eecAnalysis_ppref_2024-09-10_886.root
hadd Source file 27: /eos/cms/store/group/phys_heavyions/jvelazqu/energycorr/eecAnalysis_ppref_2024-09-10/eecOOHistograms/crab_eecAnalysis_ppref_2024-09-10/260910_041527/0001/eecAnalysis_ppref_2024-09-10_1311.root
hadd Source file 11: /eos/cms/store/group/phys_heavyions/jvelazqu/energycorr/eecAnalysis_ppref_2024-09-10/eecOOHistograms/crab_eecAnalysis_ppref_2024-09-10/260910_041527/0003/eecAnalysis_ppref_2024-09-10_3435.root
hadd Source file 28: /eos/cms/store/group/phys_heavyions/jvelazqu/energycorr/eecAnalysis_ppref_2024-09-10/eecOOHistograms/crab_eecAnalysis_ppref_2024-09-10/260910_041527/0001/eecAnalysis_ppref_2024-09-10_1312.root
hadd Source file 29: /eos/cms/store/group/phys_heavyions/jvelazqu/energycorr/eecAnalysis_ppref_2024-09-10/eecOOHistograms/crab_eecAnalysis_ppref_2024-09-10/260910_041527/0003/eecAnalysis_ppref_2024-09-10_3881.root
hadd Source file 26: /eos/cms/store/group/phys_heavyions/jvelazqu/energycorr/eecAnalysis_ppref_2024-09-10/eecOOHistograms/crab_eecAnalysis_ppref_2024-09-10/260910_041527/0002/eecAnalysis_ppref_2024-09-10_2594.root
hadd Source file 31: /eos/cms/store/group/phys_heavyions/jvelazqu/energycorr/eecAnalysis_ppref_2024-09-10/eecOOHistograms/crab_eecAnalysis_ppref_2024-09-10/260910_041527/0000/eecAnalysis_ppref_2024-09-10_887.root
hadd Source file 12: /eos/cms/store/group/phys_heavyions/jvelazqu/energycorr/eecAnalysis_ppref_2024-09-10/eecOOHistograms/crab_eecAnalysis_ppref_2024-09-10/260910_041527/0003/eecAnalysis_ppref_2024-09-10_3436.root
hadd Source file 29: /eos/cms/store/group/phys_heavyions/jvelazqu/energycorr/eecAnalysis_ppref_2024-09-10/eecOOHistograms/crab_eecAnalysis_ppref_2024-09-10/260910_041527/0001/eecAnalysis_ppref_2024-09-10_1313.root
hadd Source file 30: /eos/cms/store/group/phys_heavyions/jvelazqu/energycorr/eecAnalysis_ppref_2024-09-10/eecOOHistograms/crab_eecAnalysis_ppref_2024-09-10/260910_041527/0003/eecAnalysis_ppref_2024-09-10_3882.root
hadd Source file 32: /eos/cms/store/group/phys_heavyions/jvelazqu/energycorr/eecAnalysis_ppref_2024-09-10/eecOOHistograms/crab_eecAnalysis_ppref_2024-09-10/260910_041527/0000/eecAnalysis_ppref_2024-09-10_888.root
hadd Source file 29: /eos/cms/store/group/phys_heavyions/jvelazqu/energycorr/eecAnalysis_ppref_2024-09-10/eecOOHistograms/crab_eecAnalysis_ppref_2024-09-10/260910_041527/0000/eecAnalysis_ppref_2024-09-10_457.root
hadd Source file 31: /eos/cms/store/group/phys_heavyions/jvelazqu/energycorr/eecAnalysis_ppref_2024-09-10/eecOOHistograms/crab_eecAnalysis_ppref_2024-09-10/260910_041527/0003/eecAnalysis_ppref_2024-09-10_3883.root
hadd Source file 30: /eos/cms/store/group/phys_heavyions/jvelazqu/energycorr/eecAnalysis_ppref_2024-09-10/eecOOHistograms/crab_eecAnalysis_ppref_2024-09-10/260910_041527/0001/eecAnalysis_ppref_2024-09-10_1314.root
hadd Source file 13: /eos/cms/store/group/phys_heavyions/jvelazqu/energycorr/eecAnalysis_ppref_2024-09-10/eecOOHistograms/crab_eecAnalysis_ppref_2024-09-10/260910_041527/0003/eecAnalysis_ppref_2024-09-10_3437.root
hadd Source file 33: /eos/cms/store/group/phys_heavyions/jvelazqu/energycorr/eecAnalysis_ppref_2024-09-10/eecOOHistograms/crab_eecAnalysis_ppref_2024-09-10/260910_041527/0000/eecAnalysis_ppref_2024-09-10_889.root
hadd Source file 25: /eos/cms/store/group/phys_heavyions/jvelazqu/energycorr/eecAnalysis_ppref_2024-09-10/eecOOHistograms/crab_eecAnalysis_ppref_2024-09-10/260910_041527/0001/eecAnalysis_ppref_2024-09-10_1737.root
hadd Source file 30: /eos/cms/store/group/phys_heavyions/jvelazqu/energycorr/eecAnalysis_ppref_2024-09-10/eecOOHistograms/crab_eecAnalysis_ppref_2024-09-10/260910_041527/0000/eecAnalysis_ppref_2024-09-10_458.root
hadd Source file 27: /eos/cms/store/group/phys_heavyions/jvelazqu/energycorr/eecAnalysis_ppref_2024-09-10/eecOOHistograms/crab_eecAnalysis_ppref_2024-09-10/260910_041527/0002/eecAnalysis_ppref_2024-09-10_2595.root
hadd Source file 34: /eos/cms/store/group/phys_heavyions/jvelazqu/energycorr/eecAnalysis_ppref_2024-09-10/eecOOHistograms/crab_eecAnalysis_ppref_2024-09-10/260910_041527/0000/eecAnalysis_ppref_2024-09-10_890.root
hadd Source file 37: /eos/cms/store/group/phys_heavyions/jvelazqu/energycorr/eecAnalysis_ppref_2024-09-10/eecOOHistograms/crab_eecAnalysis_ppref_2024-09-10/260910_041527/0003/eecAnalysis_ppref_2024-09-10_3033.root
hadd Source file 14: /eos/cms/store/group/phys_heavyions/jvelazqu/energycorr/eecAnalysis_ppref_2024-09-10/eecOOHistograms/crab_eecAnalysis_ppref_2024-09-10/260910_041527/0003/eecAnalysis_ppref_2024-09-10_3438.root
hadd Source file 21: /eos/cms/store/group/phys_heavyions/jvelazqu/energycorr/eecAnalysis_ppref_2024-09-10/eecOOHistograms/crab_eecAnalysis_ppref_2024-09-10/260910_041527/0000/eecAnalysis_ppref_2024-09-10_21.root
hadd Source file 31: /eos/cms/store/group/phys_heavyions/jvelazqu/energycorr/eecAnalysis_ppref_2024-09-10/eecOOHistograms/crab_eecAnalysis_ppref_2024-09-10/260910_041527/0001/eecAnalysis_ppref_2024-09-10_1315.root
hadd Source file 26: /eos/cms/store/group/phys_heavyions/jvelazqu/energycorr/eecAnalysis_ppref_2024-09-10/eecOOHistograms/crab_eecAnalysis_ppref_2024-09-10/260910_041527/0001/eecAnalysis_ppref_2024-09-10_1738.root
hadd Source file 31: /eos/cms/store/group/phys_heavyions/jvelazqu/energycorr/eecAnalysis_ppref_2024-09-10/eecOOHistograms/crab_eecAnalysis_ppref_2024-09-10/260910_041527/0000/eecAnalysis_ppref_2024-09-10_459.root
hadd Source file 35: /eos/cms/store/group/phys_heavyions/jvelazqu/energycorr/eecAnalysis_ppref_2024-09-10/eecOOHistograms/crab_eecAnalysis_ppref_2024-09-10/260910_041527/0000/eecAnalysis_ppref_2024-09-10_891.root
hadd Source file 32: /eos/cms/store/group/phys_heavyions/jvelazqu/energycorr/eecAnalysis_ppref_2024-09-10/eecOOHistograms/crab_eecAnalysis_ppref_2024-09-10/260910_041527/0003/eecAnalysis_ppref_2024-09-10_3884.root
hadd Source file 28: /eos/cms/store/group/phys_heavyions/jvelazqu/energycorr/eecAnalysis_ppref_2024-09-10/eecOOHistograms/crab_eecAnalysis_ppref_2024-09-10/260910_041527/0002/eecAnalysis_ppref_2024-09-10_2596.root
hadd Source file 32: /eos/cms/store/group/phys_heavyions/jvelazqu/energycorr/eecAnalysis_ppref_2024-09-10/eecOOHistograms/crab_eecAnalysis_ppref_2024-09-10/260910_041527/0001/eecAnalysis_ppref_2024-09-10_1316.root
hadd Source file 22: /eos/cms/store/group/phys_heavyions/jvelazqu/energycorr/eecAnalysis_ppref_2024-09-10/eecOOHistograms/crab_eecAnalysis_ppref_2024-09-10/260910_041527/0000/eecAnalysis_ppref_2024-09-10_22.root
hadd Source file 32: /eos/cms/store/group/phys_heavyions/jvelazqu/energycorr/eecAnalysis_ppref_2024-09-10/eecOOHistograms/crab_eecAnalysis_ppref_2024-09-10/260910_041527/0000/eecAnalysis_ppref_2024-09-10_460.root
hadd Source file 27: /eos/cms/store/group/phys_heavyions/jvelazqu/energycorr/eecAnalysis_ppref_2024-09-10/eecOOHistograms/crab_eecAnalysis_ppref_2024-09-10/260910_041527/0001/eecAnalysis_ppref_2024-09-10_1739.root
hadd Source file 33: /eos/cms/store/group/phys_heavyions/jvelazqu/energycorr/eecAnalysis_ppref_2024-09-10/eecOOHistograms/crab_eecAnalysis_ppref_2024-09-10/260910_041527/0003/eecAnalysis_ppref_2024-09-10_3885.root
hadd Source file 26: /eos/cms/store/group/phys_heavyions/jvelazqu/energycorr/eecAnalysis_ppref_2024-09-10/eecOOHistograms/crab_eecAnalysis_ppref_2024-09-10/260910_041527/0002/eecAnalysis_ppref_2024-09-10_2166.root
hadd Source file 36: /eos/cms/store/group/phys_heavyions/jvelazqu/energycorr/eecAnalysis_ppref_2024-09-10/eecOOHistograms/crab_eecAnalysis_ppref_2024-09-10/260910_041527/0000/eecAnalysis_ppref_2024-09-10_892.root
hadd Source file 33: /eos/cms/store/group/phys_heavyions/jvelazqu/energycorr/eecAnalysis_ppref_2024-09-10/eecOOHistograms/crab_eecAnalysis_ppref_2024-09-10/260910_041527/0001/eecAnalysis_ppref_2024-09-10_1317.root
hadd Source file 29: /eos/cms/store/group/phys_heavyions/jvelazqu/energycorr/eecAnalysis_ppref_2024-09-10/eecOOHistograms/crab_eecAnalysis_ppref_2024-09-10/260910_041527/0002/eecAnalysis_ppref_2024-09-10_2597.root
hadd Source file 23: /eos/cms/store/group/phys_heavyions/jvelazqu/energycorr/eecAnalysis_ppref_2024-09-10/eecOOHistograms/crab_eecAnalysis_ppref_2024-09-10/260910_041527/0000/eecAnalysis_ppref_2024-09-10_23.root
hadd Source file 34: /eos/cms/store/group/phys_heavyions/jvelazqu/energycorr/eecAnalysis_ppref_2024-09-10/eecOOHistograms/crab_eecAnalysis_ppref_2024-09-10/260910_041527/0003/eecAnalysis_ppref_2024-09-10_3886.root
hadd Source file 28: /eos/cms/store/group/phys_heavyions/jvelazqu/energycorr/eecAnalysis_ppref_2024-09-10/eecOOHistograms/crab_eecAnalysis_ppref_2024-09-10/260910_041527/0001/eecAnalysis_ppref_2024-09-10_1740.root
hadd Source file 27: /eos/cms/store/group/phys_heavyions/jvelazqu/energycorr/eecAnalysis_ppref_2024-09-10/eecOOHistograms/crab_eecAnalysis_ppref_2024-09-10/260910_041527/0002/eecAnalysis_ppref_2024-09-10_2167.root
hadd Source file 34: /eos/cms/store/group/phys_heavyions/jvelazqu/energycorr/eecAnalysis_ppref_2024-09-10/eecOOHistograms/crab_eecAnalysis_ppref_2024-09-10/260910_041527/0001/eecAnalysis_ppref_2024-09-10_1318.root
hadd Source file 33: /eos/cms/store/group/phys_heavyions/jvelazqu/energycorr/eecAnalysis_ppref_2024-09-10/eecOOHistograms/crab_eecAnalysis_ppref_2024-09-10/260910_041527/0000/eecAnalysis_ppref_2024-09-10_461.root
hadd Source file 37: /eos/cms/store/group/phys_heavyions/jvelazqu/energycorr/eecAnalysis_ppref_2024-09-10/eecOOHistograms/crab_eecAnalysis_ppref_2024-09-10/260910_041527/0000/eecAnalysis_ppref_2024-09-10_893.root
hadd Source file 35: /eos/cms/store/group/phys_heavyions/jvelazqu/energycorr/eecAnalysis_ppref_2024-09-10/eecOOHistograms/crab_eecAnalysis_ppref_2024-09-10/260910_041527/0003/eecAnalysis_ppref_2024-09-10_3887.root
hadd Source file 35: /eos/cms/store/group/phys_heavyions/jvelazqu/energycorr/eecAnalysis_ppref_2024-09-10/eecOOHistograms/crab_eecAnalysis_ppref_2024-09-10/260910_041527/0001/eecAnalysis_ppref_2024-09-10_1319.root
hadd Source file 24: /eos/cms/store/group/phys_heavyions/jvelazqu/energycorr/eecAnalysis_ppref_2024-09-10/eecOOHistograms/crab_eecAnalysis_ppref_2024-09-10/260910_041527/0000/eecAnalysis_ppref_2024-09-10_24.root
hadd Source file 15: /eos/cms/store/group/phys_heavyions/jvelazqu/energycorr/eecAnalysis_ppref_2024-09-10/eecOOHistograms/crab_eecAnalysis_ppref_2024-09-10/260910_041527/0003/eecAnalysis_ppref_2024-09-10_3439.root
hadd Source file 28: /eos/cms/store/group/phys_heavyions/jvelazqu/energycorr/eecAnalysis_ppref_2024-09-10/eecOOHistograms/crab_eecAnalysis_ppref_2024-09-10/260910_041527/0002/eecAnalysis_ppref_2024-09-10_2168.root
hadd Source file 34: /eos/cms/store/group/phys_heavyions/jvelazqu/energycorr/eecAnalysis_ppref_2024-09-10/eecOOHistograms/crab_eecAnalysis_ppref_2024-09-10/260910_041527/0000/eecAnalysis_ppref_2024-09-10_462.root
hadd Source file 36: /eos/cms/store/group/phys_heavyions/jvelazqu/energycorr/eecAnalysis_ppref_2024-09-10/eecOOHistograms/crab_eecAnalysis_ppref_2024-09-10/260910_041527/0001/eecAnalysis_ppref_2024-09-10_1320.root
hadd Source file 25: /eos/cms/store/group/phys_heavyions/jvelazqu/energycorr/eecAnalysis_ppref_2024-09-10/eecOOHistograms/crab_eecAnalysis_ppref_2024-09-10/260910_041527/0000/eecAnalysis_ppref_2024-09-10_25.root
hadd Source file 16: /eos/cms/store/group/phys_heavyions/jvelazqu/energycorr/eecAnalysis_ppref_2024-09-10/eecOOHistograms/crab_eecAnalysis_ppref_2024-09-10/260910_041527/0003/eecAnalysis_ppref_2024-09-10_3440.root
hadd Source file 37: /eos/cms/store/group/phys_heavyions/jvelazqu/energycorr/eecAnalysis_ppref_2024-09-10/eecOOHistograms/crab_eecAnalysis_ppref_2024-09-10/260910_041527/0001/eecAnalysis_ppref_2024-09-10_1321.root
hadd Source file 38: /eos/cms/store/group/phys_heavyions/jvelazqu/energycorr/eecAnalysis_ppref_2024-09-10/eecOOHistograms/crab_eecAnalysis_ppref_2024-09-10/260910_041527/0003/eecAnalysis_ppref_2024-09-10_3034.root
hadd Source file 26: /eos/cms/store/group/phys_heavyions/jvelazqu/energycorr/eecAnalysis_ppref_2024-09-10/eecOOHistograms/crab_eecAnalysis_ppref_2024-09-10/260910_041527/0000/eecAnalysis_ppref_2024-09-10_26.root
hadd Source file 17: /eos/cms/store/group/phys_heavyions/jvelazqu/energycorr/eecAnalysis_ppref_2024-09-10/eecOOHistograms/crab_eecAnalysis_ppref_2024-09-10/260910_041527/0003/eecAnalysis_ppref_2024-09-10_3441.root
hadd Source file 35: /eos/cms/store/group/phys_heavyions/jvelazqu/energycorr/eecAnalysis_ppref_2024-09-10/eecOOHistograms/crab_eecAnalysis_ppref_2024-09-10/260910_041527/0000/eecAnalysis_ppref_2024-09-10_463.root
hadd Source file 38: /eos/cms/store/group/phys_heavyions/jvelazqu/energycorr/eecAnalysis_ppref_2024-09-10/eecOOHistograms/crab_eecAnalysis_ppref_2024-09-10/260910_041527/0001/eecAnalysis_ppref_2024-09-10_1322.root
hadd Source file 39: /eos/cms/store/group/phys_heavyions/jvelazqu/energycorr/eecAnalysis_ppref_2024-09-10/eecOOHistograms/crab_eecAnalysis_ppref_2024-09-10/260910_041527/0003/eecAnalysis_ppref_2024-09-10_3035.root
hadd Source file 36: /eos/cms/store/group/phys_heavyions/jvelazqu/energycorr/eecAnalysis_ppref_2024-09-10/eecOOHistograms/crab_eecAnalysis_ppref_2024-09-10/260910_041527/0003/eecAnalysis_ppref_2024-09-10_3888.root
hadd Source file 29: /eos/cms/store/group/phys_heavyions/jvelazqu/energycorr/eecAnalysis_ppref_2024-09-10/eecOOHistograms/crab_eecAnalysis_ppref_2024-09-10/260910_041527/0001/eecAnalysis_ppref_2024-09-10_1741.root
hadd Source file 18: /eos/cms/store/group/phys_heavyions/jvelazqu/energycorr/eecAnalysis_ppref_2024-09-10/eecOOHistograms/crab_eecAnalysis_ppref_2024-09-10/260910_041527/0003/eecAnalysis_ppref_2024-09-10_3442.root
hadd Source file 27: /eos/cms/store/group/phys_heavyions/jvelazqu/energycorr/eecAnalysis_ppref_2024-09-10/eecOOHistograms/crab_eecAnalysis_ppref_2024-09-10/260910_041527/0000/eecAnalysis_ppref_2024-09-10_27.root
hadd Source file 36: /eos/cms/store/group/phys_heavyions/jvelazqu/energycorr/eecAnalysis_ppref_2024-09-10/eecOOHistograms/crab_eecAnalysis_ppref_2024-09-10/260910_041527/0000/eecAnalysis_ppref_2024-09-10_464.root
hadd Source file 38: /eos/cms/store/group/phys_heavyions/jvelazqu/energycorr/eecAnalysis_ppref_2024-09-10/eecOOHistograms/crab_eecAnalysis_ppref_2024-09-10/260910_041527/0000/eecAnalysis_ppref_2024-09-10_894.root
hadd Source file 40: /eos/cms/store/group/phys_heavyions/jvelazqu/energycorr/eecAnalysis_ppref_2024-09-10/eecOOHistograms/crab_eecAnalysis_ppref_2024-09-10/260910_041527/0003/eecAnalysis_ppref_2024-09-10_3036.root
hadd Source file 30: /eos/cms/store/group/phys_heavyions/jvelazqu/energycorr/eecAnalysis_ppref_2024-09-10/eecOOHistograms/crab_eecAnalysis_ppref_2024-09-10/260910_041527/0001/eecAnalysis_ppref_2024-09-10_1742.root
hadd Source file 19: /eos/cms/store/group/phys_heavyions/jvelazqu/energycorr/eecAnalysis_ppref_2024-09-10/eecOOHistograms/crab_eecAnalysis_ppref_2024-09-10/260910_041527/0003/eecAnalysis_ppref_2024-09-10_3443.root
hadd Source file 30: /eos/cms/store/group/phys_heavyions/jvelazqu/energycorr/eecAnalysis_ppref_2024-09-10/eecOOHistograms/crab_eecAnalysis_ppref_2024-09-10/260910_041527/0002/eecAnalysis_ppref_2024-09-10_2598.root
hadd Source file 39: /eos/cms/store/group/phys_heavyions/jvelazqu/energycorr/eecAnalysis_ppref_2024-09-10/eecOOHistograms/crab_eecAnalysis_ppref_2024-09-10/260910_041527/0001/eecAnalysis_ppref_2024-09-10_1323.root
hadd Source file 37: /eos/cms/store/group/phys_heavyions/jvelazqu/energycorr/eecAnalysis_ppref_2024-09-10/eecOOHistograms/crab_eecAnalysis_ppref_2024-09-10/260910_041527/0000/eecAnalysis_ppref_2024-09-10_465.root
hadd Source file 31: /eos/cms/store/group/phys_heavyions/jvelazqu/energycorr/eecAnalysis_ppref_2024-09-10/eecOOHistograms/crab_eecAnalysis_ppref_2024-09-10/260910_041527/0001/eecAnalysis_ppref_2024-09-10_1743.root
hadd Source file 39: /eos/cms/store/group/phys_heavyions/jvelazqu/energycorr/eecAnalysis_ppref_2024-09-10/eecOOHistograms/crab_eecAnalysis_ppref_2024-09-10/260910_041527/0000/eecAnalysis_ppref_2024-09-10_895.root
hadd Source file 41: /eos/cms/store/group/phys_heavyions/jvelazqu/energycorr/eecAnalysis_ppref_2024-09-10/eecOOHistograms/crab_eecAnalysis_ppref_2024-09-10/260910_041527/0003/eecAnalysis_ppref_2024-09-10_3037.root
hadd Source file 29: /eos/cms/store/group/phys_heavyions/jvelazqu/energycorr/eecAnalysis_ppref_2024-09-10/eecOOHistograms/crab_eecAnalysis_ppref_2024-09-10/260910_041527/0002/eecAnalysis_ppref_2024-09-10_2169.root
hadd Source file 20: /eos/cms/store/group/phys_heavyions/jvelazqu/energycorr/eecAnalysis_ppref_2024-09-10/eecOOHistograms/crab_eecAnalysis_ppref_2024-09-10/260910_041527/0003/eecAnalysis_ppref_2024-09-10_3444.root
hadd Source file 40: /eos/cms/store/group/phys_heavyions/jvelazqu/energycorr/eecAnalysis_ppref_2024-09-10/eecOOHistograms/crab_eecAnalysis_ppref_2024-09-10/260910_041527/0001/eecAnalysis_ppref_2024-09-10_1324.root
hadd Source file 31: /eos/cms/store/group/phys_heavyions/jvelazqu/energycorr/eecAnalysis_ppref_2024-09-10/eecOOHistograms/crab_eecAnalysis_ppref_2024-09-10/260910_041527/0002/eecAnalysis_ppref_2024-09-10_2599.root
hadd Source file 32: /eos/cms/store/group/phys_heavyions/jvelazqu/energycorr/eecAnalysis_ppref_2024-09-10/eecOOHistograms/crab_eecAnalysis_ppref_2024-09-10/260910_041527/0001/eecAnalysis_ppref_2024-09-10_1744.root
hadd Source file 42: /eos/cms/store/group/phys_heavyions/jvelazqu/energycorr/eecAnalysis_ppref_2024-09-10/eecOOHistograms/crab_eecAnalysis_ppref_2024-09-10/260910_041527/0003/eecAnalysis_ppref_2024-09-10_3038.root
hadd Source file 41: /eos/cms/store/group/phys_heavyions/jvelazqu/energycorr/eecAnalysis_ppref_2024-09-10/eecOOHistograms/crab_eecAnalysis_ppref_2024-09-10/260910_041527/0001/eecAnalysis_ppref_2024-09-10_1325.root
hadd Source file 30: /eos/cms/store/group/phys_heavyions/jvelazqu/energycorr/eecAnalysis_ppref_2024-09-10/eecOOHistograms/crab_eecAnalysis_ppref_2024-09-10/260910_041527/0002/eecAnalysis_ppref_2024-09-10_2170.root
hadd Source file 38: /eos/cms/store/group/phys_heavyions/jvelazqu/energycorr/eecAnalysis_ppref_2024-09-10/eecOOHistograms/crab_eecAnalysis_ppref_2024-09-10/260910_041527/0000/eecAnalysis_ppref_2024-09-10_466.root
hadd Source file 32: /eos/cms/store/group/phys_heavyions/jvelazqu/energycorr/eecAnalysis_ppref_2024-09-10/eecOOHistograms/crab_eecAnalysis_ppref_2024-09-10/260910_041527/0002/eecAnalysis_ppref_2024-09-10_2600.root
hadd Source file 43: /eos/cms/store/group/phys_heavyions/jvelazqu/energycorr/eecAnalysis_ppref_2024-09-10/eecOOHistograms/crab_eecAnalysis_ppref_2024-09-10/260910_041527/0003/eecAnalysis_ppref_2024-09-10_3039.root
hadd Source file 31: /eos/cms/store/group/phys_heavyions/jvelazqu/energycorr/eecAnalysis_ppref_2024-09-10/eecOOHistograms/crab_eecAnalysis_ppref_2024-09-10/260910_041527/0002/eecAnalysis_ppref_2024-09-10_2171.root
hadd Source file 28: /eos/cms/store/group/phys_heavyions/jvelazqu/energycorr/eecAnalysis_ppref_2024-09-10/eecOOHistograms/crab_eecAnalysis_ppref_2024-09-10/260910_041527/0000/eecAnalysis_ppref_2024-09-10_28.root
hadd Source file 42: /eos/cms/store/group/phys_heavyions/jvelazqu/energycorr/eecAnalysis_ppref_2024-09-10/eecOOHistograms/crab_eecAnalysis_ppref_2024-09-10/260910_041527/0001/eecAnalysis_ppref_2024-09-10_1326.root
hadd Source file 37: /eos/cms/store/group/phys_heavyions/jvelazqu/energycorr/eecAnalysis_ppref_2024-09-10/eecOOHistograms/crab_eecAnalysis_ppref_2024-09-10/260910_041527/0003/eecAnalysis_ppref_2024-09-10_3889.root
hadd Source file 33: /eos/cms/store/group/phys_heavyions/jvelazqu/energycorr/eecAnalysis_ppref_2024-09-10/eecOOHistograms/crab_eecAnalysis_ppref_2024-09-10/260910_041527/0002/eecAnalysis_ppref_2024-09-10_2601.root
hadd Source file 44: /eos/cms/store/group/phys_heavyions/jvelazqu/energycorr/eecAnalysis_ppref_2024-09-10/eecOOHistograms/crab_eecAnalysis_ppref_2024-09-10/260910_041527/0003/eecAnalysis_ppref_2024-09-10_3040.root
hadd Source file 38: /eos/cms/store/group/phys_heavyions/jvelazqu/energycorr/eecAnalysis_ppref_2024-09-10/eecOOHistograms/crab_eecAnalysis_ppref_2024-09-10/260910_041527/0003/eecAnalysis_ppref_2024-09-10_3890.root
hadd Source file 29: /eos/cms/store/group/phys_heavyions/jvelazqu/energycorr/eecAnalysis_ppref_2024-09-10/eecOOHistograms/crab_eecAnalysis_ppref_2024-09-10/260910_041527/0000/eecAnalysis_ppref_2024-09-10_29.root
hadd Source file 32: /eos/cms/store/group/phys_heavyions/jvelazqu/energycorr/eecAnalysis_ppref_2024-09-10/eecOOHistograms/crab_eecAnalysis_ppref_2024-09-10/260910_041527/0002/eecAnalysis_ppref_2024-09-10_2172.root
hadd Source file 43: /eos/cms/store/group/phys_heavyions/jvelazqu/energycorr/eecAnalysis_ppref_2024-09-10/eecOOHistograms/crab_eecAnalysis_ppref_2024-09-10/260910_041527/0001/eecAnalysis_ppref_2024-09-10_1327.root
hadd Source file 45: /eos/cms/store/group/phys_heavyions/jvelazqu/energycorr/eecAnalysis_ppref_2024-09-10/eecOOHistograms/crab_eecAnalysis_ppref_2024-09-10/260910_041527/0003/eecAnalysis_ppref_2024-09-10_3041.root
hadd Source file 39: /eos/cms/store/group/phys_heavyions/jvelazqu/energycorr/eecAnalysis_ppref_2024-09-10/eecOOHistograms/crab_eecAnalysis_ppref_2024-09-10/260910_041527/0003/eecAnalysis_ppref_2024-09-10_3891.root
hadd Source file 44: /eos/cms/store/group/phys_heavyions/jvelazqu/energycorr/eecAnalysis_ppref_2024-09-10/eecOOHistograms/crab_eecAnalysis_ppref_2024-09-10/260910_041527/0001/eecAnalysis_ppref_2024-09-10_1328.root
hadd Source file 21: /eos/cms/store/group/phys_heavyions/jvelazqu/energycorr/eecAnalysis_ppref_2024-09-10/eecOOHistograms/crab_eecAnalysis_ppref_2024-09-10/260910_041527/0003/eecAnalysis_ppref_2024-09-10_3445.root
hadd Source file 33: /eos/cms/store/group/phys_heavyions/jvelazqu/energycorr/eecAnalysis_ppref_2024-09-10/eecOOHistograms/crab_eecAnalysis_ppref_2024-09-10/260910_041527/0002/eecAnalysis_ppref_2024-09-10_2173.root
hadd Source file 30: /eos/cms/store/group/phys_heavyions/jvelazqu/energycorr/eecAnalysis_ppref_2024-09-10/eecOOHistograms/crab_eecAnalysis_ppref_2024-09-10/260910_041527/0000/eecAnalysis_ppref_2024-09-10_30.root
hadd Source file 33: /eos/cms/store/group/phys_heavyions/jvelazqu/energycorr/eecAnalysis_ppref_2024-09-10/eecOOHistograms/crab_eecAnalysis_ppref_2024-09-10/260910_041527/0001/eecAnalysis_ppref_2024-09-10_1745.root
hadd Source file 46: /eos/cms/store/group/phys_heavyions/jvelazqu/energycorr/eecAnalysis_ppref_2024-09-10/eecOOHistograms/crab_eecAnalysis_ppref_2024-09-10/260910_041527/0003/eecAnalysis_ppref_2024-09-10_3042.root
hadd Source file 40: /eos/cms/store/group/phys_heavyions/jvelazqu/energycorr/eecAnalysis_ppref_2024-09-10/eecOOHistograms/crab_eecAnalysis_ppref_2024-09-10/260910_041527/0000/eecAnalysis_ppref_2024-09-10_896.root
hadd Source file 45: /eos/cms/store/group/phys_heavyions/jvelazqu/energycorr/eecAnalysis_ppref_2024-09-10/eecOOHistograms/crab_eecAnalysis_ppref_2024-09-10/260910_041527/0001/eecAnalysis_ppref_2024-09-10_1329.root
hadd Source file 39: /eos/cms/store/group/phys_heavyions/jvelazqu/energycorr/eecAnalysis_ppref_2024-09-10/eecOOHistograms/crab_eecAnalysis_ppref_2024-09-10/260910_041527/0000/eecAnalysis_ppref_2024-09-10_467.root
hadd Source file 22: /eos/cms/store/group/phys_heavyions/jvelazqu/energycorr/eecAnalysis_ppref_2024-09-10/eecOOHistograms/crab_eecAnalysis_ppref_2024-09-10/260910_041527/0003/eecAnalysis_ppref_2024-09-10_3446.root
hadd Source file 40: /eos/cms/store/group/phys_heavyions/jvelazqu/energycorr/eecAnalysis_ppref_2024-09-10/eecOOHistograms/crab_eecAnalysis_ppref_2024-09-10/260910_041527/0003/eecAnalysis_ppref_2024-09-10_3892.root
hadd Source file 34: /eos/cms/store/group/phys_heavyions/jvelazqu/energycorr/eecAnalysis_ppref_2024-09-10/eecOOHistograms/crab_eecAnalysis_ppref_2024-09-10/260910_041527/0002/eecAnalysis_ppref_2024-09-10_2174.root
hadd Source file 47: /eos/cms/store/group/phys_heavyions/jvelazqu/energycorr/eecAnalysis_ppref_2024-09-10/eecOOHistograms/crab_eecAnalysis_ppref_2024-09-10/260910_041527/0003/eecAnalysis_ppref_2024-09-10_3043.root
hadd Source file 41: /eos/cms/store/group/phys_heavyions/jvelazqu/energycorr/eecAnalysis_ppref_2024-09-10/eecOOHistograms/crab_eecAnalysis_ppref_2024-09-10/260910_041527/0000/eecAnalysis_ppref_2024-09-10_897.root
hadd Source file 34: /eos/cms/store/group/phys_heavyions/jvelazqu/energycorr/eecAnalysis_ppref_2024-09-10/eecOOHistograms/crab_eecAnalysis_ppref_2024-09-10/260910_041527/0001/eecAnalysis_ppref_2024-09-10_1746.root
hadd Source file 31: /eos/cms/store/group/phys_heavyions/jvelazqu/energycorr/eecAnalysis_ppref_2024-09-10/eecOOHistograms/crab_eecAnalysis_ppref_2024-09-10/260910_041527/0000/eecAnalysis_ppref_2024-09-10_31.root
hadd Source file 41: /eos/cms/store/group/phys_heavyions/jvelazqu/energycorr/eecAnalysis_ppref_2024-09-10/eecOOHistograms/crab_eecAnalysis_ppref_2024-09-10/260910_041527/0003/eecAnalysis_ppref_2024-09-10_3893.root
hadd Source file 46: /eos/cms/store/group/phys_heavyions/jvelazqu/energycorr/eecAnalysis_ppref_2024-09-10/eecOOHistograms/crab_eecAnalysis_ppref_2024-09-10/260910_041527/0001/eecAnalysis_ppref_2024-09-10_1330.root
hadd Source file 35: /eos/cms/store/group/phys_heavyions/jvelazqu/energycorr/eecAnalysis_ppref_2024-09-10/eecOOHistograms/crab_eecAnalysis_ppref_2024-09-10/260910_041527/0002/eecAnalysis_ppref_2024-09-10_2175.root
hadd Source file 42: /eos/cms/store/group/phys_heavyions/jvelazqu/energycorr/eecAnalysis_ppref_2024-09-10/eecOOHistograms/crab_eecAnalysis_ppref_2024-09-10/260910_041527/0003/eecAnalysis_ppref_2024-09-10_3894.root
hadd Source file 35: /eos/cms/store/group/phys_heavyions/jvelazqu/energycorr/eecAnalysis_ppref_2024-09-10/eecOOHistograms/crab_eecAnalysis_ppref_2024-09-10/260910_041527/0001/eecAnalysis_ppref_2024-09-10_1747.root
hadd Source file 32: /eos/cms/store/group/phys_heavyions/jvelazqu/energycorr/eecAnalysis_ppref_2024-09-10/eecOOHistograms/crab_eecAnalysis_ppref_2024-09-10/260910_041527/0000/eecAnalysis_ppref_2024-09-10_32.root
hadd Source file 40: /eos/cms/store/group/phys_heavyions/jvelazqu/energycorr/eecAnalysis_ppref_2024-09-10/eecOOHistograms/crab_eecAnalysis_ppref_2024-09-10/260910_041527/0000/eecAnalysis_ppref_2024-09-10_468.root
hadd Source file 47: /eos/cms/store/group/phys_heavyions/jvelazqu/energycorr/eecAnalysis_ppref_2024-09-10/eecOOHistograms/crab_eecAnalysis_ppref_2024-09-10/260910_041527/0001/eecAnalysis_ppref_2024-09-10_1331.root
hadd Source file 23: /eos/cms/store/group/phys_heavyions/jvelazqu/energycorr/eecAnalysis_ppref_2024-09-10/eecOOHistograms/crab_eecAnalysis_ppref_2024-09-10/260910_041527/0003/eecAnalysis_ppref_2024-09-10_3447.root
hadd Source file 43: /eos/cms/store/group/phys_heavyions/jvelazqu/energycorr/eecAnalysis_ppref_2024-09-10/eecOOHistograms/crab_eecAnalysis_ppref_2024-09-10/260910_041527/0003/eecAnalysis_ppref_2024-09-10_3895.root
hadd Source file 33: /eos/cms/store/group/phys_heavyions/jvelazqu/energycorr/eecAnalysis_ppref_2024-09-10/eecOOHistograms/crab_eecAnalysis_ppref_2024-09-10/260910_041527/0000/eecAnalysis_ppref_2024-09-10_33.root
hadd Source file 48: /eos/cms/store/group/phys_heavyions/jvelazqu/energycorr/eecAnalysis_ppref_2024-09-10/eecOOHistograms/crab_eecAnalysis_ppref_2024-09-10/260910_041527/0003/eecAnalysis_ppref_2024-09-10_3044.root
hadd Source file 48: /eos/cms/store/group/phys_heavyions/jvelazqu/energycorr/eecAnalysis_ppref_2024-09-10/eecOOHistograms/crab_eecAnalysis_ppref_2024-09-10/260910_041527/0001/eecAnalysis_ppref_2024-09-10_1332.root
hadd Source file 44: /eos/cms/store/group/phys_heavyions/jvelazqu/energycorr/eecAnalysis_ppref_2024-09-10/eecOOHistograms/crab_eecAnalysis_ppref_2024-09-10/260910_041527/0003/eecAnalysis_ppref_2024-09-10_3896.root
hadd Source file 24: /eos/cms/store/group/phys_heavyions/jvelazqu/energycorr/eecAnalysis_ppref_2024-09-10/eecOOHistograms/crab_eecAnalysis_ppref_2024-09-10/260910_041527/0003/eecAnalysis_ppref_2024-09-10_3448.root
hadd Source file 42: /eos/cms/store/group/phys_heavyions/jvelazqu/energycorr/eecAnalysis_ppref_2024-09-10/eecOOHistograms/crab_eecAnalysis_ppref_2024-09-10/260910_041527/0000/eecAnalysis_ppref_2024-09-10_898.root
hadd Source file 49: /eos/cms/store/group/phys_heavyions/jvelazqu/energycorr/eecAnalysis_ppref_2024-09-10/eecOOHistograms/crab_eecAnalysis_ppref_2024-09-10/260910_041527/0001/eecAnalysis_ppref_2024-09-10_1333.root
hadd Source file 41: /eos/cms/store/group/phys_heavyions/jvelazqu/energycorr/eecAnalysis_ppref_2024-09-10/eecOOHistograms/crab_eecAnalysis_ppref_2024-09-10/260910_041527/0000/eecAnalysis_ppref_2024-09-10_469.root
hadd Source file 36: /eos/cms/store/group/phys_heavyions/jvelazqu/energycorr/eecAnalysis_ppref_2024-09-10/eecOOHistograms/crab_eecAnalysis_ppref_2024-09-10/260910_041527/0001/eecAnalysis_ppref_2024-09-10_1748.root
hadd Source file 45: /eos/cms/store/group/phys_heavyions/jvelazqu/energycorr/eecAnalysis_ppref_2024-09-10/eecOOHistograms/crab_eecAnalysis_ppref_2024-09-10/260910_041527/0003/eecAnalysis_ppref_2024-09-10_3897.root
hadd Source file 50: /eos/cms/store/group/phys_heavyions/jvelazqu/energycorr/eecAnalysis_ppref_2024-09-10/eecOOHistograms/crab_eecAnalysis_ppref_2024-09-10/260910_041527/0001/eecAnalysis_ppref_2024-09-10_1334.root
hadd Source file 42: /eos/cms/store/group/phys_heavyions/jvelazqu/energycorr/eecAnalysis_ppref_2024-09-10/eecOOHistograms/crab_eecAnalysis_ppref_2024-09-10/260910_041527/0000/eecAnalysis_ppref_2024-09-10_470.root
hadd Source file 49: /eos/cms/store/group/phys_heavyions/jvelazqu/energycorr/eecAnalysis_ppref_2024-09-10/eecOOHistograms/crab_eecAnalysis_ppref_2024-09-10/260910_041527/0003/eecAnalysis_ppref_2024-09-10_3045.root
hadd Source file 25: /eos/cms/store/group/phys_heavyions/jvelazqu/energycorr/eecAnalysis_ppref_2024-09-10/eecOOHistograms/crab_eecAnalysis_ppref_2024-09-10/260910_041527/0003/eecAnalysis_ppref_2024-09-10_3449.root
hadd Source file 43: /eos/cms/store/group/phys_heavyions/jvelazqu/energycorr/eecAnalysis_ppref_2024-09-10/eecOOHistograms/crab_eecAnalysis_ppref_2024-09-10/260910_041527/0000/eecAnalysis_ppref_2024-09-10_899.root
hadd Source file 37: /eos/cms/store/group/phys_heavyions/jvelazqu/energycorr/eecAnalysis_ppref_2024-09-10/eecOOHistograms/crab_eecAnalysis_ppref_2024-09-10/260910_041527/0001/eecAnalysis_ppref_2024-09-10_1749.root
hadd Source file 46: /eos/cms/store/group/phys_heavyions/jvelazqu/energycorr/eecAnalysis_ppref_2024-09-10/eecOOHistograms/crab_eecAnalysis_ppref_2024-09-10/260910_041527/0003/eecAnalysis_ppref_2024-09-10_3898.root
hadd Source file 44: /eos/cms/store/group/phys_heavyions/jvelazqu/energycorr/eecAnalysis_ppref_2024-09-10/eecOOHistograms/crab_eecAnalysis_ppref_2024-09-10/260910_041527/0000/eecAnalysis_ppref_2024-09-10_900.root
hadd Source file 50: /eos/cms/store/group/phys_heavyions/jvelazqu/energycorr/eecAnalysis_ppref_2024-09-10/eecOOHistograms/crab_eecAnalysis_ppref_2024-09-10/260910_041527/0003/eecAnalysis_ppref_2024-09-10_3046.root
hadd Source file 36: /eos/cms/store/group/phys_heavyions/jvelazqu/energycorr/eecAnalysis_ppref_2024-09-10/eecOOHistograms/crab_eecAnalysis_ppref_2024-09-10/260910_041527/0002/eecAnalysis_ppref_2024-09-10_2176.root
hadd Source file 43: /eos/cms/store/group/phys_heavyions/jvelazqu/energycorr/eecAnalysis_ppref_2024-09-10/eecOOHistograms/crab_eecAnalysis_ppref_2024-09-10/260910_041527/0000/eecAnalysis_ppref_2024-09-10_471.root
hadd Source file 26: /eos/cms/store/group/phys_heavyions/jvelazqu/energycorr/eecAnalysis_ppref_2024-09-10/eecOOHistograms/crab_eecAnalysis_ppref_2024-09-10/260910_041527/0003/eecAnalysis_ppref_2024-09-10_3450.root
hadd Source file 38: /eos/cms/store/group/phys_heavyions/jvelazqu/energycorr/eecAnalysis_ppref_2024-09-10/eecOOHistograms/crab_eecAnalysis_ppref_2024-09-10/260910_041527/0001/eecAnalysis_ppref_2024-09-10_1750.root
hadd Source file 51: /eos/cms/store/group/phys_heavyions/jvelazqu/energycorr/eecAnalysis_ppref_2024-09-10/eecOOHistograms/crab_eecAnalysis_ppref_2024-09-10/260910_041527/0001/eecAnalysis_ppref_2024-09-10_1335.root
hadd Source file 27: /eos/cms/store/group/phys_heavyions/jvelazqu/energycorr/eecAnalysis_ppref_2024-09-10/eecOOHistograms/crab_eecAnalysis_ppref_2024-09-10/260910_041527/0003/eecAnalysis_ppref_2024-09-10_3451.root
hadd Source file 45: /eos/cms/store/group/phys_heavyions/jvelazqu/energycorr/eecAnalysis_ppref_2024-09-10/eecOOHistograms/crab_eecAnalysis_ppref_2024-09-10/260910_041527/0000/eecAnalysis_ppref_2024-09-10_901.root
hadd Source file 51: /eos/cms/store/group/phys_heavyions/jvelazqu/energycorr/eecAnalysis_ppref_2024-09-10/eecOOHistograms/crab_eecAnalysis_ppref_2024-09-10/260910_041527/0003/eecAnalysis_ppref_2024-09-10_3047.root
hadd Source file 47: /eos/cms/store/group/phys_heavyions/jvelazqu/energycorr/eecAnalysis_ppref_2024-09-10/eecOOHistograms/crab_eecAnalysis_ppref_2024-09-10/260910_041527/0003/eecAnalysis_ppref_2024-09-10_3899.root
hadd Source file 37: /eos/cms/store/group/phys_heavyions/jvelazqu/energycorr/eecAnalysis_ppref_2024-09-10/eecOOHistograms/crab_eecAnalysis_ppref_2024-09-10/260910_041527/0002/eecAnalysis_ppref_2024-09-10_2177.root
hadd Source file 52: /eos/cms/store/group/phys_heavyions/jvelazqu/energycorr/eecAnalysis_ppref_2024-09-10/eecOOHistograms/crab_eecAnalysis_ppref_2024-09-10/260910_041527/0001/eecAnalysis_ppref_2024-09-10_1336.root
hadd Source file 39: /eos/cms/store/group/phys_heavyions/jvelazqu/energycorr/eecAnalysis_ppref_2024-09-10/eecOOHistograms/crab_eecAnalysis_ppref_2024-09-10/260910_041527/0001/eecAnalysis_ppref_2024-09-10_1751.root
hadd Source file 46: /eos/cms/store/group/phys_heavyions/jvelazqu/energycorr/eecAnalysis_ppref_2024-09-10/eecOOHistograms/crab_eecAnalysis_ppref_2024-09-10/260910_041527/0000/eecAnalysis_ppref_2024-09-10_902.root
hadd Source file 34: /eos/cms/store/group/phys_heavyions/jvelazqu/energycorr/eecAnalysis_ppref_2024-09-10/eecOOHistograms/crab_eecAnalysis_ppref_2024-09-10/260910_041527/0000/eecAnalysis_ppref_2024-09-10_34.root
hadd Source file 28: /eos/cms/store/group/phys_heavyions/jvelazqu/energycorr/eecAnalysis_ppref_2024-09-10/eecOOHistograms/crab_eecAnalysis_ppref_2024-09-10/260910_041527/0003/eecAnalysis_ppref_2024-09-10_3452.root
hadd Source file 34: /eos/cms/store/group/phys_heavyions/jvelazqu/energycorr/eecAnalysis_ppref_2024-09-10/eecOOHistograms/crab_eecAnalysis_ppref_2024-09-10/260910_041527/0002/eecAnalysis_ppref_2024-09-10_2602.root
hadd Source file 52: /eos/cms/store/group/phys_heavyions/jvelazqu/energycorr/eecAnalysis_ppref_2024-09-10/eecOOHistograms/crab_eecAnalysis_ppref_2024-09-10/260910_041527/0003/eecAnalysis_ppref_2024-09-10_3048.root
hadd Source file 40: /eos/cms/store/group/phys_heavyions/jvelazqu/energycorr/eecAnalysis_ppref_2024-09-10/eecOOHistograms/crab_eecAnalysis_ppref_2024-09-10/260910_041527/0001/eecAnalysis_ppref_2024-09-10_1752.root
hadd Source file 38: /eos/cms/store/group/phys_heavyions/jvelazqu/energycorr/eecAnalysis_ppref_2024-09-10/eecOOHistograms/crab_eecAnalysis_ppref_2024-09-10/260910_041527/0002/eecAnalysis_ppref_2024-09-10_2178.root
hadd Source file 35: /eos/cms/store/group/phys_heavyions/jvelazqu/energycorr/eecAnalysis_ppref_2024-09-10/eecOOHistograms/crab_eecAnalysis_ppref_2024-09-10/260910_041527/0000/eecAnalysis_ppref_2024-09-10_35.root
hadd Source file 53: /eos/cms/store/group/phys_heavyions/jvelazqu/energycorr/eecAnalysis_ppref_2024-09-10/eecOOHistograms/crab_eecAnalysis_ppref_2024-09-10/260910_041527/0001/eecAnalysis_ppref_2024-09-10_1337.root
hadd Source file 47: /eos/cms/store/group/phys_heavyions/jvelazqu/energycorr/eecAnalysis_ppref_2024-09-10/eecOOHistograms/crab_eecAnalysis_ppref_2024-09-10/260910_041527/0000/eecAnalysis_ppref_2024-09-10_903.root
hadd Source file 48: /eos/cms/store/group/phys_heavyions/jvelazqu/energycorr/eecAnalysis_ppref_2024-09-10/eecOOHistograms/crab_eecAnalysis_ppref_2024-09-10/260910_041527/0003/eecAnalysis_ppref_2024-09-10_3900.root
hadd Source file 35: /eos/cms/store/group/phys_heavyions/jvelazqu/energycorr/eecAnalysis_ppref_2024-09-10/eecOOHistograms/crab_eecAnalysis_ppref_2024-09-10/260910_041527/0002/eecAnalysis_ppref_2024-09-10_2603.root
hadd Source file 29: /eos/cms/store/group/phys_heavyions/jvelazqu/energycorr/eecAnalysis_ppref_2024-09-10/eecOOHistograms/crab_eecAnalysis_ppref_2024-09-10/260910_041527/0003/eecAnalysis_ppref_2024-09-10_3453.root
hadd Source file 53: /eos/cms/store/group/phys_heavyions/jvelazqu/energycorr/eecAnalysis_ppref_2024-09-10/eecOOHistograms/crab_eecAnalysis_ppref_2024-09-10/260910_041527/0003/eecAnalysis_ppref_2024-09-10_3049.root
hadd Source file 41: /eos/cms/store/group/phys_heavyions/jvelazqu/energycorr/eecAnalysis_ppref_2024-09-10/eecOOHistograms/crab_eecAnalysis_ppref_2024-09-10/260910_041527/0001/eecAnalysis_ppref_2024-09-10_1753.root
hadd Source file 36: /eos/cms/store/group/phys_heavyions/jvelazqu/energycorr/eecAnalysis_ppref_2024-09-10/eecOOHistograms/crab_eecAnalysis_ppref_2024-09-10/260910_041527/0000/eecAnalysis_ppref_2024-09-10_36.root
hadd Source file 48: /eos/cms/store/group/phys_heavyions/jvelazqu/energycorr/eecAnalysis_ppref_2024-09-10/eecOOHistograms/crab_eecAnalysis_ppref_2024-09-10/260910_041527/0000/eecAnalysis_ppref_2024-09-10_904.root
hadd Source file 49: /eos/cms/store/group/phys_heavyions/jvelazqu/energycorr/eecAnalysis_ppref_2024-09-10/eecOOHistograms/crab_eecAnalysis_ppref_2024-09-10/260910_041527/0003/eecAnalysis_ppref_2024-09-10_3901.root
hadd Source file 39: /eos/cms/store/group/phys_heavyions/jvelazqu/energycorr/eecAnalysis_ppref_2024-09-10/eecOOHistograms/crab_eecAnalysis_ppref_2024-09-10/260910_041527/0002/eecAnalysis_ppref_2024-09-10_2179.root
hadd Source file 30: /eos/cms/store/group/phys_heavyions/jvelazqu/energycorr/eecAnalysis_ppref_2024-09-10/eecOOHistograms/crab_eecAnalysis_ppref_2024-09-10/260910_041527/0003/eecAnalysis_ppref_2024-09-10_3454.root
hadd Source file 54: /eos/cms/store/group/phys_heavyions/jvelazqu/energycorr/eecAnalysis_ppref_2024-09-10/eecOOHistograms/crab_eecAnalysis_ppref_2024-09-10/260910_041527/0003/eecAnalysis_ppref_2024-09-10_3050.root
hadd Source file 44: /eos/cms/store/group/phys_heavyions/jvelazqu/energycorr/eecAnalysis_ppref_2024-09-10/eecOOHistograms/crab_eecAnalysis_ppref_2024-09-10/260910_041527/0000/eecAnalysis_ppref_2024-09-10_472.root
hadd Source file 49: /eos/cms/store/group/phys_heavyions/jvelazqu/energycorr/eecAnalysis_ppref_2024-09-10/eecOOHistograms/crab_eecAnalysis_ppref_2024-09-10/260910_041527/0000/eecAnalysis_ppref_2024-09-10_905.root
hadd Source file 40: /eos/cms/store/group/phys_heavyions/jvelazqu/energycorr/eecAnalysis_ppref_2024-09-10/eecOOHistograms/crab_eecAnalysis_ppref_2024-09-10/260910_041527/0002/eecAnalysis_ppref_2024-09-10_2180.root
hadd Source file 37: /eos/cms/store/group/phys_heavyions/jvelazqu/energycorr/eecAnalysis_ppref_2024-09-10/eecOOHistograms/crab_eecAnalysis_ppref_2024-09-10/260910_041527/0000/eecAnalysis_ppref_2024-09-10_37.root
hadd Source file 31: /eos/cms/store/group/phys_heavyions/jvelazqu/energycorr/eecAnalysis_ppref_2024-09-10/eecOOHistograms/crab_eecAnalysis_ppref_2024-09-10/260910_041527/0003/eecAnalysis_ppref_2024-09-10_3455.root
hadd Source file 50: /eos/cms/store/group/phys_heavyions/jvelazqu/energycorr/eecAnalysis_ppref_2024-09-10/eecOOHistograms/crab_eecAnalysis_ppref_2024-09-10/260910_041527/0003/eecAnalysis_ppref_2024-09-10_3902.root
hadd Source file 42: /eos/cms/store/group/phys_heavyions/jvelazqu/energycorr/eecAnalysis_ppref_2024-09-10/eecOOHistograms/crab_eecAnalysis_ppref_2024-09-10/260910_041527/0001/eecAnalysis_ppref_2024-09-10_1754.root
hadd Source file 45: /eos/cms/store/group/phys_heavyions/jvelazqu/energycorr/eecAnalysis_ppref_2024-09-10/eecOOHistograms/crab_eecAnalysis_ppref_2024-09-10/260910_041527/0000/eecAnalysis_ppref_2024-09-10_473.root
hadd Source file 50: /eos/cms/store/group/phys_heavyions/jvelazqu/energycorr/eecAnalysis_ppref_2024-09-10/eecOOHistograms/crab_eecAnalysis_ppref_2024-09-10/260910_041527/0000/eecAnalysis_ppref_2024-09-10_906.root
hadd Source file 55: /eos/cms/store/group/phys_heavyions/jvelazqu/energycorr/eecAnalysis_ppref_2024-09-10/eecOOHistograms/crab_eecAnalysis_ppref_2024-09-10/260910_041527/0003/eecAnalysis_ppref_2024-09-10_3051.root
hadd Source file 41: /eos/cms/store/group/phys_heavyions/jvelazqu/energycorr/eecAnalysis_ppref_2024-09-10/eecOOHistograms/crab_eecAnalysis_ppref_2024-09-10/260910_041527/0002/eecAnalysis_ppref_2024-09-10_2181.root
hadd Source file 38: /eos/cms/store/group/phys_heavyions/jvelazqu/energycorr/eecAnalysis_ppref_2024-09-10/eecOOHistograms/crab_eecAnalysis_ppref_2024-09-10/260910_041527/0000/eecAnalysis_ppref_2024-09-10_38.root
hadd Source file 43: /eos/cms/store/group/phys_heavyions/jvelazqu/energycorr/eecAnalysis_ppref_2024-09-10/eecOOHistograms/crab_eecAnalysis_ppref_2024-09-10/260910_041527/0001/eecAnalysis_ppref_2024-09-10_1755.root
hadd Source file 51: /eos/cms/store/group/phys_heavyions/jvelazqu/energycorr/eecAnalysis_ppref_2024-09-10/eecOOHistograms/crab_eecAnalysis_ppref_2024-09-10/260910_041527/0003/eecAnalysis_ppref_2024-09-10_3903.root
hadd Source file 46: /eos/cms/store/group/phys_heavyions/jvelazqu/energycorr/eecAnalysis_ppref_2024-09-10/eecOOHistograms/crab_eecAnalysis_ppref_2024-09-10/260910_041527/0000/eecAnalysis_ppref_2024-09-10_474.root
hadd Source file 56: /eos/cms/store/group/phys_heavyions/jvelazqu/energycorr/eecAnalysis_ppref_2024-09-10/eecOOHistograms/crab_eecAnalysis_ppref_2024-09-10/260910_041527/0003/eecAnalysis_ppref_2024-09-10_3052.root
hadd Source file 51: /eos/cms/store/group/phys_heavyions/jvelazqu/energycorr/eecAnalysis_ppref_2024-09-10/eecOOHistograms/crab_eecAnalysis_ppref_2024-09-10/260910_041527/0000/eecAnalysis_ppref_2024-09-10_907.root
hadd Source file 54: /eos/cms/store/group/phys_heavyions/jvelazqu/energycorr/eecAnalysis_ppref_2024-09-10/eecOOHistograms/crab_eecAnalysis_ppref_2024-09-10/260910_041527/0001/eecAnalysis_ppref_2024-09-10_1338.root
hadd Source file 42: /eos/cms/store/group/phys_heavyions/jvelazqu/energycorr/eecAnalysis_ppref_2024-09-10/eecOOHistograms/crab_eecAnalysis_ppref_2024-09-10/260910_041527/0002/eecAnalysis_ppref_2024-09-10_2182.root
hadd Source file 39: /eos/cms/store/group/phys_heavyions/jvelazqu/energycorr/eecAnalysis_ppref_2024-09-10/eecOOHistograms/crab_eecAnalysis_ppref_2024-09-10/260910_041527/0000/eecAnalysis_ppref_2024-09-10_39.root
hadd Source file 47: /eos/cms/store/group/phys_heavyions/jvelazqu/energycorr/eecAnalysis_ppref_2024-09-10/eecOOHistograms/crab_eecAnalysis_ppref_2024-09-10/260910_041527/0000/eecAnalysis_ppref_2024-09-10_475.root
hadd Source file 57: /eos/cms/store/group/phys_heavyions/jvelazqu/energycorr/eecAnalysis_ppref_2024-09-10/eecOOHistograms/crab_eecAnalysis_ppref_2024-09-10/260910_041527/0003/eecAnalysis_ppref_2024-09-10_3053.root
hadd Source file 52: /eos/cms/store/group/phys_heavyions/jvelazqu/energycorr/eecAnalysis_ppref_2024-09-10/eecOOHistograms/crab_eecAnalysis_ppref_2024-09-10/260910_041527/0000/eecAnalysis_ppref_2024-09-10_908.root
hadd Source file 44: /eos/cms/store/group/phys_heavyions/jvelazqu/energycorr/eecAnalysis_ppref_2024-09-10/eecOOHistograms/crab_eecAnalysis_ppref_2024-09-10/260910_041527/0001/eecAnalysis_ppref_2024-09-10_1756.root
hadd Source file 55: /eos/cms/store/group/phys_heavyions/jvelazqu/energycorr/eecAnalysis_ppref_2024-09-10/eecOOHistograms/crab_eecAnalysis_ppref_2024-09-10/260910_041527/0001/eecAnalysis_ppref_2024-09-10_1339.root
hadd Source file 52: /eos/cms/store/group/phys_heavyions/jvelazqu/energycorr/eecAnalysis_ppref_2024-09-10/eecOOHistograms/crab_eecAnalysis_ppref_2024-09-10/260910_041527/0003/eecAnalysis_ppref_2024-09-10_3904.root
hadd Source file 43: /eos/cms/store/group/phys_heavyions/jvelazqu/energycorr/eecAnalysis_ppref_2024-09-10/eecOOHistograms/crab_eecAnalysis_ppref_2024-09-10/260910_041527/0002/eecAnalysis_ppref_2024-09-10_2183.root
hadd Source file 58: /eos/cms/store/group/phys_heavyions/jvelazqu/energycorr/eecAnalysis_ppref_2024-09-10/eecOOHistograms/crab_eecAnalysis_ppref_2024-09-10/260910_041527/0003/eecAnalysis_ppref_2024-09-10_3054.root
hadd Source file 45: /eos/cms/store/group/phys_heavyions/jvelazqu/energycorr/eecAnalysis_ppref_2024-09-10/eecOOHistograms/crab_eecAnalysis_ppref_2024-09-10/260910_041527/0001/eecAnalysis_ppref_2024-09-10_1757.root
hadd Source file 36: /eos/cms/store/group/phys_heavyions/jvelazqu/energycorr/eecAnalysis_ppref_2024-09-10/eecOOHistograms/crab_eecAnalysis_ppref_2024-09-10/260910_041527/0002/eecAnalysis_ppref_2024-09-10_2604.root
hadd Source file 44: /eos/cms/store/group/phys_heavyions/jvelazqu/energycorr/eecAnalysis_ppref_2024-09-10/eecOOHistograms/crab_eecAnalysis_ppref_2024-09-10/260910_041527/0002/eecAnalysis_ppref_2024-09-10_2184.root
hadd Source file 56: /eos/cms/store/group/phys_heavyions/jvelazqu/energycorr/eecAnalysis_ppref_2024-09-10/eecOOHistograms/crab_eecAnalysis_ppref_2024-09-10/260910_041527/0001/eecAnalysis_ppref_2024-09-10_1340.root
hadd Source file 53: /eos/cms/store/group/phys_heavyions/jvelazqu/energycorr/eecAnalysis_ppref_2024-09-10/eecOOHistograms/crab_eecAnalysis_ppref_2024-09-10/260910_041527/0003/eecAnalysis_ppref_2024-09-10_3905.root
hadd Source file 32: /eos/cms/store/group/phys_heavyions/jvelazqu/energycorr/eecAnalysis_ppref_2024-09-10/eecOOHistograms/crab_eecAnalysis_ppref_2024-09-10/260910_041527/0003/eecAnalysis_ppref_2024-09-10_3456.root
hadd Source file 40: /eos/cms/store/group/phys_heavyions/jvelazqu/energycorr/eecAnalysis_ppref_2024-09-10/eecOOHistograms/crab_eecAnalysis_ppref_2024-09-10/260910_041527/0000/eecAnalysis_ppref_2024-09-10_40.root
hadd Source file 46: /eos/cms/store/group/phys_heavyions/jvelazqu/energycorr/eecAnalysis_ppref_2024-09-10/eecOOHistograms/crab_eecAnalysis_ppref_2024-09-10/260910_041527/0001/eecAnalysis_ppref_2024-09-10_1758.root
hadd Source file 57: /eos/cms/store/group/phys_heavyions/jvelazqu/energycorr/eecAnalysis_ppref_2024-09-10/eecOOHistograms/crab_eecAnalysis_ppref_2024-09-10/260910_041527/0001/eecAnalysis_ppref_2024-09-10_1341.root
hadd Source file 45: /eos/cms/store/group/phys_heavyions/jvelazqu/energycorr/eecAnalysis_ppref_2024-09-10/eecOOHistograms/crab_eecAnalysis_ppref_2024-09-10/260910_041527/0002/eecAnalysis_ppref_2024-09-10_2185.root
hadd Source file 37: /eos/cms/store/group/phys_heavyions/jvelazqu/energycorr/eecAnalysis_ppref_2024-09-10/eecOOHistograms/crab_eecAnalysis_ppref_2024-09-10/260910_041527/0002/eecAnalysis_ppref_2024-09-10_2605.root
hadd Source file 33: /eos/cms/store/group/phys_heavyions/jvelazqu/energycorr/eecAnalysis_ppref_2024-09-10/eecOOHistograms/crab_eecAnalysis_ppref_2024-09-10/260910_041527/0003/eecAnalysis_ppref_2024-09-10_3457.root
hadd Source file 58: /eos/cms/store/group/phys_heavyions/jvelazqu/energycorr/eecAnalysis_ppref_2024-09-10/eecOOHistograms/crab_eecAnalysis_ppref_2024-09-10/260910_041527/0001/eecAnalysis_ppref_2024-09-10_1342.root
hadd Source file 41: /eos/cms/store/group/phys_heavyions/jvelazqu/energycorr/eecAnalysis_ppref_2024-09-10/eecOOHistograms/crab_eecAnalysis_ppref_2024-09-10/260910_041527/0000/eecAnalysis_ppref_2024-09-10_41.root
hadd Source file 48: /eos/cms/store/group/phys_heavyions/jvelazqu/energycorr/eecAnalysis_ppref_2024-09-10/eecOOHistograms/crab_eecAnalysis_ppref_2024-09-10/260910_041527/0000/eecAnalysis_ppref_2024-09-10_476.root
hadd Source file 46: /eos/cms/store/group/phys_heavyions/jvelazqu/energycorr/eecAnalysis_ppref_2024-09-10/eecOOHistograms/crab_eecAnalysis_ppref_2024-09-10/260910_041527/0002/eecAnalysis_ppref_2024-09-10_2186.root
hadd Source file 34: /eos/cms/store/group/phys_heavyions/jvelazqu/energycorr/eecAnalysis_ppref_2024-09-10/eecOOHistograms/crab_eecAnalysis_ppref_2024-09-10/260910_041527/0003/eecAnalysis_ppref_2024-09-10_3458.root
hadd Source file 53: /eos/cms/store/group/phys_heavyions/jvelazqu/energycorr/eecAnalysis_ppref_2024-09-10/eecOOHistograms/crab_eecAnalysis_ppref_2024-09-10/260910_041527/0000/eecAnalysis_ppref_2024-09-10_909.root
hadd Source file 42: /eos/cms/store/group/phys_heavyions/jvelazqu/energycorr/eecAnalysis_ppref_2024-09-10/eecOOHistograms/crab_eecAnalysis_ppref_2024-09-10/260910_041527/0000/eecAnalysis_ppref_2024-09-10_42.root
hadd Source file 35: /eos/cms/store/group/phys_heavyions/jvelazqu/energycorr/eecAnalysis_ppref_2024-09-10/eecOOHistograms/crab_eecAnalysis_ppref_2024-09-10/260910_041527/0003/eecAnalysis_ppref_2024-09-10_3459.root
hadd Source file 54: /eos/cms/store/group/phys_heavyions/jvelazqu/energycorr/eecAnalysis_ppref_2024-09-10/eecOOHistograms/crab_eecAnalysis_ppref_2024-09-10/260910_041527/0000/eecAnalysis_ppref_2024-09-10_910.root
hadd Source file 59: /eos/cms/store/group/phys_heavyions/jvelazqu/energycorr/eecAnalysis_ppref_2024-09-10/eecOOHistograms/crab_eecAnalysis_ppref_2024-09-10/260910_041527/0001/eecAnalysis_ppref_2024-09-10_1343.root
hadd Source file 43: /eos/cms/store/group/phys_heavyions/jvelazqu/energycorr/eecAnalysis_ppref_2024-09-10/eecOOHistograms/crab_eecAnalysis_ppref_2024-09-10/260910_041527/0000/eecAnalysis_ppref_2024-09-10_43.root
hadd Source file 55: /eos/cms/store/group/phys_heavyions/jvelazqu/energycorr/eecAnalysis_ppref_2024-09-10/eecOOHistograms/crab_eecAnalysis_ppref_2024-09-10/260910_041527/0000/eecAnalysis_ppref_2024-09-10_911.root
hadd Source file 60: /eos/cms/store/group/phys_heavyions/jvelazqu/energycorr/eecAnalysis_ppref_2024-09-10/eecOOHistograms/crab_eecAnalysis_ppref_2024-09-10/260910_041527/0001/eecAnalysis_ppref_2024-09-10_1344.root
hadd Source file 59: /eos/cms/store/group/phys_heavyions/jvelazqu/energycorr/eecAnalysis_ppref_2024-09-10/eecOOHistograms/crab_eecAnalysis_ppref_2024-09-10/260910_041527/0003/eecAnalysis_ppref_2024-09-10_3055.root
hadd Source file 36: /eos/cms/store/group/phys_heavyions/jvelazqu/energycorr/eecAnalysis_ppref_2024-09-10/eecOOHistograms/crab_eecAnalysis_ppref_2024-09-10/260910_041527/0003/eecAnalysis_ppref_2024-09-10_3460.root
hadd Source file 47: /eos/cms/store/group/phys_heavyions/jvelazqu/energycorr/eecAnalysis_ppref_2024-09-10/eecOOHistograms/crab_eecAnalysis_ppref_2024-09-10/260910_041527/0001/eecAnalysis_ppref_2024-09-10_1759.root
hadd Source file 56: /eos/cms/store/group/phys_heavyions/jvelazqu/energycorr/eecAnalysis_ppref_2024-09-10/eecOOHistograms/crab_eecAnalysis_ppref_2024-09-10/260910_041527/0000/eecAnalysis_ppref_2024-09-10_912.root
hadd Source file 61: /eos/cms/store/group/phys_heavyions/jvelazqu/energycorr/eecAnalysis_ppref_2024-09-10/eecOOHistograms/crab_eecAnalysis_ppref_2024-09-10/260910_041527/0001/eecAnalysis_ppref_2024-09-10_1345.root
hadd Source file 37: /eos/cms/store/group/phys_heavyions/jvelazqu/energycorr/eecAnalysis_ppref_2024-09-10/eecOOHistograms/crab_eecAnalysis_ppref_2024-09-10/260910_041527/0003/eecAnalysis_ppref_2024-09-10_3461.root
hadd Source file 60: /eos/cms/store/group/phys_heavyions/jvelazqu/energycorr/eecAnalysis_ppref_2024-09-10/eecOOHistograms/crab_eecAnalysis_ppref_2024-09-10/260910_041527/0003/eecAnalysis_ppref_2024-09-10_3056.root
hadd Source file 54: /eos/cms/store/group/phys_heavyions/jvelazqu/energycorr/eecAnalysis_ppref_2024-09-10/eecOOHistograms/crab_eecAnalysis_ppref_2024-09-10/260910_041527/0003/eecAnalysis_ppref_2024-09-10_3906.root
hadd Source file 48: /eos/cms/store/group/phys_heavyions/jvelazqu/energycorr/eecAnalysis_ppref_2024-09-10/eecOOHistograms/crab_eecAnalysis_ppref_2024-09-10/260910_041527/0001/eecAnalysis_ppref_2024-09-10_1760.root
hadd Source file 38: /eos/cms/store/group/phys_heavyions/jvelazqu/energycorr/eecAnalysis_ppref_2024-09-10/eecOOHistograms/crab_eecAnalysis_ppref_2024-09-10/260910_041527/0002/eecAnalysis_ppref_2024-09-10_2606.root
hadd Source file 57: /eos/cms/store/group/phys_heavyions/jvelazqu/energycorr/eecAnalysis_ppref_2024-09-10/eecOOHistograms/crab_eecAnalysis_ppref_2024-09-10/260910_041527/0000/eecAnalysis_ppref_2024-09-10_913.root
hadd Source file 62: /eos/cms/store/group/phys_heavyions/jvelazqu/energycorr/eecAnalysis_ppref_2024-09-10/eecOOHistograms/crab_eecAnalysis_ppref_2024-09-10/260910_041527/0001/eecAnalysis_ppref_2024-09-10_1346.root
hadd Source file 47: /eos/cms/store/group/phys_heavyions/jvelazqu/energycorr/eecAnalysis_ppref_2024-09-10/eecOOHistograms/crab_eecAnalysis_ppref_2024-09-10/260910_041527/0002/eecAnalysis_ppref_2024-09-10_2187.root
hadd Source file 61: /eos/cms/store/group/phys_heavyions/jvelazqu/energycorr/eecAnalysis_ppref_2024-09-10/eecOOHistograms/crab_eecAnalysis_ppref_2024-09-10/260910_041527/0003/eecAnalysis_ppref_2024-09-10_3057.root
hadd Source file 38: /eos/cms/store/group/phys_heavyions/jvelazqu/energycorr/eecAnalysis_ppref_2024-09-10/eecOOHistograms/crab_eecAnalysis_ppref_2024-09-10/260910_041527/0003/eecAnalysis_ppref_2024-09-10_3462.root
hadd Source file 55: /eos/cms/store/group/phys_heavyions/jvelazqu/energycorr/eecAnalysis_ppref_2024-09-10/eecOOHistograms/crab_eecAnalysis_ppref_2024-09-10/260910_041527/0003/eecAnalysis_ppref_2024-09-10_3907.root
hadd Source file 49: /eos/cms/store/group/phys_heavyions/jvelazqu/energycorr/eecAnalysis_ppref_2024-09-10/eecOOHistograms/crab_eecAnalysis_ppref_2024-09-10/260910_041527/0000/eecAnalysis_ppref_2024-09-10_477.root
hadd Source file 49: /eos/cms/store/group/phys_heavyions/jvelazqu/energycorr/eecAnalysis_ppref_2024-09-10/eecOOHistograms/crab_eecAnalysis_ppref_2024-09-10/260910_041527/0001/eecAnalysis_ppref_2024-09-10_1761.root
hadd Source file 63: /eos/cms/store/group/phys_heavyions/jvelazqu/energycorr/eecAnalysis_ppref_2024-09-10/eecOOHistograms/crab_eecAnalysis_ppref_2024-09-10/260910_041527/0001/eecAnalysis_ppref_2024-09-10_1347.root
hadd Source file 39: /eos/cms/store/group/phys_heavyions/jvelazqu/energycorr/eecAnalysis_ppref_2024-09-10/eecOOHistograms/crab_eecAnalysis_ppref_2024-09-10/260910_041527/0002/eecAnalysis_ppref_2024-09-10_2607.root
hadd Source file 48: /eos/cms/store/group/phys_heavyions/jvelazqu/energycorr/eecAnalysis_ppref_2024-09-10/eecOOHistograms/crab_eecAnalysis_ppref_2024-09-10/260910_041527/0002/eecAnalysis_ppref_2024-09-10_2188.root
hadd Source file 44: /eos/cms/store/group/phys_heavyions/jvelazqu/energycorr/eecAnalysis_ppref_2024-09-10/eecOOHistograms/crab_eecAnalysis_ppref_2024-09-10/260910_041527/0000/eecAnalysis_ppref_2024-09-10_44.root
hadd Source file 62: /eos/cms/store/group/phys_heavyions/jvelazqu/energycorr/eecAnalysis_ppref_2024-09-10/eecOOHistograms/crab_eecAnalysis_ppref_2024-09-10/260910_041527/0003/eecAnalysis_ppref_2024-09-10_3058.root
hadd Source file 50: /eos/cms/store/group/phys_heavyions/jvelazqu/energycorr/eecAnalysis_ppref_2024-09-10/eecOOHistograms/crab_eecAnalysis_ppref_2024-09-10/260910_041527/0000/eecAnalysis_ppref_2024-09-10_478.root
hadd Source file 39: /eos/cms/store/group/phys_heavyions/jvelazqu/energycorr/eecAnalysis_ppref_2024-09-10/eecOOHistograms/crab_eecAnalysis_ppref_2024-09-10/260910_041527/0003/eecAnalysis_ppref_2024-09-10_3463.root
hadd Source file 56: /eos/cms/store/group/phys_heavyions/jvelazqu/energycorr/eecAnalysis_ppref_2024-09-10/eecOOHistograms/crab_eecAnalysis_ppref_2024-09-10/260910_041527/0003/eecAnalysis_ppref_2024-09-10_3908.root
hadd Source file 50: /eos/cms/store/group/phys_heavyions/jvelazqu/energycorr/eecAnalysis_ppref_2024-09-10/eecOOHistograms/crab_eecAnalysis_ppref_2024-09-10/260910_041527/0001/eecAnalysis_ppref_2024-09-10_1762.root
hadd Source file 40: /eos/cms/store/group/phys_heavyions/jvelazqu/energycorr/eecAnalysis_ppref_2024-09-10/eecOOHistograms/crab_eecAnalysis_ppref_2024-09-10/260910_041527/0002/eecAnalysis_ppref_2024-09-10_2608.root
hadd Source file 49: /eos/cms/store/group/phys_heavyions/jvelazqu/energycorr/eecAnalysis_ppref_2024-09-10/eecOOHistograms/crab_eecAnalysis_ppref_2024-09-10/260910_041527/0002/eecAnalysis_ppref_2024-09-10_2189.root
hadd Source file 64: /eos/cms/store/group/phys_heavyions/jvelazqu/energycorr/eecAnalysis_ppref_2024-09-10/eecOOHistograms/crab_eecAnalysis_ppref_2024-09-10/260910_041527/0001/eecAnalysis_ppref_2024-09-10_1348.root
hadd Source file 40: /eos/cms/store/group/phys_heavyions/jvelazqu/energycorr/eecAnalysis_ppref_2024-09-10/eecOOHistograms/crab_eecAnalysis_ppref_2024-09-10/260910_041527/0003/eecAnalysis_ppref_2024-09-10_3464.root
hadd Source file 51: /eos/cms/store/group/phys_heavyions/jvelazqu/energycorr/eecAnalysis_ppref_2024-09-10/eecOOHistograms/crab_eecAnalysis_ppref_2024-09-10/260910_041527/0000/eecAnalysis_ppref_2024-09-10_479.root
hadd Source file 63: /eos/cms/store/group/phys_heavyions/jvelazqu/energycorr/eecAnalysis_ppref_2024-09-10/eecOOHistograms/crab_eecAnalysis_ppref_2024-09-10/260910_041527/0003/eecAnalysis_ppref_2024-09-10_3059.root
hadd Source file 45: /eos/cms/store/group/phys_heavyions/jvelazqu/energycorr/eecAnalysis_ppref_2024-09-10/eecOOHistograms/crab_eecAnalysis_ppref_2024-09-10/260910_041527/0000/eecAnalysis_ppref_2024-09-10_45.root
hadd Source file 51: /eos/cms/store/group/phys_heavyions/jvelazqu/energycorr/eecAnalysis_ppref_2024-09-10/eecOOHistograms/crab_eecAnalysis_ppref_2024-09-10/260910_041527/0001/eecAnalysis_ppref_2024-09-10_1763.root
hadd Source file 50: /eos/cms/store/group/phys_heavyions/jvelazqu/energycorr/eecAnalysis_ppref_2024-09-10/eecOOHistograms/crab_eecAnalysis_ppref_2024-09-10/260910_041527/0002/eecAnalysis_ppref_2024-09-10_2190.root
hadd Source file 52: /eos/cms/store/group/phys_heavyions/jvelazqu/energycorr/eecAnalysis_ppref_2024-09-10/eecOOHistograms/crab_eecAnalysis_ppref_2024-09-10/260910_041527/0000/eecAnalysis_ppref_2024-09-10_480.root
hadd Source file 64: /eos/cms/store/group/phys_heavyions/jvelazqu/energycorr/eecAnalysis_ppref_2024-09-10/eecOOHistograms/crab_eecAnalysis_ppref_2024-09-10/260910_041527/0003/eecAnalysis_ppref_2024-09-10_3060.root
hadd Source file 65: /eos/cms/store/group/phys_heavyions/jvelazqu/energycorr/eecAnalysis_ppref_2024-09-10/eecOOHistograms/crab_eecAnalysis_ppref_2024-09-10/260910_041527/0001/eecAnalysis_ppref_2024-09-10_1349.root
hadd Source file 46: /eos/cms/store/group/phys_heavyions/jvelazqu/energycorr/eecAnalysis_ppref_2024-09-10/eecOOHistograms/crab_eecAnalysis_ppref_2024-09-10/260910_041527/0000/eecAnalysis_ppref_2024-09-10_46.root
hadd Source file 41: /eos/cms/store/group/phys_heavyions/jvelazqu/energycorr/eecAnalysis_ppref_2024-09-10/eecOOHistograms/crab_eecAnalysis_ppref_2024-09-10/260910_041527/0003/eecAnalysis_ppref_2024-09-10_3465.root
hadd Source file 58: /eos/cms/store/group/phys_heavyions/jvelazqu/energycorr/eecAnalysis_ppref_2024-09-10/eecOOHistograms/crab_eecAnalysis_ppref_2024-09-10/260910_041527/0000/eecAnalysis_ppref_2024-09-10_914.root
hadd Source file 51: /eos/cms/store/group/phys_heavyions/jvelazqu/energycorr/eecAnalysis_ppref_2024-09-10/eecOOHistograms/crab_eecAnalysis_ppref_2024-09-10/260910_041527/0002/eecAnalysis_ppref_2024-09-10_2191.root
hadd Source file 53: /eos/cms/store/group/phys_heavyions/jvelazqu/energycorr/eecAnalysis_ppref_2024-09-10/eecOOHistograms/crab_eecAnalysis_ppref_2024-09-10/260910_041527/0000/eecAnalysis_ppref_2024-09-10_481.root
hadd Source file 47: /eos/cms/store/group/phys_heavyions/jvelazqu/energycorr/eecAnalysis_ppref_2024-09-10/eecOOHistograms/crab_eecAnalysis_ppref_2024-09-10/260910_041527/0000/eecAnalysis_ppref_2024-09-10_47.root
hadd Source file 42: /eos/cms/store/group/phys_heavyions/jvelazqu/energycorr/eecAnalysis_ppref_2024-09-10/eecOOHistograms/crab_eecAnalysis_ppref_2024-09-10/260910_041527/0003/eecAnalysis_ppref_2024-09-10_3466.root
hadd Source file 52: /eos/cms/store/group/phys_heavyions/jvelazqu/energycorr/eecAnalysis_ppref_2024-09-10/eecOOHistograms/crab_eecAnalysis_ppref_2024-09-10/260910_041527/0002/eecAnalysis_ppref_2024-09-10_2192.root
hadd Source file 52: /eos/cms/store/group/phys_heavyions/jvelazqu/energycorr/eecAnalysis_ppref_2024-09-10/eecOOHistograms/crab_eecAnalysis_ppref_2024-09-10/260910_041527/0001/eecAnalysis_ppref_2024-09-10_1764.root
hadd Source file 59: /eos/cms/store/group/phys_heavyions/jvelazqu/energycorr/eecAnalysis_ppref_2024-09-10/eecOOHistograms/crab_eecAnalysis_ppref_2024-09-10/260910_041527/0000/eecAnalysis_ppref_2024-09-10_915.root
hadd Source file 53: /eos/cms/store/group/phys_heavyions/jvelazqu/energycorr/eecAnalysis_ppref_2024-09-10/eecOOHistograms/crab_eecAnalysis_ppref_2024-09-10/260910_041527/0001/eecAnalysis_ppref_2024-09-10_1765.root
hadd Source file 54: /eos/cms/store/group/phys_heavyions/jvelazqu/energycorr/eecAnalysis_ppref_2024-09-10/eecOOHistograms/crab_eecAnalysis_ppref_2024-09-10/260910_041527/0000/eecAnalysis_ppref_2024-09-10_482.root
hadd Source file 43: /eos/cms/store/group/phys_heavyions/jvelazqu/energycorr/eecAnalysis_ppref_2024-09-10/eecOOHistograms/crab_eecAnalysis_ppref_2024-09-10/260910_041527/0003/eecAnalysis_ppref_2024-09-10_3467.root
hadd Source file 60: /eos/cms/store/group/phys_heavyions/jvelazqu/energycorr/eecAnalysis_ppref_2024-09-10/eecOOHistograms/crab_eecAnalysis_ppref_2024-09-10/260910_041527/0000/eecAnalysis_ppref_2024-09-10_916.root
hadd Source file 57: /eos/cms/store/group/phys_heavyions/jvelazqu/energycorr/eecAnalysis_ppref_2024-09-10/eecOOHistograms/crab_eecAnalysis_ppref_2024-09-10/260910_041527/0003/eecAnalysis_ppref_2024-09-10_3909.root
hadd Source file 66: /eos/cms/store/group/phys_heavyions/jvelazqu/energycorr/eecAnalysis_ppref_2024-09-10/eecOOHistograms/crab_eecAnalysis_ppref_2024-09-10/260910_041527/0001/eecAnalysis_ppref_2024-09-10_1350.root
hadd Source file 54: /eos/cms/store/group/phys_heavyions/jvelazqu/energycorr/eecAnalysis_ppref_2024-09-10/eecOOHistograms/crab_eecAnalysis_ppref_2024-09-10/260910_041527/0001/eecAnalysis_ppref_2024-09-10_1766.root
hadd Source file 41: /eos/cms/store/group/phys_heavyions/jvelazqu/energycorr/eecAnalysis_ppref_2024-09-10/eecOOHistograms/crab_eecAnalysis_ppref_2024-09-10/260910_041527/0002/eecAnalysis_ppref_2024-09-10_2609.root
hadd Source file 55: /eos/cms/store/group/phys_heavyions/jvelazqu/energycorr/eecAnalysis_ppref_2024-09-10/eecOOHistograms/crab_eecAnalysis_ppref_2024-09-10/260910_041527/0000/eecAnalysis_ppref_2024-09-10_483.root
hadd Source file 53: /eos/cms/store/group/phys_heavyions/jvelazqu/energycorr/eecAnalysis_ppref_2024-09-10/eecOOHistograms/crab_eecAnalysis_ppref_2024-09-10/260910_041527/0002/eecAnalysis_ppref_2024-09-10_2193.root
hadd Source file 44: /eos/cms/store/group/phys_heavyions/jvelazqu/energycorr/eecAnalysis_ppref_2024-09-10/eecOOHistograms/crab_eecAnalysis_ppref_2024-09-10/260910_041527/0003/eecAnalysis_ppref_2024-09-10_3468.root
hadd Source file 61: /eos/cms/store/group/phys_heavyions/jvelazqu/energycorr/eecAnalysis_ppref_2024-09-10/eecOOHistograms/crab_eecAnalysis_ppref_2024-09-10/260910_041527/0000/eecAnalysis_ppref_2024-09-10_917.root
hadd Source file 58: /eos/cms/store/group/phys_heavyions/jvelazqu/energycorr/eecAnalysis_ppref_2024-09-10/eecOOHistograms/crab_eecAnalysis_ppref_2024-09-10/260910_041527/0003/eecAnalysis_ppref_2024-09-10_3910.root
hadd Source file 65: /eos/cms/store/group/phys_heavyions/jvelazqu/energycorr/eecAnalysis_ppref_2024-09-10/eecOOHistograms/crab_eecAnalysis_ppref_2024-09-10/260910_041527/0003/eecAnalysis_ppref_2024-09-10_3061.root
hadd Source file 55: /eos/cms/store/group/phys_heavyions/jvelazqu/energycorr/eecAnalysis_ppref_2024-09-10/eecOOHistograms/crab_eecAnalysis_ppref_2024-09-10/260910_041527/0001/eecAnalysis_ppref_2024-09-10_1767.root
hadd Source file 67: /eos/cms/store/group/phys_heavyions/jvelazqu/energycorr/eecAnalysis_ppref_2024-09-10/eecOOHistograms/crab_eecAnalysis_ppref_2024-09-10/260910_041527/0001/eecAnalysis_ppref_2024-09-10_1351.root
hadd Source file 56: /eos/cms/store/group/phys_heavyions/jvelazqu/energycorr/eecAnalysis_ppref_2024-09-10/eecOOHistograms/crab_eecAnalysis_ppref_2024-09-10/260910_041527/0000/eecAnalysis_ppref_2024-09-10_484.root
hadd Source file 42: /eos/cms/store/group/phys_heavyions/jvelazqu/energycorr/eecAnalysis_ppref_2024-09-10/eecOOHistograms/crab_eecAnalysis_ppref_2024-09-10/260910_041527/0002/eecAnalysis_ppref_2024-09-10_2610.root
hadd Source file 59: /eos/cms/store/group/phys_heavyions/jvelazqu/energycorr/eecAnalysis_ppref_2024-09-10/eecOOHistograms/crab_eecAnalysis_ppref_2024-09-10/260910_041527/0003/eecAnalysis_ppref_2024-09-10_3911.root
hadd Source file 62: /eos/cms/store/group/phys_heavyions/jvelazqu/energycorr/eecAnalysis_ppref_2024-09-10/eecOOHistograms/crab_eecAnalysis_ppref_2024-09-10/260910_041527/0000/eecAnalysis_ppref_2024-09-10_918.root
hadd Source file 66: /eos/cms/store/group/phys_heavyions/jvelazqu/energycorr/eecAnalysis_ppref_2024-09-10/eecOOHistograms/crab_eecAnalysis_ppref_2024-09-10/260910_041527/0003/eecAnalysis_ppref_2024-09-10_3062.root
hadd Source file 68: /eos/cms/store/group/phys_heavyions/jvelazqu/energycorr/eecAnalysis_ppref_2024-09-10/eecOOHistograms/crab_eecAnalysis_ppref_2024-09-10/260910_041527/0001/eecAnalysis_ppref_2024-09-10_1352.root
hadd Source file 56: /eos/cms/store/group/phys_heavyions/jvelazqu/energycorr/eecAnalysis_ppref_2024-09-10/eecOOHistograms/crab_eecAnalysis_ppref_2024-09-10/260910_041527/0001/eecAnalysis_ppref_2024-09-10_1768.root
hadd Source file 54: /eos/cms/store/group/phys_heavyions/jvelazqu/energycorr/eecAnalysis_ppref_2024-09-10/eecOOHistograms/crab_eecAnalysis_ppref_2024-09-10/260910_041527/0002/eecAnalysis_ppref_2024-09-10_2194.root
hadd Source file 57: /eos/cms/store/group/phys_heavyions/jvelazqu/energycorr/eecAnalysis_ppref_2024-09-10/eecOOHistograms/crab_eecAnalysis_ppref_2024-09-10/260910_041527/0000/eecAnalysis_ppref_2024-09-10_485.root
hadd Source file 48: /eos/cms/store/group/phys_heavyions/jvelazqu/energycorr/eecAnalysis_ppref_2024-09-10/eecOOHistograms/crab_eecAnalysis_ppref_2024-09-10/260910_041527/0000/eecAnalysis_ppref_2024-09-10_48.root
hadd Source file 43: /eos/cms/store/group/phys_heavyions/jvelazqu/energycorr/eecAnalysis_ppref_2024-09-10/eecOOHistograms/crab_eecAnalysis_ppref_2024-09-10/260910_041527/0002/eecAnalysis_ppref_2024-09-10_2611.root
hadd Source file 67: /eos/cms/store/group/phys_heavyions/jvelazqu/energycorr/eecAnalysis_ppref_2024-09-10/eecOOHistograms/crab_eecAnalysis_ppref_2024-09-10/260910_041527/0003/eecAnalysis_ppref_2024-09-10_3063.root
hadd Source file 57: /eos/cms/store/group/phys_heavyions/jvelazqu/energycorr/eecAnalysis_ppref_2024-09-10/eecOOHistograms/crab_eecAnalysis_ppref_2024-09-10/260910_041527/0001/eecAnalysis_ppref_2024-09-10_1769.root
hadd Source file 63: /eos/cms/store/group/phys_heavyions/jvelazqu/energycorr/eecAnalysis_ppref_2024-09-10/eecOOHistograms/crab_eecAnalysis_ppref_2024-09-10/260910_041527/0000/eecAnalysis_ppref_2024-09-10_919.root
hadd Source file 55: /eos/cms/store/group/phys_heavyions/jvelazqu/energycorr/eecAnalysis_ppref_2024-09-10/eecOOHistograms/crab_eecAnalysis_ppref_2024-09-10/260910_041527/0002/eecAnalysis_ppref_2024-09-10_2195.root
hadd Source file 60: /eos/cms/store/group/phys_heavyions/jvelazqu/energycorr/eecAnalysis_ppref_2024-09-10/eecOOHistograms/crab_eecAnalysis_ppref_2024-09-10/260910_041527/0003/eecAnalysis_ppref_2024-09-10_3912.root
hadd Source file 58: /eos/cms/store/group/phys_heavyions/jvelazqu/energycorr/eecAnalysis_ppref_2024-09-10/eecOOHistograms/crab_eecAnalysis_ppref_2024-09-10/260910_041527/0000/eecAnalysis_ppref_2024-09-10_486.root
hadd Source file 68: /eos/cms/store/group/phys_heavyions/jvelazqu/energycorr/eecAnalysis_ppref_2024-09-10/eecOOHistograms/crab_eecAnalysis_ppref_2024-09-10/260910_041527/0003/eecAnalysis_ppref_2024-09-10_3064.root
hadd Source file 44: /eos/cms/store/group/phys_heavyions/jvelazqu/energycorr/eecAnalysis_ppref_2024-09-10/eecOOHistograms/crab_eecAnalysis_ppref_2024-09-10/260910_041527/0002/eecAnalysis_ppref_2024-09-10_2612.root
hadd Source file 58: /eos/cms/store/group/phys_heavyions/jvelazqu/energycorr/eecAnalysis_ppref_2024-09-10/eecOOHistograms/crab_eecAnalysis_ppref_2024-09-10/260910_041527/0001/eecAnalysis_ppref_2024-09-10_1770.root
hadd Source file 64: /eos/cms/store/group/phys_heavyions/jvelazqu/energycorr/eecAnalysis_ppref_2024-09-10/eecOOHistograms/crab_eecAnalysis_ppref_2024-09-10/260910_041527/0000/eecAnalysis_ppref_2024-09-10_920.root
hadd Source file 61: /eos/cms/store/group/phys_heavyions/jvelazqu/energycorr/eecAnalysis_ppref_2024-09-10/eecOOHistograms/crab_eecAnalysis_ppref_2024-09-10/260910_041527/0003/eecAnalysis_ppref_2024-09-10_3913.root
hadd Source file 69: /eos/cms/store/group/phys_heavyions/jvelazqu/energycorr/eecAnalysis_ppref_2024-09-10/eecOOHistograms/crab_eecAnalysis_ppref_2024-09-10/260910_041527/0003/eecAnalysis_ppref_2024-09-10_3065.root
hadd Source file 59: /eos/cms/store/group/phys_heavyions/jvelazqu/energycorr/eecAnalysis_ppref_2024-09-10/eecOOHistograms/crab_eecAnalysis_ppref_2024-09-10/260910_041527/0000/eecAnalysis_ppref_2024-09-10_487.root
hadd Source file 56: /eos/cms/store/group/phys_heavyions/jvelazqu/energycorr/eecAnalysis_ppref_2024-09-10/eecOOHistograms/crab_eecAnalysis_ppref_2024-09-10/260910_041527/0002/eecAnalysis_ppref_2024-09-10_2196.root
hadd Source file 62: /eos/cms/store/group/phys_heavyions/jvelazqu/energycorr/eecAnalysis_ppref_2024-09-10/eecOOHistograms/crab_eecAnalysis_ppref_2024-09-10/260910_041527/0003/eecAnalysis_ppref_2024-09-10_3914.root
hadd Source file 45: /eos/cms/store/group/phys_heavyions/jvelazqu/energycorr/eecAnalysis_ppref_2024-09-10/eecOOHistograms/crab_eecAnalysis_ppref_2024-09-10/260910_041527/0003/eecAnalysis_ppref_2024-09-10_3469.root
hadd Source file 59: /eos/cms/store/group/phys_heavyions/jvelazqu/energycorr/eecAnalysis_ppref_2024-09-10/eecOOHistograms/crab_eecAnalysis_ppref_2024-09-10/260910_041527/0001/eecAnalysis_ppref_2024-09-10_1771.root
hadd Source file 65: /eos/cms/store/group/phys_heavyions/jvelazqu/energycorr/eecAnalysis_ppref_2024-09-10/eecOOHistograms/crab_eecAnalysis_ppref_2024-09-10/260910_041527/0000/eecAnalysis_ppref_2024-09-10_921.root
hadd Source file 60: /eos/cms/store/group/phys_heavyions/jvelazqu/energycorr/eecAnalysis_ppref_2024-09-10/eecOOHistograms/crab_eecAnalysis_ppref_2024-09-10/260910_041527/0000/eecAnalysis_ppref_2024-09-10_488.root
hadd Source file 46: /eos/cms/store/group/phys_heavyions/jvelazqu/energycorr/eecAnalysis_ppref_2024-09-10/eecOOHistograms/crab_eecAnalysis_ppref_2024-09-10/260910_041527/0003/eecAnalysis_ppref_2024-09-10_3470.root
hadd Source file 57: /eos/cms/store/group/phys_heavyions/jvelazqu/energycorr/eecAnalysis_ppref_2024-09-10/eecOOHistograms/crab_eecAnalysis_ppref_2024-09-10/260910_041527/0002/eecAnalysis_ppref_2024-09-10_2197.root
hadd Source file 60: /eos/cms/store/group/phys_heavyions/jvelazqu/energycorr/eecAnalysis_ppref_2024-09-10/eecOOHistograms/crab_eecAnalysis_ppref_2024-09-10/260910_041527/0001/eecAnalysis_ppref_2024-09-10_1772.root
hadd Source file 49: /eos/cms/store/group/phys_heavyions/jvelazqu/energycorr/eecAnalysis_ppref_2024-09-10/eecOOHistograms/crab_eecAnalysis_ppref_2024-09-10/260910_041527/0000/eecAnalysis_ppref_2024-09-10_49.root
hadd Source file 63: /eos/cms/store/group/phys_heavyions/jvelazqu/energycorr/eecAnalysis_ppref_2024-09-10/eecOOHistograms/crab_eecAnalysis_ppref_2024-09-10/260910_041527/0003/eecAnalysis_ppref_2024-09-10_3915.root
hadd Source file 66: /eos/cms/store/group/phys_heavyions/jvelazqu/energycorr/eecAnalysis_ppref_2024-09-10/eecOOHistograms/crab_eecAnalysis_ppref_2024-09-10/260910_041527/0000/eecAnalysis_ppref_2024-09-10_922.root
hadd Source file 58: /eos/cms/store/group/phys_heavyions/jvelazqu/energycorr/eecAnalysis_ppref_2024-09-10/eecOOHistograms/crab_eecAnalysis_ppref_2024-09-10/260910_041527/0002/eecAnalysis_ppref_2024-09-10_2198.root
hadd Source file 50: /eos/cms/store/group/phys_heavyions/jvelazqu/energycorr/eecAnalysis_ppref_2024-09-10/eecOOHistograms/crab_eecAnalysis_ppref_2024-09-10/260910_041527/0000/eecAnalysis_ppref_2024-09-10_50.root
hadd Source file 64: /eos/cms/store/group/phys_heavyions/jvelazqu/energycorr/eecAnalysis_ppref_2024-09-10/eecOOHistograms/crab_eecAnalysis_ppref_2024-09-10/260910_041527/0003/eecAnalysis_ppref_2024-09-10_3916.root
hadd Source file 47: /eos/cms/store/group/phys_heavyions/jvelazqu/energycorr/eecAnalysis_ppref_2024-09-10/eecOOHistograms/crab_eecAnalysis_ppref_2024-09-10/260910_041527/0003/eecAnalysis_ppref_2024-09-10_3471.root
hadd Source file 61: /eos/cms/store/group/phys_heavyions/jvelazqu/energycorr/eecAnalysis_ppref_2024-09-10/eecOOHistograms/crab_eecAnalysis_ppref_2024-09-10/260910_041527/0001/eecAnalysis_ppref_2024-09-10_1773.root
hadd Source file 67: /eos/cms/store/group/phys_heavyions/jvelazqu/energycorr/eecAnalysis_ppref_2024-09-10/eecOOHistograms/crab_eecAnalysis_ppref_2024-09-10/260910_041527/0000/eecAnalysis_ppref_2024-09-10_923.root
hadd Source file 70: /eos/cms/store/group/phys_heavyions/jvelazqu/energycorr/eecAnalysis_ppref_2024-09-10/eecOOHistograms/crab_eecAnalysis_ppref_2024-09-10/260910_041527/0003/eecAnalysis_ppref_2024-09-10_3066.root
hadd Source file 59: /eos/cms/store/group/phys_heavyions/jvelazqu/energycorr/eecAnalysis_ppref_2024-09-10/eecOOHistograms/crab_eecAnalysis_ppref_2024-09-10/260910_041527/0002/eecAnalysis_ppref_2024-09-10_2199.root
hadd Source file 45: /eos/cms/store/group/phys_heavyions/jvelazqu/energycorr/eecAnalysis_ppref_2024-09-10/eecOOHistograms/crab_eecAnalysis_ppref_2024-09-10/260910_041527/0002/eecAnalysis_ppref_2024-09-10_2613.root
hadd Source file 61: /eos/cms/store/group/phys_heavyions/jvelazqu/energycorr/eecAnalysis_ppref_2024-09-10/eecOOHistograms/crab_eecAnalysis_ppref_2024-09-10/260910_041527/0000/eecAnalysis_ppref_2024-09-10_489.root
hadd Source file 51: /eos/cms/store/group/phys_heavyions/jvelazqu/energycorr/eecAnalysis_ppref_2024-09-10/eecOOHistograms/crab_eecAnalysis_ppref_2024-09-10/260910_041527/0000/eecAnalysis_ppref_2024-09-10_51.root
hadd Source file 62: /eos/cms/store/group/phys_heavyions/jvelazqu/energycorr/eecAnalysis_ppref_2024-09-10/eecOOHistograms/crab_eecAnalysis_ppref_2024-09-10/260910_041527/0001/eecAnalysis_ppref_2024-09-10_1774.root
hadd Source file 71: /eos/cms/store/group/phys_heavyions/jvelazqu/energycorr/eecAnalysis_ppref_2024-09-10/eecOOHistograms/crab_eecAnalysis_ppref_2024-09-10/260910_041527/0003/eecAnalysis_ppref_2024-09-10_3067.root
hadd Source file 65: /eos/cms/store/group/phys_heavyions/jvelazqu/energycorr/eecAnalysis_ppref_2024-09-10/eecOOHistograms/crab_eecAnalysis_ppref_2024-09-10/260910_041527/0003/eecAnalysis_ppref_2024-09-10_3917.root
hadd Source file 60: /eos/cms/store/group/phys_heavyions/jvelazqu/energycorr/eecAnalysis_ppref_2024-09-10/eecOOHistograms/crab_eecAnalysis_ppref_2024-09-10/260910_041527/0002/eecAnalysis_ppref_2024-09-10_2200.root
hadd Source file 62: /eos/cms/store/group/phys_heavyions/jvelazqu/energycorr/eecAnalysis_ppref_2024-09-10/eecOOHistograms/crab_eecAnalysis_ppref_2024-09-10/260910_041527/0000/eecAnalysis_ppref_2024-09-10_490.root
hadd Source file 63: /eos/cms/store/group/phys_heavyions/jvelazqu/energycorr/eecAnalysis_ppref_2024-09-10/eecOOHistograms/crab_eecAnalysis_ppref_2024-09-10/260910_041527/0001/eecAnalysis_ppref_2024-09-10_1775.root
hadd Source file 52: /eos/cms/store/group/phys_heavyions/jvelazqu/energycorr/eecAnalysis_ppref_2024-09-10/eecOOHistograms/crab_eecAnalysis_ppref_2024-09-10/260910_041527/0000/eecAnalysis_ppref_2024-09-10_52.root
hadd Source file 66: /eos/cms/store/group/phys_heavyions/jvelazqu/energycorr/eecAnalysis_ppref_2024-09-10/eecOOHistograms/crab_eecAnalysis_ppref_2024-09-10/260910_041527/0003/eecAnalysis_ppref_2024-09-10_3918.root
hadd Source file 68: /eos/cms/store/group/phys_heavyions/jvelazqu/energycorr/eecAnalysis_ppref_2024-09-10/eecOOHistograms/crab_eecAnalysis_ppref_2024-09-10/260910_041527/0000/eecAnalysis_ppref_2024-09-10_924.root
hadd Source file 63: /eos/cms/store/group/phys_heavyions/jvelazqu/energycorr/eecAnalysis_ppref_2024-09-10/eecOOHistograms/crab_eecAnalysis_ppref_2024-09-10/260910_041527/0000/eecAnalysis_ppref_2024-09-10_491.root
hadd Source file 69: /eos/cms/store/group/phys_heavyions/jvelazqu/energycorr/eecAnalysis_ppref_2024-09-10/eecOOHistograms/crab_eecAnalysis_ppref_2024-09-10/260910_041527/0001/eecAnalysis_ppref_2024-09-10_1353.root
hadd Source file 72: /eos/cms/store/group/phys_heavyions/jvelazqu/energycorr/eecAnalysis_ppref_2024-09-10/eecOOHistograms/crab_eecAnalysis_ppref_2024-09-10/260910_041527/0003/eecAnalysis_ppref_2024-09-10_3068.root
hadd Source file 61: /eos/cms/store/group/phys_heavyions/jvelazqu/energycorr/eecAnalysis_ppref_2024-09-10/eecOOHistograms/crab_eecAnalysis_ppref_2024-09-10/260910_041527/0002/eecAnalysis_ppref_2024-09-10_2201.root
hadd Source file 53: /eos/cms/store/group/phys_heavyions/jvelazqu/energycorr/eecAnalysis_ppref_2024-09-10/eecOOHistograms/crab_eecAnalysis_ppref_2024-09-10/260910_041527/0000/eecAnalysis_ppref_2024-09-10_53.root
hadd Source file 46: /eos/cms/store/group/phys_heavyions/jvelazqu/energycorr/eecAnalysis_ppref_2024-09-10/eecOOHistograms/crab_eecAnalysis_ppref_2024-09-10/260910_041527/0002/eecAnalysis_ppref_2024-09-10_2614.root
hadd Source file 67: /eos/cms/store/group/phys_heavyions/jvelazqu/energycorr/eecAnalysis_ppref_2024-09-10/eecOOHistograms/crab_eecAnalysis_ppref_2024-09-10/260910_041527/0003/eecAnalysis_ppref_2024-09-10_3919.root
hadd Source file 73: /eos/cms/store/group/phys_heavyions/jvelazqu/energycorr/eecAnalysis_ppref_2024-09-10/eecOOHistograms/crab_eecAnalysis_ppref_2024-09-10/260910_041527/0003/eecAnalysis_ppref_2024-09-10_3069.root
hadd Source file 69: /eos/cms/store/group/phys_heavyions/jvelazqu/energycorr/eecAnalysis_ppref_2024-09-10/eecOOHistograms/crab_eecAnalysis_ppref_2024-09-10/260910_041527/0000/eecAnalysis_ppref_2024-09-10_925.root
hadd Source file 70: /eos/cms/store/group/phys_heavyions/jvelazqu/energycorr/eecAnalysis_ppref_2024-09-10/eecOOHistograms/crab_eecAnalysis_ppref_2024-09-10/260910_041527/0001/eecAnalysis_ppref_2024-09-10_1354.root
hadd Source file 62: /eos/cms/store/group/phys_heavyions/jvelazqu/energycorr/eecAnalysis_ppref_2024-09-10/eecOOHistograms/crab_eecAnalysis_ppref_2024-09-10/260910_041527/0002/eecAnalysis_ppref_2024-09-10_2202.root
hadd Source file 47: /eos/cms/store/group/phys_heavyions/jvelazqu/energycorr/eecAnalysis_ppref_2024-09-10/eecOOHistograms/crab_eecAnalysis_ppref_2024-09-10/260910_041527/0002/eecAnalysis_ppref_2024-09-10_2615.root
hadd Source file 70: /eos/cms/store/group/phys_heavyions/jvelazqu/energycorr/eecAnalysis_ppref_2024-09-10/eecOOHistograms/crab_eecAnalysis_ppref_2024-09-10/260910_041527/0000/eecAnalysis_ppref_2024-09-10_926.root
hadd Source file 68: /eos/cms/store/group/phys_heavyions/jvelazqu/energycorr/eecAnalysis_ppref_2024-09-10/eecOOHistograms/crab_eecAnalysis_ppref_2024-09-10/260910_041527/0003/eecAnalysis_ppref_2024-09-10_3920.root
hadd Source file 54: /eos/cms/store/group/phys_heavyions/jvelazqu/energycorr/eecAnalysis_ppref_2024-09-10/eecOOHistograms/crab_eecAnalysis_ppref_2024-09-10/260910_041527/0000/eecAnalysis_ppref_2024-09-10_54.root
hadd Source file 71: /eos/cms/store/group/phys_heavyions/jvelazqu/energycorr/eecAnalysis_ppref_2024-09-10/eecOOHistograms/crab_eecAnalysis_ppref_2024-09-10/260910_041527/0001/eecAnalysis_ppref_2024-09-10_1355.root
hadd Source file 48: /eos/cms/store/group/phys_heavyions/jvelazqu/energycorr/eecAnalysis_ppref_2024-09-10/eecOOHistograms/crab_eecAnalysis_ppref_2024-09-10/260910_041527/0003/eecAnalysis_ppref_2024-09-10_3472.root
hadd Source file 74: /eos/cms/store/group/phys_heavyions/jvelazqu/energycorr/eecAnalysis_ppref_2024-09-10/eecOOHistograms/crab_eecAnalysis_ppref_2024-09-10/260910_041527/0003/eecAnalysis_ppref_2024-09-10_3070.root
hadd Source file 48: /eos/cms/store/group/phys_heavyions/jvelazqu/energycorr/eecAnalysis_ppref_2024-09-10/eecOOHistograms/crab_eecAnalysis_ppref_2024-09-10/260910_041527/0002/eecAnalysis_ppref_2024-09-10_2616.root
hadd Source file 49: /eos/cms/store/group/phys_heavyions/jvelazqu/energycorr/eecAnalysis_ppref_2024-09-10/eecOOHistograms/crab_eecAnalysis_ppref_2024-09-10/260910_041527/0003/eecAnalysis_ppref_2024-09-10_3473.root
hadd Source file 71: /eos/cms/store/group/phys_heavyions/jvelazqu/energycorr/eecAnalysis_ppref_2024-09-10/eecOOHistograms/crab_eecAnalysis_ppref_2024-09-10/260910_041527/0000/eecAnalysis_ppref_2024-09-10_927.root
hadd Source file 75: /eos/cms/store/group/phys_heavyions/jvelazqu/energycorr/eecAnalysis_ppref_2024-09-10/eecOOHistograms/crab_eecAnalysis_ppref_2024-09-10/260910_041527/0003/eecAnalysis_ppref_2024-09-10_3071.root
hadd Source file 69: /eos/cms/store/group/phys_heavyions/jvelazqu/energycorr/eecAnalysis_ppref_2024-09-10/eecOOHistograms/crab_eecAnalysis_ppref_2024-09-10/260910_041527/0003/eecAnalysis_ppref_2024-09-10_3921.root
hadd Source file 72: /eos/cms/store/group/phys_heavyions/jvelazqu/energycorr/eecAnalysis_ppref_2024-09-10/eecOOHistograms/crab_eecAnalysis_ppref_2024-09-10/260910_041527/0001/eecAnalysis_ppref_2024-09-10_1356.root
hadd Source file 49: /eos/cms/store/group/phys_heavyions/jvelazqu/energycorr/eecAnalysis_ppref_2024-09-10/eecOOHistograms/crab_eecAnalysis_ppref_2024-09-10/260910_041527/0002/eecAnalysis_ppref_2024-09-10_2617.root
hadd Source file 50: /eos/cms/store/group/phys_heavyions/jvelazqu/energycorr/eecAnalysis_ppref_2024-09-10/eecOOHistograms/crab_eecAnalysis_ppref_2024-09-10/260910_041527/0003/eecAnalysis_ppref_2024-09-10_3474.root
hadd Source file 76: /eos/cms/store/group/phys_heavyions/jvelazqu/energycorr/eecAnalysis_ppref_2024-09-10/eecOOHistograms/crab_eecAnalysis_ppref_2024-09-10/260910_041527/0003/eecAnalysis_ppref_2024-09-10_3072.root
hadd Source file 64: /eos/cms/store/group/phys_heavyions/jvelazqu/energycorr/eecAnalysis_ppref_2024-09-10/eecOOHistograms/crab_eecAnalysis_ppref_2024-09-10/260910_041527/0000/eecAnalysis_ppref_2024-09-10_492.root
hadd Source file 72: /eos/cms/store/group/phys_heavyions/jvelazqu/energycorr/eecAnalysis_ppref_2024-09-10/eecOOHistograms/crab_eecAnalysis_ppref_2024-09-10/260910_041527/0000/eecAnalysis_ppref_2024-09-10_928.root
hadd Source file 50: /eos/cms/store/group/phys_heavyions/jvelazqu/energycorr/eecAnalysis_ppref_2024-09-10/eecOOHistograms/crab_eecAnalysis_ppref_2024-09-10/260910_041527/0002/eecAnalysis_ppref_2024-09-10_2618.root
hadd Source file 73: /eos/cms/store/group/phys_heavyions/jvelazqu/energycorr/eecAnalysis_ppref_2024-09-10/eecOOHistograms/crab_eecAnalysis_ppref_2024-09-10/260910_041527/0001/eecAnalysis_ppref_2024-09-10_1357.root
hadd Source file 64: /eos/cms/store/group/phys_heavyions/jvelazqu/energycorr/eecAnalysis_ppref_2024-09-10/eecOOHistograms/crab_eecAnalysis_ppref_2024-09-10/260910_041527/0001/eecAnalysis_ppref_2024-09-10_1776.root
hadd Source file 70: /eos/cms/store/group/phys_heavyions/jvelazqu/energycorr/eecAnalysis_ppref_2024-09-10/eecOOHistograms/crab_eecAnalysis_ppref_2024-09-10/260910_041527/0003/eecAnalysis_ppref_2024-09-10_3922.root
hadd Source file 51: /eos/cms/store/group/phys_heavyions/jvelazqu/energycorr/eecAnalysis_ppref_2024-09-10/eecOOHistograms/crab_eecAnalysis_ppref_2024-09-10/260910_041527/0003/eecAnalysis_ppref_2024-09-10_3475.root
hadd Source file 77: /eos/cms/store/group/phys_heavyions/jvelazqu/energycorr/eecAnalysis_ppref_2024-09-10/eecOOHistograms/crab_eecAnalysis_ppref_2024-09-10/260910_041527/0003/eecAnalysis_ppref_2024-09-10_3073.root
hadd Source file 65: /eos/cms/store/group/phys_heavyions/jvelazqu/energycorr/eecAnalysis_ppref_2024-09-10/eecOOHistograms/crab_eecAnalysis_ppref_2024-09-10/260910_041527/0000/eecAnalysis_ppref_2024-09-10_493.root
hadd Source file 73: /eos/cms/store/group/phys_heavyions/jvelazqu/energycorr/eecAnalysis_ppref_2024-09-10/eecOOHistograms/crab_eecAnalysis_ppref_2024-09-10/260910_041527/0000/eecAnalysis_ppref_2024-09-10_929.root
hadd Source file 52: /eos/cms/store/group/phys_heavyions/jvelazqu/energycorr/eecAnalysis_ppref_2024-09-10/eecOOHistograms/crab_eecAnalysis_ppref_2024-09-10/260910_041527/0003/eecAnalysis_ppref_2024-09-10_3476.root
hadd Source file 65: /eos/cms/store/group/phys_heavyions/jvelazqu/energycorr/eecAnalysis_ppref_2024-09-10/eecOOHistograms/crab_eecAnalysis_ppref_2024-09-10/260910_041527/0001/eecAnalysis_ppref_2024-09-10_1777.root
hadd Source file 66: /eos/cms/store/group/phys_heavyions/jvelazqu/energycorr/eecAnalysis_ppref_2024-09-10/eecOOHistograms/crab_eecAnalysis_ppref_2024-09-10/260910_041527/0000/eecAnalysis_ppref_2024-09-10_494.root
hadd Source file 74: /eos/cms/store/group/phys_heavyions/jvelazqu/energycorr/eecAnalysis_ppref_2024-09-10/eecOOHistograms/crab_eecAnalysis_ppref_2024-09-10/260910_041527/0000/eecAnalysis_ppref_2024-09-10_930.root
hadd Source file 53: /eos/cms/store/group/phys_heavyions/jvelazqu/energycorr/eecAnalysis_ppref_2024-09-10/eecOOHistograms/crab_eecAnalysis_ppref_2024-09-10/260910_041527/0003/eecAnalysis_ppref_2024-09-10_3477.root
hadd Source file 66: /eos/cms/store/group/phys_heavyions/jvelazqu/energycorr/eecAnalysis_ppref_2024-09-10/eecOOHistograms/crab_eecAnalysis_ppref_2024-09-10/260910_041527/0001/eecAnalysis_ppref_2024-09-10_1778.root
hadd Source file 67: /eos/cms/store/group/phys_heavyions/jvelazqu/energycorr/eecAnalysis_ppref_2024-09-10/eecOOHistograms/crab_eecAnalysis_ppref_2024-09-10/260910_041527/0000/eecAnalysis_ppref_2024-09-10_495.root
hadd Source file 55: /eos/cms/store/group/phys_heavyions/jvelazqu/energycorr/eecAnalysis_ppref_2024-09-10/eecOOHistograms/crab_eecAnalysis_ppref_2024-09-10/260910_041527/0000/eecAnalysis_ppref_2024-09-10_55.root
hadd Source file 75: /eos/cms/store/group/phys_heavyions/jvelazqu/energycorr/eecAnalysis_ppref_2024-09-10/eecOOHistograms/crab_eecAnalysis_ppref_2024-09-10/260910_041527/0000/eecAnalysis_ppref_2024-09-10_931.root
hadd Source file 54: /eos/cms/store/group/phys_heavyions/jvelazqu/energycorr/eecAnalysis_ppref_2024-09-10/eecOOHistograms/crab_eecAnalysis_ppref_2024-09-10/260910_041527/0003/eecAnalysis_ppref_2024-09-10_3478.root
hadd Source file 68: /eos/cms/store/group/phys_heavyions/jvelazqu/energycorr/eecAnalysis_ppref_2024-09-10/eecOOHistograms/crab_eecAnalysis_ppref_2024-09-10/260910_041527/0000/eecAnalysis_ppref_2024-09-10_496.root
hadd Source file 76: /eos/cms/store/group/phys_heavyions/jvelazqu/energycorr/eecAnalysis_ppref_2024-09-10/eecOOHistograms/crab_eecAnalysis_ppref_2024-09-10/260910_041527/0000/eecAnalysis_ppref_2024-09-10_932.root
hadd Source file 67: /eos/cms/store/group/phys_heavyions/jvelazqu/energycorr/eecAnalysis_ppref_2024-09-10/eecOOHistograms/crab_eecAnalysis_ppref_2024-09-10/260910_041527/0001/eecAnalysis_ppref_2024-09-10_1779.root
hadd Source file 55: /eos/cms/store/group/phys_heavyions/jvelazqu/energycorr/eecAnalysis_ppref_2024-09-10/eecOOHistograms/crab_eecAnalysis_ppref_2024-09-10/260910_041527/0003/eecAnalysis_ppref_2024-09-10_3479.root
hadd Source file 71: /eos/cms/store/group/phys_heavyions/jvelazqu/energycorr/eecAnalysis_ppref_2024-09-10/eecOOHistograms/crab_eecAnalysis_ppref_2024-09-10/260910_041527/0003/eecAnalysis_ppref_2024-09-10_3923.root
hadd Source file 69: /eos/cms/store/group/phys_heavyions/jvelazqu/energycorr/eecAnalysis_ppref_2024-09-10/eecOOHistograms/crab_eecAnalysis_ppref_2024-09-10/260910_041527/0000/eecAnalysis_ppref_2024-09-10_497.root
hadd Source file 78: /eos/cms/store/group/phys_heavyions/jvelazqu/energycorr/eecAnalysis_ppref_2024-09-10/eecOOHistograms/crab_eecAnalysis_ppref_2024-09-10/260910_041527/0003/eecAnalysis_ppref_2024-09-10_3074.root
hadd Source file 77: /eos/cms/store/group/phys_heavyions/jvelazqu/energycorr/eecAnalysis_ppref_2024-09-10/eecOOHistograms/crab_eecAnalysis_ppref_2024-09-10/260910_041527/0000/eecAnalysis_ppref_2024-09-10_933.root
hadd Source file 56: /eos/cms/store/group/phys_heavyions/jvelazqu/energycorr/eecAnalysis_ppref_2024-09-10/eecOOHistograms/crab_eecAnalysis_ppref_2024-09-10/260910_041527/0003/eecAnalysis_ppref_2024-09-10_3480.root
hadd Source file 74: /eos/cms/store/group/phys_heavyions/jvelazqu/energycorr/eecAnalysis_ppref_2024-09-10/eecOOHistograms/crab_eecAnalysis_ppref_2024-09-10/260910_041527/0001/eecAnalysis_ppref_2024-09-10_1358.root
hadd Source file 68: /eos/cms/store/group/phys_heavyions/jvelazqu/energycorr/eecAnalysis_ppref_2024-09-10/eecOOHistograms/crab_eecAnalysis_ppref_2024-09-10/260910_041527/0001/eecAnalysis_ppref_2024-09-10_1780.root
hadd Source file 72: /eos/cms/store/group/phys_heavyions/jvelazqu/energycorr/eecAnalysis_ppref_2024-09-10/eecOOHistograms/crab_eecAnalysis_ppref_2024-09-10/260910_041527/0003/eecAnalysis_ppref_2024-09-10_3924.root
hadd Source file 78: /eos/cms/store/group/phys_heavyions/jvelazqu/energycorr/eecAnalysis_ppref_2024-09-10/eecOOHistograms/crab_eecAnalysis_ppref_2024-09-10/260910_041527/0000/eecAnalysis_ppref_2024-09-10_934.root
hadd Source file 70: /eos/cms/store/group/phys_heavyions/jvelazqu/energycorr/eecAnalysis_ppref_2024-09-10/eecOOHistograms/crab_eecAnalysis_ppref_2024-09-10/260910_041527/0000/eecAnalysis_ppref_2024-09-10_498.root
hadd Source file 51: /eos/cms/store/group/phys_heavyions/jvelazqu/energycorr/eecAnalysis_ppref_2024-09-10/eecOOHistograms/crab_eecAnalysis_ppref_2024-09-10/260910_041527/0002/eecAnalysis_ppref_2024-09-10_2619.root
hadd Source file 57: /eos/cms/store/group/phys_heavyions/jvelazqu/energycorr/eecAnalysis_ppref_2024-09-10/eecOOHistograms/crab_eecAnalysis_ppref_2024-09-10/260910_041527/0003/eecAnalysis_ppref_2024-09-10_3481.root
hadd Source file 69: /eos/cms/store/group/phys_heavyions/jvelazqu/energycorr/eecAnalysis_ppref_2024-09-10/eecOOHistograms/crab_eecAnalysis_ppref_2024-09-10/260910_041527/0001/eecAnalysis_ppref_2024-09-10_1781.root
hadd Source file 79: /eos/cms/store/group/phys_heavyions/jvelazqu/energycorr/eecAnalysis_ppref_2024-09-10/eecOOHistograms/crab_eecAnalysis_ppref_2024-09-10/260910_041527/0003/eecAnalysis_ppref_2024-09-10_3075.root
hadd Source file 75: /eos/cms/store/group/phys_heavyions/jvelazqu/energycorr/eecAnalysis_ppref_2024-09-10/eecOOHistograms/crab_eecAnalysis_ppref_2024-09-10/260910_041527/0001/eecAnalysis_ppref_2024-09-10_1359.root
hadd Source file 58: /eos/cms/store/group/phys_heavyions/jvelazqu/energycorr/eecAnalysis_ppref_2024-09-10/eecOOHistograms/crab_eecAnalysis_ppref_2024-09-10/260910_041527/0003/eecAnalysis_ppref_2024-09-10_3482.root
hadd Source file 79: /eos/cms/store/group/phys_heavyions/jvelazqu/energycorr/eecAnalysis_ppref_2024-09-10/eecOOHistograms/crab_eecAnalysis_ppref_2024-09-10/260910_041527/0000/eecAnalysis_ppref_2024-09-10_935.root
hadd Source file 52: /eos/cms/store/group/phys_heavyions/jvelazqu/energycorr/eecAnalysis_ppref_2024-09-10/eecOOHistograms/crab_eecAnalysis_ppref_2024-09-10/260910_041527/0002/eecAnalysis_ppref_2024-09-10_2620.root
hadd Source file 73: /eos/cms/store/group/phys_heavyions/jvelazqu/energycorr/eecAnalysis_ppref_2024-09-10/eecOOHistograms/crab_eecAnalysis_ppref_2024-09-10/260910_041527/0003/eecAnalysis_ppref_2024-09-10_3925.root
hadd Source file 80: /eos/cms/store/group/phys_heavyions/jvelazqu/energycorr/eecAnalysis_ppref_2024-09-10/eecOOHistograms/crab_eecAnalysis_ppref_2024-09-10/260910_041527/0003/eecAnalysis_ppref_2024-09-10_3076.root
hadd Source file 56: /eos/cms/store/group/phys_heavyions/jvelazqu/energycorr/eecAnalysis_ppref_2024-09-10/eecOOHistograms/crab_eecAnalysis_ppref_2024-09-10/260910_041527/0000/eecAnalysis_ppref_2024-09-10_56.root
hadd Source file 76: /eos/cms/store/group/phys_heavyions/jvelazqu/energycorr/eecAnalysis_ppref_2024-09-10/eecOOHistograms/crab_eecAnalysis_ppref_2024-09-10/260910_041527/0001/eecAnalysis_ppref_2024-09-10_1360.root
hadd Source file 74: /eos/cms/store/group/phys_heavyions/jvelazqu/energycorr/eecAnalysis_ppref_2024-09-10/eecOOHistograms/crab_eecAnalysis_ppref_2024-09-10/260910_041527/0003/eecAnalysis_ppref_2024-09-10_3926.root
hadd Source file 81: /eos/cms/store/group/phys_heavyions/jvelazqu/energycorr/eecAnalysis_ppref_2024-09-10/eecOOHistograms/crab_eecAnalysis_ppref_2024-09-10/260910_041527/0003/eecAnalysis_ppref_2024-09-10_3077.root
hadd Source file 80: /eos/cms/store/group/phys_heavyions/jvelazqu/energycorr/eecAnalysis_ppref_2024-09-10/eecOOHistograms/crab_eecAnalysis_ppref_2024-09-10/260910_041527/0000/eecAnalysis_ppref_2024-09-10_936.root
hadd Source file 70: /eos/cms/store/group/phys_heavyions/jvelazqu/energycorr/eecAnalysis_ppref_2024-09-10/eecOOHistograms/crab_eecAnalysis_ppref_2024-09-10/260910_041527/0001/eecAnalysis_ppref_2024-09-10_1782.root
hadd Source file 53: /eos/cms/store/group/phys_heavyions/jvelazqu/energycorr/eecAnalysis_ppref_2024-09-10/eecOOHistograms/crab_eecAnalysis_ppref_2024-09-10/260910_041527/0002/eecAnalysis_ppref_2024-09-10_2621.root
hadd Source file 57: /eos/cms/store/group/phys_heavyions/jvelazqu/energycorr/eecAnalysis_ppref_2024-09-10/eecOOHistograms/crab_eecAnalysis_ppref_2024-09-10/260910_041527/0000/eecAnalysis_ppref_2024-09-10_57.root
hadd Source file 77: /eos/cms/store/group/phys_heavyions/jvelazqu/energycorr/eecAnalysis_ppref_2024-09-10/eecOOHistograms/crab_eecAnalysis_ppref_2024-09-10/260910_041527/0001/eecAnalysis_ppref_2024-09-10_1361.root
hadd Source file 75: /eos/cms/store/group/phys_heavyions/jvelazqu/energycorr/eecAnalysis_ppref_2024-09-10/eecOOHistograms/crab_eecAnalysis_ppref_2024-09-10/260910_041527/0003/eecAnalysis_ppref_2024-09-10_3927.root
hadd Source file 71: /eos/cms/store/group/phys_heavyions/jvelazqu/energycorr/eecAnalysis_ppref_2024-09-10/eecOOHistograms/crab_eecAnalysis_ppref_2024-09-10/260910_041527/0001/eecAnalysis_ppref_2024-09-10_1783.root
hadd Source file 81: /eos/cms/store/group/phys_heavyions/jvelazqu/energycorr/eecAnalysis_ppref_2024-09-10/eecOOHistograms/crab_eecAnalysis_ppref_2024-09-10/260910_041527/0000/eecAnalysis_ppref_2024-09-10_937.root
hadd Source file 63: /eos/cms/store/group/phys_heavyions/jvelazqu/energycorr/eecAnalysis_ppref_2024-09-10/eecOOHistograms/crab_eecAnalysis_ppref_2024-09-10/260910_041527/0002/eecAnalysis_ppref_2024-09-10_2203.root
hadd Source file 58: /eos/cms/store/group/phys_heavyions/jvelazqu/energycorr/eecAnalysis_ppref_2024-09-10/eecOOHistograms/crab_eecAnalysis_ppref_2024-09-10/260910_041527/0000/eecAnalysis_ppref_2024-09-10_58.root
hadd Source file 64: /eos/cms/store/group/phys_heavyions/jvelazqu/energycorr/eecAnalysis_ppref_2024-09-10/eecOOHistograms/crab_eecAnalysis_ppref_2024-09-10/260910_041527/0002/eecAnalysis_ppref_2024-09-10_2204.root
hadd Source file 78: /eos/cms/store/group/phys_heavyions/jvelazqu/energycorr/eecAnalysis_ppref_2024-09-10/eecOOHistograms/crab_eecAnalysis_ppref_2024-09-10/260910_041527/0001/eecAnalysis_ppref_2024-09-10_1362.root
hadd Source file 71: /eos/cms/store/group/phys_heavyions/jvelazqu/energycorr/eecAnalysis_ppref_2024-09-10/eecOOHistograms/crab_eecAnalysis_ppref_2024-09-10/260910_041527/0000/eecAnalysis_ppref_2024-09-10_499.root
hadd Source file 54: /eos/cms/store/group/phys_heavyions/jvelazqu/energycorr/eecAnalysis_ppref_2024-09-10/eecOOHistograms/crab_eecAnalysis_ppref_2024-09-10/260910_041527/0002/eecAnalysis_ppref_2024-09-10_2622.root
hadd Source file 72: /eos/cms/store/group/phys_heavyions/jvelazqu/energycorr/eecAnalysis_ppref_2024-09-10/eecOOHistograms/crab_eecAnalysis_ppref_2024-09-10/260910_041527/0001/eecAnalysis_ppref_2024-09-10_1784.root
hadd Source file 82: /eos/cms/store/group/phys_heavyions/jvelazqu/energycorr/eecAnalysis_ppref_2024-09-10/eecOOHistograms/crab_eecAnalysis_ppref_2024-09-10/260910_041527/0000/eecAnalysis_ppref_2024-09-10_938.root
hadd Source file 79: /eos/cms/store/group/phys_heavyions/jvelazqu/energycorr/eecAnalysis_ppref_2024-09-10/eecOOHistograms/crab_eecAnalysis_ppref_2024-09-10/260910_041527/0001/eecAnalysis_ppref_2024-09-10_1363.root
hadd Source file 65: /eos/cms/store/group/phys_heavyions/jvelazqu/energycorr/eecAnalysis_ppref_2024-09-10/eecOOHistograms/crab_eecAnalysis_ppref_2024-09-10/260910_041527/0002/eecAnalysis_ppref_2024-09-10_2205.root
hadd Source file 83: /eos/cms/store/group/phys_heavyions/jvelazqu/energycorr/eecAnalysis_ppref_2024-09-10/eecOOHistograms/crab_eecAnalysis_ppref_2024-09-10/260910_041527/0000/eecAnalysis_ppref_2024-09-10_939.root
hadd Source file 72: /eos/cms/store/group/phys_heavyions/jvelazqu/energycorr/eecAnalysis_ppref_2024-09-10/eecOOHistograms/crab_eecAnalysis_ppref_2024-09-10/260910_041527/0000/eecAnalysis_ppref_2024-09-10_500.root
hadd Source file 80: /eos/cms/store/group/phys_heavyions/jvelazqu/energycorr/eecAnalysis_ppref_2024-09-10/eecOOHistograms/crab_eecAnalysis_ppref_2024-09-10/260910_041527/0001/eecAnalysis_ppref_2024-09-10_1364.root
hadd Source file 55: /eos/cms/store/group/phys_heavyions/jvelazqu/energycorr/eecAnalysis_ppref_2024-09-10/eecOOHistograms/crab_eecAnalysis_ppref_2024-09-10/260910_041527/0002/eecAnalysis_ppref_2024-09-10_2623.root
hadd Source file 66: /eos/cms/store/group/phys_heavyions/jvelazqu/energycorr/eecAnalysis_ppref_2024-09-10/eecOOHistograms/crab_eecAnalysis_ppref_2024-09-10/260910_041527/0002/eecAnalysis_ppref_2024-09-10_2206.root
hadd Source file 84: /eos/cms/store/group/phys_heavyions/jvelazqu/energycorr/eecAnalysis_ppref_2024-09-10/eecOOHistograms/crab_eecAnalysis_ppref_2024-09-10/260910_041527/0000/eecAnalysis_ppref_2024-09-10_940.root
hadd Source file 82: /eos/cms/store/group/phys_heavyions/jvelazqu/energycorr/eecAnalysis_ppref_2024-09-10/eecOOHistograms/crab_eecAnalysis_ppref_2024-09-10/260910_041527/0003/eecAnalysis_ppref_2024-09-10_3078.root
hadd Source file 73: /eos/cms/store/group/phys_heavyions/jvelazqu/energycorr/eecAnalysis_ppref_2024-09-10/eecOOHistograms/crab_eecAnalysis_ppref_2024-09-10/260910_041527/0001/eecAnalysis_ppref_2024-09-10_1785.root
hadd Source file 81: /eos/cms/store/group/phys_heavyions/jvelazqu/energycorr/eecAnalysis_ppref_2024-09-10/eecOOHistograms/crab_eecAnalysis_ppref_2024-09-10/260910_041527/0001/eecAnalysis_ppref_2024-09-10_1365.root
hadd Source file 56: /eos/cms/store/group/phys_heavyions/jvelazqu/energycorr/eecAnalysis_ppref_2024-09-10/eecOOHistograms/crab_eecAnalysis_ppref_2024-09-10/260910_041527/0002/eecAnalysis_ppref_2024-09-10_2624.root
hadd Source file 74: /eos/cms/store/group/phys_heavyions/jvelazqu/energycorr/eecAnalysis_ppref_2024-09-10/eecOOHistograms/crab_eecAnalysis_ppref_2024-09-10/260910_041527/0001/eecAnalysis_ppref_2024-09-10_1786.root
hadd Source file 85: /eos/cms/store/group/phys_heavyions/jvelazqu/energycorr/eecAnalysis_ppref_2024-09-10/eecOOHistograms/crab_eecAnalysis_ppref_2024-09-10/260910_041527/0000/eecAnalysis_ppref_2024-09-10_941.root
hadd Source file 59: /eos/cms/store/group/phys_heavyions/jvelazqu/energycorr/eecAnalysis_ppref_2024-09-10/eecOOHistograms/crab_eecAnalysis_ppref_2024-09-10/260910_041527/0003/eecAnalysis_ppref_2024-09-10_3483.root
hadd Source file 83: /eos/cms/store/group/phys_heavyions/jvelazqu/energycorr/eecAnalysis_ppref_2024-09-10/eecOOHistograms/crab_eecAnalysis_ppref_2024-09-10/260910_041527/0003/eecAnalysis_ppref_2024-09-10_3079.root
hadd Source file 59: /eos/cms/store/group/phys_heavyions/jvelazqu/energycorr/eecAnalysis_ppref_2024-09-10/eecOOHistograms/crab_eecAnalysis_ppref_2024-09-10/260910_041527/0000/eecAnalysis_ppref_2024-09-10_59.root
hadd Source file 67: /eos/cms/store/group/phys_heavyions/jvelazqu/energycorr/eecAnalysis_ppref_2024-09-10/eecOOHistograms/crab_eecAnalysis_ppref_2024-09-10/260910_041527/0002/eecAnalysis_ppref_2024-09-10_2207.root
hadd Source file 73: /eos/cms/store/group/phys_heavyions/jvelazqu/energycorr/eecAnalysis_ppref_2024-09-10/eecOOHistograms/crab_eecAnalysis_ppref_2024-09-10/260910_041527/0000/eecAnalysis_ppref_2024-09-10_501.root
hadd Source file 86: /eos/cms/store/group/phys_heavyions/jvelazqu/energycorr/eecAnalysis_ppref_2024-09-10/eecOOHistograms/crab_eecAnalysis_ppref_2024-09-10/260910_041527/0000/eecAnalysis_ppref_2024-09-10_942.root
hadd Source file 60: /eos/cms/store/group/phys_heavyions/jvelazqu/energycorr/eecAnalysis_ppref_2024-09-10/eecOOHistograms/crab_eecAnalysis_ppref_2024-09-10/260910_041527/0003/eecAnalysis_ppref_2024-09-10_3484.root
hadd Source file 75: /eos/cms/store/group/phys_heavyions/jvelazqu/energycorr/eecAnalysis_ppref_2024-09-10/eecOOHistograms/crab_eecAnalysis_ppref_2024-09-10/260910_041527/0001/eecAnalysis_ppref_2024-09-10_1787.root
hadd Source file 82: /eos/cms/store/group/phys_heavyions/jvelazqu/energycorr/eecAnalysis_ppref_2024-09-10/eecOOHistograms/crab_eecAnalysis_ppref_2024-09-10/260910_041527/0001/eecAnalysis_ppref_2024-09-10_1366.root
hadd Source file 57: /eos/cms/store/group/phys_heavyions/jvelazqu/energycorr/eecAnalysis_ppref_2024-09-10/eecOOHistograms/crab_eecAnalysis_ppref_2024-09-10/260910_041527/0002/eecAnalysis_ppref_2024-09-10_2625.root
hadd Source file 84: /eos/cms/store/group/phys_heavyions/jvelazqu/energycorr/eecAnalysis_ppref_2024-09-10/eecOOHistograms/crab_eecAnalysis_ppref_2024-09-10/260910_041527/0003/eecAnalysis_ppref_2024-09-10_3080.root
hadd Source file 68: /eos/cms/store/group/phys_heavyions/jvelazqu/energycorr/eecAnalysis_ppref_2024-09-10/eecOOHistograms/crab_eecAnalysis_ppref_2024-09-10/260910_041527/0002/eecAnalysis_ppref_2024-09-10_2208.root
hadd Source file 87: /eos/cms/store/group/phys_heavyions/jvelazqu/energycorr/eecAnalysis_ppref_2024-09-10/eecOOHistograms/crab_eecAnalysis_ppref_2024-09-10/260910_041527/0000/eecAnalysis_ppref_2024-09-10_943.root
hadd Source file 74: /eos/cms/store/group/phys_heavyions/jvelazqu/energycorr/eecAnalysis_ppref_2024-09-10/eecOOHistograms/crab_eecAnalysis_ppref_2024-09-10/260910_041527/0000/eecAnalysis_ppref_2024-09-10_502.root
hadd Source file 60: /eos/cms/store/group/phys_heavyions/jvelazqu/energycorr/eecAnalysis_ppref_2024-09-10/eecOOHistograms/crab_eecAnalysis_ppref_2024-09-10/260910_041527/0000/eecAnalysis_ppref_2024-09-10_60.root
hadd Source file 83: /eos/cms/store/group/phys_heavyions/jvelazqu/energycorr/eecAnalysis_ppref_2024-09-10/eecOOHistograms/crab_eecAnalysis_ppref_2024-09-10/260910_041527/0001/eecAnalysis_ppref_2024-09-10_1367.root
hadd Source file 58: /eos/cms/store/group/phys_heavyions/jvelazqu/energycorr/eecAnalysis_ppref_2024-09-10/eecOOHistograms/crab_eecAnalysis_ppref_2024-09-10/260910_041527/0002/eecAnalysis_ppref_2024-09-10_2626.root
hadd Source file 85: /eos/cms/store/group/phys_heavyions/jvelazqu/energycorr/eecAnalysis_ppref_2024-09-10/eecOOHistograms/crab_eecAnalysis_ppref_2024-09-10/260910_041527/0003/eecAnalysis_ppref_2024-09-10_3081.root
hadd Source file 88: /eos/cms/store/group/phys_heavyions/jvelazqu/energycorr/eecAnalysis_ppref_2024-09-10/eecOOHistograms/crab_eecAnalysis_ppref_2024-09-10/260910_041527/0000/eecAnalysis_ppref_2024-09-10_944.root
hadd Source file 61: /eos/cms/store/group/phys_heavyions/jvelazqu/energycorr/eecAnalysis_ppref_2024-09-10/eecOOHistograms/crab_eecAnalysis_ppref_2024-09-10/260910_041527/0000/eecAnalysis_ppref_2024-09-10_61.root
hadd Source file 76: /eos/cms/store/group/phys_heavyions/jvelazqu/energycorr/eecAnalysis_ppref_2024-09-10/eecOOHistograms/crab_eecAnalysis_ppref_2024-09-10/260910_041527/0003/eecAnalysis_ppref_2024-09-10_3928.root
hadd Source file 89: /eos/cms/store/group/phys_heavyions/jvelazqu/energycorr/eecAnalysis_ppref_2024-09-10/eecOOHistograms/crab_eecAnalysis_ppref_2024-09-10/260910_041527/0000/eecAnalysis_ppref_2024-09-10_945.root
hadd Source file 86: /eos/cms/store/group/phys_heavyions/jvelazqu/energycorr/eecAnalysis_ppref_2024-09-10/eecOOHistograms/crab_eecAnalysis_ppref_2024-09-10/260910_041527/0003/eecAnalysis_ppref_2024-09-10_3082.root
hadd Source file 84: /eos/cms/store/group/phys_heavyions/jvelazqu/energycorr/eecAnalysis_ppref_2024-09-10/eecOOHistograms/crab_eecAnalysis_ppref_2024-09-10/260910_041527/0001/eecAnalysis_ppref_2024-09-10_1368.root
hadd Source file 87: /eos/cms/store/group/phys_heavyions/jvelazqu/energycorr/eecAnalysis_ppref_2024-09-10/eecOOHistograms/crab_eecAnalysis_ppref_2024-09-10/260910_041527/0003/eecAnalysis_ppref_2024-09-10_3083.root
hadd Source file 77: /eos/cms/store/group/phys_heavyions/jvelazqu/energycorr/eecAnalysis_ppref_2024-09-10/eecOOHistograms/crab_eecAnalysis_ppref_2024-09-10/260910_041527/0003/eecAnalysis_ppref_2024-09-10_3929.root
hadd Source file 85: /eos/cms/store/group/phys_heavyions/jvelazqu/energycorr/eecAnalysis_ppref_2024-09-10/eecOOHistograms/crab_eecAnalysis_ppref_2024-09-10/260910_041527/0001/eecAnalysis_ppref_2024-09-10_1369.root
hadd Source file 90: /eos/cms/store/group/phys_heavyions/jvelazqu/energycorr/eecAnalysis_ppref_2024-09-10/eecOOHistograms/crab_eecAnalysis_ppref_2024-09-10/260910_041527/0000/eecAnalysis_ppref_2024-09-10_946.root
hadd Source file 62: /eos/cms/store/group/phys_heavyions/jvelazqu/energycorr/eecAnalysis_ppref_2024-09-10/eecOOHistograms/crab_eecAnalysis_ppref_2024-09-10/260910_041527/0000/eecAnalysis_ppref_2024-09-10_62.root
hadd Source file 88: /eos/cms/store/group/phys_heavyions/jvelazqu/energycorr/eecAnalysis_ppref_2024-09-10/eecOOHistograms/crab_eecAnalysis_ppref_2024-09-10/260910_041527/0003/eecAnalysis_ppref_2024-09-10_3084.root
hadd Source file 78: /eos/cms/store/group/phys_heavyions/jvelazqu/energycorr/eecAnalysis_ppref_2024-09-10/eecOOHistograms/crab_eecAnalysis_ppref_2024-09-10/260910_041527/0003/eecAnalysis_ppref_2024-09-10_3930.root
hadd Source file 61: /eos/cms/store/group/phys_heavyions/jvelazqu/energycorr/eecAnalysis_ppref_2024-09-10/eecOOHistograms/crab_eecAnalysis_ppref_2024-09-10/260910_041527/0003/eecAnalysis_ppref_2024-09-10_3485.root
hadd Source file 76: /eos/cms/store/group/phys_heavyions/jvelazqu/energycorr/eecAnalysis_ppref_2024-09-10/eecOOHistograms/crab_eecAnalysis_ppref_2024-09-10/260910_041527/0001/eecAnalysis_ppref_2024-09-10_1788.root
hadd Source file 63: /eos/cms/store/group/phys_heavyions/jvelazqu/energycorr/eecAnalysis_ppref_2024-09-10/eecOOHistograms/crab_eecAnalysis_ppref_2024-09-10/260910_041527/0000/eecAnalysis_ppref_2024-09-10_63.root
hadd Source file 91: /eos/cms/store/group/phys_heavyions/jvelazqu/energycorr/eecAnalysis_ppref_2024-09-10/eecOOHistograms/crab_eecAnalysis_ppref_2024-09-10/260910_041527/0000/eecAnalysis_ppref_2024-09-10_947.root
hadd Source file 62: /eos/cms/store/group/phys_heavyions/jvelazqu/energycorr/eecAnalysis_ppref_2024-09-10/eecOOHistograms/crab_eecAnalysis_ppref_2024-09-10/260910_041527/0003/eecAnalysis_ppref_2024-09-10_3486.root
hadd Source file 86: /eos/cms/store/group/phys_heavyions/jvelazqu/energycorr/eecAnalysis_ppref_2024-09-10/eecOOHistograms/crab_eecAnalysis_ppref_2024-09-10/260910_041527/0001/eecAnalysis_ppref_2024-09-10_1370.root
hadd Source file 75: /eos/cms/store/group/phys_heavyions/jvelazqu/energycorr/eecAnalysis_ppref_2024-09-10/eecOOHistograms/crab_eecAnalysis_ppref_2024-09-10/260910_041527/0000/eecAnalysis_ppref_2024-09-10_503.root
hadd Source file 77: /eos/cms/store/group/phys_heavyions/jvelazqu/energycorr/eecAnalysis_ppref_2024-09-10/eecOOHistograms/crab_eecAnalysis_ppref_2024-09-10/260910_041527/0001/eecAnalysis_ppref_2024-09-10_1789.root
hadd Source file 59: /eos/cms/store/group/phys_heavyions/jvelazqu/energycorr/eecAnalysis_ppref_2024-09-10/eecOOHistograms/crab_eecAnalysis_ppref_2024-09-10/260910_041527/0002/eecAnalysis_ppref_2024-09-10_2627.root
hadd Source file 63: /eos/cms/store/group/phys_heavyions/jvelazqu/energycorr/eecAnalysis_ppref_2024-09-10/eecOOHistograms/crab_eecAnalysis_ppref_2024-09-10/260910_041527/0003/eecAnalysis_ppref_2024-09-10_3487.root
hadd Source file 92: /eos/cms/store/group/phys_heavyions/jvelazqu/energycorr/eecAnalysis_ppref_2024-09-10/eecOOHistograms/crab_eecAnalysis_ppref_2024-09-10/260910_041527/0000/eecAnalysis_ppref_2024-09-10_948.root
hadd Source file 87: /eos/cms/store/group/phys_heavyions/jvelazqu/energycorr/eecAnalysis_ppref_2024-09-10/eecOOHistograms/crab_eecAnalysis_ppref_2024-09-10/260910_041527/0001/eecAnalysis_ppref_2024-09-10_1371.root
hadd Source file 78: /eos/cms/store/group/phys_heavyions/jvelazqu/energycorr/eecAnalysis_ppref_2024-09-10/eecOOHistograms/crab_eecAnalysis_ppref_2024-09-10/260910_041527/0001/eecAnalysis_ppref_2024-09-10_1790.root
hadd Source file 76: /eos/cms/store/group/phys_heavyions/jvelazqu/energycorr/eecAnalysis_ppref_2024-09-10/eecOOHistograms/crab_eecAnalysis_ppref_2024-09-10/260910_041527/0000/eecAnalysis_ppref_2024-09-10_504.root
hadd Source file 77: /eos/cms/store/group/phys_heavyions/jvelazqu/energycorr/eecAnalysis_ppref_2024-09-10/eecOOHistograms/crab_eecAnalysis_ppref_2024-09-10/260910_041527/0000/eecAnalysis_ppref_2024-09-10_505.root
hadd Source file 79: /eos/cms/store/group/phys_heavyions/jvelazqu/energycorr/eecAnalysis_ppref_2024-09-10/eecOOHistograms/crab_eecAnalysis_ppref_2024-09-10/260910_041527/0001/eecAnalysis_ppref_2024-09-10_1791.root
hadd Source file 60: /eos/cms/store/group/phys_heavyions/jvelazqu/energycorr/eecAnalysis_ppref_2024-09-10/eecOOHistograms/crab_eecAnalysis_ppref_2024-09-10/260910_041527/0002/eecAnalysis_ppref_2024-09-10_2628.root
hadd Source file 88: /eos/cms/store/group/phys_heavyions/jvelazqu/energycorr/eecAnalysis_ppref_2024-09-10/eecOOHistograms/crab_eecAnalysis_ppref_2024-09-10/260910_041527/0001/eecAnalysis_ppref_2024-09-10_1372.root
hadd Source file 89: /eos/cms/store/group/phys_heavyions/jvelazqu/energycorr/eecAnalysis_ppref_2024-09-10/eecOOHistograms/crab_eecAnalysis_ppref_2024-09-10/260910_041527/0003/eecAnalysis_ppref_2024-09-10_3085.root
hadd Source file 78: /eos/cms/store/group/phys_heavyions/jvelazqu/energycorr/eecAnalysis_ppref_2024-09-10/eecOOHistograms/crab_eecAnalysis_ppref_2024-09-10/260910_041527/0000/eecAnalysis_ppref_2024-09-10_506.root
hadd Source file 93: /eos/cms/store/group/phys_heavyions/jvelazqu/energycorr/eecAnalysis_ppref_2024-09-10/eecOOHistograms/crab_eecAnalysis_ppref_2024-09-10/260910_041527/0000/eecAnalysis_ppref_2024-09-10_949.root
hadd Source file 61: /eos/cms/store/group/phys_heavyions/jvelazqu/energycorr/eecAnalysis_ppref_2024-09-10/eecOOHistograms/crab_eecAnalysis_ppref_2024-09-10/260910_041527/0002/eecAnalysis_ppref_2024-09-10_2629.root
hadd Source file 79: /eos/cms/store/group/phys_heavyions/jvelazqu/energycorr/eecAnalysis_ppref_2024-09-10/eecOOHistograms/crab_eecAnalysis_ppref_2024-09-10/260910_041527/0003/eecAnalysis_ppref_2024-09-10_3931.root
hadd Source file 89: /eos/cms/store/group/phys_heavyions/jvelazqu/energycorr/eecAnalysis_ppref_2024-09-10/eecOOHistograms/crab_eecAnalysis_ppref_2024-09-10/260910_041527/0001/eecAnalysis_ppref_2024-09-10_1373.root
hadd Source file 80: /eos/cms/store/group/phys_heavyions/jvelazqu/energycorr/eecAnalysis_ppref_2024-09-10/eecOOHistograms/crab_eecAnalysis_ppref_2024-09-10/260910_041527/0003/eecAnalysis_ppref_2024-09-10_3932.root
hadd Source file 80: /eos/cms/store/group/phys_heavyions/jvelazqu/energycorr/eecAnalysis_ppref_2024-09-10/eecOOHistograms/crab_eecAnalysis_ppref_2024-09-10/260910_041527/0001/eecAnalysis_ppref_2024-09-10_1792.root
hadd Source file 94: /eos/cms/store/group/phys_heavyions/jvelazqu/energycorr/eecAnalysis_ppref_2024-09-10/eecOOHistograms/crab_eecAnalysis_ppref_2024-09-10/260910_041527/0000/eecAnalysis_ppref_2024-09-10_950.root
hadd Source file 90: /eos/cms/store/group/phys_heavyions/jvelazqu/energycorr/eecAnalysis_ppref_2024-09-10/eecOOHistograms/crab_eecAnalysis_ppref_2024-09-10/260910_041527/0003/eecAnalysis_ppref_2024-09-10_3086.root
hadd Source file 79: /eos/cms/store/group/phys_heavyions/jvelazqu/energycorr/eecAnalysis_ppref_2024-09-10/eecOOHistograms/crab_eecAnalysis_ppref_2024-09-10/260910_041527/0000/eecAnalysis_ppref_2024-09-10_507.root
hadd Source file 62: /eos/cms/store/group/phys_heavyions/jvelazqu/energycorr/eecAnalysis_ppref_2024-09-10/eecOOHistograms/crab_eecAnalysis_ppref_2024-09-10/260910_041527/0002/eecAnalysis_ppref_2024-09-10_2630.root
hadd Source file 69: /eos/cms/store/group/phys_heavyions/jvelazqu/energycorr/eecAnalysis_ppref_2024-09-10/eecOOHistograms/crab_eecAnalysis_ppref_2024-09-10/260910_041527/0002/eecAnalysis_ppref_2024-09-10_2209.root
hadd Source file 81: /eos/cms/store/group/phys_heavyions/jvelazqu/energycorr/eecAnalysis_ppref_2024-09-10/eecOOHistograms/crab_eecAnalysis_ppref_2024-09-10/260910_041527/0003/eecAnalysis_ppref_2024-09-10_3933.root
hadd Source file 80: /eos/cms/store/group/phys_heavyions/jvelazqu/energycorr/eecAnalysis_ppref_2024-09-10/eecOOHistograms/crab_eecAnalysis_ppref_2024-09-10/260910_041527/0000/eecAnalysis_ppref_2024-09-10_508.root
hadd Source file 70: /eos/cms/store/group/phys_heavyions/jvelazqu/energycorr/eecAnalysis_ppref_2024-09-10/eecOOHistograms/crab_eecAnalysis_ppref_2024-09-10/260910_041527/0002/eecAnalysis_ppref_2024-09-10_2210.root
hadd Source file 91: /eos/cms/store/group/phys_heavyions/jvelazqu/energycorr/eecAnalysis_ppref_2024-09-10/eecOOHistograms/crab_eecAnalysis_ppref_2024-09-10/260910_041527/0003/eecAnalysis_ppref_2024-09-10_3087.root
hadd Source file 95: /eos/cms/store/group/phys_heavyions/jvelazqu/energycorr/eecAnalysis_ppref_2024-09-10/eecOOHistograms/crab_eecAnalysis_ppref_2024-09-10/260910_041527/0000/eecAnalysis_ppref_2024-09-10_951.root
hadd Source file 81: /eos/cms/store/group/phys_heavyions/jvelazqu/energycorr/eecAnalysis_ppref_2024-09-10/eecOOHistograms/crab_eecAnalysis_ppref_2024-09-10/260910_041527/0001/eecAnalysis_ppref_2024-09-10_1793.root
hadd Source file 64: /eos/cms/store/group/phys_heavyions/jvelazqu/energycorr/eecAnalysis_ppref_2024-09-10/eecOOHistograms/crab_eecAnalysis_ppref_2024-09-10/260910_041527/0003/eecAnalysis_ppref_2024-09-10_3488.root
hadd Source file 64: /eos/cms/store/group/phys_heavyions/jvelazqu/energycorr/eecAnalysis_ppref_2024-09-10/eecOOHistograms/crab_eecAnalysis_ppref_2024-09-10/260910_041527/0000/eecAnalysis_ppref_2024-09-10_64.root
hadd Source file 81: /eos/cms/store/group/phys_heavyions/jvelazqu/energycorr/eecAnalysis_ppref_2024-09-10/eecOOHistograms/crab_eecAnalysis_ppref_2024-09-10/260910_041527/0000/eecAnalysis_ppref_2024-09-10_509.root
hadd Source file 71: /eos/cms/store/group/phys_heavyions/jvelazqu/energycorr/eecAnalysis_ppref_2024-09-10/eecOOHistograms/crab_eecAnalysis_ppref_2024-09-10/260910_041527/0002/eecAnalysis_ppref_2024-09-10_2211.root
hadd Source file 96: /eos/cms/store/group/phys_heavyions/jvelazqu/energycorr/eecAnalysis_ppref_2024-09-10/eecOOHistograms/crab_eecAnalysis_ppref_2024-09-10/260910_041527/0000/eecAnalysis_ppref_2024-09-10_952.root
hadd Source file 82: /eos/cms/store/group/phys_heavyions/jvelazqu/energycorr/eecAnalysis_ppref_2024-09-10/eecOOHistograms/crab_eecAnalysis_ppref_2024-09-10/260910_041527/0001/eecAnalysis_ppref_2024-09-10_1794.root
hadd Source file 82: /eos/cms/store/group/phys_heavyions/jvelazqu/energycorr/eecAnalysis_ppref_2024-09-10/eecOOHistograms/crab_eecAnalysis_ppref_2024-09-10/260910_041527/0000/eecAnalysis_ppref_2024-09-10_510.root
hadd Source file 65: /eos/cms/store/group/phys_heavyions/jvelazqu/energycorr/eecAnalysis_ppref_2024-09-10/eecOOHistograms/crab_eecAnalysis_ppref_2024-09-10/260910_041527/0003/eecAnalysis_ppref_2024-09-10_3489.root
hadd Source file 90: /eos/cms/store/group/phys_heavyions/jvelazqu/energycorr/eecAnalysis_ppref_2024-09-10/eecOOHistograms/crab_eecAnalysis_ppref_2024-09-10/260910_041527/0001/eecAnalysis_ppref_2024-09-10_1374.root
hadd Source file 92: /eos/cms/store/group/phys_heavyions/jvelazqu/energycorr/eecAnalysis_ppref_2024-09-10/eecOOHistograms/crab_eecAnalysis_ppref_2024-09-10/260910_041527/0003/eecAnalysis_ppref_2024-09-10_3088.root
hadd Source file 65: /eos/cms/store/group/phys_heavyions/jvelazqu/energycorr/eecAnalysis_ppref_2024-09-10/eecOOHistograms/crab_eecAnalysis_ppref_2024-09-10/260910_041527/0000/eecAnalysis_ppref_2024-09-10_65.root
hadd Source file 97: /eos/cms/store/group/phys_heavyions/jvelazqu/energycorr/eecAnalysis_ppref_2024-09-10/eecOOHistograms/crab_eecAnalysis_ppref_2024-09-10/260910_041527/0000/eecAnalysis_ppref_2024-09-10_953.root
hadd Source file 72: /eos/cms/store/group/phys_heavyions/jvelazqu/energycorr/eecAnalysis_ppref_2024-09-10/eecOOHistograms/crab_eecAnalysis_ppref_2024-09-10/260910_041527/0002/eecAnalysis_ppref_2024-09-10_2212.root
hadd Source file 91: /eos/cms/store/group/phys_heavyions/jvelazqu/energycorr/eecAnalysis_ppref_2024-09-10/eecOOHistograms/crab_eecAnalysis_ppref_2024-09-10/260910_041527/0001/eecAnalysis_ppref_2024-09-10_1375.root
hadd Source file 82: /eos/cms/store/group/phys_heavyions/jvelazqu/energycorr/eecAnalysis_ppref_2024-09-10/eecOOHistograms/crab_eecAnalysis_ppref_2024-09-10/260910_041527/0003/eecAnalysis_ppref_2024-09-10_3934.root
hadd Source file 66: /eos/cms/store/group/phys_heavyions/jvelazqu/energycorr/eecAnalysis_ppref_2024-09-10/eecOOHistograms/crab_eecAnalysis_ppref_2024-09-10/260910_041527/0003/eecAnalysis_ppref_2024-09-10_3490.root
hadd Source file 93: /eos/cms/store/group/phys_heavyions/jvelazqu/energycorr/eecAnalysis_ppref_2024-09-10/eecOOHistograms/crab_eecAnalysis_ppref_2024-09-10/260910_041527/0003/eecAnalysis_ppref_2024-09-10_3089.root
hadd Source file 66: /eos/cms/store/group/phys_heavyions/jvelazqu/energycorr/eecAnalysis_ppref_2024-09-10/eecOOHistograms/crab_eecAnalysis_ppref_2024-09-10/260910_041527/0000/eecAnalysis_ppref_2024-09-10_66.root
hadd Source file 98: /eos/cms/store/group/phys_heavyions/jvelazqu/energycorr/eecAnalysis_ppref_2024-09-10/eecOOHistograms/crab_eecAnalysis_ppref_2024-09-10/260910_041527/0000/eecAnalysis_ppref_2024-09-10_954.root
hadd Source file 63: /eos/cms/store/group/phys_heavyions/jvelazqu/energycorr/eecAnalysis_ppref_2024-09-10/eecOOHistograms/crab_eecAnalysis_ppref_2024-09-10/260910_041527/0002/eecAnalysis_ppref_2024-09-10_2631.root
hadd Source file 73: /eos/cms/store/group/phys_heavyions/jvelazqu/energycorr/eecAnalysis_ppref_2024-09-10/eecOOHistograms/crab_eecAnalysis_ppref_2024-09-10/260910_041527/0002/eecAnalysis_ppref_2024-09-10_2213.root
hadd Source file 83: /eos/cms/store/group/phys_heavyions/jvelazqu/energycorr/eecAnalysis_ppref_2024-09-10/eecOOHistograms/crab_eecAnalysis_ppref_2024-09-10/260910_041527/0003/eecAnalysis_ppref_2024-09-10_3935.root
hadd Source file 67: /eos/cms/store/group/phys_heavyions/jvelazqu/energycorr/eecAnalysis_ppref_2024-09-10/eecOOHistograms/crab_eecAnalysis_ppref_2024-09-10/260910_041527/0003/eecAnalysis_ppref_2024-09-10_3491.root
hadd Source file 94: /eos/cms/store/group/phys_heavyions/jvelazqu/energycorr/eecAnalysis_ppref_2024-09-10/eecOOHistograms/crab_eecAnalysis_ppref_2024-09-10/260910_041527/0003/eecAnalysis_ppref_2024-09-10_3090.root
hadd Source file 84: /eos/cms/store/group/phys_heavyions/jvelazqu/energycorr/eecAnalysis_ppref_2024-09-10/eecOOHistograms/crab_eecAnalysis_ppref_2024-09-10/260910_041527/0003/eecAnalysis_ppref_2024-09-10_3936.root
hadd Source file 99: /eos/cms/store/group/phys_heavyions/jvelazqu/energycorr/eecAnalysis_ppref_2024-09-10/eecOOHistograms/crab_eecAnalysis_ppref_2024-09-10/260910_041527/0000/eecAnalysis_ppref_2024-09-10_955.root
hadd Source file 67: /eos/cms/store/group/phys_heavyions/jvelazqu/energycorr/eecAnalysis_ppref_2024-09-10/eecOOHistograms/crab_eecAnalysis_ppref_2024-09-10/260910_041527/0000/eecAnalysis_ppref_2024-09-10_67.root
hadd Source file 74: /eos/cms/store/group/phys_heavyions/jvelazqu/energycorr/eecAnalysis_ppref_2024-09-10/eecOOHistograms/crab_eecAnalysis_ppref_2024-09-10/260910_041527/0002/eecAnalysis_ppref_2024-09-10_2214.root
hadd Source file 64: /eos/cms/store/group/phys_heavyions/jvelazqu/energycorr/eecAnalysis_ppref_2024-09-10/eecOOHistograms/crab_eecAnalysis_ppref_2024-09-10/260910_041527/0002/eecAnalysis_ppref_2024-09-10_2632.root
hadd Source file 95: /eos/cms/store/group/phys_heavyions/jvelazqu/energycorr/eecAnalysis_ppref_2024-09-10/eecOOHistograms/crab_eecAnalysis_ppref_2024-09-10/260910_041527/0003/eecAnalysis_ppref_2024-09-10_3091.root
hadd Source file 85: /eos/cms/store/group/phys_heavyions/jvelazqu/energycorr/eecAnalysis_ppref_2024-09-10/eecOOHistograms/crab_eecAnalysis_ppref_2024-09-10/260910_041527/0003/eecAnalysis_ppref_2024-09-10_3937.root
hadd Source file 68: /eos/cms/store/group/phys_heavyions/jvelazqu/energycorr/eecAnalysis_ppref_2024-09-10/eecOOHistograms/crab_eecAnalysis_ppref_2024-09-10/260910_041527/0000/eecAnalysis_ppref_2024-09-10_68.root
hadd Source file 65: /eos/cms/store/group/phys_heavyions/jvelazqu/energycorr/eecAnalysis_ppref_2024-09-10/eecOOHistograms/crab_eecAnalysis_ppref_2024-09-10/260910_041527/0002/eecAnalysis_ppref_2024-09-10_2633.root
hadd Source file 86: /eos/cms/store/group/phys_heavyions/jvelazqu/energycorr/eecAnalysis_ppref_2024-09-10/eecOOHistograms/crab_eecAnalysis_ppref_2024-09-10/260910_041527/0003/eecAnalysis_ppref_2024-09-10_3938.root
hadd Source file 83: /eos/cms/store/group/phys_heavyions/jvelazqu/energycorr/eecAnalysis_ppref_2024-09-10/eecOOHistograms/crab_eecAnalysis_ppref_2024-09-10/260910_041527/0001/eecAnalysis_ppref_2024-09-10_1795.root
hadd Source file 83: /eos/cms/store/group/phys_heavyions/jvelazqu/energycorr/eecAnalysis_ppref_2024-09-10/eecOOHistograms/crab_eecAnalysis_ppref_2024-09-10/260910_041527/0000/eecAnalysis_ppref_2024-09-10_511.root
hadd Source file 96: /eos/cms/store/group/phys_heavyions/jvelazqu/energycorr/eecAnalysis_ppref_2024-09-10/eecOOHistograms/crab_eecAnalysis_ppref_2024-09-10/260910_041527/0003/eecAnalysis_ppref_2024-09-10_3092.root
hadd Source file 69: /eos/cms/store/group/phys_heavyions/jvelazqu/energycorr/eecAnalysis_ppref_2024-09-10/eecOOHistograms/crab_eecAnalysis_ppref_2024-09-10/260910_041527/0000/eecAnalysis_ppref_2024-09-10_69.root
hadd Source file 84: /eos/cms/store/group/phys_heavyions/jvelazqu/energycorr/eecAnalysis_ppref_2024-09-10/eecOOHistograms/crab_eecAnalysis_ppref_2024-09-10/260910_041527/0000/eecAnalysis_ppref_2024-09-10_512.root
hadd Source file 92: /eos/cms/store/group/phys_heavyions/jvelazqu/energycorr/eecAnalysis_ppref_2024-09-10/eecOOHistograms/crab_eecAnalysis_ppref_2024-09-10/260910_041527/0001/eecAnalysis_ppref_2024-09-10_1376.root
hadd Source file 66: /eos/cms/store/group/phys_heavyions/jvelazqu/energycorr/eecAnalysis_ppref_2024-09-10/eecOOHistograms/crab_eecAnalysis_ppref_2024-09-10/260910_041527/0002/eecAnalysis_ppref_2024-09-10_2634.root
hadd Source file 97: /eos/cms/store/group/phys_heavyions/jvelazqu/energycorr/eecAnalysis_ppref_2024-09-10/eecOOHistograms/crab_eecAnalysis_ppref_2024-09-10/260910_041527/0003/eecAnalysis_ppref_2024-09-10_3093.root
hadd Source file 87: /eos/cms/store/group/phys_heavyions/jvelazqu/energycorr/eecAnalysis_ppref_2024-09-10/eecOOHistograms/crab_eecAnalysis_ppref_2024-09-10/260910_041527/0003/eecAnalysis_ppref_2024-09-10_3939.root
hadd Source file 84: /eos/cms/store/group/phys_heavyions/jvelazqu/energycorr/eecAnalysis_ppref_2024-09-10/eecOOHistograms/crab_eecAnalysis_ppref_2024-09-10/260910_041527/0001/eecAnalysis_ppref_2024-09-10_1796.root
hadd Source file 85: /eos/cms/store/group/phys_heavyions/jvelazqu/energycorr/eecAnalysis_ppref_2024-09-10/eecOOHistograms/crab_eecAnalysis_ppref_2024-09-10/260910_041527/0000/eecAnalysis_ppref_2024-09-10_513.root
hadd Source file 70: /eos/cms/store/group/phys_heavyions/jvelazqu/energycorr/eecAnalysis_ppref_2024-09-10/eecOOHistograms/crab_eecAnalysis_ppref_2024-09-10/260910_041527/0000/eecAnalysis_ppref_2024-09-10_70.root
hadd Source file 67: /eos/cms/store/group/phys_heavyions/jvelazqu/energycorr/eecAnalysis_ppref_2024-09-10/eecOOHistograms/crab_eecAnalysis_ppref_2024-09-10/260910_041527/0002/eecAnalysis_ppref_2024-09-10_2635.root
hadd Source file 88: /eos/cms/store/group/phys_heavyions/jvelazqu/energycorr/eecAnalysis_ppref_2024-09-10/eecOOHistograms/crab_eecAnalysis_ppref_2024-09-10/260910_041527/0003/eecAnalysis_ppref_2024-09-10_3940.root
hadd Source file 68: /eos/cms/store/group/phys_heavyions/jvelazqu/energycorr/eecAnalysis_ppref_2024-09-10/eecOOHistograms/crab_eecAnalysis_ppref_2024-09-10/260910_041527/0003/eecAnalysis_ppref_2024-09-10_3492.root
hadd Source file 93: /eos/cms/store/group/phys_heavyions/jvelazqu/energycorr/eecAnalysis_ppref_2024-09-10/eecOOHistograms/crab_eecAnalysis_ppref_2024-09-10/260910_041527/0001/eecAnalysis_ppref_2024-09-10_1377.root
hadd Source file 98: /eos/cms/store/group/phys_heavyions/jvelazqu/energycorr/eecAnalysis_ppref_2024-09-10/eecOOHistograms/crab_eecAnalysis_ppref_2024-09-10/260910_041527/0003/eecAnalysis_ppref_2024-09-10_3094.root
hadd Source file 85: /eos/cms/store/group/phys_heavyions/jvelazqu/energycorr/eecAnalysis_ppref_2024-09-10/eecOOHistograms/crab_eecAnalysis_ppref_2024-09-10/260910_041527/0001/eecAnalysis_ppref_2024-09-10_1797.root
hadd Source file 68: /eos/cms/store/group/phys_heavyions/jvelazqu/energycorr/eecAnalysis_ppref_2024-09-10/eecOOHistograms/crab_eecAnalysis_ppref_2024-09-10/260910_041527/0002/eecAnalysis_ppref_2024-09-10_2636.root
hadd Source file 75: /eos/cms/store/group/phys_heavyions/jvelazqu/energycorr/eecAnalysis_ppref_2024-09-10/eecOOHistograms/crab_eecAnalysis_ppref_2024-09-10/260910_041527/0002/eecAnalysis_ppref_2024-09-10_2215.root
hadd Source file 89: /eos/cms/store/group/phys_heavyions/jvelazqu/energycorr/eecAnalysis_ppref_2024-09-10/eecOOHistograms/crab_eecAnalysis_ppref_2024-09-10/260910_041527/0003/eecAnalysis_ppref_2024-09-10_3941.root
hadd Source file 71: /eos/cms/store/group/phys_heavyions/jvelazqu/energycorr/eecAnalysis_ppref_2024-09-10/eecOOHistograms/crab_eecAnalysis_ppref_2024-09-10/260910_041527/0000/eecAnalysis_ppref_2024-09-10_71.root
hadd Source file 100: /eos/cms/store/group/phys_heavyions/jvelazqu/energycorr/eecAnalysis_ppref_2024-09-10/eecOOHistograms/crab_eecAnalysis_ppref_2024-09-10/260910_041527/0000/eecAnalysis_ppref_2024-09-10_956.root
hadd Source file 86: /eos/cms/store/group/phys_heavyions/jvelazqu/energycorr/eecAnalysis_ppref_2024-09-10/eecOOHistograms/crab_eecAnalysis_ppref_2024-09-10/260910_041527/0000/eecAnalysis_ppref_2024-09-10_514.root
hadd Source file 94: /eos/cms/store/group/phys_heavyions/jvelazqu/energycorr/eecAnalysis_ppref_2024-09-10/eecOOHistograms/crab_eecAnalysis_ppref_2024-09-10/260910_041527/0001/eecAnalysis_ppref_2024-09-10_1378.root
hadd Source file 69: /eos/cms/store/group/phys_heavyions/jvelazqu/energycorr/eecAnalysis_ppref_2024-09-10/eecOOHistograms/crab_eecAnalysis_ppref_2024-09-10/260910_041527/0003/eecAnalysis_ppref_2024-09-10_3493.root
hadd Source file 87: /eos/cms/store/group/phys_heavyions/jvelazqu/energycorr/eecAnalysis_ppref_2024-09-10/eecOOHistograms/crab_eecAnalysis_ppref_2024-09-10/260910_041527/0000/eecAnalysis_ppref_2024-09-10_515.root
hadd Source file 76: /eos/cms/store/group/phys_heavyions/jvelazqu/energycorr/eecAnalysis_ppref_2024-09-10/eecOOHistograms/crab_eecAnalysis_ppref_2024-09-10/260910_041527/0002/eecAnalysis_ppref_2024-09-10_2216.root
hadd Source file 86: /eos/cms/store/group/phys_heavyions/jvelazqu/energycorr/eecAnalysis_ppref_2024-09-10/eecOOHistograms/crab_eecAnalysis_ppref_2024-09-10/260910_041527/0001/eecAnalysis_ppref_2024-09-10_1798.root
hadd Source file 69: /eos/cms/store/group/phys_heavyions/jvelazqu/energycorr/eecAnalysis_ppref_2024-09-10/eecOOHistograms/crab_eecAnalysis_ppref_2024-09-10/260910_041527/0002/eecAnalysis_ppref_2024-09-10_2637.root
hadd Source file 95: /eos/cms/store/group/phys_heavyions/jvelazqu/energycorr/eecAnalysis_ppref_2024-09-10/eecOOHistograms/crab_eecAnalysis_ppref_2024-09-10/260910_041527/0001/eecAnalysis_ppref_2024-09-10_1379.root
hadd Source file 90: /eos/cms/store/group/phys_heavyions/jvelazqu/energycorr/eecAnalysis_ppref_2024-09-10/eecOOHistograms/crab_eecAnalysis_ppref_2024-09-10/260910_041527/0003/eecAnalysis_ppref_2024-09-10_3942.root
hadd Source file 101: /eos/cms/store/group/phys_heavyions/jvelazqu/energycorr/eecAnalysis_ppref_2024-09-10/eecOOHistograms/crab_eecAnalysis_ppref_2024-09-10/260910_041527/0000/eecAnalysis_ppref_2024-09-10_957.root
hadd Source file 70: /eos/cms/store/group/phys_heavyions/jvelazqu/energycorr/eecAnalysis_ppref_2024-09-10/eecOOHistograms/crab_eecAnalysis_ppref_2024-09-10/260910_041527/0003/eecAnalysis_ppref_2024-09-10_3494.root
hadd Source file 91: /eos/cms/store/group/phys_heavyions/jvelazqu/energycorr/eecAnalysis_ppref_2024-09-10/eecOOHistograms/crab_eecAnalysis_ppref_2024-09-10/260910_041527/0003/eecAnalysis_ppref_2024-09-10_3943.root
hadd Source file 77: /eos/cms/store/group/phys_heavyions/jvelazqu/energycorr/eecAnalysis_ppref_2024-09-10/eecOOHistograms/crab_eecAnalysis_ppref_2024-09-10/260910_041527/0002/eecAnalysis_ppref_2024-09-10_2217.root
hadd Source file 70: /eos/cms/store/group/phys_heavyions/jvelazqu/energycorr/eecAnalysis_ppref_2024-09-10/eecOOHistograms/crab_eecAnalysis_ppref_2024-09-10/260910_041527/0002/eecAnalysis_ppref_2024-09-10_2638.root
hadd Source file 88: /eos/cms/store/group/phys_heavyions/jvelazqu/energycorr/eecAnalysis_ppref_2024-09-10/eecOOHistograms/crab_eecAnalysis_ppref_2024-09-10/260910_041527/0000/eecAnalysis_ppref_2024-09-10_516.root
hadd Source file 87: /eos/cms/store/group/phys_heavyions/jvelazqu/energycorr/eecAnalysis_ppref_2024-09-10/eecOOHistograms/crab_eecAnalysis_ppref_2024-09-10/260910_041527/0001/eecAnalysis_ppref_2024-09-10_1799.root
hadd Source file 78: /eos/cms/store/group/phys_heavyions/jvelazqu/energycorr/eecAnalysis_ppref_2024-09-10/eecOOHistograms/crab_eecAnalysis_ppref_2024-09-10/260910_041527/0002/eecAnalysis_ppref_2024-09-10_2218.root
hadd Source file 102: /eos/cms/store/group/phys_heavyions/jvelazqu/energycorr/eecAnalysis_ppref_2024-09-10/eecOOHistograms/crab_eecAnalysis_ppref_2024-09-10/260910_041527/0000/eecAnalysis_ppref_2024-09-10_958.root
hadd Source file 72: /eos/cms/store/group/phys_heavyions/jvelazqu/energycorr/eecAnalysis_ppref_2024-09-10/eecOOHistograms/crab_eecAnalysis_ppref_2024-09-10/260910_041527/0000/eecAnalysis_ppref_2024-09-10_72.root
hadd Source file 92: /eos/cms/store/group/phys_heavyions/jvelazqu/energycorr/eecAnalysis_ppref_2024-09-10/eecOOHistograms/crab_eecAnalysis_ppref_2024-09-10/260910_041527/0003/eecAnalysis_ppref_2024-09-10_3944.root
hadd Source file 88: /eos/cms/store/group/phys_heavyions/jvelazqu/energycorr/eecAnalysis_ppref_2024-09-10/eecOOHistograms/crab_eecAnalysis_ppref_2024-09-10/260910_041527/0001/eecAnalysis_ppref_2024-09-10_1800.root
hadd Source file 71: /eos/cms/store/group/phys_heavyions/jvelazqu/energycorr/eecAnalysis_ppref_2024-09-10/eecOOHistograms/crab_eecAnalysis_ppref_2024-09-10/260910_041527/0003/eecAnalysis_ppref_2024-09-10_3495.root
hadd Source file 71: /eos/cms/store/group/phys_heavyions/jvelazqu/energycorr/eecAnalysis_ppref_2024-09-10/eecOOHistograms/crab_eecAnalysis_ppref_2024-09-10/260910_041527/0002/eecAnalysis_ppref_2024-09-10_2639.root
hadd Source file 89: /eos/cms/store/group/phys_heavyions/jvelazqu/energycorr/eecAnalysis_ppref_2024-09-10/eecOOHistograms/crab_eecAnalysis_ppref_2024-09-10/260910_041527/0000/eecAnalysis_ppref_2024-09-10_517.root
hadd Source file 79: /eos/cms/store/group/phys_heavyions/jvelazqu/energycorr/eecAnalysis_ppref_2024-09-10/eecOOHistograms/crab_eecAnalysis_ppref_2024-09-10/260910_041527/0002/eecAnalysis_ppref_2024-09-10_2219.root
hadd Source file 73: /eos/cms/store/group/phys_heavyions/jvelazqu/energycorr/eecAnalysis_ppref_2024-09-10/eecOOHistograms/crab_eecAnalysis_ppref_2024-09-10/260910_041527/0000/eecAnalysis_ppref_2024-09-10_73.root
hadd Source file 103: /eos/cms/store/group/phys_heavyions/jvelazqu/energycorr/eecAnalysis_ppref_2024-09-10/eecOOHistograms/crab_eecAnalysis_ppref_2024-09-10/260910_041527/0000/eecAnalysis_ppref_2024-09-10_959.root
hadd Source file 89: /eos/cms/store/group/phys_heavyions/jvelazqu/energycorr/eecAnalysis_ppref_2024-09-10/eecOOHistograms/crab_eecAnalysis_ppref_2024-09-10/260910_041527/0001/eecAnalysis_ppref_2024-09-10_1801.root
hadd Source file 93: /eos/cms/store/group/phys_heavyions/jvelazqu/energycorr/eecAnalysis_ppref_2024-09-10/eecOOHistograms/crab_eecAnalysis_ppref_2024-09-10/260910_041527/0003/eecAnalysis_ppref_2024-09-10_3945.root
hadd Source file 90: /eos/cms/store/group/phys_heavyions/jvelazqu/energycorr/eecAnalysis_ppref_2024-09-10/eecOOHistograms/crab_eecAnalysis_ppref_2024-09-10/260910_041527/0000/eecAnalysis_ppref_2024-09-10_518.root
hadd Source file 80: /eos/cms/store/group/phys_heavyions/jvelazqu/energycorr/eecAnalysis_ppref_2024-09-10/eecOOHistograms/crab_eecAnalysis_ppref_2024-09-10/260910_041527/0002/eecAnalysis_ppref_2024-09-10_2220.root
hadd Source file 99: /eos/cms/store/group/phys_heavyions/jvelazqu/energycorr/eecAnalysis_ppref_2024-09-10/eecOOHistograms/crab_eecAnalysis_ppref_2024-09-10/260910_041527/0003/eecAnalysis_ppref_2024-09-10_3095.root
hadd Source file 74: /eos/cms/store/group/phys_heavyions/jvelazqu/energycorr/eecAnalysis_ppref_2024-09-10/eecOOHistograms/crab_eecAnalysis_ppref_2024-09-10/260910_041527/0000/eecAnalysis_ppref_2024-09-10_74.root
hadd Source file 72: /eos/cms/store/group/phys_heavyions/jvelazqu/energycorr/eecAnalysis_ppref_2024-09-10/eecOOHistograms/crab_eecAnalysis_ppref_2024-09-10/260910_041527/0003/eecAnalysis_ppref_2024-09-10_3496.root
hadd Source file 104: /eos/cms/store/group/phys_heavyions/jvelazqu/energycorr/eecAnalysis_ppref_2024-09-10/eecOOHistograms/crab_eecAnalysis_ppref_2024-09-10/260910_041527/0000/eecAnalysis_ppref_2024-09-10_960.root
hadd Source file 94: /eos/cms/store/group/phys_heavyions/jvelazqu/energycorr/eecAnalysis_ppref_2024-09-10/eecOOHistograms/crab_eecAnalysis_ppref_2024-09-10/260910_041527/0003/eecAnalysis_ppref_2024-09-10_3946.root
hadd Source file 90: /eos/cms/store/group/phys_heavyions/jvelazqu/energycorr/eecAnalysis_ppref_2024-09-10/eecOOHistograms/crab_eecAnalysis_ppref_2024-09-10/260910_041527/0001/eecAnalysis_ppref_2024-09-10_1802.root
hadd Source file 81: /eos/cms/store/group/phys_heavyions/jvelazqu/energycorr/eecAnalysis_ppref_2024-09-10/eecOOHistograms/crab_eecAnalysis_ppref_2024-09-10/260910_041527/0002/eecAnalysis_ppref_2024-09-10_2221.root
hadd Source file 75: /eos/cms/store/group/phys_heavyions/jvelazqu/energycorr/eecAnalysis_ppref_2024-09-10/eecOOHistograms/crab_eecAnalysis_ppref_2024-09-10/260910_041527/0000/eecAnalysis_ppref_2024-09-10_75.root
hadd Source file 91: /eos/cms/store/group/phys_heavyions/jvelazqu/energycorr/eecAnalysis_ppref_2024-09-10/eecOOHistograms/crab_eecAnalysis_ppref_2024-09-10/260910_041527/0000/eecAnalysis_ppref_2024-09-10_519.root
hadd Source file 100: /eos/cms/store/group/phys_heavyions/jvelazqu/energycorr/eecAnalysis_ppref_2024-09-10/eecOOHistograms/crab_eecAnalysis_ppref_2024-09-10/260910_041527/0003/eecAnalysis_ppref_2024-09-10_3096.root
hadd Source file 96: /eos/cms/store/group/phys_heavyions/jvelazqu/energycorr/eecAnalysis_ppref_2024-09-10/eecOOHistograms/crab_eecAnalysis_ppref_2024-09-10/260910_041527/0001/eecAnalysis_ppref_2024-09-10_1380.root
hadd Source file 73: /eos/cms/store/group/phys_heavyions/jvelazqu/energycorr/eecAnalysis_ppref_2024-09-10/eecOOHistograms/crab_eecAnalysis_ppref_2024-09-10/260910_041527/0003/eecAnalysis_ppref_2024-09-10_3497.root
hadd Source file 95: /eos/cms/store/group/phys_heavyions/jvelazqu/energycorr/eecAnalysis_ppref_2024-09-10/eecOOHistograms/crab_eecAnalysis_ppref_2024-09-10/260910_041527/0003/eecAnalysis_ppref_2024-09-10_3947.root
hadd Source file 91: /eos/cms/store/group/phys_heavyions/jvelazqu/energycorr/eecAnalysis_ppref_2024-09-10/eecOOHistograms/crab_eecAnalysis_ppref_2024-09-10/260910_041527/0001/eecAnalysis_ppref_2024-09-10_1803.root
hadd Source file 105: /eos/cms/store/group/phys_heavyions/jvelazqu/energycorr/eecAnalysis_ppref_2024-09-10/eecOOHistograms/crab_eecAnalysis_ppref_2024-09-10/260910_041527/0000/eecAnalysis_ppref_2024-09-10_961.root
hadd Source file 82: /eos/cms/store/group/phys_heavyions/jvelazqu/energycorr/eecAnalysis_ppref_2024-09-10/eecOOHistograms/crab_eecAnalysis_ppref_2024-09-10/260910_041527/0002/eecAnalysis_ppref_2024-09-10_2222.root
hadd Source file 101: /eos/cms/store/group/phys_heavyions/jvelazqu/energycorr/eecAnalysis_ppref_2024-09-10/eecOOHistograms/crab_eecAnalysis_ppref_2024-09-10/260910_041527/0003/eecAnalysis_ppref_2024-09-10_3097.root
hadd Source file 97: /eos/cms/store/group/phys_heavyions/jvelazqu/energycorr/eecAnalysis_ppref_2024-09-10/eecOOHistograms/crab_eecAnalysis_ppref_2024-09-10/260910_041527/0001/eecAnalysis_ppref_2024-09-10_1381.root
hadd Source file 96: /eos/cms/store/group/phys_heavyions/jvelazqu/energycorr/eecAnalysis_ppref_2024-09-10/eecOOHistograms/crab_eecAnalysis_ppref_2024-09-10/260910_041527/0003/eecAnalysis_ppref_2024-09-10_3948.root
hadd Source file 83: /eos/cms/store/group/phys_heavyions/jvelazqu/energycorr/eecAnalysis_ppref_2024-09-10/eecOOHistograms/crab_eecAnalysis_ppref_2024-09-10/260910_041527/0002/eecAnalysis_ppref_2024-09-10_2223.root
hadd Source file 74: /eos/cms/store/group/phys_heavyions/jvelazqu/energycorr/eecAnalysis_ppref_2024-09-10/eecOOHistograms/crab_eecAnalysis_ppref_2024-09-10/260910_041527/0003/eecAnalysis_ppref_2024-09-10_3498.root
hadd Source file 72: /eos/cms/store/group/phys_heavyions/jvelazqu/energycorr/eecAnalysis_ppref_2024-09-10/eecOOHistograms/crab_eecAnalysis_ppref_2024-09-10/260910_041527/0002/eecAnalysis_ppref_2024-09-10_2640.root
hadd Source file 102: /eos/cms/store/group/phys_heavyions/jvelazqu/energycorr/eecAnalysis_ppref_2024-09-10/eecOOHistograms/crab_eecAnalysis_ppref_2024-09-10/260910_041527/0003/eecAnalysis_ppref_2024-09-10_3098.root
hadd Source file 98: /eos/cms/store/group/phys_heavyions/jvelazqu/energycorr/eecAnalysis_ppref_2024-09-10/eecOOHistograms/crab_eecAnalysis_ppref_2024-09-10/260910_041527/0001/eecAnalysis_ppref_2024-09-10_1382.root
hadd Source file 97: /eos/cms/store/group/phys_heavyions/jvelazqu/energycorr/eecAnalysis_ppref_2024-09-10/eecOOHistograms/crab_eecAnalysis_ppref_2024-09-10/260910_041527/0003/eecAnalysis_ppref_2024-09-10_3949.root
hadd Source file 84: /eos/cms/store/group/phys_heavyions/jvelazqu/energycorr/eecAnalysis_ppref_2024-09-10/eecOOHistograms/crab_eecAnalysis_ppref_2024-09-10/260910_041527/0002/eecAnalysis_ppref_2024-09-10_2224.root
hadd Source file 73: /eos/cms/store/group/phys_heavyions/jvelazqu/energycorr/eecAnalysis_ppref_2024-09-10/eecOOHistograms/crab_eecAnalysis_ppref_2024-09-10/260910_041527/0002/eecAnalysis_ppref_2024-09-10_2641.root
hadd Source file 103: /eos/cms/store/group/phys_heavyions/jvelazqu/energycorr/eecAnalysis_ppref_2024-09-10/eecOOHistograms/crab_eecAnalysis_ppref_2024-09-10/260910_041527/0003/eecAnalysis_ppref_2024-09-10_3099.root
hadd Source file 75: /eos/cms/store/group/phys_heavyions/jvelazqu/energycorr/eecAnalysis_ppref_2024-09-10/eecOOHistograms/crab_eecAnalysis_ppref_2024-09-10/260910_041527/0003/eecAnalysis_ppref_2024-09-10_3499.root
hadd Source file 99: /eos/cms/store/group/phys_heavyions/jvelazqu/energycorr/eecAnalysis_ppref_2024-09-10/eecOOHistograms/crab_eecAnalysis_ppref_2024-09-10/260910_041527/0001/eecAnalysis_ppref_2024-09-10_1383.root
hadd Source file 74: /eos/cms/store/group/phys_heavyions/jvelazqu/energycorr/eecAnalysis_ppref_2024-09-10/eecOOHistograms/crab_eecAnalysis_ppref_2024-09-10/260910_041527/0002/eecAnalysis_ppref_2024-09-10_2642.root
hadd Source file 92: /eos/cms/store/group/phys_heavyions/jvelazqu/energycorr/eecAnalysis_ppref_2024-09-10/eecOOHistograms/crab_eecAnalysis_ppref_2024-09-10/260910_041527/0001/eecAnalysis_ppref_2024-09-10_1804.root
hadd Source file 98: /eos/cms/store/group/phys_heavyions/jvelazqu/energycorr/eecAnalysis_ppref_2024-09-10/eecOOHistograms/crab_eecAnalysis_ppref_2024-09-10/260910_041527/0003/eecAnalysis_ppref_2024-09-10_3950.root
hadd Source file 104: /eos/cms/store/group/phys_heavyions/jvelazqu/energycorr/eecAnalysis_ppref_2024-09-10/eecOOHistograms/crab_eecAnalysis_ppref_2024-09-10/260910_041527/0003/eecAnalysis_ppref_2024-09-10_3100.root
hadd Source file 76: /eos/cms/store/group/phys_heavyions/jvelazqu/energycorr/eecAnalysis_ppref_2024-09-10/eecOOHistograms/crab_eecAnalysis_ppref_2024-09-10/260910_041527/0000/eecAnalysis_ppref_2024-09-10_76.root
hadd Source file 76: /eos/cms/store/group/phys_heavyions/jvelazqu/energycorr/eecAnalysis_ppref_2024-09-10/eecOOHistograms/crab_eecAnalysis_ppref_2024-09-10/260910_041527/0003/eecAnalysis_ppref_2024-09-10_3500.root
hadd Source file 100: /eos/cms/store/group/phys_heavyions/jvelazqu/energycorr/eecAnalysis_ppref_2024-09-10/eecOOHistograms/crab_eecAnalysis_ppref_2024-09-10/260910_041527/0001/eecAnalysis_ppref_2024-09-10_1384.root
hadd Source file 106: /eos/cms/store/group/phys_heavyions/jvelazqu/energycorr/eecAnalysis_ppref_2024-09-10/eecOOHistograms/crab_eecAnalysis_ppref_2024-09-10/260910_041527/0000/eecAnalysis_ppref_2024-09-10_962.root
hadd Source file 75: /eos/cms/store/group/phys_heavyions/jvelazqu/energycorr/eecAnalysis_ppref_2024-09-10/eecOOHistograms/crab_eecAnalysis_ppref_2024-09-10/260910_041527/0002/eecAnalysis_ppref_2024-09-10_2643.root
hadd Source file 92: /eos/cms/store/group/phys_heavyions/jvelazqu/energycorr/eecAnalysis_ppref_2024-09-10/eecOOHistograms/crab_eecAnalysis_ppref_2024-09-10/260910_041527/0000/eecAnalysis_ppref_2024-09-10_520.root
hadd Source file 77: /eos/cms/store/group/phys_heavyions/jvelazqu/energycorr/eecAnalysis_ppref_2024-09-10/eecOOHistograms/crab_eecAnalysis_ppref_2024-09-10/260910_041527/0003/eecAnalysis_ppref_2024-09-10_3501.root
hadd Source file 105: /eos/cms/store/group/phys_heavyions/jvelazqu/energycorr/eecAnalysis_ppref_2024-09-10/eecOOHistograms/crab_eecAnalysis_ppref_2024-09-10/260910_041527/0003/eecAnalysis_ppref_2024-09-10_3101.root
hadd Source file 77: /eos/cms/store/group/phys_heavyions/jvelazqu/energycorr/eecAnalysis_ppref_2024-09-10/eecOOHistograms/crab_eecAnalysis_ppref_2024-09-10/260910_041527/0000/eecAnalysis_ppref_2024-09-10_77.root
hadd Source file 93: /eos/cms/store/group/phys_heavyions/jvelazqu/energycorr/eecAnalysis_ppref_2024-09-10/eecOOHistograms/crab_eecAnalysis_ppref_2024-09-10/260910_041527/0001/eecAnalysis_ppref_2024-09-10_1805.root
hadd Source file 76: /eos/cms/store/group/phys_heavyions/jvelazqu/energycorr/eecAnalysis_ppref_2024-09-10/eecOOHistograms/crab_eecAnalysis_ppref_2024-09-10/260910_041527/0002/eecAnalysis_ppref_2024-09-10_2644.root
hadd Source file 94: /eos/cms/store/group/phys_heavyions/jvelazqu/energycorr/eecAnalysis_ppref_2024-09-10/eecOOHistograms/crab_eecAnalysis_ppref_2024-09-10/260910_041527/0001/eecAnalysis_ppref_2024-09-10_1806.root
hadd Source file 106: /eos/cms/store/group/phys_heavyions/jvelazqu/energycorr/eecAnalysis_ppref_2024-09-10/eecOOHistograms/crab_eecAnalysis_ppref_2024-09-10/260910_041527/0003/eecAnalysis_ppref_2024-09-10_3102.root
hadd Source file 101: /eos/cms/store/group/phys_heavyions/jvelazqu/energycorr/eecAnalysis_ppref_2024-09-10/eecOOHistograms/crab_eecAnalysis_ppref_2024-09-10/260910_041527/0001/eecAnalysis_ppref_2024-09-10_1385.root
hadd Source file 78: /eos/cms/store/group/phys_heavyions/jvelazqu/energycorr/eecAnalysis_ppref_2024-09-10/eecOOHistograms/crab_eecAnalysis_ppref_2024-09-10/260910_041527/0003/eecAnalysis_ppref_2024-09-10_3502.root
hadd Source file 77: /eos/cms/store/group/phys_heavyions/jvelazqu/energycorr/eecAnalysis_ppref_2024-09-10/eecOOHistograms/crab_eecAnalysis_ppref_2024-09-10/260910_041527/0002/eecAnalysis_ppref_2024-09-10_2645.root
hadd Source file 78: /eos/cms/store/group/phys_heavyions/jvelazqu/energycorr/eecAnalysis_ppref_2024-09-10/eecOOHistograms/crab_eecAnalysis_ppref_2024-09-10/260910_041527/0000/eecAnalysis_ppref_2024-09-10_78.root
hadd Source file 79: /eos/cms/store/group/phys_heavyions/jvelazqu/energycorr/eecAnalysis_ppref_2024-09-10/eecOOHistograms/crab_eecAnalysis_ppref_2024-09-10/260910_041527/0003/eecAnalysis_ppref_2024-09-10_3503.root
hadd Source file 107: /eos/cms/store/group/phys_heavyions/jvelazqu/energycorr/eecAnalysis_ppref_2024-09-10/eecOOHistograms/crab_eecAnalysis_ppref_2024-09-10/260910_041527/0003/eecAnalysis_ppref_2024-09-10_3103.root
hadd Source file 95: /eos/cms/store/group/phys_heavyions/jvelazqu/energycorr/eecAnalysis_ppref_2024-09-10/eecOOHistograms/crab_eecAnalysis_ppref_2024-09-10/260910_041527/0001/eecAnalysis_ppref_2024-09-10_1807.root
hadd Source file 85: /eos/cms/store/group/phys_heavyions/jvelazqu/energycorr/eecAnalysis_ppref_2024-09-10/eecOOHistograms/crab_eecAnalysis_ppref_2024-09-10/260910_041527/0002/eecAnalysis_ppref_2024-09-10_2225.root
hadd Source file 102: /eos/cms/store/group/phys_heavyions/jvelazqu/energycorr/eecAnalysis_ppref_2024-09-10/eecOOHistograms/crab_eecAnalysis_ppref_2024-09-10/260910_041527/0001/eecAnalysis_ppref_2024-09-10_1386.root
hadd Source file 80: /eos/cms/store/group/phys_heavyions/jvelazqu/energycorr/eecAnalysis_ppref_2024-09-10/eecOOHistograms/crab_eecAnalysis_ppref_2024-09-10/260910_041527/0003/eecAnalysis_ppref_2024-09-10_3504.root
hadd Source file 108: /eos/cms/store/group/phys_heavyions/jvelazqu/energycorr/eecAnalysis_ppref_2024-09-10/eecOOHistograms/crab_eecAnalysis_ppref_2024-09-10/260910_041527/0003/eecAnalysis_ppref_2024-09-10_3104.root
hadd Source file 86: /eos/cms/store/group/phys_heavyions/jvelazqu/energycorr/eecAnalysis_ppref_2024-09-10/eecOOHistograms/crab_eecAnalysis_ppref_2024-09-10/260910_041527/0002/eecAnalysis_ppref_2024-09-10_2226.root
hadd Source file 99: /eos/cms/store/group/phys_heavyions/jvelazqu/energycorr/eecAnalysis_ppref_2024-09-10/eecOOHistograms/crab_eecAnalysis_ppref_2024-09-10/260910_041527/0003/eecAnalysis_ppref_2024-09-10_3951.root
hadd Source file 79: /eos/cms/store/group/phys_heavyions/jvelazqu/energycorr/eecAnalysis_ppref_2024-09-10/eecOOHistograms/crab_eecAnalysis_ppref_2024-09-10/260910_041527/0000/eecAnalysis_ppref_2024-09-10_79.root
hadd Source file 96: /eos/cms/store/group/phys_heavyions/jvelazqu/energycorr/eecAnalysis_ppref_2024-09-10/eecOOHistograms/crab_eecAnalysis_ppref_2024-09-10/260910_041527/0001/eecAnalysis_ppref_2024-09-10_1808.root
hadd Source file 103: /eos/cms/store/group/phys_heavyions/jvelazqu/energycorr/eecAnalysis_ppref_2024-09-10/eecOOHistograms/crab_eecAnalysis_ppref_2024-09-10/260910_041527/0001/eecAnalysis_ppref_2024-09-10_1387.root
hadd Source file 109: /eos/cms/store/group/phys_heavyions/jvelazqu/energycorr/eecAnalysis_ppref_2024-09-10/eecOOHistograms/crab_eecAnalysis_ppref_2024-09-10/260910_041527/0003/eecAnalysis_ppref_2024-09-10_3105.root
hadd Source file 107: /eos/cms/store/group/phys_heavyions/jvelazqu/energycorr/eecAnalysis_ppref_2024-09-10/eecOOHistograms/crab_eecAnalysis_ppref_2024-09-10/260910_041527/0000/eecAnalysis_ppref_2024-09-10_963.root
hadd Source file 104: /eos/cms/store/group/phys_heavyions/jvelazqu/energycorr/eecAnalysis_ppref_2024-09-10/eecOOHistograms/crab_eecAnalysis_ppref_2024-09-10/260910_041527/0001/eecAnalysis_ppref_2024-09-10_1388.root
hadd Source file 93: /eos/cms/store/group/phys_heavyions/jvelazqu/energycorr/eecAnalysis_ppref_2024-09-10/eecOOHistograms/crab_eecAnalysis_ppref_2024-09-10/260910_041527/0000/eecAnalysis_ppref_2024-09-10_521.root
hadd Source file 97: /eos/cms/store/group/phys_heavyions/jvelazqu/energycorr/eecAnalysis_ppref_2024-09-10/eecOOHistograms/crab_eecAnalysis_ppref_2024-09-10/260910_041527/0001/eecAnalysis_ppref_2024-09-10_1809.root
hadd Source file 80: /eos/cms/store/group/phys_heavyions/jvelazqu/energycorr/eecAnalysis_ppref_2024-09-10/eecOOHistograms/crab_eecAnalysis_ppref_2024-09-10/260910_041527/0000/eecAnalysis_ppref_2024-09-10_80.root
hadd Source file 108: /eos/cms/store/group/phys_heavyions/jvelazqu/energycorr/eecAnalysis_ppref_2024-09-10/eecOOHistograms/crab_eecAnalysis_ppref_2024-09-10/260910_041527/0000/eecAnalysis_ppref_2024-09-10_964.root
hadd Source file 78: /eos/cms/store/group/phys_heavyions/jvelazqu/energycorr/eecAnalysis_ppref_2024-09-10/eecOOHistograms/crab_eecAnalysis_ppref_2024-09-10/260910_041527/0002/eecAnalysis_ppref_2024-09-10_2646.root
hadd Source file 94: /eos/cms/store/group/phys_heavyions/jvelazqu/energycorr/eecAnalysis_ppref_2024-09-10/eecOOHistograms/crab_eecAnalysis_ppref_2024-09-10/260910_041527/0000/eecAnalysis_ppref_2024-09-10_522.root
hadd Source file 105: /eos/cms/store/group/phys_heavyions/jvelazqu/energycorr/eecAnalysis_ppref_2024-09-10/eecOOHistograms/crab_eecAnalysis_ppref_2024-09-10/260910_041527/0001/eecAnalysis_ppref_2024-09-10_1389.root
hadd Source file 81: /eos/cms/store/group/phys_heavyions/jvelazqu/energycorr/eecAnalysis_ppref_2024-09-10/eecOOHistograms/crab_eecAnalysis_ppref_2024-09-10/260910_041527/0000/eecAnalysis_ppref_2024-09-10_81.root
hadd Source file 79: /eos/cms/store/group/phys_heavyions/jvelazqu/energycorr/eecAnalysis_ppref_2024-09-10/eecOOHistograms/crab_eecAnalysis_ppref_2024-09-10/260910_041527/0002/eecAnalysis_ppref_2024-09-10_2647.root
hadd Source file 98: /eos/cms/store/group/phys_heavyions/jvelazqu/energycorr/eecAnalysis_ppref_2024-09-10/eecOOHistograms/crab_eecAnalysis_ppref_2024-09-10/260910_041527/0001/eecAnalysis_ppref_2024-09-10_1810.root
hadd Source file 81: /eos/cms/store/group/phys_heavyions/jvelazqu/energycorr/eecAnalysis_ppref_2024-09-10/eecOOHistograms/crab_eecAnalysis_ppref_2024-09-10/260910_041527/0003/eecAnalysis_ppref_2024-09-10_3505.root
hadd Source file 82: /eos/cms/store/group/phys_heavyions/jvelazqu/energycorr/eecAnalysis_ppref_2024-09-10/eecOOHistograms/crab_eecAnalysis_ppref_2024-09-10/260910_041527/0000/eecAnalysis_ppref_2024-09-10_82.root
hadd Source file 100: /eos/cms/store/group/phys_heavyions/jvelazqu/energycorr/eecAnalysis_ppref_2024-09-10/eecOOHistograms/crab_eecAnalysis_ppref_2024-09-10/260910_041527/0003/eecAnalysis_ppref_2024-09-10_3952.root
hadd Source file 95: /eos/cms/store/group/phys_heavyions/jvelazqu/energycorr/eecAnalysis_ppref_2024-09-10/eecOOHistograms/crab_eecAnalysis_ppref_2024-09-10/260910_041527/0000/eecAnalysis_ppref_2024-09-10_523.root
hadd Source file 87: /eos/cms/store/group/phys_heavyions/jvelazqu/energycorr/eecAnalysis_ppref_2024-09-10/eecOOHistograms/crab_eecAnalysis_ppref_2024-09-10/260910_041527/0002/eecAnalysis_ppref_2024-09-10_2227.root
hadd Source file 106: /eos/cms/store/group/phys_heavyions/jvelazqu/energycorr/eecAnalysis_ppref_2024-09-10/eecOOHistograms/crab_eecAnalysis_ppref_2024-09-10/260910_041527/0001/eecAnalysis_ppref_2024-09-10_1390.root
hadd Source file 80: /eos/cms/store/group/phys_heavyions/jvelazqu/energycorr/eecAnalysis_ppref_2024-09-10/eecOOHistograms/crab_eecAnalysis_ppref_2024-09-10/260910_041527/0002/eecAnalysis_ppref_2024-09-10_2648.root
hadd Source file 99: /eos/cms/store/group/phys_heavyions/jvelazqu/energycorr/eecAnalysis_ppref_2024-09-10/eecOOHistograms/crab_eecAnalysis_ppref_2024-09-10/260910_041527/0001/eecAnalysis_ppref_2024-09-10_1811.root
hadd Source file 101: /eos/cms/store/group/phys_heavyions/jvelazqu/energycorr/eecAnalysis_ppref_2024-09-10/eecOOHistograms/crab_eecAnalysis_ppref_2024-09-10/260910_041527/0003/eecAnalysis_ppref_2024-09-10_3953.root
hadd Source file 88: /eos/cms/store/group/phys_heavyions/jvelazqu/energycorr/eecAnalysis_ppref_2024-09-10/eecOOHistograms/crab_eecAnalysis_ppref_2024-09-10/260910_041527/0002/eecAnalysis_ppref_2024-09-10_2228.root
hadd Source file 82: /eos/cms/store/group/phys_heavyions/jvelazqu/energycorr/eecAnalysis_ppref_2024-09-10/eecOOHistograms/crab_eecAnalysis_ppref_2024-09-10/260910_041527/0003/eecAnalysis_ppref_2024-09-10_3506.root
hadd Source file 83: /eos/cms/store/group/phys_heavyions/jvelazqu/energycorr/eecAnalysis_ppref_2024-09-10/eecOOHistograms/crab_eecAnalysis_ppref_2024-09-10/260910_041527/0000/eecAnalysis_ppref_2024-09-10_83.root
hadd Source file 107: /eos/cms/store/group/phys_heavyions/jvelazqu/energycorr/eecAnalysis_ppref_2024-09-10/eecOOHistograms/crab_eecAnalysis_ppref_2024-09-10/260910_041527/0001/eecAnalysis_ppref_2024-09-10_1391.root
hadd Source file 110: /eos/cms/store/group/phys_heavyions/jvelazqu/energycorr/eecAnalysis_ppref_2024-09-10/eecOOHistograms/crab_eecAnalysis_ppref_2024-09-10/260910_041527/0003/eecAnalysis_ppref_2024-09-10_3106.root
hadd Source file 89: /eos/cms/store/group/phys_heavyions/jvelazqu/energycorr/eecAnalysis_ppref_2024-09-10/eecOOHistograms/crab_eecAnalysis_ppref_2024-09-10/260910_041527/0002/eecAnalysis_ppref_2024-09-10_2229.root
hadd Source file 81: /eos/cms/store/group/phys_heavyions/jvelazqu/energycorr/eecAnalysis_ppref_2024-09-10/eecOOHistograms/crab_eecAnalysis_ppref_2024-09-10/260910_041527/0002/eecAnalysis_ppref_2024-09-10_2649.root
hadd Source file 100: /eos/cms/store/group/phys_heavyions/jvelazqu/energycorr/eecAnalysis_ppref_2024-09-10/eecOOHistograms/crab_eecAnalysis_ppref_2024-09-10/260910_041527/0001/eecAnalysis_ppref_2024-09-10_1812.root
hadd Source file 108: /eos/cms/store/group/phys_heavyions/jvelazqu/energycorr/eecAnalysis_ppref_2024-09-10/eecOOHistograms/crab_eecAnalysis_ppref_2024-09-10/260910_041527/0001/eecAnalysis_ppref_2024-09-10_1392.root
hadd Source file 109: /eos/cms/store/group/phys_heavyions/jvelazqu/energycorr/eecAnalysis_ppref_2024-09-10/eecOOHistograms/crab_eecAnalysis_ppref_2024-09-10/260910_041527/0000/eecAnalysis_ppref_2024-09-10_965.root
hadd Source file 83: /eos/cms/store/group/phys_heavyions/jvelazqu/energycorr/eecAnalysis_ppref_2024-09-10/eecOOHistograms/crab_eecAnalysis_ppref_2024-09-10/260910_041527/0003/eecAnalysis_ppref_2024-09-10_3507.root
hadd Source file 90: /eos/cms/store/group/phys_heavyions/jvelazqu/energycorr/eecAnalysis_ppref_2024-09-10/eecOOHistograms/crab_eecAnalysis_ppref_2024-09-10/260910_041527/0002/eecAnalysis_ppref_2024-09-10_2230.root
hadd Source file 102: /eos/cms/store/group/phys_heavyions/jvelazqu/energycorr/eecAnalysis_ppref_2024-09-10/eecOOHistograms/crab_eecAnalysis_ppref_2024-09-10/260910_041527/0003/eecAnalysis_ppref_2024-09-10_3954.root
hadd Source file 101: /eos/cms/store/group/phys_heavyions/jvelazqu/energycorr/eecAnalysis_ppref_2024-09-10/eecOOHistograms/crab_eecAnalysis_ppref_2024-09-10/260910_041527/0001/eecAnalysis_ppref_2024-09-10_1813.root
hadd Source file 109: /eos/cms/store/group/phys_heavyions/jvelazqu/energycorr/eecAnalysis_ppref_2024-09-10/eecOOHistograms/crab_eecAnalysis_ppref_2024-09-10/260910_041527/0001/eecAnalysis_ppref_2024-09-10_1393.root
hadd Source file 84: /eos/cms/store/group/phys_heavyions/jvelazqu/energycorr/eecAnalysis_ppref_2024-09-10/eecOOHistograms/crab_eecAnalysis_ppref_2024-09-10/260910_041527/0003/eecAnalysis_ppref_2024-09-10_3508.root
hadd Source file 103: /eos/cms/store/group/phys_heavyions/jvelazqu/energycorr/eecAnalysis_ppref_2024-09-10/eecOOHistograms/crab_eecAnalysis_ppref_2024-09-10/260910_041527/0003/eecAnalysis_ppref_2024-09-10_3955.root
hadd Source file 82: /eos/cms/store/group/phys_heavyions/jvelazqu/energycorr/eecAnalysis_ppref_2024-09-10/eecOOHistograms/crab_eecAnalysis_ppref_2024-09-10/260910_041527/0002/eecAnalysis_ppref_2024-09-10_2650.root
hadd Source file 91: /eos/cms/store/group/phys_heavyions/jvelazqu/energycorr/eecAnalysis_ppref_2024-09-10/eecOOHistograms/crab_eecAnalysis_ppref_2024-09-10/260910_041527/0002/eecAnalysis_ppref_2024-09-10_2231.root
hadd Source file 102: /eos/cms/store/group/phys_heavyions/jvelazqu/energycorr/eecAnalysis_ppref_2024-09-10/eecOOHistograms/crab_eecAnalysis_ppref_2024-09-10/260910_041527/0001/eecAnalysis_ppref_2024-09-10_1814.root
hadd Source file 96: /eos/cms/store/group/phys_heavyions/jvelazqu/energycorr/eecAnalysis_ppref_2024-09-10/eecOOHistograms/crab_eecAnalysis_ppref_2024-09-10/260910_041527/0000/eecAnalysis_ppref_2024-09-10_524.root
hadd Source file 110: /eos/cms/store/group/phys_heavyions/jvelazqu/energycorr/eecAnalysis_ppref_2024-09-10/eecOOHistograms/crab_eecAnalysis_ppref_2024-09-10/260910_041527/0001/eecAnalysis_ppref_2024-09-10_1394.root
hadd Source file 85: /eos/cms/store/group/phys_heavyions/jvelazqu/energycorr/eecAnalysis_ppref_2024-09-10/eecOOHistograms/crab_eecAnalysis_ppref_2024-09-10/260910_041527/0003/eecAnalysis_ppref_2024-09-10_3509.root
hadd Source file 110: /eos/cms/store/group/phys_heavyions/jvelazqu/energycorr/eecAnalysis_ppref_2024-09-10/eecOOHistograms/crab_eecAnalysis_ppref_2024-09-10/260910_041527/0000/eecAnalysis_ppref_2024-09-10_966.root
hadd Source file 104: /eos/cms/store/group/phys_heavyions/jvelazqu/energycorr/eecAnalysis_ppref_2024-09-10/eecOOHistograms/crab_eecAnalysis_ppref_2024-09-10/260910_041527/0003/eecAnalysis_ppref_2024-09-10_3956.root
hadd Source file 83: /eos/cms/store/group/phys_heavyions/jvelazqu/energycorr/eecAnalysis_ppref_2024-09-10/eecOOHistograms/crab_eecAnalysis_ppref_2024-09-10/260910_041527/0002/eecAnalysis_ppref_2024-09-10_2651.root
hadd Source file 92: /eos/cms/store/group/phys_heavyions/jvelazqu/energycorr/eecAnalysis_ppref_2024-09-10/eecOOHistograms/crab_eecAnalysis_ppref_2024-09-10/260910_041527/0002/eecAnalysis_ppref_2024-09-10_2232.root
hadd Source file 97: /eos/cms/store/group/phys_heavyions/jvelazqu/energycorr/eecAnalysis_ppref_2024-09-10/eecOOHistograms/crab_eecAnalysis_ppref_2024-09-10/260910_041527/0000/eecAnalysis_ppref_2024-09-10_525.root
hadd Source file 111: /eos/cms/store/group/phys_heavyions/jvelazqu/energycorr/eecAnalysis_ppref_2024-09-10/eecOOHistograms/crab_eecAnalysis_ppref_2024-09-10/260910_041527/0003/eecAnalysis_ppref_2024-09-10_3107.root
hadd Source file 84: /eos/cms/store/group/phys_heavyions/jvelazqu/energycorr/eecAnalysis_ppref_2024-09-10/eecOOHistograms/crab_eecAnalysis_ppref_2024-09-10/260910_041527/0000/eecAnalysis_ppref_2024-09-10_84.root
hadd Source file 105: /eos/cms/store/group/phys_heavyions/jvelazqu/energycorr/eecAnalysis_ppref_2024-09-10/eecOOHistograms/crab_eecAnalysis_ppref_2024-09-10/260910_041527/0003/eecAnalysis_ppref_2024-09-10_3957.root
hadd Source file 86: /eos/cms/store/group/phys_heavyions/jvelazqu/energycorr/eecAnalysis_ppref_2024-09-10/eecOOHistograms/crab_eecAnalysis_ppref_2024-09-10/260910_041527/0003/eecAnalysis_ppref_2024-09-10_3510.root
hadd Source file 111: /eos/cms/store/group/phys_heavyions/jvelazqu/energycorr/eecAnalysis_ppref_2024-09-10/eecOOHistograms/crab_eecAnalysis_ppref_2024-09-10/260910_041527/0000/eecAnalysis_ppref_2024-09-10_967.root
hadd Source file 84: /eos/cms/store/group/phys_heavyions/jvelazqu/energycorr/eecAnalysis_ppref_2024-09-10/eecOOHistograms/crab_eecAnalysis_ppref_2024-09-10/260910_041527/0002/eecAnalysis_ppref_2024-09-10_2652.root
hadd Source file 98: /eos/cms/store/group/phys_heavyions/jvelazqu/energycorr/eecAnalysis_ppref_2024-09-10/eecOOHistograms/crab_eecAnalysis_ppref_2024-09-10/260910_041527/0000/eecAnalysis_ppref_2024-09-10_526.root
hadd Source file 111: /eos/cms/store/group/phys_heavyions/jvelazqu/energycorr/eecAnalysis_ppref_2024-09-10/eecOOHistograms/crab_eecAnalysis_ppref_2024-09-10/260910_041527/0001/eecAnalysis_ppref_2024-09-10_1395.root
hadd Source file 106: /eos/cms/store/group/phys_heavyions/jvelazqu/energycorr/eecAnalysis_ppref_2024-09-10/eecOOHistograms/crab_eecAnalysis_ppref_2024-09-10/260910_041527/0003/eecAnalysis_ppref_2024-09-10_3958.root
hadd Source file 85: /eos/cms/store/group/phys_heavyions/jvelazqu/energycorr/eecAnalysis_ppref_2024-09-10/eecOOHistograms/crab_eecAnalysis_ppref_2024-09-10/260910_041527/0000/eecAnalysis_ppref_2024-09-10_85.root
hadd Source file 87: /eos/cms/store/group/phys_heavyions/jvelazqu/energycorr/eecAnalysis_ppref_2024-09-10/eecOOHistograms/crab_eecAnalysis_ppref_2024-09-10/260910_041527/0003/eecAnalysis_ppref_2024-09-10_3511.root
hadd Source file 93: /eos/cms/store/group/phys_heavyions/jvelazqu/energycorr/eecAnalysis_ppref_2024-09-10/eecOOHistograms/crab_eecAnalysis_ppref_2024-09-10/260910_041527/0002/eecAnalysis_ppref_2024-09-10_2233.root
hadd Source file 112: /eos/cms/store/group/phys_heavyions/jvelazqu/energycorr/eecAnalysis_ppref_2024-09-10/eecOOHistograms/crab_eecAnalysis_ppref_2024-09-10/260910_041527/0000/eecAnalysis_ppref_2024-09-10_968.root
hadd Source file 107: /eos/cms/store/group/phys_heavyions/jvelazqu/energycorr/eecAnalysis_ppref_2024-09-10/eecOOHistograms/crab_eecAnalysis_ppref_2024-09-10/260910_041527/0003/eecAnalysis_ppref_2024-09-10_3959.root
hadd Source file 86: /eos/cms/store/group/phys_heavyions/jvelazqu/energycorr/eecAnalysis_ppref_2024-09-10/eecOOHistograms/crab_eecAnalysis_ppref_2024-09-10/260910_041527/0000/eecAnalysis_ppref_2024-09-10_86.root
hadd Source file 88: /eos/cms/store/group/phys_heavyions/jvelazqu/energycorr/eecAnalysis_ppref_2024-09-10/eecOOHistograms/crab_eecAnalysis_ppref_2024-09-10/260910_041527/0003/eecAnalysis_ppref_2024-09-10_3512.root
hadd Source file 103: /eos/cms/store/group/phys_heavyions/jvelazqu/energycorr/eecAnalysis_ppref_2024-09-10/eecOOHistograms/crab_eecAnalysis_ppref_2024-09-10/260910_041527/0001/eecAnalysis_ppref_2024-09-10_1815.root
hadd Source file 87: /eos/cms/store/group/phys_heavyions/jvelazqu/energycorr/eecAnalysis_ppref_2024-09-10/eecOOHistograms/crab_eecAnalysis_ppref_2024-09-10/260910_041527/0000/eecAnalysis_ppref_2024-09-10_87.root
hadd Source file 108: /eos/cms/store/group/phys_heavyions/jvelazqu/energycorr/eecAnalysis_ppref_2024-09-10/eecOOHistograms/crab_eecAnalysis_ppref_2024-09-10/260910_041527/0003/eecAnalysis_ppref_2024-09-10_3960.root
hadd Source file 113: /eos/cms/store/group/phys_heavyions/jvelazqu/energycorr/eecAnalysis_ppref_2024-09-10/eecOOHistograms/crab_eecAnalysis_ppref_2024-09-10/260910_041527/0000/eecAnalysis_ppref_2024-09-10_969.root
hadd Source file 89: /eos/cms/store/group/phys_heavyions/jvelazqu/energycorr/eecAnalysis_ppref_2024-09-10/eecOOHistograms/crab_eecAnalysis_ppref_2024-09-10/260910_041527/0003/eecAnalysis_ppref_2024-09-10_3513.root
hadd Source file 104: /eos/cms/store/group/phys_heavyions/jvelazqu/energycorr/eecAnalysis_ppref_2024-09-10/eecOOHistograms/crab_eecAnalysis_ppref_2024-09-10/260910_041527/0001/eecAnalysis_ppref_2024-09-10_1816.root
hadd Source file 88: /eos/cms/store/group/phys_heavyions/jvelazqu/energycorr/eecAnalysis_ppref_2024-09-10/eecOOHistograms/crab_eecAnalysis_ppref_2024-09-10/260910_041527/0000/eecAnalysis_ppref_2024-09-10_88.root
hadd Source file 112: /eos/cms/store/group/phys_heavyions/jvelazqu/energycorr/eecAnalysis_ppref_2024-09-10/eecOOHistograms/crab_eecAnalysis_ppref_2024-09-10/260910_041527/0003/eecAnalysis_ppref_2024-09-10_3108.root
hadd Source file 114: /eos/cms/store/group/phys_heavyions/jvelazqu/energycorr/eecAnalysis_ppref_2024-09-10/eecOOHistograms/crab_eecAnalysis_ppref_2024-09-10/260910_041527/0000/eecAnalysis_ppref_2024-09-10_970.root
hadd Source file 90: /eos/cms/store/group/phys_heavyions/jvelazqu/energycorr/eecAnalysis_ppref_2024-09-10/eecOOHistograms/crab_eecAnalysis_ppref_2024-09-10/260910_041527/0003/eecAnalysis_ppref_2024-09-10_3514.root
hadd Source file 94: /eos/cms/store/group/phys_heavyions/jvelazqu/energycorr/eecAnalysis_ppref_2024-09-10/eecOOHistograms/crab_eecAnalysis_ppref_2024-09-10/260910_041527/0002/eecAnalysis_ppref_2024-09-10_2234.root
hadd Source file 115: /eos/cms/store/group/phys_heavyions/jvelazqu/energycorr/eecAnalysis_ppref_2024-09-10/eecOOHistograms/crab_eecAnalysis_ppref_2024-09-10/260910_041527/0000/eecAnalysis_ppref_2024-09-10_971.root
hadd Source file 89: /eos/cms/store/group/phys_heavyions/jvelazqu/energycorr/eecAnalysis_ppref_2024-09-10/eecOOHistograms/crab_eecAnalysis_ppref_2024-09-10/260910_041527/0000/eecAnalysis_ppref_2024-09-10_89.root
hadd Source file 85: /eos/cms/store/group/phys_heavyions/jvelazqu/energycorr/eecAnalysis_ppref_2024-09-10/eecOOHistograms/crab_eecAnalysis_ppref_2024-09-10/260910_041527/0002/eecAnalysis_ppref_2024-09-10_2653.root
hadd Source file 105: /eos/cms/store/group/phys_heavyions/jvelazqu/energycorr/eecAnalysis_ppref_2024-09-10/eecOOHistograms/crab_eecAnalysis_ppref_2024-09-10/260910_041527/0001/eecAnalysis_ppref_2024-09-10_1817.root
hadd Source file 113: /eos/cms/store/group/phys_heavyions/jvelazqu/energycorr/eecAnalysis_ppref_2024-09-10/eecOOHistograms/crab_eecAnalysis_ppref_2024-09-10/260910_041527/0003/eecAnalysis_ppref_2024-09-10_3109.root
hadd Source file 95: /eos/cms/store/group/phys_heavyions/jvelazqu/energycorr/eecAnalysis_ppref_2024-09-10/eecOOHistograms/crab_eecAnalysis_ppref_2024-09-10/260910_041527/0002/eecAnalysis_ppref_2024-09-10_2235.root
hadd Source file 112: /eos/cms/store/group/phys_heavyions/jvelazqu/energycorr/eecAnalysis_ppref_2024-09-10/eecOOHistograms/crab_eecAnalysis_ppref_2024-09-10/260910_041527/0001/eecAnalysis_ppref_2024-09-10_1396.root
hadd Source file 91: /eos/cms/store/group/phys_heavyions/jvelazqu/energycorr/eecAnalysis_ppref_2024-09-10/eecOOHistograms/crab_eecAnalysis_ppref_2024-09-10/260910_041527/0003/eecAnalysis_ppref_2024-09-10_3515.root
hadd Source file 114: /eos/cms/store/group/phys_heavyions/jvelazqu/energycorr/eecAnalysis_ppref_2024-09-10/eecOOHistograms/crab_eecAnalysis_ppref_2024-09-10/260910_041527/0003/eecAnalysis_ppref_2024-09-10_3110.root
hadd Source file 106: /eos/cms/store/group/phys_heavyions/jvelazqu/energycorr/eecAnalysis_ppref_2024-09-10/eecOOHistograms/crab_eecAnalysis_ppref_2024-09-10/260910_041527/0001/eecAnalysis_ppref_2024-09-10_1818.root
hadd Source file 86: /eos/cms/store/group/phys_heavyions/jvelazqu/energycorr/eecAnalysis_ppref_2024-09-10/eecOOHistograms/crab_eecAnalysis_ppref_2024-09-10/260910_041527/0002/eecAnalysis_ppref_2024-09-10_2654.root
hadd Source file 99: /eos/cms/store/group/phys_heavyions/jvelazqu/energycorr/eecAnalysis_ppref_2024-09-10/eecOOHistograms/crab_eecAnalysis_ppref_2024-09-10/260910_041527/0000/eecAnalysis_ppref_2024-09-10_527.root
hadd Source file 90: /eos/cms/store/group/phys_heavyions/jvelazqu/energycorr/eecAnalysis_ppref_2024-09-10/eecOOHistograms/crab_eecAnalysis_ppref_2024-09-10/260910_041527/0000/eecAnalysis_ppref_2024-09-10_90.root
hadd Source file 96: /eos/cms/store/group/phys_heavyions/jvelazqu/energycorr/eecAnalysis_ppref_2024-09-10/eecOOHistograms/crab_eecAnalysis_ppref_2024-09-10/260910_041527/0002/eecAnalysis_ppref_2024-09-10_2236.root
hadd Source file 109: /eos/cms/store/group/phys_heavyions/jvelazqu/energycorr/eecAnalysis_ppref_2024-09-10/eecOOHistograms/crab_eecAnalysis_ppref_2024-09-10/260910_041527/0003/eecAnalysis_ppref_2024-09-10_3961.root
hadd Source file 107: /eos/cms/store/group/phys_heavyions/jvelazqu/energycorr/eecAnalysis_ppref_2024-09-10/eecOOHistograms/crab_eecAnalysis_ppref_2024-09-10/260910_041527/0001/eecAnalysis_ppref_2024-09-10_1819.root
hadd Source file 113: /eos/cms/store/group/phys_heavyions/jvelazqu/energycorr/eecAnalysis_ppref_2024-09-10/eecOOHistograms/crab_eecAnalysis_ppref_2024-09-10/260910_041527/0001/eecAnalysis_ppref_2024-09-10_1397.root
hadd Source file 115: /eos/cms/store/group/phys_heavyions/jvelazqu/energycorr/eecAnalysis_ppref_2024-09-10/eecOOHistograms/crab_eecAnalysis_ppref_2024-09-10/260910_041527/0003/eecAnalysis_ppref_2024-09-10_3111.root
hadd Source file 100: /eos/cms/store/group/phys_heavyions/jvelazqu/energycorr/eecAnalysis_ppref_2024-09-10/eecOOHistograms/crab_eecAnalysis_ppref_2024-09-10/260910_041527/0000/eecAnalysis_ppref_2024-09-10_528.root
hadd Source file 97: /eos/cms/store/group/phys_heavyions/jvelazqu/energycorr/eecAnalysis_ppref_2024-09-10/eecOOHistograms/crab_eecAnalysis_ppref_2024-09-10/260910_041527/0002/eecAnalysis_ppref_2024-09-10_2237.root
hadd Source file 110: /eos/cms/store/group/phys_heavyions/jvelazqu/energycorr/eecAnalysis_ppref_2024-09-10/eecOOHistograms/crab_eecAnalysis_ppref_2024-09-10/260910_041527/0003/eecAnalysis_ppref_2024-09-10_3962.root
hadd Source file 91: /eos/cms/store/group/phys_heavyions/jvelazqu/energycorr/eecAnalysis_ppref_2024-09-10/eecOOHistograms/crab_eecAnalysis_ppref_2024-09-10/260910_041527/0000/eecAnalysis_ppref_2024-09-10_91.root
hadd Source file 116: /eos/cms/store/group/phys_heavyions/jvelazqu/energycorr/eecAnalysis_ppref_2024-09-10/eecOOHistograms/crab_eecAnalysis_ppref_2024-09-10/260910_041527/0003/eecAnalysis_ppref_2024-09-10_3112.root
hadd Source file 101: /eos/cms/store/group/phys_heavyions/jvelazqu/energycorr/eecAnalysis_ppref_2024-09-10/eecOOHistograms/crab_eecAnalysis_ppref_2024-09-10/260910_041527/0000/eecAnalysis_ppref_2024-09-10_529.root
hadd Source file 111: /eos/cms/store/group/phys_heavyions/jvelazqu/energycorr/eecAnalysis_ppref_2024-09-10/eecOOHistograms/crab_eecAnalysis_ppref_2024-09-10/260910_041527/0003/eecAnalysis_ppref_2024-09-10_3963.root
hadd Source file 92: /eos/cms/store/group/phys_heavyions/jvelazqu/energycorr/eecAnalysis_ppref_2024-09-10/eecOOHistograms/crab_eecAnalysis_ppref_2024-09-10/260910_041527/0000/eecAnalysis_ppref_2024-09-10_92.root
hadd Source file 108: /eos/cms/store/group/phys_heavyions/jvelazqu/energycorr/eecAnalysis_ppref_2024-09-10/eecOOHistograms/crab_eecAnalysis_ppref_2024-09-10/260910_041527/0001/eecAnalysis_ppref_2024-09-10_1820.root
hadd Source file 117: /eos/cms/store/group/phys_heavyions/jvelazqu/energycorr/eecAnalysis_ppref_2024-09-10/eecOOHistograms/crab_eecAnalysis_ppref_2024-09-10/260910_041527/0003/eecAnalysis_ppref_2024-09-10_3113.root
hadd Source file 116: /eos/cms/store/group/phys_heavyions/jvelazqu/energycorr/eecAnalysis_ppref_2024-09-10/eecOOHistograms/crab_eecAnalysis_ppref_2024-09-10/260910_041527/0000/eecAnalysis_ppref_2024-09-10_972.root
hadd Source file 92: /eos/cms/store/group/phys_heavyions/jvelazqu/energycorr/eecAnalysis_ppref_2024-09-10/eecOOHistograms/crab_eecAnalysis_ppref_2024-09-10/260910_041527/0003/eecAnalysis_ppref_2024-09-10_3516.root
hadd Source file 118: /eos/cms/store/group/phys_heavyions/jvelazqu/energycorr/eecAnalysis_ppref_2024-09-10/eecOOHistograms/crab_eecAnalysis_ppref_2024-09-10/260910_041527/0003/eecAnalysis_ppref_2024-09-10_3114.root
hadd Source file 112: /eos/cms/store/group/phys_heavyions/jvelazqu/energycorr/eecAnalysis_ppref_2024-09-10/eecOOHistograms/crab_eecAnalysis_ppref_2024-09-10/260910_041527/0003/eecAnalysis_ppref_2024-09-10_3964.root
hadd Source file 98: /eos/cms/store/group/phys_heavyions/jvelazqu/energycorr/eecAnalysis_ppref_2024-09-10/eecOOHistograms/crab_eecAnalysis_ppref_2024-09-10/260910_041527/0002/eecAnalysis_ppref_2024-09-10_2238.root
hadd Source file 109: /eos/cms/store/group/phys_heavyions/jvelazqu/energycorr/eecAnalysis_ppref_2024-09-10/eecOOHistograms/crab_eecAnalysis_ppref_2024-09-10/260910_041527/0001/eecAnalysis_ppref_2024-09-10_1821.root
hadd Source file 102: /eos/cms/store/group/phys_heavyions/jvelazqu/energycorr/eecAnalysis_ppref_2024-09-10/eecOOHistograms/crab_eecAnalysis_ppref_2024-09-10/260910_041527/0000/eecAnalysis_ppref_2024-09-10_530.root
hadd Source file 99: /eos/cms/store/group/phys_heavyions/jvelazqu/energycorr/eecAnalysis_ppref_2024-09-10/eecOOHistograms/crab_eecAnalysis_ppref_2024-09-10/260910_041527/0002/eecAnalysis_ppref_2024-09-10_2239.root
hadd Source file 117: /eos/cms/store/group/phys_heavyions/jvelazqu/energycorr/eecAnalysis_ppref_2024-09-10/eecOOHistograms/crab_eecAnalysis_ppref_2024-09-10/260910_041527/0000/eecAnalysis_ppref_2024-09-10_973.root
hadd Source file 113: /eos/cms/store/group/phys_heavyions/jvelazqu/energycorr/eecAnalysis_ppref_2024-09-10/eecOOHistograms/crab_eecAnalysis_ppref_2024-09-10/260910_041527/0003/eecAnalysis_ppref_2024-09-10_3965.root
hadd Source file 110: /eos/cms/store/group/phys_heavyions/jvelazqu/energycorr/eecAnalysis_ppref_2024-09-10/eecOOHistograms/crab_eecAnalysis_ppref_2024-09-10/260910_041527/0001/eecAnalysis_ppref_2024-09-10_1822.root
hadd Source file 93: /eos/cms/store/group/phys_heavyions/jvelazqu/energycorr/eecAnalysis_ppref_2024-09-10/eecOOHistograms/crab_eecAnalysis_ppref_2024-09-10/260910_041527/0003/eecAnalysis_ppref_2024-09-10_3517.root
hadd Source file 87: /eos/cms/store/group/phys_heavyions/jvelazqu/energycorr/eecAnalysis_ppref_2024-09-10/eecOOHistograms/crab_eecAnalysis_ppref_2024-09-10/260910_041527/0002/eecAnalysis_ppref_2024-09-10_2655.root
hadd Source file 103: /eos/cms/store/group/phys_heavyions/jvelazqu/energycorr/eecAnalysis_ppref_2024-09-10/eecOOHistograms/crab_eecAnalysis_ppref_2024-09-10/260910_041527/0000/eecAnalysis_ppref_2024-09-10_531.root
hadd Source file 100: /eos/cms/store/group/phys_heavyions/jvelazqu/energycorr/eecAnalysis_ppref_2024-09-10/eecOOHistograms/crab_eecAnalysis_ppref_2024-09-10/260910_041527/0002/eecAnalysis_ppref_2024-09-10_2240.root
hadd Source file 111: /eos/cms/store/group/phys_heavyions/jvelazqu/energycorr/eecAnalysis_ppref_2024-09-10/eecOOHistograms/crab_eecAnalysis_ppref_2024-09-10/260910_041527/0001/eecAnalysis_ppref_2024-09-10_1823.root
hadd Source file 119: /eos/cms/store/group/phys_heavyions/jvelazqu/energycorr/eecAnalysis_ppref_2024-09-10/eecOOHistograms/crab_eecAnalysis_ppref_2024-09-10/260910_041527/0003/eecAnalysis_ppref_2024-09-10_3115.root
hadd Source file 118: /eos/cms/store/group/phys_heavyions/jvelazqu/energycorr/eecAnalysis_ppref_2024-09-10/eecOOHistograms/crab_eecAnalysis_ppref_2024-09-10/260910_041527/0000/eecAnalysis_ppref_2024-09-10_974.root
hadd Source file 104: /eos/cms/store/group/phys_heavyions/jvelazqu/energycorr/eecAnalysis_ppref_2024-09-10/eecOOHistograms/crab_eecAnalysis_ppref_2024-09-10/260910_041527/0000/eecAnalysis_ppref_2024-09-10_532.root
hadd Source file 88: /eos/cms/store/group/phys_heavyions/jvelazqu/energycorr/eecAnalysis_ppref_2024-09-10/eecOOHistograms/crab_eecAnalysis_ppref_2024-09-10/260910_041527/0002/eecAnalysis_ppref_2024-09-10_2656.root
hadd Source file 112: /eos/cms/store/group/phys_heavyions/jvelazqu/energycorr/eecAnalysis_ppref_2024-09-10/eecOOHistograms/crab_eecAnalysis_ppref_2024-09-10/260910_041527/0001/eecAnalysis_ppref_2024-09-10_1824.root
hadd Source file 101: /eos/cms/store/group/phys_heavyions/jvelazqu/energycorr/eecAnalysis_ppref_2024-09-10/eecOOHistograms/crab_eecAnalysis_ppref_2024-09-10/260910_041527/0002/eecAnalysis_ppref_2024-09-10_2241.root
hadd Source file 119: /eos/cms/store/group/phys_heavyions/jvelazqu/energycorr/eecAnalysis_ppref_2024-09-10/eecOOHistograms/crab_eecAnalysis_ppref_2024-09-10/260910_041527/0000/eecAnalysis_ppref_2024-09-10_975.root
hadd Source file 105: /eos/cms/store/group/phys_heavyions/jvelazqu/energycorr/eecAnalysis_ppref_2024-09-10/eecOOHistograms/crab_eecAnalysis_ppref_2024-09-10/260910_041527/0000/eecAnalysis_ppref_2024-09-10_533.root
hadd Source file 113: /eos/cms/store/group/phys_heavyions/jvelazqu/energycorr/eecAnalysis_ppref_2024-09-10/eecOOHistograms/crab_eecAnalysis_ppref_2024-09-10/260910_041527/0001/eecAnalysis_ppref_2024-09-10_1825.root
hadd Source file 93: /eos/cms/store/group/phys_heavyions/jvelazqu/energycorr/eecAnalysis_ppref_2024-09-10/eecOOHistograms/crab_eecAnalysis_ppref_2024-09-10/260910_041527/0000/eecAnalysis_ppref_2024-09-10_93.root
hadd Source file 89: /eos/cms/store/group/phys_heavyions/jvelazqu/energycorr/eecAnalysis_ppref_2024-09-10/eecOOHistograms/crab_eecAnalysis_ppref_2024-09-10/260910_041527/0002/eecAnalysis_ppref_2024-09-10_2657.root
hadd Source file 120: /eos/cms/store/group/phys_heavyions/jvelazqu/energycorr/eecAnalysis_ppref_2024-09-10/eecOOHistograms/crab_eecAnalysis_ppref_2024-09-10/260910_041527/0003/eecAnalysis_ppref_2024-09-10_3116.root
hadd Source file 120: /eos/cms/store/group/phys_heavyions/jvelazqu/energycorr/eecAnalysis_ppref_2024-09-10/eecOOHistograms/crab_eecAnalysis_ppref_2024-09-10/260910_041527/0000/eecAnalysis_ppref_2024-09-10_976.root
hadd Source file 102: /eos/cms/store/group/phys_heavyions/jvelazqu/energycorr/eecAnalysis_ppref_2024-09-10/eecOOHistograms/crab_eecAnalysis_ppref_2024-09-10/260910_041527/0002/eecAnalysis_ppref_2024-09-10_2242.root
hadd Source file 106: /eos/cms/store/group/phys_heavyions/jvelazqu/energycorr/eecAnalysis_ppref_2024-09-10/eecOOHistograms/crab_eecAnalysis_ppref_2024-09-10/260910_041527/0000/eecAnalysis_ppref_2024-09-10_534.root
hadd Source file 114: /eos/cms/store/group/phys_heavyions/jvelazqu/energycorr/eecAnalysis_ppref_2024-09-10/eecOOHistograms/crab_eecAnalysis_ppref_2024-09-10/260910_041527/0001/eecAnalysis_ppref_2024-09-10_1826.root
hadd Source file 90: /eos/cms/store/group/phys_heavyions/jvelazqu/energycorr/eecAnalysis_ppref_2024-09-10/eecOOHistograms/crab_eecAnalysis_ppref_2024-09-10/260910_041527/0002/eecAnalysis_ppref_2024-09-10_2658.root
hadd Source file 121: /eos/cms/store/group/phys_heavyions/jvelazqu/energycorr/eecAnalysis_ppref_2024-09-10/eecOOHistograms/crab_eecAnalysis_ppref_2024-09-10/260910_041527/0003/eecAnalysis_ppref_2024-09-10_3117.root
hadd Source file 94: /eos/cms/store/group/phys_heavyions/jvelazqu/energycorr/eecAnalysis_ppref_2024-09-10/eecOOHistograms/crab_eecAnalysis_ppref_2024-09-10/260910_041527/0003/eecAnalysis_ppref_2024-09-10_3518.root
hadd Source file 121: /eos/cms/store/group/phys_heavyions/jvelazqu/energycorr/eecAnalysis_ppref_2024-09-10/eecOOHistograms/crab_eecAnalysis_ppref_2024-09-10/260910_041527/0000/eecAnalysis_ppref_2024-09-10_977.root
hadd Source file 91: /eos/cms/store/group/phys_heavyions/jvelazqu/energycorr/eecAnalysis_ppref_2024-09-10/eecOOHistograms/crab_eecAnalysis_ppref_2024-09-10/260910_041527/0002/eecAnalysis_ppref_2024-09-10_2659.root
hadd Source file 103: /eos/cms/store/group/phys_heavyions/jvelazqu/energycorr/eecAnalysis_ppref_2024-09-10/eecOOHistograms/crab_eecAnalysis_ppref_2024-09-10/260910_041527/0002/eecAnalysis_ppref_2024-09-10_2243.root
hadd Source file 94: /eos/cms/store/group/phys_heavyions/jvelazqu/energycorr/eecAnalysis_ppref_2024-09-10/eecOOHistograms/crab_eecAnalysis_ppref_2024-09-10/260910_041527/0000/eecAnalysis_ppref_2024-09-10_94.root
hadd Source file 107: /eos/cms/store/group/phys_heavyions/jvelazqu/energycorr/eecAnalysis_ppref_2024-09-10/eecOOHistograms/crab_eecAnalysis_ppref_2024-09-10/260910_041527/0000/eecAnalysis_ppref_2024-09-10_535.root
hadd Source file 92: /eos/cms/store/group/phys_heavyions/jvelazqu/energycorr/eecAnalysis_ppref_2024-09-10/eecOOHistograms/crab_eecAnalysis_ppref_2024-09-10/260910_041527/0002/eecAnalysis_ppref_2024-09-10_2660.root
hadd Source file 122: /eos/cms/store/group/phys_heavyions/jvelazqu/energycorr/eecAnalysis_ppref_2024-09-10/eecOOHistograms/crab_eecAnalysis_ppref_2024-09-10/260910_041527/0003/eecAnalysis_ppref_2024-09-10_3118.root
hadd Source file 114: /eos/cms/store/group/phys_heavyions/jvelazqu/energycorr/eecAnalysis_ppref_2024-09-10/eecOOHistograms/crab_eecAnalysis_ppref_2024-09-10/260910_041527/0003/eecAnalysis_ppref_2024-09-10_3966.root
hadd Source file 95: /eos/cms/store/group/phys_heavyions/jvelazqu/energycorr/eecAnalysis_ppref_2024-09-10/eecOOHistograms/crab_eecAnalysis_ppref_2024-09-10/260910_041527/0000/eecAnalysis_ppref_2024-09-10_95.root
hadd Source file 93: /eos/cms/store/group/phys_heavyions/jvelazqu/energycorr/eecAnalysis_ppref_2024-09-10/eecOOHistograms/crab_eecAnalysis_ppref_2024-09-10/260910_041527/0002/eecAnalysis_ppref_2024-09-10_2661.root
hadd Source file 108: /eos/cms/store/group/phys_heavyions/jvelazqu/energycorr/eecAnalysis_ppref_2024-09-10/eecOOHistograms/crab_eecAnalysis_ppref_2024-09-10/260910_041527/0000/eecAnalysis_ppref_2024-09-10_536.root
hadd Source file 104: /eos/cms/store/group/phys_heavyions/jvelazqu/energycorr/eecAnalysis_ppref_2024-09-10/eecOOHistograms/crab_eecAnalysis_ppref_2024-09-10/260910_041527/0002/eecAnalysis_ppref_2024-09-10_2244.root
hadd Source file 122: /eos/cms/store/group/phys_heavyions/jvelazqu/energycorr/eecAnalysis_ppref_2024-09-10/eecOOHistograms/crab_eecAnalysis_ppref_2024-09-10/260910_041527/0000/eecAnalysis_ppref_2024-09-10_978.root
hadd Source file 123: /eos/cms/store/group/phys_heavyions/jvelazqu/energycorr/eecAnalysis_ppref_2024-09-10/eecOOHistograms/crab_eecAnalysis_ppref_2024-09-10/260910_041527/0003/eecAnalysis_ppref_2024-09-10_3119.root
hadd Source file 115: /eos/cms/store/group/phys_heavyions/jvelazqu/energycorr/eecAnalysis_ppref_2024-09-10/eecOOHistograms/crab_eecAnalysis_ppref_2024-09-10/260910_041527/0003/eecAnalysis_ppref_2024-09-10_3967.root
hadd Source file 96: /eos/cms/store/group/phys_heavyions/jvelazqu/energycorr/eecAnalysis_ppref_2024-09-10/eecOOHistograms/crab_eecAnalysis_ppref_2024-09-10/260910_041527/0000/eecAnalysis_ppref_2024-09-10_96.root
hadd Source file 109: /eos/cms/store/group/phys_heavyions/jvelazqu/energycorr/eecAnalysis_ppref_2024-09-10/eecOOHistograms/crab_eecAnalysis_ppref_2024-09-10/260910_041527/0000/eecAnalysis_ppref_2024-09-10_537.root
hadd Source file 116: /eos/cms/store/group/phys_heavyions/jvelazqu/energycorr/eecAnalysis_ppref_2024-09-10/eecOOHistograms/crab_eecAnalysis_ppref_2024-09-10/260910_041527/0003/eecAnalysis_ppref_2024-09-10_3968.root
hadd Source file 94: /eos/cms/store/group/phys_heavyions/jvelazqu/energycorr/eecAnalysis_ppref_2024-09-10/eecOOHistograms/crab_eecAnalysis_ppref_2024-09-10/260910_041527/0002/eecAnalysis_ppref_2024-09-10_2662.root
hadd Source file 123: /eos/cms/store/group/phys_heavyions/jvelazqu/energycorr/eecAnalysis_ppref_2024-09-10/eecOOHistograms/crab_eecAnalysis_ppref_2024-09-10/260910_041527/0000/eecAnalysis_ppref_2024-09-10_979.root
hadd Source file 124: /eos/cms/store/group/phys_heavyions/jvelazqu/energycorr/eecAnalysis_ppref_2024-09-10/eecOOHistograms/crab_eecAnalysis_ppref_2024-09-10/260910_041527/0003/eecAnalysis_ppref_2024-09-10_3120.root
hadd Source file 97: /eos/cms/store/group/phys_heavyions/jvelazqu/energycorr/eecAnalysis_ppref_2024-09-10/eecOOHistograms/crab_eecAnalysis_ppref_2024-09-10/260910_041527/0000/eecAnalysis_ppref_2024-09-10_97.root
hadd Source file 117: /eos/cms/store/group/phys_heavyions/jvelazqu/energycorr/eecAnalysis_ppref_2024-09-10/eecOOHistograms/crab_eecAnalysis_ppref_2024-09-10/260910_041527/0003/eecAnalysis_ppref_2024-09-10_3969.root
hadd Source file 95: /eos/cms/store/group/phys_heavyions/jvelazqu/energycorr/eecAnalysis_ppref_2024-09-10/eecOOHistograms/crab_eecAnalysis_ppref_2024-09-10/260910_041527/0002/eecAnalysis_ppref_2024-09-10_2663.root
hadd Source file 98: /eos/cms/store/group/phys_heavyions/jvelazqu/energycorr/eecAnalysis_ppref_2024-09-10/eecOOHistograms/crab_eecAnalysis_ppref_2024-09-10/260910_041527/0000/eecAnalysis_ppref_2024-09-10_98.root
hadd Source file 110: /eos/cms/store/group/phys_heavyions/jvelazqu/energycorr/eecAnalysis_ppref_2024-09-10/eecOOHistograms/crab_eecAnalysis_ppref_2024-09-10/260910_041527/0000/eecAnalysis_ppref_2024-09-10_538.root
hadd Source file 125: /eos/cms/store/group/phys_heavyions/jvelazqu/energycorr/eecAnalysis_ppref_2024-09-10/eecOOHistograms/crab_eecAnalysis_ppref_2024-09-10/260910_041527/0003/eecAnalysis_ppref_2024-09-10_3121.root
hadd Source file 118: /eos/cms/store/group/phys_heavyions/jvelazqu/energycorr/eecAnalysis_ppref_2024-09-10/eecOOHistograms/crab_eecAnalysis_ppref_2024-09-10/260910_041527/0003/eecAnalysis_ppref_2024-09-10_3970.root
hadd Source file 124: /eos/cms/store/group/phys_heavyions/jvelazqu/energycorr/eecAnalysis_ppref_2024-09-10/eecOOHistograms/crab_eecAnalysis_ppref_2024-09-10/260910_041527/0000/eecAnalysis_ppref_2024-09-10_980.root
hadd Source file 119: /eos/cms/store/group/phys_heavyions/jvelazqu/energycorr/eecAnalysis_ppref_2024-09-10/eecOOHistograms/crab_eecAnalysis_ppref_2024-09-10/260910_041527/0003/eecAnalysis_ppref_2024-09-10_3971.root
hadd Source file 111: /eos/cms/store/group/phys_heavyions/jvelazqu/energycorr/eecAnalysis_ppref_2024-09-10/eecOOHistograms/crab_eecAnalysis_ppref_2024-09-10/260910_041527/0000/eecAnalysis_ppref_2024-09-10_539.root
hadd Source file 126: /eos/cms/store/group/phys_heavyions/jvelazqu/energycorr/eecAnalysis_ppref_2024-09-10/eecOOHistograms/crab_eecAnalysis_ppref_2024-09-10/260910_041527/0003/eecAnalysis_ppref_2024-09-10_3122.root
hadd Source file 99: /eos/cms/store/group/phys_heavyions/jvelazqu/energycorr/eecAnalysis_ppref_2024-09-10/eecOOHistograms/crab_eecAnalysis_ppref_2024-09-10/260910_041527/0000/eecAnalysis_ppref_2024-09-10_99.root
hadd Source file 96: /eos/cms/store/group/phys_heavyions/jvelazqu/energycorr/eecAnalysis_ppref_2024-09-10/eecOOHistograms/crab_eecAnalysis_ppref_2024-09-10/260910_041527/0002/eecAnalysis_ppref_2024-09-10_2664.root
hadd Source file 95: /eos/cms/store/group/phys_heavyions/jvelazqu/energycorr/eecAnalysis_ppref_2024-09-10/eecOOHistograms/crab_eecAnalysis_ppref_2024-09-10/260910_041527/0003/eecAnalysis_ppref_2024-09-10_3519.root
hadd Source file 120: /eos/cms/store/group/phys_heavyions/jvelazqu/energycorr/eecAnalysis_ppref_2024-09-10/eecOOHistograms/crab_eecAnalysis_ppref_2024-09-10/260910_041527/0003/eecAnalysis_ppref_2024-09-10_3972.root
hadd Source file 125: /eos/cms/store/group/phys_heavyions/jvelazqu/energycorr/eecAnalysis_ppref_2024-09-10/eecOOHistograms/crab_eecAnalysis_ppref_2024-09-10/260910_041527/0000/eecAnalysis_ppref_2024-09-10_981.root
hadd Source file 105: /eos/cms/store/group/phys_heavyions/jvelazqu/energycorr/eecAnalysis_ppref_2024-09-10/eecOOHistograms/crab_eecAnalysis_ppref_2024-09-10/260910_041527/0002/eecAnalysis_ppref_2024-09-10_2245.root
hadd Source file 112: /eos/cms/store/group/phys_heavyions/jvelazqu/energycorr/eecAnalysis_ppref_2024-09-10/eecOOHistograms/crab_eecAnalysis_ppref_2024-09-10/260910_041527/0000/eecAnalysis_ppref_2024-09-10_540.root
hadd Source file 127: /eos/cms/store/group/phys_heavyions/jvelazqu/energycorr/eecAnalysis_ppref_2024-09-10/eecOOHistograms/crab_eecAnalysis_ppref_2024-09-10/260910_041527/0003/eecAnalysis_ppref_2024-09-10_3123.root
hadd Source file 115: /eos/cms/store/group/phys_heavyions/jvelazqu/energycorr/eecAnalysis_ppref_2024-09-10/eecOOHistograms/crab_eecAnalysis_ppref_2024-09-10/260910_041527/0001/eecAnalysis_ppref_2024-09-10_1827.root
hadd Source file 100: /eos/cms/store/group/phys_heavyions/jvelazqu/energycorr/eecAnalysis_ppref_2024-09-10/eecOOHistograms/crab_eecAnalysis_ppref_2024-09-10/260910_041527/0000/eecAnalysis_ppref_2024-09-10_100.root
hadd Source file 96: /eos/cms/store/group/phys_heavyions/jvelazqu/energycorr/eecAnalysis_ppref_2024-09-10/eecOOHistograms/crab_eecAnalysis_ppref_2024-09-10/260910_041527/0003/eecAnalysis_ppref_2024-09-10_3520.root
hadd Source file 97: /eos/cms/store/group/phys_heavyions/jvelazqu/energycorr/eecAnalysis_ppref_2024-09-10/eecOOHistograms/crab_eecAnalysis_ppref_2024-09-10/260910_041527/0002/eecAnalysis_ppref_2024-09-10_2665.root
hadd Source file 126: /eos/cms/store/group/phys_heavyions/jvelazqu/energycorr/eecAnalysis_ppref_2024-09-10/eecOOHistograms/crab_eecAnalysis_ppref_2024-09-10/260910_041527/0000/eecAnalysis_ppref_2024-09-10_982.root
hadd Source file 121: /eos/cms/store/group/phys_heavyions/jvelazqu/energycorr/eecAnalysis_ppref_2024-09-10/eecOOHistograms/crab_eecAnalysis_ppref_2024-09-10/260910_041527/0003/eecAnalysis_ppref_2024-09-10_3973.root
hadd Source file 113: /eos/cms/store/group/phys_heavyions/jvelazqu/energycorr/eecAnalysis_ppref_2024-09-10/eecOOHistograms/crab_eecAnalysis_ppref_2024-09-10/260910_041527/0000/eecAnalysis_ppref_2024-09-10_541.root
hadd Source file 106: /eos/cms/store/group/phys_heavyions/jvelazqu/energycorr/eecAnalysis_ppref_2024-09-10/eecOOHistograms/crab_eecAnalysis_ppref_2024-09-10/260910_041527/0002/eecAnalysis_ppref_2024-09-10_2246.root
hadd Source file 116: /eos/cms/store/group/phys_heavyions/jvelazqu/energycorr/eecAnalysis_ppref_2024-09-10/eecOOHistograms/crab_eecAnalysis_ppref_2024-09-10/260910_041527/0001/eecAnalysis_ppref_2024-09-10_1828.root
hadd Source file 98: /eos/cms/store/group/phys_heavyions/jvelazqu/energycorr/eecAnalysis_ppref_2024-09-10/eecOOHistograms/crab_eecAnalysis_ppref_2024-09-10/260910_041527/0002/eecAnalysis_ppref_2024-09-10_2666.root
hadd Source file 97: /eos/cms/store/group/phys_heavyions/jvelazqu/energycorr/eecAnalysis_ppref_2024-09-10/eecOOHistograms/crab_eecAnalysis_ppref_2024-09-10/260910_041527/0003/eecAnalysis_ppref_2024-09-10_3521.root
hadd Source file 128: /eos/cms/store/group/phys_heavyions/jvelazqu/energycorr/eecAnalysis_ppref_2024-09-10/eecOOHistograms/crab_eecAnalysis_ppref_2024-09-10/260910_041527/0003/eecAnalysis_ppref_2024-09-10_3124.root
hadd Source file 127: /eos/cms/store/group/phys_heavyions/jvelazqu/energycorr/eecAnalysis_ppref_2024-09-10/eecOOHistograms/crab_eecAnalysis_ppref_2024-09-10/260910_041527/0000/eecAnalysis_ppref_2024-09-10_983.root
hadd Source file 122: /eos/cms/store/group/phys_heavyions/jvelazqu/energycorr/eecAnalysis_ppref_2024-09-10/eecOOHistograms/crab_eecAnalysis_ppref_2024-09-10/260910_041527/0003/eecAnalysis_ppref_2024-09-10_3974.root
hadd Source file 114: /eos/cms/store/group/phys_heavyions/jvelazqu/energycorr/eecAnalysis_ppref_2024-09-10/eecOOHistograms/crab_eecAnalysis_ppref_2024-09-10/260910_041527/0000/eecAnalysis_ppref_2024-09-10_542.root
hadd Source file 107: /eos/cms/store/group/phys_heavyions/jvelazqu/energycorr/eecAnalysis_ppref_2024-09-10/eecOOHistograms/crab_eecAnalysis_ppref_2024-09-10/260910_041527/0002/eecAnalysis_ppref_2024-09-10_2247.root
hadd Source file 114: /eos/cms/store/group/phys_heavyions/jvelazqu/energycorr/eecAnalysis_ppref_2024-09-10/eecOOHistograms/crab_eecAnalysis_ppref_2024-09-10/260910_041527/0001/eecAnalysis_ppref_2024-09-10_1398.root
hadd Source file 129: /eos/cms/store/group/phys_heavyions/jvelazqu/energycorr/eecAnalysis_ppref_2024-09-10/eecOOHistograms/crab_eecAnalysis_ppref_2024-09-10/260910_041527/0003/eecAnalysis_ppref_2024-09-10_3125.root
hadd Source file 98: /eos/cms/store/group/phys_heavyions/jvelazqu/energycorr/eecAnalysis_ppref_2024-09-10/eecOOHistograms/crab_eecAnalysis_ppref_2024-09-10/260910_041527/0003/eecAnalysis_ppref_2024-09-10_3522.root
hadd Source file 115: /eos/cms/store/group/phys_heavyions/jvelazqu/energycorr/eecAnalysis_ppref_2024-09-10/eecOOHistograms/crab_eecAnalysis_ppref_2024-09-10/260910_041527/0000/eecAnalysis_ppref_2024-09-10_543.root
hadd Source file 108: /eos/cms/store/group/phys_heavyions/jvelazqu/energycorr/eecAnalysis_ppref_2024-09-10/eecOOHistograms/crab_eecAnalysis_ppref_2024-09-10/260910_041527/0002/eecAnalysis_ppref_2024-09-10_2248.root
hadd Source file 128: /eos/cms/store/group/phys_heavyions/jvelazqu/energycorr/eecAnalysis_ppref_2024-09-10/eecOOHistograms/crab_eecAnalysis_ppref_2024-09-10/260910_041527/0000/eecAnalysis_ppref_2024-09-10_984.root
hadd Source file 101: /eos/cms/store/group/phys_heavyions/jvelazqu/energycorr/eecAnalysis_ppref_2024-09-10/eecOOHistograms/crab_eecAnalysis_ppref_2024-09-10/260910_041527/0000/eecAnalysis_ppref_2024-09-10_101.root
hadd Source file 109: /eos/cms/store/group/phys_heavyions/jvelazqu/energycorr/eecAnalysis_ppref_2024-09-10/eecOOHistograms/crab_eecAnalysis_ppref_2024-09-10/260910_041527/0002/eecAnalysis_ppref_2024-09-10_2249.root
hadd Source file 99: /eos/cms/store/group/phys_heavyions/jvelazqu/energycorr/eecAnalysis_ppref_2024-09-10/eecOOHistograms/crab_eecAnalysis_ppref_2024-09-10/260910_041527/0002/eecAnalysis_ppref_2024-09-10_2667.root
hadd Source file 99: /eos/cms/store/group/phys_heavyions/jvelazqu/energycorr/eecAnalysis_ppref_2024-09-10/eecOOHistograms/crab_eecAnalysis_ppref_2024-09-10/260910_041527/0003/eecAnalysis_ppref_2024-09-10_3523.root
hadd Source file 115: /eos/cms/store/group/phys_heavyions/jvelazqu/energycorr/eecAnalysis_ppref_2024-09-10/eecOOHistograms/crab_eecAnalysis_ppref_2024-09-10/260910_041527/0001/eecAnalysis_ppref_2024-09-10_1399.root
hadd Source file 130: /eos/cms/store/group/phys_heavyions/jvelazqu/energycorr/eecAnalysis_ppref_2024-09-10/eecOOHistograms/crab_eecAnalysis_ppref_2024-09-10/260910_041527/0003/eecAnalysis_ppref_2024-09-10_3126.root
hadd Source file 116: /eos/cms/store/group/phys_heavyions/jvelazqu/energycorr/eecAnalysis_ppref_2024-09-10/eecOOHistograms/crab_eecAnalysis_ppref_2024-09-10/260910_041527/0000/eecAnalysis_ppref_2024-09-10_544.root
hadd Source file 129: /eos/cms/store/group/phys_heavyions/jvelazqu/energycorr/eecAnalysis_ppref_2024-09-10/eecOOHistograms/crab_eecAnalysis_ppref_2024-09-10/260910_041527/0000/eecAnalysis_ppref_2024-09-10_985.root
hadd Source file 116: /eos/cms/store/group/phys_heavyions/jvelazqu/energycorr/eecAnalysis_ppref_2024-09-10/eecOOHistograms/crab_eecAnalysis_ppref_2024-09-10/260910_041527/0001/eecAnalysis_ppref_2024-09-10_1400.root
hadd Source file 110: /eos/cms/store/group/phys_heavyions/jvelazqu/energycorr/eecAnalysis_ppref_2024-09-10/eecOOHistograms/crab_eecAnalysis_ppref_2024-09-10/260910_041527/0002/eecAnalysis_ppref_2024-09-10_2250.root
hadd Source file 100: /eos/cms/store/group/phys_heavyions/jvelazqu/energycorr/eecAnalysis_ppref_2024-09-10/eecOOHistograms/crab_eecAnalysis_ppref_2024-09-10/260910_041527/0003/eecAnalysis_ppref_2024-09-10_3524.root
hadd Source file 131: /eos/cms/store/group/phys_heavyions/jvelazqu/energycorr/eecAnalysis_ppref_2024-09-10/eecOOHistograms/crab_eecAnalysis_ppref_2024-09-10/260910_041527/0003/eecAnalysis_ppref_2024-09-10_3127.root
hadd Source file 117: /eos/cms/store/group/phys_heavyions/jvelazqu/energycorr/eecAnalysis_ppref_2024-09-10/eecOOHistograms/crab_eecAnalysis_ppref_2024-09-10/260910_041527/0001/eecAnalysis_ppref_2024-09-10_1829.root
hadd Source file 130: /eos/cms/store/group/phys_heavyions/jvelazqu/energycorr/eecAnalysis_ppref_2024-09-10/eecOOHistograms/crab_eecAnalysis_ppref_2024-09-10/260910_041527/0000/eecAnalysis_ppref_2024-09-10_986.root
hadd Source file 117: /eos/cms/store/group/phys_heavyions/jvelazqu/energycorr/eecAnalysis_ppref_2024-09-10/eecOOHistograms/crab_eecAnalysis_ppref_2024-09-10/260910_041527/0000/eecAnalysis_ppref_2024-09-10_545.root
hadd Source file 117: /eos/cms/store/group/phys_heavyions/jvelazqu/energycorr/eecAnalysis_ppref_2024-09-10/eecOOHistograms/crab_eecAnalysis_ppref_2024-09-10/260910_041527/0001/eecAnalysis_ppref_2024-09-10_1401.root
hadd Source file 111: /eos/cms/store/group/phys_heavyions/jvelazqu/energycorr/eecAnalysis_ppref_2024-09-10/eecOOHistograms/crab_eecAnalysis_ppref_2024-09-10/260910_041527/0002/eecAnalysis_ppref_2024-09-10_2251.root
hadd Source file 132: /eos/cms/store/group/phys_heavyions/jvelazqu/energycorr/eecAnalysis_ppref_2024-09-10/eecOOHistograms/crab_eecAnalysis_ppref_2024-09-10/260910_041527/0003/eecAnalysis_ppref_2024-09-10_3128.root
hadd Source file 118: /eos/cms/store/group/phys_heavyions/jvelazqu/energycorr/eecAnalysis_ppref_2024-09-10/eecOOHistograms/crab_eecAnalysis_ppref_2024-09-10/260910_041527/0001/eecAnalysis_ppref_2024-09-10_1830.root
hadd Source file 118: /eos/cms/store/group/phys_heavyions/jvelazqu/energycorr/eecAnalysis_ppref_2024-09-10/eecOOHistograms/crab_eecAnalysis_ppref_2024-09-10/260910_041527/0000/eecAnalysis_ppref_2024-09-10_546.root
hadd Source file 131: /eos/cms/store/group/phys_heavyions/jvelazqu/energycorr/eecAnalysis_ppref_2024-09-10/eecOOHistograms/crab_eecAnalysis_ppref_2024-09-10/260910_041527/0000/eecAnalysis_ppref_2024-09-10_987.root
hadd Source file 123: /eos/cms/store/group/phys_heavyions/jvelazqu/energycorr/eecAnalysis_ppref_2024-09-10/eecOOHistograms/crab_eecAnalysis_ppref_2024-09-10/260910_041527/0003/eecAnalysis_ppref_2024-09-10_3975.root
hadd Source file 118: /eos/cms/store/group/phys_heavyions/jvelazqu/energycorr/eecAnalysis_ppref_2024-09-10/eecOOHistograms/crab_eecAnalysis_ppref_2024-09-10/260910_041527/0001/eecAnalysis_ppref_2024-09-10_1402.root
hadd Source file 102: /eos/cms/store/group/phys_heavyions/jvelazqu/energycorr/eecAnalysis_ppref_2024-09-10/eecOOHistograms/crab_eecAnalysis_ppref_2024-09-10/260910_041527/0000/eecAnalysis_ppref_2024-09-10_102.root
hadd Source file 133: /eos/cms/store/group/phys_heavyions/jvelazqu/energycorr/eecAnalysis_ppref_2024-09-10/eecOOHistograms/crab_eecAnalysis_ppref_2024-09-10/260910_041527/0003/eecAnalysis_ppref_2024-09-10_3129.root
hadd Source file 132: /eos/cms/store/group/phys_heavyions/jvelazqu/energycorr/eecAnalysis_ppref_2024-09-10/eecOOHistograms/crab_eecAnalysis_ppref_2024-09-10/260910_041527/0000/eecAnalysis_ppref_2024-09-10_988.root
hadd Source file 119: /eos/cms/store/group/phys_heavyions/jvelazqu/energycorr/eecAnalysis_ppref_2024-09-10/eecOOHistograms/crab_eecAnalysis_ppref_2024-09-10/260910_041527/0000/eecAnalysis_ppref_2024-09-10_547.root
hadd Source file 112: /eos/cms/store/group/phys_heavyions/jvelazqu/energycorr/eecAnalysis_ppref_2024-09-10/eecOOHistograms/crab_eecAnalysis_ppref_2024-09-10/260910_041527/0002/eecAnalysis_ppref_2024-09-10_2252.root
hadd Source file 119: /eos/cms/store/group/phys_heavyions/jvelazqu/energycorr/eecAnalysis_ppref_2024-09-10/eecOOHistograms/crab_eecAnalysis_ppref_2024-09-10/260910_041527/0001/eecAnalysis_ppref_2024-09-10_1403.root
hadd Source file 119: /eos/cms/store/group/phys_heavyions/jvelazqu/energycorr/eecAnalysis_ppref_2024-09-10/eecOOHistograms/crab_eecAnalysis_ppref_2024-09-10/260910_041527/0001/eecAnalysis_ppref_2024-09-10_1831.root
hadd Source file 124: /eos/cms/store/group/phys_heavyions/jvelazqu/energycorr/eecAnalysis_ppref_2024-09-10/eecOOHistograms/crab_eecAnalysis_ppref_2024-09-10/260910_041527/0003/eecAnalysis_ppref_2024-09-10_3976.root
hadd Source file 133: /eos/cms/store/group/phys_heavyions/jvelazqu/energycorr/eecAnalysis_ppref_2024-09-10/eecOOHistograms/crab_eecAnalysis_ppref_2024-09-10/260910_041527/0000/eecAnalysis_ppref_2024-09-10_989.root
hadd Source file 120: /eos/cms/store/group/phys_heavyions/jvelazqu/energycorr/eecAnalysis_ppref_2024-09-10/eecOOHistograms/crab_eecAnalysis_ppref_2024-09-10/260910_041527/0001/eecAnalysis_ppref_2024-09-10_1832.root
hadd Source file 134: /eos/cms/store/group/phys_heavyions/jvelazqu/energycorr/eecAnalysis_ppref_2024-09-10/eecOOHistograms/crab_eecAnalysis_ppref_2024-09-10/260910_041527/0003/eecAnalysis_ppref_2024-09-10_3130.root
hadd Source file 113: /eos/cms/store/group/phys_heavyions/jvelazqu/energycorr/eecAnalysis_ppref_2024-09-10/eecOOHistograms/crab_eecAnalysis_ppref_2024-09-10/260910_041527/0002/eecAnalysis_ppref_2024-09-10_2253.root
hadd Source file 120: /eos/cms/store/group/phys_heavyions/jvelazqu/energycorr/eecAnalysis_ppref_2024-09-10/eecOOHistograms/crab_eecAnalysis_ppref_2024-09-10/260910_041527/0000/eecAnalysis_ppref_2024-09-10_548.root
hadd Source file 125: /eos/cms/store/group/phys_heavyions/jvelazqu/energycorr/eecAnalysis_ppref_2024-09-10/eecOOHistograms/crab_eecAnalysis_ppref_2024-09-10/260910_041527/0003/eecAnalysis_ppref_2024-09-10_3977.root
hadd Source file 100: /eos/cms/store/group/phys_heavyions/jvelazqu/energycorr/eecAnalysis_ppref_2024-09-10/eecOOHistograms/crab_eecAnalysis_ppref_2024-09-10/260910_041527/0002/eecAnalysis_ppref_2024-09-10_2668.root
hadd Source file 114: /eos/cms/store/group/phys_heavyions/jvelazqu/energycorr/eecAnalysis_ppref_2024-09-10/eecOOHistograms/crab_eecAnalysis_ppref_2024-09-10/260910_041527/0002/eecAnalysis_ppref_2024-09-10_2254.root
hadd Source file 121: /eos/cms/store/group/phys_heavyions/jvelazqu/energycorr/eecAnalysis_ppref_2024-09-10/eecOOHistograms/crab_eecAnalysis_ppref_2024-09-10/260910_041527/0001/eecAnalysis_ppref_2024-09-10_1833.root
hadd Source file 134: /eos/cms/store/group/phys_heavyions/jvelazqu/energycorr/eecAnalysis_ppref_2024-09-10/eecOOHistograms/crab_eecAnalysis_ppref_2024-09-10/260910_041527/0000/eecAnalysis_ppref_2024-09-10_990.root
hadd Source file 103: /eos/cms/store/group/phys_heavyions/jvelazqu/energycorr/eecAnalysis_ppref_2024-09-10/eecOOHistograms/crab_eecAnalysis_ppref_2024-09-10/260910_041527/0000/eecAnalysis_ppref_2024-09-10_103.root
hadd Source file 135: /eos/cms/store/group/phys_heavyions/jvelazqu/energycorr/eecAnalysis_ppref_2024-09-10/eecOOHistograms/crab_eecAnalysis_ppref_2024-09-10/260910_041527/0003/eecAnalysis_ppref_2024-09-10_3131.root
hadd Source file 120: /eos/cms/store/group/phys_heavyions/jvelazqu/energycorr/eecAnalysis_ppref_2024-09-10/eecOOHistograms/crab_eecAnalysis_ppref_2024-09-10/260910_041527/0001/eecAnalysis_ppref_2024-09-10_1404.root
hadd Source file 126: /eos/cms/store/group/phys_heavyions/jvelazqu/energycorr/eecAnalysis_ppref_2024-09-10/eecOOHistograms/crab_eecAnalysis_ppref_2024-09-10/260910_041527/0003/eecAnalysis_ppref_2024-09-10_3978.root
hadd Source file 121: /eos/cms/store/group/phys_heavyions/jvelazqu/energycorr/eecAnalysis_ppref_2024-09-10/eecOOHistograms/crab_eecAnalysis_ppref_2024-09-10/260910_041527/0000/eecAnalysis_ppref_2024-09-10_549.root
hadd Source file 115: /eos/cms/store/group/phys_heavyions/jvelazqu/energycorr/eecAnalysis_ppref_2024-09-10/eecOOHistograms/crab_eecAnalysis_ppref_2024-09-10/260910_041527/0002/eecAnalysis_ppref_2024-09-10_2255.root
hadd Source file 122: /eos/cms/store/group/phys_heavyions/jvelazqu/energycorr/eecAnalysis_ppref_2024-09-10/eecOOHistograms/crab_eecAnalysis_ppref_2024-09-10/260910_041527/0001/eecAnalysis_ppref_2024-09-10_1834.root
hadd Source file 104: /eos/cms/store/group/phys_heavyions/jvelazqu/energycorr/eecAnalysis_ppref_2024-09-10/eecOOHistograms/crab_eecAnalysis_ppref_2024-09-10/260910_041527/0000/eecAnalysis_ppref_2024-09-10_104.root
hadd Source file 121: /eos/cms/store/group/phys_heavyions/jvelazqu/energycorr/eecAnalysis_ppref_2024-09-10/eecOOHistograms/crab_eecAnalysis_ppref_2024-09-10/260910_041527/0001/eecAnalysis_ppref_2024-09-10_1405.root
hadd Source file 127: /eos/cms/store/group/phys_heavyions/jvelazqu/energycorr/eecAnalysis_ppref_2024-09-10/eecOOHistograms/crab_eecAnalysis_ppref_2024-09-10/260910_041527/0003/eecAnalysis_ppref_2024-09-10_3979.root
hadd Source file 116: /eos/cms/store/group/phys_heavyions/jvelazqu/energycorr/eecAnalysis_ppref_2024-09-10/eecOOHistograms/crab_eecAnalysis_ppref_2024-09-10/260910_041527/0002/eecAnalysis_ppref_2024-09-10_2256.root
hadd Source file 135: /eos/cms/store/group/phys_heavyions/jvelazqu/energycorr/eecAnalysis_ppref_2024-09-10/eecOOHistograms/crab_eecAnalysis_ppref_2024-09-10/260910_041527/0000/eecAnalysis_ppref_2024-09-10_991.root
hadd Source file 101: /eos/cms/store/group/phys_heavyions/jvelazqu/energycorr/eecAnalysis_ppref_2024-09-10/eecOOHistograms/crab_eecAnalysis_ppref_2024-09-10/260910_041527/0003/eecAnalysis_ppref_2024-09-10_3525.root
hadd Source file 122: /eos/cms/store/group/phys_heavyions/jvelazqu/energycorr/eecAnalysis_ppref_2024-09-10/eecOOHistograms/crab_eecAnalysis_ppref_2024-09-10/260910_041527/0001/eecAnalysis_ppref_2024-09-10_1406.root
hadd Source file 117: /eos/cms/store/group/phys_heavyions/jvelazqu/energycorr/eecAnalysis_ppref_2024-09-10/eecOOHistograms/crab_eecAnalysis_ppref_2024-09-10/260910_041527/0002/eecAnalysis_ppref_2024-09-10_2257.root
hadd Source file 123: /eos/cms/store/group/phys_heavyions/jvelazqu/energycorr/eecAnalysis_ppref_2024-09-10/eecOOHistograms/crab_eecAnalysis_ppref_2024-09-10/260910_041527/0001/eecAnalysis_ppref_2024-09-10_1835.root
hadd Source file 128: /eos/cms/store/group/phys_heavyions/jvelazqu/energycorr/eecAnalysis_ppref_2024-09-10/eecOOHistograms/crab_eecAnalysis_ppref_2024-09-10/260910_041527/0003/eecAnalysis_ppref_2024-09-10_3980.root
hadd Source file 105: /eos/cms/store/group/phys_heavyions/jvelazqu/energycorr/eecAnalysis_ppref_2024-09-10/eecOOHistograms/crab_eecAnalysis_ppref_2024-09-10/260910_041527/0000/eecAnalysis_ppref_2024-09-10_105.root
hadd Source file 136: /eos/cms/store/group/phys_heavyions/jvelazqu/energycorr/eecAnalysis_ppref_2024-09-10/eecOOHistograms/crab_eecAnalysis_ppref_2024-09-10/260910_041527/0000/eecAnalysis_ppref_2024-09-10_992.root
hadd Source file 123: /eos/cms/store/group/phys_heavyions/jvelazqu/energycorr/eecAnalysis_ppref_2024-09-10/eecOOHistograms/crab_eecAnalysis_ppref_2024-09-10/260910_041527/0001/eecAnalysis_ppref_2024-09-10_1407.root
hadd Source file 102: /eos/cms/store/group/phys_heavyions/jvelazqu/energycorr/eecAnalysis_ppref_2024-09-10/eecOOHistograms/crab_eecAnalysis_ppref_2024-09-10/260910_041527/0003/eecAnalysis_ppref_2024-09-10_3526.root
hadd Source file 129: /eos/cms/store/group/phys_heavyions/jvelazqu/energycorr/eecAnalysis_ppref_2024-09-10/eecOOHistograms/crab_eecAnalysis_ppref_2024-09-10/260910_041527/0003/eecAnalysis_ppref_2024-09-10_3981.root
hadd Source file 124: /eos/cms/store/group/phys_heavyions/jvelazqu/energycorr/eecAnalysis_ppref_2024-09-10/eecOOHistograms/crab_eecAnalysis_ppref_2024-09-10/260910_041527/0001/eecAnalysis_ppref_2024-09-10_1836.root
hadd Source file 106: /eos/cms/store/group/phys_heavyions/jvelazqu/energycorr/eecAnalysis_ppref_2024-09-10/eecOOHistograms/crab_eecAnalysis_ppref_2024-09-10/260910_041527/0000/eecAnalysis_ppref_2024-09-10_106.root
hadd Source file 124: /eos/cms/store/group/phys_heavyions/jvelazqu/energycorr/eecAnalysis_ppref_2024-09-10/eecOOHistograms/crab_eecAnalysis_ppref_2024-09-10/260910_041527/0001/eecAnalysis_ppref_2024-09-10_1408.root
hadd Source file 137: /eos/cms/store/group/phys_heavyions/jvelazqu/energycorr/eecAnalysis_ppref_2024-09-10/eecOOHistograms/crab_eecAnalysis_ppref_2024-09-10/260910_041527/0000/eecAnalysis_ppref_2024-09-10_993.root
hadd Source file 101: /eos/cms/store/group/phys_heavyions/jvelazqu/energycorr/eecAnalysis_ppref_2024-09-10/eecOOHistograms/crab_eecAnalysis_ppref_2024-09-10/260910_041527/0002/eecAnalysis_ppref_2024-09-10_2669.root
hadd Source file 103: /eos/cms/store/group/phys_heavyions/jvelazqu/energycorr/eecAnalysis_ppref_2024-09-10/eecOOHistograms/crab_eecAnalysis_ppref_2024-09-10/260910_041527/0003/eecAnalysis_ppref_2024-09-10_3527.root
hadd Source file 130: /eos/cms/store/group/phys_heavyions/jvelazqu/energycorr/eecAnalysis_ppref_2024-09-10/eecOOHistograms/crab_eecAnalysis_ppref_2024-09-10/260910_041527/0003/eecAnalysis_ppref_2024-09-10_3982.root
hadd Source file 125: /eos/cms/store/group/phys_heavyions/jvelazqu/energycorr/eecAnalysis_ppref_2024-09-10/eecOOHistograms/crab_eecAnalysis_ppref_2024-09-10/260910_041527/0001/eecAnalysis_ppref_2024-09-10_1409.root
hadd Source file 125: /eos/cms/store/group/phys_heavyions/jvelazqu/energycorr/eecAnalysis_ppref_2024-09-10/eecOOHistograms/crab_eecAnalysis_ppref_2024-09-10/260910_041527/0001/eecAnalysis_ppref_2024-09-10_1837.root
hadd Source file 107: /eos/cms/store/group/phys_heavyions/jvelazqu/energycorr/eecAnalysis_ppref_2024-09-10/eecOOHistograms/crab_eecAnalysis_ppref_2024-09-10/260910_041527/0000/eecAnalysis_ppref_2024-09-10_107.root
hadd Source file 136: /eos/cms/store/group/phys_heavyions/jvelazqu/energycorr/eecAnalysis_ppref_2024-09-10/eecOOHistograms/crab_eecAnalysis_ppref_2024-09-10/260910_041527/0003/eecAnalysis_ppref_2024-09-10_3132.root
hadd Source file 131: /eos/cms/store/group/phys_heavyions/jvelazqu/energycorr/eecAnalysis_ppref_2024-09-10/eecOOHistograms/crab_eecAnalysis_ppref_2024-09-10/260910_041527/0003/eecAnalysis_ppref_2024-09-10_3983.root
hadd Source file 104: /eos/cms/store/group/phys_heavyions/jvelazqu/energycorr/eecAnalysis_ppref_2024-09-10/eecOOHistograms/crab_eecAnalysis_ppref_2024-09-10/260910_041527/0003/eecAnalysis_ppref_2024-09-10_3528.root
hadd Source file 138: /eos/cms/store/group/phys_heavyions/jvelazqu/energycorr/eecAnalysis_ppref_2024-09-10/eecOOHistograms/crab_eecAnalysis_ppref_2024-09-10/260910_041527/0000/eecAnalysis_ppref_2024-09-10_994.root
hadd Source file 102: /eos/cms/store/group/phys_heavyions/jvelazqu/energycorr/eecAnalysis_ppref_2024-09-10/eecOOHistograms/crab_eecAnalysis_ppref_2024-09-10/260910_041527/0002/eecAnalysis_ppref_2024-09-10_2670.root
hadd Source file 122: /eos/cms/store/group/phys_heavyions/jvelazqu/energycorr/eecAnalysis_ppref_2024-09-10/eecOOHistograms/crab_eecAnalysis_ppref_2024-09-10/260910_041527/0000/eecAnalysis_ppref_2024-09-10_550.root
hadd Source file 126: /eos/cms/store/group/phys_heavyions/jvelazqu/energycorr/eecAnalysis_ppref_2024-09-10/eecOOHistograms/crab_eecAnalysis_ppref_2024-09-10/260910_041527/0001/eecAnalysis_ppref_2024-09-10_1838.root
hadd Source file 126: /eos/cms/store/group/phys_heavyions/jvelazqu/energycorr/eecAnalysis_ppref_2024-09-10/eecOOHistograms/crab_eecAnalysis_ppref_2024-09-10/260910_041527/0001/eecAnalysis_ppref_2024-09-10_1410.root
hadd Source file 137: /eos/cms/store/group/phys_heavyions/jvelazqu/energycorr/eecAnalysis_ppref_2024-09-10/eecOOHistograms/crab_eecAnalysis_ppref_2024-09-10/260910_041527/0003/eecAnalysis_ppref_2024-09-10_3133.root
hadd Source file 118: /eos/cms/store/group/phys_heavyions/jvelazqu/energycorr/eecAnalysis_ppref_2024-09-10/eecOOHistograms/crab_eecAnalysis_ppref_2024-09-10/260910_041527/0002/eecAnalysis_ppref_2024-09-10_2258.root
hadd Source file 105: /eos/cms/store/group/phys_heavyions/jvelazqu/energycorr/eecAnalysis_ppref_2024-09-10/eecOOHistograms/crab_eecAnalysis_ppref_2024-09-10/260910_041527/0003/eecAnalysis_ppref_2024-09-10_3529.root
hadd Source file 132: /eos/cms/store/group/phys_heavyions/jvelazqu/energycorr/eecAnalysis_ppref_2024-09-10/eecOOHistograms/crab_eecAnalysis_ppref_2024-09-10/260910_041527/0003/eecAnalysis_ppref_2024-09-10_3984.root
hadd Source file 139: /eos/cms/store/group/phys_heavyions/jvelazqu/energycorr/eecAnalysis_ppref_2024-09-10/eecOOHistograms/crab_eecAnalysis_ppref_2024-09-10/260910_041527/0000/eecAnalysis_ppref_2024-09-10_995.root
hadd Source file 103: /eos/cms/store/group/phys_heavyions/jvelazqu/energycorr/eecAnalysis_ppref_2024-09-10/eecOOHistograms/crab_eecAnalysis_ppref_2024-09-10/260910_041527/0002/eecAnalysis_ppref_2024-09-10_2671.root
hadd Source file 123: /eos/cms/store/group/phys_heavyions/jvelazqu/energycorr/eecAnalysis_ppref_2024-09-10/eecOOHistograms/crab_eecAnalysis_ppref_2024-09-10/260910_041527/0000/eecAnalysis_ppref_2024-09-10_551.root
hadd Source file 138: /eos/cms/store/group/phys_heavyions/jvelazqu/energycorr/eecAnalysis_ppref_2024-09-10/eecOOHistograms/crab_eecAnalysis_ppref_2024-09-10/260910_041527/0003/eecAnalysis_ppref_2024-09-10_3134.root
hadd Source file 127: /eos/cms/store/group/phys_heavyions/jvelazqu/energycorr/eecAnalysis_ppref_2024-09-10/eecOOHistograms/crab_eecAnalysis_ppref_2024-09-10/260910_041527/0001/eecAnalysis_ppref_2024-09-10_1839.root
hadd Source file 104: /eos/cms/store/group/phys_heavyions/jvelazqu/energycorr/eecAnalysis_ppref_2024-09-10/eecOOHistograms/crab_eecAnalysis_ppref_2024-09-10/260910_041527/0002/eecAnalysis_ppref_2024-09-10_2672.root
hadd Source file 133: /eos/cms/store/group/phys_heavyions/jvelazqu/energycorr/eecAnalysis_ppref_2024-09-10/eecOOHistograms/crab_eecAnalysis_ppref_2024-09-10/260910_041527/0003/eecAnalysis_ppref_2024-09-10_3985.root
hadd Source file 106: /eos/cms/store/group/phys_heavyions/jvelazqu/energycorr/eecAnalysis_ppref_2024-09-10/eecOOHistograms/crab_eecAnalysis_ppref_2024-09-10/260910_041527/0003/eecAnalysis_ppref_2024-09-10_3530.root
hadd Source file 124: /eos/cms/store/group/phys_heavyions/jvelazqu/energycorr/eecAnalysis_ppref_2024-09-10/eecOOHistograms/crab_eecAnalysis_ppref_2024-09-10/260910_041527/0000/eecAnalysis_ppref_2024-09-10_552.root
hadd Source file 128: /eos/cms/store/group/phys_heavyions/jvelazqu/energycorr/eecAnalysis_ppref_2024-09-10/eecOOHistograms/crab_eecAnalysis_ppref_2024-09-10/260910_041527/0001/eecAnalysis_ppref_2024-09-10_1840.root
hadd Source file 105: /eos/cms/store/group/phys_heavyions/jvelazqu/energycorr/eecAnalysis_ppref_2024-09-10/eecOOHistograms/crab_eecAnalysis_ppref_2024-09-10/260910_041527/0002/eecAnalysis_ppref_2024-09-10_2673.root
hadd Source file 139: /eos/cms/store/group/phys_heavyions/jvelazqu/energycorr/eecAnalysis_ppref_2024-09-10/eecOOHistograms/crab_eecAnalysis_ppref_2024-09-10/260910_041527/0003/eecAnalysis_ppref_2024-09-10_3135.root
hadd Source file 134: /eos/cms/store/group/phys_heavyions/jvelazqu/energycorr/eecAnalysis_ppref_2024-09-10/eecOOHistograms/crab_eecAnalysis_ppref_2024-09-10/260910_041527/0003/eecAnalysis_ppref_2024-09-10_3986.root
hadd Source file 119: /eos/cms/store/group/phys_heavyions/jvelazqu/energycorr/eecAnalysis_ppref_2024-09-10/eecOOHistograms/crab_eecAnalysis_ppref_2024-09-10/260910_041527/0002/eecAnalysis_ppref_2024-09-10_2259.root
hadd Source file 125: /eos/cms/store/group/phys_heavyions/jvelazqu/energycorr/eecAnalysis_ppref_2024-09-10/eecOOHistograms/crab_eecAnalysis_ppref_2024-09-10/260910_041527/0000/eecAnalysis_ppref_2024-09-10_553.root
hadd Source file 108: /eos/cms/store/group/phys_heavyions/jvelazqu/energycorr/eecAnalysis_ppref_2024-09-10/eecOOHistograms/crab_eecAnalysis_ppref_2024-09-10/260910_041527/0000/eecAnalysis_ppref_2024-09-10_108.root
hadd Source file 106: /eos/cms/store/group/phys_heavyions/jvelazqu/energycorr/eecAnalysis_ppref_2024-09-10/eecOOHistograms/crab_eecAnalysis_ppref_2024-09-10/260910_041527/0002/eecAnalysis_ppref_2024-09-10_2674.root
hadd Source file 135: /eos/cms/store/group/phys_heavyions/jvelazqu/energycorr/eecAnalysis_ppref_2024-09-10/eecOOHistograms/crab_eecAnalysis_ppref_2024-09-10/260910_041527/0003/eecAnalysis_ppref_2024-09-10_3987.root
hadd Source file 107: /eos/cms/store/group/phys_heavyions/jvelazqu/energycorr/eecAnalysis_ppref_2024-09-10/eecOOHistograms/crab_eecAnalysis_ppref_2024-09-10/260910_041527/0003/eecAnalysis_ppref_2024-09-10_3531.root
hadd Source file 120: /eos/cms/store/group/phys_heavyions/jvelazqu/energycorr/eecAnalysis_ppref_2024-09-10/eecOOHistograms/crab_eecAnalysis_ppref_2024-09-10/260910_041527/0002/eecAnalysis_ppref_2024-09-10_2260.root
hadd Source file 129: /eos/cms/store/group/phys_heavyions/jvelazqu/energycorr/eecAnalysis_ppref_2024-09-10/eecOOHistograms/crab_eecAnalysis_ppref_2024-09-10/260910_041527/0001/eecAnalysis_ppref_2024-09-10_1841.root
hadd Source file 140: /eos/cms/store/group/phys_heavyions/jvelazqu/energycorr/eecAnalysis_ppref_2024-09-10/eecOOHistograms/crab_eecAnalysis_ppref_2024-09-10/260910_041527/0003/eecAnalysis_ppref_2024-09-10_3136.root
hadd Source file 121: /eos/cms/store/group/phys_heavyions/jvelazqu/energycorr/eecAnalysis_ppref_2024-09-10/eecOOHistograms/crab_eecAnalysis_ppref_2024-09-10/260910_041527/0002/eecAnalysis_ppref_2024-09-10_2261.root
hadd Source file 126: /eos/cms/store/group/phys_heavyions/jvelazqu/energycorr/eecAnalysis_ppref_2024-09-10/eecOOHistograms/crab_eecAnalysis_ppref_2024-09-10/260910_041527/0000/eecAnalysis_ppref_2024-09-10_554.root
hadd Source file 127: /eos/cms/store/group/phys_heavyions/jvelazqu/energycorr/eecAnalysis_ppref_2024-09-10/eecOOHistograms/crab_eecAnalysis_ppref_2024-09-10/260910_041527/0001/eecAnalysis_ppref_2024-09-10_1411.root
hadd Source file 108: /eos/cms/store/group/phys_heavyions/jvelazqu/energycorr/eecAnalysis_ppref_2024-09-10/eecOOHistograms/crab_eecAnalysis_ppref_2024-09-10/260910_041527/0003/eecAnalysis_ppref_2024-09-10_3532.root
hadd Source file 140: /eos/cms/store/group/phys_heavyions/jvelazqu/energycorr/eecAnalysis_ppref_2024-09-10/eecOOHistograms/crab_eecAnalysis_ppref_2024-09-10/260910_041527/0000/eecAnalysis_ppref_2024-09-10_996.root
hadd Source file 109: /eos/cms/store/group/phys_heavyions/jvelazqu/energycorr/eecAnalysis_ppref_2024-09-10/eecOOHistograms/crab_eecAnalysis_ppref_2024-09-10/260910_041527/0000/eecAnalysis_ppref_2024-09-10_109.root
hadd Source file 107: /eos/cms/store/group/phys_heavyions/jvelazqu/energycorr/eecAnalysis_ppref_2024-09-10/eecOOHistograms/crab_eecAnalysis_ppref_2024-09-10/260910_041527/0002/eecAnalysis_ppref_2024-09-10_2675.root
hadd Source file 128: /eos/cms/store/group/phys_heavyions/jvelazqu/energycorr/eecAnalysis_ppref_2024-09-10/eecOOHistograms/crab_eecAnalysis_ppref_2024-09-10/260910_041527/0001/eecAnalysis_ppref_2024-09-10_1412.root
hadd Source file 122: /eos/cms/store/group/phys_heavyions/jvelazqu/energycorr/eecAnalysis_ppref_2024-09-10/eecOOHistograms/crab_eecAnalysis_ppref_2024-09-10/260910_041527/0002/eecAnalysis_ppref_2024-09-10_2262.root
hadd Source file 141: /eos/cms/store/group/phys_heavyions/jvelazqu/energycorr/eecAnalysis_ppref_2024-09-10/eecOOHistograms/crab_eecAnalysis_ppref_2024-09-10/260910_041527/0003/eecAnalysis_ppref_2024-09-10_3137.root
hadd Source file 127: /eos/cms/store/group/phys_heavyions/jvelazqu/energycorr/eecAnalysis_ppref_2024-09-10/eecOOHistograms/crab_eecAnalysis_ppref_2024-09-10/260910_041527/0000/eecAnalysis_ppref_2024-09-10_555.root
hadd Source file 130: /eos/cms/store/group/phys_heavyions/jvelazqu/energycorr/eecAnalysis_ppref_2024-09-10/eecOOHistograms/crab_eecAnalysis_ppref_2024-09-10/260910_041527/0001/eecAnalysis_ppref_2024-09-10_1842.root
hadd Source file 109: /eos/cms/store/group/phys_heavyions/jvelazqu/energycorr/eecAnalysis_ppref_2024-09-10/eecOOHistograms/crab_eecAnalysis_ppref_2024-09-10/260910_041527/0003/eecAnalysis_ppref_2024-09-10_3533.root
hadd Source file 110: /eos/cms/store/group/phys_heavyions/jvelazqu/energycorr/eecAnalysis_ppref_2024-09-10/eecOOHistograms/crab_eecAnalysis_ppref_2024-09-10/260910_041527/0000/eecAnalysis_ppref_2024-09-10_110.root
hadd Source file 123: /eos/cms/store/group/phys_heavyions/jvelazqu/energycorr/eecAnalysis_ppref_2024-09-10/eecOOHistograms/crab_eecAnalysis_ppref_2024-09-10/260910_041527/0002/eecAnalysis_ppref_2024-09-10_2263.root
hadd Source file 108: /eos/cms/store/group/phys_heavyions/jvelazqu/energycorr/eecAnalysis_ppref_2024-09-10/eecOOHistograms/crab_eecAnalysis_ppref_2024-09-10/260910_041527/0002/eecAnalysis_ppref_2024-09-10_2676.root
hadd Source file 141: /eos/cms/store/group/phys_heavyions/jvelazqu/energycorr/eecAnalysis_ppref_2024-09-10/eecOOHistograms/crab_eecAnalysis_ppref_2024-09-10/260910_041527/0000/eecAnalysis_ppref_2024-09-10_997.root
hadd Source file 142: /eos/cms/store/group/phys_heavyions/jvelazqu/energycorr/eecAnalysis_ppref_2024-09-10/eecOOHistograms/crab_eecAnalysis_ppref_2024-09-10/260910_041527/0003/eecAnalysis_ppref_2024-09-10_3138.root
hadd Source file 129: /eos/cms/store/group/phys_heavyions/jvelazqu/energycorr/eecAnalysis_ppref_2024-09-10/eecOOHistograms/crab_eecAnalysis_ppref_2024-09-10/260910_041527/0001/eecAnalysis_ppref_2024-09-10_1413.root
hadd Source file 110: /eos/cms/store/group/phys_heavyions/jvelazqu/energycorr/eecAnalysis_ppref_2024-09-10/eecOOHistograms/crab_eecAnalysis_ppref_2024-09-10/260910_041527/0003/eecAnalysis_ppref_2024-09-10_3534.root
hadd Source file 136: /eos/cms/store/group/phys_heavyions/jvelazqu/energycorr/eecAnalysis_ppref_2024-09-10/eecOOHistograms/crab_eecAnalysis_ppref_2024-09-10/260910_041527/0003/eecAnalysis_ppref_2024-09-10_3988.root
hadd Source file 142: /eos/cms/store/group/phys_heavyions/jvelazqu/energycorr/eecAnalysis_ppref_2024-09-10/eecOOHistograms/crab_eecAnalysis_ppref_2024-09-10/260910_041527/0000/eecAnalysis_ppref_2024-09-10_998.root
hadd Source file 128: /eos/cms/store/group/phys_heavyions/jvelazqu/energycorr/eecAnalysis_ppref_2024-09-10/eecOOHistograms/crab_eecAnalysis_ppref_2024-09-10/260910_041527/0000/eecAnalysis_ppref_2024-09-10_556.root
hadd Source file 109: /eos/cms/store/group/phys_heavyions/jvelazqu/energycorr/eecAnalysis_ppref_2024-09-10/eecOOHistograms/crab_eecAnalysis_ppref_2024-09-10/260910_041527/0002/eecAnalysis_ppref_2024-09-10_2677.root
hadd Source file 124: /eos/cms/store/group/phys_heavyions/jvelazqu/energycorr/eecAnalysis_ppref_2024-09-10/eecOOHistograms/crab_eecAnalysis_ppref_2024-09-10/260910_041527/0002/eecAnalysis_ppref_2024-09-10_2264.root
hadd Source file 130: /eos/cms/store/group/phys_heavyions/jvelazqu/energycorr/eecAnalysis_ppref_2024-09-10/eecOOHistograms/crab_eecAnalysis_ppref_2024-09-10/260910_041527/0001/eecAnalysis_ppref_2024-09-10_1414.root
hadd Source file 143: /eos/cms/store/group/phys_heavyions/jvelazqu/energycorr/eecAnalysis_ppref_2024-09-10/eecOOHistograms/crab_eecAnalysis_ppref_2024-09-10/260910_041527/0000/eecAnalysis_ppref_2024-09-10_999.root
hadd Source file 111: /eos/cms/store/group/phys_heavyions/jvelazqu/energycorr/eecAnalysis_ppref_2024-09-10/eecOOHistograms/crab_eecAnalysis_ppref_2024-09-10/260910_041527/0000/eecAnalysis_ppref_2024-09-10_111.root
hadd Source file 111: /eos/cms/store/group/phys_heavyions/jvelazqu/energycorr/eecAnalysis_ppref_2024-09-10/eecOOHistograms/crab_eecAnalysis_ppref_2024-09-10/260910_041527/0003/eecAnalysis_ppref_2024-09-10_3535.root
hadd Source file 110: /eos/cms/store/group/phys_heavyions/jvelazqu/energycorr/eecAnalysis_ppref_2024-09-10/eecOOHistograms/crab_eecAnalysis_ppref_2024-09-10/260910_041527/0002/eecAnalysis_ppref_2024-09-10_2678.root
hadd Source file 143: /eos/cms/store/group/phys_heavyions/jvelazqu/energycorr/eecAnalysis_ppref_2024-09-10/eecOOHistograms/crab_eecAnalysis_ppref_2024-09-10/260910_041527/0003/eecAnalysis_ppref_2024-09-10_3139.root
hadd Source file 129: /eos/cms/store/group/phys_heavyions/jvelazqu/energycorr/eecAnalysis_ppref_2024-09-10/eecOOHistograms/crab_eecAnalysis_ppref_2024-09-10/260910_041527/0000/eecAnalysis_ppref_2024-09-10_557.root
hadd Source file 125: /eos/cms/store/group/phys_heavyions/jvelazqu/energycorr/eecAnalysis_ppref_2024-09-10/eecOOHistograms/crab_eecAnalysis_ppref_2024-09-10/260910_041527/0002/eecAnalysis_ppref_2024-09-10_2265.root
hadd Source file 112: /eos/cms/store/group/phys_heavyions/jvelazqu/energycorr/eecAnalysis_ppref_2024-09-10/eecOOHistograms/crab_eecAnalysis_ppref_2024-09-10/260910_041527/0000/eecAnalysis_ppref_2024-09-10_112.root
hadd Source file 131: /eos/cms/store/group/phys_heavyions/jvelazqu/energycorr/eecAnalysis_ppref_2024-09-10/eecOOHistograms/crab_eecAnalysis_ppref_2024-09-10/260910_041527/0001/eecAnalysis_ppref_2024-09-10_1415.root
hadd Source file 130: /eos/cms/store/group/phys_heavyions/jvelazqu/energycorr/eecAnalysis_ppref_2024-09-10/eecOOHistograms/crab_eecAnalysis_ppref_2024-09-10/260910_041527/0000/eecAnalysis_ppref_2024-09-10_558.root
hadd Source file 112: /eos/cms/store/group/phys_heavyions/jvelazqu/energycorr/eecAnalysis_ppref_2024-09-10/eecOOHistograms/crab_eecAnalysis_ppref_2024-09-10/260910_041527/0003/eecAnalysis_ppref_2024-09-10_3536.root
hadd Source file 111: /eos/cms/store/group/phys_heavyions/jvelazqu/energycorr/eecAnalysis_ppref_2024-09-10/eecOOHistograms/crab_eecAnalysis_ppref_2024-09-10/260910_041527/0002/eecAnalysis_ppref_2024-09-10_2679.root
hadd Source file 144: /eos/cms/store/group/phys_heavyions/jvelazqu/energycorr/eecAnalysis_ppref_2024-09-10/eecOOHistograms/crab_eecAnalysis_ppref_2024-09-10/260910_041527/0003/eecAnalysis_ppref_2024-09-10_3140.root
hadd Source file 126: /eos/cms/store/group/phys_heavyions/jvelazqu/energycorr/eecAnalysis_ppref_2024-09-10/eecOOHistograms/crab_eecAnalysis_ppref_2024-09-10/260910_041527/0002/eecAnalysis_ppref_2024-09-10_2266.root
hadd Source file 113: /eos/cms/store/group/phys_heavyions/jvelazqu/energycorr/eecAnalysis_ppref_2024-09-10/eecOOHistograms/crab_eecAnalysis_ppref_2024-09-10/260910_041527/0000/eecAnalysis_ppref_2024-09-10_113.root
hadd Source file 113: /eos/cms/store/group/phys_heavyions/jvelazqu/energycorr/eecAnalysis_ppref_2024-09-10/eecOOHistograms/crab_eecAnalysis_ppref_2024-09-10/260910_041527/0003/eecAnalysis_ppref_2024-09-10_3537.root
hadd Source file 131: /eos/cms/store/group/phys_heavyions/jvelazqu/energycorr/eecAnalysis_ppref_2024-09-10/eecOOHistograms/crab_eecAnalysis_ppref_2024-09-10/260910_041527/0000/eecAnalysis_ppref_2024-09-10_559.root
hadd Source file 131: /eos/cms/store/group/phys_heavyions/jvelazqu/energycorr/eecAnalysis_ppref_2024-09-10/eecOOHistograms/crab_eecAnalysis_ppref_2024-09-10/260910_041527/0001/eecAnalysis_ppref_2024-09-10_1843.root
hadd Source file 127: /eos/cms/store/group/phys_heavyions/jvelazqu/energycorr/eecAnalysis_ppref_2024-09-10/eecOOHistograms/crab_eecAnalysis_ppref_2024-09-10/260910_041527/0002/eecAnalysis_ppref_2024-09-10_2267.root
hadd Source file 132: /eos/cms/store/group/phys_heavyions/jvelazqu/energycorr/eecAnalysis_ppref_2024-09-10/eecOOHistograms/crab_eecAnalysis_ppref_2024-09-10/260910_041527/0001/eecAnalysis_ppref_2024-09-10_1416.root
hadd Source file 114: /eos/cms/store/group/phys_heavyions/jvelazqu/energycorr/eecAnalysis_ppref_2024-09-10/eecOOHistograms/crab_eecAnalysis_ppref_2024-09-10/260910_041527/0000/eecAnalysis_ppref_2024-09-10_114.root
hadd Source file 137: /eos/cms/store/group/phys_heavyions/jvelazqu/energycorr/eecAnalysis_ppref_2024-09-10/eecOOHistograms/crab_eecAnalysis_ppref_2024-09-10/260910_041527/0003/eecAnalysis_ppref_2024-09-10_3989.root
hadd Source file 112: /eos/cms/store/group/phys_heavyions/jvelazqu/energycorr/eecAnalysis_ppref_2024-09-10/eecOOHistograms/crab_eecAnalysis_ppref_2024-09-10/260910_041527/0002/eecAnalysis_ppref_2024-09-10_2680.root
hadd Source file 132: /eos/cms/store/group/phys_heavyions/jvelazqu/energycorr/eecAnalysis_ppref_2024-09-10/eecOOHistograms/crab_eecAnalysis_ppref_2024-09-10/260910_041527/0000/eecAnalysis_ppref_2024-09-10_560.root
hadd Source file 133: /eos/cms/store/group/phys_heavyions/jvelazqu/energycorr/eecAnalysis_ppref_2024-09-10/eecOOHistograms/crab_eecAnalysis_ppref_2024-09-10/260910_041527/0001/eecAnalysis_ppref_2024-09-10_1417.root
hadd Source file 128: /eos/cms/store/group/phys_heavyions/jvelazqu/energycorr/eecAnalysis_ppref_2024-09-10/eecOOHistograms/crab_eecAnalysis_ppref_2024-09-10/260910_041527/0002/eecAnalysis_ppref_2024-09-10_2268.root
hadd Source file 145: /eos/cms/store/group/phys_heavyions/jvelazqu/energycorr/eecAnalysis_ppref_2024-09-10/eecOOHistograms/crab_eecAnalysis_ppref_2024-09-10/260910_041527/0003/eecAnalysis_ppref_2024-09-10_3141.root
hadd Source file 114: /eos/cms/store/group/phys_heavyions/jvelazqu/energycorr/eecAnalysis_ppref_2024-09-10/eecOOHistograms/crab_eecAnalysis_ppref_2024-09-10/260910_041527/0003/eecAnalysis_ppref_2024-09-10_3538.root
hadd Source file 138: /eos/cms/store/group/phys_heavyions/jvelazqu/energycorr/eecAnalysis_ppref_2024-09-10/eecOOHistograms/crab_eecAnalysis_ppref_2024-09-10/260910_041527/0003/eecAnalysis_ppref_2024-09-10_3990.root
hadd Source file 113: /eos/cms/store/group/phys_heavyions/jvelazqu/energycorr/eecAnalysis_ppref_2024-09-10/eecOOHistograms/crab_eecAnalysis_ppref_2024-09-10/260910_041527/0002/eecAnalysis_ppref_2024-09-10_2681.root
hadd Source file 132: /eos/cms/store/group/phys_heavyions/jvelazqu/energycorr/eecAnalysis_ppref_2024-09-10/eecOOHistograms/crab_eecAnalysis_ppref_2024-09-10/260910_041527/0001/eecAnalysis_ppref_2024-09-10_1844.root
hadd Source file 115: /eos/cms/store/group/phys_heavyions/jvelazqu/energycorr/eecAnalysis_ppref_2024-09-10/eecOOHistograms/crab_eecAnalysis_ppref_2024-09-10/260910_041527/0000/eecAnalysis_ppref_2024-09-10_115.root
hadd Source file 133: /eos/cms/store/group/phys_heavyions/jvelazqu/energycorr/eecAnalysis_ppref_2024-09-10/eecOOHistograms/crab_eecAnalysis_ppref_2024-09-10/260910_041527/0000/eecAnalysis_ppref_2024-09-10_561.root
hadd Source file 144: /eos/cms/store/group/phys_heavyions/jvelazqu/energycorr/eecAnalysis_ppref_2024-09-10/eecOOHistograms/crab_eecAnalysis_ppref_2024-09-10/260910_041527/0001/eecAnalysis_ppref_2024-09-10_1000.root
hadd Source file 134: /eos/cms/store/group/phys_heavyions/jvelazqu/energycorr/eecAnalysis_ppref_2024-09-10/eecOOHistograms/crab_eecAnalysis_ppref_2024-09-10/260910_041527/0001/eecAnalysis_ppref_2024-09-10_1418.root
hadd Source file 116: /eos/cms/store/group/phys_heavyions/jvelazqu/energycorr/eecAnalysis_ppref_2024-09-10/eecOOHistograms/crab_eecAnalysis_ppref_2024-09-10/260910_041527/0000/eecAnalysis_ppref_2024-09-10_116.root
hadd Source file 146: /eos/cms/store/group/phys_heavyions/jvelazqu/energycorr/eecAnalysis_ppref_2024-09-10/eecOOHistograms/crab_eecAnalysis_ppref_2024-09-10/260910_041527/0003/eecAnalysis_ppref_2024-09-10_3142.root
hadd Source file 145: /eos/cms/store/group/phys_heavyions/jvelazqu/energycorr/eecAnalysis_ppref_2024-09-10/eecOOHistograms/crab_eecAnalysis_ppref_2024-09-10/260910_041527/0001/eecAnalysis_ppref_2024-09-10_1001.root
hadd Source file 133: /eos/cms/store/group/phys_heavyions/jvelazqu/energycorr/eecAnalysis_ppref_2024-09-10/eecOOHistograms/crab_eecAnalysis_ppref_2024-09-10/260910_041527/0001/eecAnalysis_ppref_2024-09-10_1845.root
hadd Source file 114: /eos/cms/store/group/phys_heavyions/jvelazqu/energycorr/eecAnalysis_ppref_2024-09-10/eecOOHistograms/crab_eecAnalysis_ppref_2024-09-10/260910_041527/0002/eecAnalysis_ppref_2024-09-10_2682.root
hadd Source file 115: /eos/cms/store/group/phys_heavyions/jvelazqu/energycorr/eecAnalysis_ppref_2024-09-10/eecOOHistograms/crab_eecAnalysis_ppref_2024-09-10/260910_041527/0002/eecAnalysis_ppref_2024-09-10_2683.root
hadd Source file 147: /eos/cms/store/group/phys_heavyions/jvelazqu/energycorr/eecAnalysis_ppref_2024-09-10/eecOOHistograms/crab_eecAnalysis_ppref_2024-09-10/260910_041527/0003/eecAnalysis_ppref_2024-09-10_3143.root
hadd Source file 117: /eos/cms/store/group/phys_heavyions/jvelazqu/energycorr/eecAnalysis_ppref_2024-09-10/eecOOHistograms/crab_eecAnalysis_ppref_2024-09-10/260910_041527/0000/eecAnalysis_ppref_2024-09-10_117.root
hadd Source file 146: /eos/cms/store/group/phys_heavyions/jvelazqu/energycorr/eecAnalysis_ppref_2024-09-10/eecOOHistograms/crab_eecAnalysis_ppref_2024-09-10/260910_041527/0001/eecAnalysis_ppref_2024-09-10_1002.root
hadd Source file 148: /eos/cms/store/group/phys_heavyions/jvelazqu/energycorr/eecAnalysis_ppref_2024-09-10/eecOOHistograms/crab_eecAnalysis_ppref_2024-09-10/260910_041527/0003/eecAnalysis_ppref_2024-09-10_3144.root
hadd Source file 129: /eos/cms/store/group/phys_heavyions/jvelazqu/energycorr/eecAnalysis_ppref_2024-09-10/eecOOHistograms/crab_eecAnalysis_ppref_2024-09-10/260910_041527/0002/eecAnalysis_ppref_2024-09-10_2269.root
hadd Source file 134: /eos/cms/store/group/phys_heavyions/jvelazqu/energycorr/eecAnalysis_ppref_2024-09-10/eecOOHistograms/crab_eecAnalysis_ppref_2024-09-10/260910_041527/0001/eecAnalysis_ppref_2024-09-10_1846.root
hadd Source file 118: /eos/cms/store/group/phys_heavyions/jvelazqu/energycorr/eecAnalysis_ppref_2024-09-10/eecOOHistograms/crab_eecAnalysis_ppref_2024-09-10/260910_041527/0000/eecAnalysis_ppref_2024-09-10_118.root
hadd Source file 149: /eos/cms/store/group/phys_heavyions/jvelazqu/energycorr/eecAnalysis_ppref_2024-09-10/eecOOHistograms/crab_eecAnalysis_ppref_2024-09-10/260910_041527/0003/eecAnalysis_ppref_2024-09-10_3145.root
hadd Source file 130: /eos/cms/store/group/phys_heavyions/jvelazqu/energycorr/eecAnalysis_ppref_2024-09-10/eecOOHistograms/crab_eecAnalysis_ppref_2024-09-10/260910_041527/0002/eecAnalysis_ppref_2024-09-10_2270.root
hadd Source file 115: /eos/cms/store/group/phys_heavyions/jvelazqu/energycorr/eecAnalysis_ppref_2024-09-10/eecOOHistograms/crab_eecAnalysis_ppref_2024-09-10/260910_041527/0003/eecAnalysis_ppref_2024-09-10_3539.root
hadd Source file 134: /eos/cms/store/group/phys_heavyions/jvelazqu/energycorr/eecAnalysis_ppref_2024-09-10/eecOOHistograms/crab_eecAnalysis_ppref_2024-09-10/260910_041527/0000/eecAnalysis_ppref_2024-09-10_562.root
hadd Source file 135: /eos/cms/store/group/phys_heavyions/jvelazqu/energycorr/eecAnalysis_ppref_2024-09-10/eecOOHistograms/crab_eecAnalysis_ppref_2024-09-10/260910_041527/0001/eecAnalysis_ppref_2024-09-10_1847.root
hadd Source file 139: /eos/cms/store/group/phys_heavyions/jvelazqu/energycorr/eecAnalysis_ppref_2024-09-10/eecOOHistograms/crab_eecAnalysis_ppref_2024-09-10/260910_041527/0003/eecAnalysis_ppref_2024-09-10_3991.root
hadd Source file 119: /eos/cms/store/group/phys_heavyions/jvelazqu/energycorr/eecAnalysis_ppref_2024-09-10/eecOOHistograms/crab_eecAnalysis_ppref_2024-09-10/260910_041527/0000/eecAnalysis_ppref_2024-09-10_119.root
hadd Source file 150: /eos/cms/store/group/phys_heavyions/jvelazqu/energycorr/eecAnalysis_ppref_2024-09-10/eecOOHistograms/crab_eecAnalysis_ppref_2024-09-10/260910_041527/0003/eecAnalysis_ppref_2024-09-10_3146.root
hadd Source file 135: /eos/cms/store/group/phys_heavyions/jvelazqu/energycorr/eecAnalysis_ppref_2024-09-10/eecOOHistograms/crab_eecAnalysis_ppref_2024-09-10/260910_041527/0001/eecAnalysis_ppref_2024-09-10_1419.root
hadd Source file 131: /eos/cms/store/group/phys_heavyions/jvelazqu/energycorr/eecAnalysis_ppref_2024-09-10/eecOOHistograms/crab_eecAnalysis_ppref_2024-09-10/260910_041527/0002/eecAnalysis_ppref_2024-09-10_2271.root
hadd Source file 135: /eos/cms/store/group/phys_heavyions/jvelazqu/energycorr/eecAnalysis_ppref_2024-09-10/eecOOHistograms/crab_eecAnalysis_ppref_2024-09-10/260910_041527/0000/eecAnalysis_ppref_2024-09-10_563.root
hadd Source file 136: /eos/cms/store/group/phys_heavyions/jvelazqu/energycorr/eecAnalysis_ppref_2024-09-10/eecOOHistograms/crab_eecAnalysis_ppref_2024-09-10/260910_041527/0001/eecAnalysis_ppref_2024-09-10_1848.root
hadd Source file 140: /eos/cms/store/group/phys_heavyions/jvelazqu/energycorr/eecAnalysis_ppref_2024-09-10/eecOOHistograms/crab_eecAnalysis_ppref_2024-09-10/260910_041527/0003/eecAnalysis_ppref_2024-09-10_3992.root
hadd Source file 120: /eos/cms/store/group/phys_heavyions/jvelazqu/energycorr/eecAnalysis_ppref_2024-09-10/eecOOHistograms/crab_eecAnalysis_ppref_2024-09-10/260910_041527/0000/eecAnalysis_ppref_2024-09-10_120.root
hadd Source file 151: /eos/cms/store/group/phys_heavyions/jvelazqu/energycorr/eecAnalysis_ppref_2024-09-10/eecOOHistograms/crab_eecAnalysis_ppref_2024-09-10/260910_041527/0003/eecAnalysis_ppref_2024-09-10_3147.root
hadd Source file 116: /eos/cms/store/group/phys_heavyions/jvelazqu/energycorr/eecAnalysis_ppref_2024-09-10/eecOOHistograms/crab_eecAnalysis_ppref_2024-09-10/260910_041527/0002/eecAnalysis_ppref_2024-09-10_2684.root
hadd Source file 136: /eos/cms/store/group/phys_heavyions/jvelazqu/energycorr/eecAnalysis_ppref_2024-09-10/eecOOHistograms/crab_eecAnalysis_ppref_2024-09-10/260910_041527/0001/eecAnalysis_ppref_2024-09-10_1420.root
hadd Source file 137: /eos/cms/store/group/phys_heavyions/jvelazqu/energycorr/eecAnalysis_ppref_2024-09-10/eecOOHistograms/crab_eecAnalysis_ppref_2024-09-10/260910_041527/0001/eecAnalysis_ppref_2024-09-10_1849.root
hadd Source file 136: /eos/cms/store/group/phys_heavyions/jvelazqu/energycorr/eecAnalysis_ppref_2024-09-10/eecOOHistograms/crab_eecAnalysis_ppref_2024-09-10/260910_041527/0000/eecAnalysis_ppref_2024-09-10_564.root
hadd Source file 141: /eos/cms/store/group/phys_heavyions/jvelazqu/energycorr/eecAnalysis_ppref_2024-09-10/eecOOHistograms/crab_eecAnalysis_ppref_2024-09-10/260910_041527/0003/eecAnalysis_ppref_2024-09-10_3993.root
hadd Source file 121: /eos/cms/store/group/phys_heavyions/jvelazqu/energycorr/eecAnalysis_ppref_2024-09-10/eecOOHistograms/crab_eecAnalysis_ppref_2024-09-10/260910_041527/0000/eecAnalysis_ppref_2024-09-10_121.root
hadd Source file 152: /eos/cms/store/group/phys_heavyions/jvelazqu/energycorr/eecAnalysis_ppref_2024-09-10/eecOOHistograms/crab_eecAnalysis_ppref_2024-09-10/260910_041527/0003/eecAnalysis_ppref_2024-09-10_3148.root
hadd Source file 117: /eos/cms/store/group/phys_heavyions/jvelazqu/energycorr/eecAnalysis_ppref_2024-09-10/eecOOHistograms/crab_eecAnalysis_ppref_2024-09-10/260910_041527/0002/eecAnalysis_ppref_2024-09-10_2685.root
hadd Source file 147: /eos/cms/store/group/phys_heavyions/jvelazqu/energycorr/eecAnalysis_ppref_2024-09-10/eecOOHistograms/crab_eecAnalysis_ppref_2024-09-10/260910_041527/0001/eecAnalysis_ppref_2024-09-10_1003.root
hadd Source file 137: /eos/cms/store/group/phys_heavyions/jvelazqu/energycorr/eecAnalysis_ppref_2024-09-10/eecOOHistograms/crab_eecAnalysis_ppref_2024-09-10/260910_041527/0001/eecAnalysis_ppref_2024-09-10_1421.root
hadd Source file 137: /eos/cms/store/group/phys_heavyions/jvelazqu/energycorr/eecAnalysis_ppref_2024-09-10/eecOOHistograms/crab_eecAnalysis_ppref_2024-09-10/260910_041527/0000/eecAnalysis_ppref_2024-09-10_565.root
hadd Source file 138: /eos/cms/store/group/phys_heavyions/jvelazqu/energycorr/eecAnalysis_ppref_2024-09-10/eecOOHistograms/crab_eecAnalysis_ppref_2024-09-10/260910_041527/0001/eecAnalysis_ppref_2024-09-10_1850.root
hadd Source file 142: /eos/cms/store/group/phys_heavyions/jvelazqu/energycorr/eecAnalysis_ppref_2024-09-10/eecOOHistograms/crab_eecAnalysis_ppref_2024-09-10/260910_041527/0003/eecAnalysis_ppref_2024-09-10_3994.root
hadd Source file 138: /eos/cms/store/group/phys_heavyions/jvelazqu/energycorr/eecAnalysis_ppref_2024-09-10/eecOOHistograms/crab_eecAnalysis_ppref_2024-09-10/260910_041527/0001/eecAnalysis_ppref_2024-09-10_1422.root
hadd Source file 122: /eos/cms/store/group/phys_heavyions/jvelazqu/energycorr/eecAnalysis_ppref_2024-09-10/eecOOHistograms/crab_eecAnalysis_ppref_2024-09-10/260910_041527/0000/eecAnalysis_ppref_2024-09-10_122.root
hadd Source file 118: /eos/cms/store/group/phys_heavyions/jvelazqu/energycorr/eecAnalysis_ppref_2024-09-10/eecOOHistograms/crab_eecAnalysis_ppref_2024-09-10/260910_041527/0002/eecAnalysis_ppref_2024-09-10_2686.root
hadd Source file 116: /eos/cms/store/group/phys_heavyions/jvelazqu/energycorr/eecAnalysis_ppref_2024-09-10/eecOOHistograms/crab_eecAnalysis_ppref_2024-09-10/260910_041527/0003/eecAnalysis_ppref_2024-09-10_3540.root
hadd Source file 153: /eos/cms/store/group/phys_heavyions/jvelazqu/energycorr/eecAnalysis_ppref_2024-09-10/eecOOHistograms/crab_eecAnalysis_ppref_2024-09-10/260910_041527/0003/eecAnalysis_ppref_2024-09-10_3149.root
hadd Source file 139: /eos/cms/store/group/phys_heavyions/jvelazqu/energycorr/eecAnalysis_ppref_2024-09-10/eecOOHistograms/crab_eecAnalysis_ppref_2024-09-10/260910_041527/0001/eecAnalysis_ppref_2024-09-10_1851.root
hadd Source file 148: /eos/cms/store/group/phys_heavyions/jvelazqu/energycorr/eecAnalysis_ppref_2024-09-10/eecOOHistograms/crab_eecAnalysis_ppref_2024-09-10/260910_041527/0001/eecAnalysis_ppref_2024-09-10_1004.root
hadd Source file 138: /eos/cms/store/group/phys_heavyions/jvelazqu/energycorr/eecAnalysis_ppref_2024-09-10/eecOOHistograms/crab_eecAnalysis_ppref_2024-09-10/260910_041527/0000/eecAnalysis_ppref_2024-09-10_566.root
hadd Source file 117: /eos/cms/store/group/phys_heavyions/jvelazqu/energycorr/eecAnalysis_ppref_2024-09-10/eecOOHistograms/crab_eecAnalysis_ppref_2024-09-10/260910_041527/0003/eecAnalysis_ppref_2024-09-10_3541.root
hadd Source file 139: /eos/cms/store/group/phys_heavyions/jvelazqu/energycorr/eecAnalysis_ppref_2024-09-10/eecOOHistograms/crab_eecAnalysis_ppref_2024-09-10/260910_041527/0001/eecAnalysis_ppref_2024-09-10_1423.root
hadd Source file 123: /eos/cms/store/group/phys_heavyions/jvelazqu/energycorr/eecAnalysis_ppref_2024-09-10/eecOOHistograms/crab_eecAnalysis_ppref_2024-09-10/260910_041527/0000/eecAnalysis_ppref_2024-09-10_123.root
hadd Source file 132: /eos/cms/store/group/phys_heavyions/jvelazqu/energycorr/eecAnalysis_ppref_2024-09-10/eecOOHistograms/crab_eecAnalysis_ppref_2024-09-10/260910_041527/0002/eecAnalysis_ppref_2024-09-10_2272.root
hadd Source file 154: /eos/cms/store/group/phys_heavyions/jvelazqu/energycorr/eecAnalysis_ppref_2024-09-10/eecOOHistograms/crab_eecAnalysis_ppref_2024-09-10/260910_041527/0003/eecAnalysis_ppref_2024-09-10_3150.root
hadd Source file 119: /eos/cms/store/group/phys_heavyions/jvelazqu/energycorr/eecAnalysis_ppref_2024-09-10/eecOOHistograms/crab_eecAnalysis_ppref_2024-09-10/260910_041527/0002/eecAnalysis_ppref_2024-09-10_2687.root
hadd Source file 149: /eos/cms/store/group/phys_heavyions/jvelazqu/energycorr/eecAnalysis_ppref_2024-09-10/eecOOHistograms/crab_eecAnalysis_ppref_2024-09-10/260910_041527/0001/eecAnalysis_ppref_2024-09-10_1005.root
hadd Source file 140: /eos/cms/store/group/phys_heavyions/jvelazqu/energycorr/eecAnalysis_ppref_2024-09-10/eecOOHistograms/crab_eecAnalysis_ppref_2024-09-10/260910_041527/0001/eecAnalysis_ppref_2024-09-10_1852.root
hadd Source file 124: /eos/cms/store/group/phys_heavyions/jvelazqu/energycorr/eecAnalysis_ppref_2024-09-10/eecOOHistograms/crab_eecAnalysis_ppref_2024-09-10/260910_041527/0000/eecAnalysis_ppref_2024-09-10_124.root
hadd Source file 118: /eos/cms/store/group/phys_heavyions/jvelazqu/energycorr/eecAnalysis_ppref_2024-09-10/eecOOHistograms/crab_eecAnalysis_ppref_2024-09-10/260910_041527/0003/eecAnalysis_ppref_2024-09-10_3542.root
hadd Source file 139: /eos/cms/store/group/phys_heavyions/jvelazqu/energycorr/eecAnalysis_ppref_2024-09-10/eecOOHistograms/crab_eecAnalysis_ppref_2024-09-10/260910_041527/0000/eecAnalysis_ppref_2024-09-10_567.root
hadd Source file 120: /eos/cms/store/group/phys_heavyions/jvelazqu/energycorr/eecAnalysis_ppref_2024-09-10/eecOOHistograms/crab_eecAnalysis_ppref_2024-09-10/260910_041527/0002/eecAnalysis_ppref_2024-09-10_2688.root
hadd Source file 155: /eos/cms/store/group/phys_heavyions/jvelazqu/energycorr/eecAnalysis_ppref_2024-09-10/eecOOHistograms/crab_eecAnalysis_ppref_2024-09-10/260910_041527/0003/eecAnalysis_ppref_2024-09-10_3151.root
hadd Source file 150: /eos/cms/store/group/phys_heavyions/jvelazqu/energycorr/eecAnalysis_ppref_2024-09-10/eecOOHistograms/crab_eecAnalysis_ppref_2024-09-10/260910_041527/0001/eecAnalysis_ppref_2024-09-10_1006.root
hadd Source file 140: /eos/cms/store/group/phys_heavyions/jvelazqu/energycorr/eecAnalysis_ppref_2024-09-10/eecOOHistograms/crab_eecAnalysis_ppref_2024-09-10/260910_041527/0000/eecAnalysis_ppref_2024-09-10_568.root
hadd Source file 133: /eos/cms/store/group/phys_heavyions/jvelazqu/energycorr/eecAnalysis_ppref_2024-09-10/eecOOHistograms/crab_eecAnalysis_ppref_2024-09-10/260910_041527/0002/eecAnalysis_ppref_2024-09-10_2273.root
hadd Source file 141: /eos/cms/store/group/phys_heavyions/jvelazqu/energycorr/eecAnalysis_ppref_2024-09-10/eecOOHistograms/crab_eecAnalysis_ppref_2024-09-10/260910_041527/0001/eecAnalysis_ppref_2024-09-10_1853.root
hadd Source file 119: /eos/cms/store/group/phys_heavyions/jvelazqu/energycorr/eecAnalysis_ppref_2024-09-10/eecOOHistograms/crab_eecAnalysis_ppref_2024-09-10/260910_041527/0003/eecAnalysis_ppref_2024-09-10_3543.root
hadd Source file 125: /eos/cms/store/group/phys_heavyions/jvelazqu/energycorr/eecAnalysis_ppref_2024-09-10/eecOOHistograms/crab_eecAnalysis_ppref_2024-09-10/260910_041527/0000/eecAnalysis_ppref_2024-09-10_125.root
hadd Source file 121: /eos/cms/store/group/phys_heavyions/jvelazqu/energycorr/eecAnalysis_ppref_2024-09-10/eecOOHistograms/crab_eecAnalysis_ppref_2024-09-10/260910_041527/0002/eecAnalysis_ppref_2024-09-10_2689.root
hadd Source file 156: /eos/cms/store/group/phys_heavyions/jvelazqu/energycorr/eecAnalysis_ppref_2024-09-10/eecOOHistograms/crab_eecAnalysis_ppref_2024-09-10/260910_041527/0003/eecAnalysis_ppref_2024-09-10_3152.root
hadd Source file 134: /eos/cms/store/group/phys_heavyions/jvelazqu/energycorr/eecAnalysis_ppref_2024-09-10/eecOOHistograms/crab_eecAnalysis_ppref_2024-09-10/260910_041527/0002/eecAnalysis_ppref_2024-09-10_2274.root
hadd Source file 141: /eos/cms/store/group/phys_heavyions/jvelazqu/energycorr/eecAnalysis_ppref_2024-09-10/eecOOHistograms/crab_eecAnalysis_ppref_2024-09-10/260910_041527/0000/eecAnalysis_ppref_2024-09-10_569.root
hadd Source file 120: /eos/cms/store/group/phys_heavyions/jvelazqu/energycorr/eecAnalysis_ppref_2024-09-10/eecOOHistograms/crab_eecAnalysis_ppref_2024-09-10/260910_041527/0003/eecAnalysis_ppref_2024-09-10_3544.root
hadd Source file 143: /eos/cms/store/group/phys_heavyions/jvelazqu/energycorr/eecAnalysis_ppref_2024-09-10/eecOOHistograms/crab_eecAnalysis_ppref_2024-09-10/260910_041527/0003/eecAnalysis_ppref_2024-09-10_3995.root
hadd Source file 122: /eos/cms/store/group/phys_heavyions/jvelazqu/energycorr/eecAnalysis_ppref_2024-09-10/eecOOHistograms/crab_eecAnalysis_ppref_2024-09-10/260910_041527/0002/eecAnalysis_ppref_2024-09-10_2690.root
hadd Source file 135: /eos/cms/store/group/phys_heavyions/jvelazqu/energycorr/eecAnalysis_ppref_2024-09-10/eecOOHistograms/crab_eecAnalysis_ppref_2024-09-10/260910_041527/0002/eecAnalysis_ppref_2024-09-10_2275.root
hadd Source file 126: /eos/cms/store/group/phys_heavyions/jvelazqu/energycorr/eecAnalysis_ppref_2024-09-10/eecOOHistograms/crab_eecAnalysis_ppref_2024-09-10/260910_041527/0000/eecAnalysis_ppref_2024-09-10_126.root
hadd Source file 142: /eos/cms/store/group/phys_heavyions/jvelazqu/energycorr/eecAnalysis_ppref_2024-09-10/eecOOHistograms/crab_eecAnalysis_ppref_2024-09-10/260910_041527/0000/eecAnalysis_ppref_2024-09-10_570.root
hadd Source file 144: /eos/cms/store/group/phys_heavyions/jvelazqu/energycorr/eecAnalysis_ppref_2024-09-10/eecOOHistograms/crab_eecAnalysis_ppref_2024-09-10/260910_041527/0003/eecAnalysis_ppref_2024-09-10_3996.root
hadd Source file 140: /eos/cms/store/group/phys_heavyions/jvelazqu/energycorr/eecAnalysis_ppref_2024-09-10/eecOOHistograms/crab_eecAnalysis_ppref_2024-09-10/260910_041527/0001/eecAnalysis_ppref_2024-09-10_1424.root
hadd Source file 136: /eos/cms/store/group/phys_heavyions/jvelazqu/energycorr/eecAnalysis_ppref_2024-09-10/eecOOHistograms/crab_eecAnalysis_ppref_2024-09-10/260910_041527/0002/eecAnalysis_ppref_2024-09-10_2276.root
hadd Source file 145: /eos/cms/store/group/phys_heavyions/jvelazqu/energycorr/eecAnalysis_ppref_2024-09-10/eecOOHistograms/crab_eecAnalysis_ppref_2024-09-10/260910_041527/0003/eecAnalysis_ppref_2024-09-10_3997.root
hadd Source file 143: /eos/cms/store/group/phys_heavyions/jvelazqu/energycorr/eecAnalysis_ppref_2024-09-10/eecOOHistograms/crab_eecAnalysis_ppref_2024-09-10/260910_041527/0000/eecAnalysis_ppref_2024-09-10_571.root
hadd Source file 127: /eos/cms/store/group/phys_heavyions/jvelazqu/energycorr/eecAnalysis_ppref_2024-09-10/eecOOHistograms/crab_eecAnalysis_ppref_2024-09-10/260910_041527/0000/eecAnalysis_ppref_2024-09-10_127.root
hadd Source file 141: /eos/cms/store/group/phys_heavyions/jvelazqu/energycorr/eecAnalysis_ppref_2024-09-10/eecOOHistograms/crab_eecAnalysis_ppref_2024-09-10/260910_041527/0001/eecAnalysis_ppref_2024-09-10_1425.root
hadd Source file 157: /eos/cms/store/group/phys_heavyions/jvelazqu/energycorr/eecAnalysis_ppref_2024-09-10/eecOOHistograms/crab_eecAnalysis_ppref_2024-09-10/260910_041527/0003/eecAnalysis_ppref_2024-09-10_3153.root
hadd Source file 151: /eos/cms/store/group/phys_heavyions/jvelazqu/energycorr/eecAnalysis_ppref_2024-09-10/eecOOHistograms/crab_eecAnalysis_ppref_2024-09-10/260910_041527/0001/eecAnalysis_ppref_2024-09-10_1007.root
hadd Source file 128: /eos/cms/store/group/phys_heavyions/jvelazqu/energycorr/eecAnalysis_ppref_2024-09-10/eecOOHistograms/crab_eecAnalysis_ppref_2024-09-10/260910_041527/0000/eecAnalysis_ppref_2024-09-10_128.root
hadd Source file 158: /eos/cms/store/group/phys_heavyions/jvelazqu/energycorr/eecAnalysis_ppref_2024-09-10/eecOOHistograms/crab_eecAnalysis_ppref_2024-09-10/260910_041527/0003/eecAnalysis_ppref_2024-09-10_3154.root
hadd Source file 152: /eos/cms/store/group/phys_heavyions/jvelazqu/energycorr/eecAnalysis_ppref_2024-09-10/eecOOHistograms/crab_eecAnalysis_ppref_2024-09-10/260910_041527/0001/eecAnalysis_ppref_2024-09-10_1008.root
hadd Source file 121: /eos/cms/store/group/phys_heavyions/jvelazqu/energycorr/eecAnalysis_ppref_2024-09-10/eecOOHistograms/crab_eecAnalysis_ppref_2024-09-10/260910_041527/0003/eecAnalysis_ppref_2024-09-10_3545.root
hadd Source file 129: /eos/cms/store/group/phys_heavyions/jvelazqu/energycorr/eecAnalysis_ppref_2024-09-10/eecOOHistograms/crab_eecAnalysis_ppref_2024-09-10/260910_041527/0000/eecAnalysis_ppref_2024-09-10_129.root
hadd Source file 153: /eos/cms/store/group/phys_heavyions/jvelazqu/energycorr/eecAnalysis_ppref_2024-09-10/eecOOHistograms/crab_eecAnalysis_ppref_2024-09-10/260910_041527/0001/eecAnalysis_ppref_2024-09-10_1009.root
hadd Source file 123: /eos/cms/store/group/phys_heavyions/jvelazqu/energycorr/eecAnalysis_ppref_2024-09-10/eecOOHistograms/crab_eecAnalysis_ppref_2024-09-10/260910_041527/0002/eecAnalysis_ppref_2024-09-10_2691.root
hadd Source file 122: /eos/cms/store/group/phys_heavyions/jvelazqu/energycorr/eecAnalysis_ppref_2024-09-10/eecOOHistograms/crab_eecAnalysis_ppref_2024-09-10/260910_041527/0003/eecAnalysis_ppref_2024-09-10_3546.root
hadd Source file 154: /eos/cms/store/group/phys_heavyions/jvelazqu/energycorr/eecAnalysis_ppref_2024-09-10/eecOOHistograms/crab_eecAnalysis_ppref_2024-09-10/260910_041527/0001/eecAnalysis_ppref_2024-09-10_1010.root
hadd Source file 124: /eos/cms/store/group/phys_heavyions/jvelazqu/energycorr/eecAnalysis_ppref_2024-09-10/eecOOHistograms/crab_eecAnalysis_ppref_2024-09-10/260910_041527/0002/eecAnalysis_ppref_2024-09-10_2692.root
hadd Source file 142: /eos/cms/store/group/phys_heavyions/jvelazqu/energycorr/eecAnalysis_ppref_2024-09-10/eecOOHistograms/crab_eecAnalysis_ppref_2024-09-10/260910_041527/0001/eecAnalysis_ppref_2024-09-10_1854.root
hadd Source file 137: /eos/cms/store/group/phys_heavyions/jvelazqu/energycorr/eecAnalysis_ppref_2024-09-10/eecOOHistograms/crab_eecAnalysis_ppref_2024-09-10/260910_041527/0002/eecAnalysis_ppref_2024-09-10_2277.root
hadd Source file 130: /eos/cms/store/group/phys_heavyions/jvelazqu/energycorr/eecAnalysis_ppref_2024-09-10/eecOOHistograms/crab_eecAnalysis_ppref_2024-09-10/260910_041527/0000/eecAnalysis_ppref_2024-09-10_130.root
hadd Source file 146: /eos/cms/store/group/phys_heavyions/jvelazqu/energycorr/eecAnalysis_ppref_2024-09-10/eecOOHistograms/crab_eecAnalysis_ppref_2024-09-10/260910_041527/0003/eecAnalysis_ppref_2024-09-10_3998.root
hadd Source file 123: /eos/cms/store/group/phys_heavyions/jvelazqu/energycorr/eecAnalysis_ppref_2024-09-10/eecOOHistograms/crab_eecAnalysis_ppref_2024-09-10/260910_041527/0003/eecAnalysis_ppref_2024-09-10_3547.root
hadd Source file 131: /eos/cms/store/group/phys_heavyions/jvelazqu/energycorr/eecAnalysis_ppref_2024-09-10/eecOOHistograms/crab_eecAnalysis_ppref_2024-09-10/260910_041527/0000/eecAnalysis_ppref_2024-09-10_131.root
hadd Source file 143: /eos/cms/store/group/phys_heavyions/jvelazqu/energycorr/eecAnalysis_ppref_2024-09-10/eecOOHistograms/crab_eecAnalysis_ppref_2024-09-10/260910_041527/0001/eecAnalysis_ppref_2024-09-10_1855.root
hadd Source file 125: /eos/cms/store/group/phys_heavyions/jvelazqu/energycorr/eecAnalysis_ppref_2024-09-10/eecOOHistograms/crab_eecAnalysis_ppref_2024-09-10/260910_041527/0002/eecAnalysis_ppref_2024-09-10_2693.root
hadd Source file 138: /eos/cms/store/group/phys_heavyions/jvelazqu/energycorr/eecAnalysis_ppref_2024-09-10/eecOOHistograms/crab_eecAnalysis_ppref_2024-09-10/260910_041527/0002/eecAnalysis_ppref_2024-09-10_2278.root
hadd Source file 147: /eos/cms/store/group/phys_heavyions/jvelazqu/energycorr/eecAnalysis_ppref_2024-09-10/eecOOHistograms/crab_eecAnalysis_ppref_2024-09-10/260910_041527/0003/eecAnalysis_ppref_2024-09-10_3999.root
hadd Source file 144: /eos/cms/store/group/phys_heavyions/jvelazqu/energycorr/eecAnalysis_ppref_2024-09-10/eecOOHistograms/crab_eecAnalysis_ppref_2024-09-10/260910_041527/0001/eecAnalysis_ppref_2024-09-10_1856.root
hadd Source file 159: /eos/cms/store/group/phys_heavyions/jvelazqu/energycorr/eecAnalysis_ppref_2024-09-10/eecOOHistograms/crab_eecAnalysis_ppref_2024-09-10/260910_041527/0003/eecAnalysis_ppref_2024-09-10_3155.root
hadd Source file 144: /eos/cms/store/group/phys_heavyions/jvelazqu/energycorr/eecAnalysis_ppref_2024-09-10/eecOOHistograms/crab_eecAnalysis_ppref_2024-09-10/260910_041527/0000/eecAnalysis_ppref_2024-09-10_572.root
hadd Source file 124: /eos/cms/store/group/phys_heavyions/jvelazqu/energycorr/eecAnalysis_ppref_2024-09-10/eecOOHistograms/crab_eecAnalysis_ppref_2024-09-10/260910_041527/0003/eecAnalysis_ppref_2024-09-10_3548.root
hadd Source file 148: /eos/cms/store/group/phys_heavyions/jvelazqu/energycorr/eecAnalysis_ppref_2024-09-10/eecOOHistograms/crab_eecAnalysis_ppref_2024-09-10/260910_041527/0004/eecAnalysis_ppref_2024-09-10_4000.root
hadd Source file 132: /eos/cms/store/group/phys_heavyions/jvelazqu/energycorr/eecAnalysis_ppref_2024-09-10/eecOOHistograms/crab_eecAnalysis_ppref_2024-09-10/260910_041527/0000/eecAnalysis_ppref_2024-09-10_132.root
hadd Source file 126: /eos/cms/store/group/phys_heavyions/jvelazqu/energycorr/eecAnalysis_ppref_2024-09-10/eecOOHistograms/crab_eecAnalysis_ppref_2024-09-10/260910_041527/0002/eecAnalysis_ppref_2024-09-10_2694.root
hadd Source file 145: /eos/cms/store/group/phys_heavyions/jvelazqu/energycorr/eecAnalysis_ppref_2024-09-10/eecOOHistograms/crab_eecAnalysis_ppref_2024-09-10/260910_041527/0001/eecAnalysis_ppref_2024-09-10_1857.root
hadd Source file 142: /eos/cms/store/group/phys_heavyions/jvelazqu/energycorr/eecAnalysis_ppref_2024-09-10/eecOOHistograms/crab_eecAnalysis_ppref_2024-09-10/260910_041527/0001/eecAnalysis_ppref_2024-09-10_1426.root
hadd Source file 145: /eos/cms/store/group/phys_heavyions/jvelazqu/energycorr/eecAnalysis_ppref_2024-09-10/eecOOHistograms/crab_eecAnalysis_ppref_2024-09-10/260910_041527/0000/eecAnalysis_ppref_2024-09-10_573.root
hadd Source file 155: /eos/cms/store/group/phys_heavyions/jvelazqu/energycorr/eecAnalysis_ppref_2024-09-10/eecOOHistograms/crab_eecAnalysis_ppref_2024-09-10/260910_041527/0001/eecAnalysis_ppref_2024-09-10_1011.root
hadd Source file 133: /eos/cms/store/group/phys_heavyions/jvelazqu/energycorr/eecAnalysis_ppref_2024-09-10/eecOOHistograms/crab_eecAnalysis_ppref_2024-09-10/260910_041527/0000/eecAnalysis_ppref_2024-09-10_133.root
hadd Source file 160: /eos/cms/store/group/phys_heavyions/jvelazqu/energycorr/eecAnalysis_ppref_2024-09-10/eecOOHistograms/crab_eecAnalysis_ppref_2024-09-10/260910_041527/0003/eecAnalysis_ppref_2024-09-10_3156.root
hadd Source file 125: /eos/cms/store/group/phys_heavyions/jvelazqu/energycorr/eecAnalysis_ppref_2024-09-10/eecOOHistograms/crab_eecAnalysis_ppref_2024-09-10/260910_041527/0003/eecAnalysis_ppref_2024-09-10_3549.root
hadd Source file 149: /eos/cms/store/group/phys_heavyions/jvelazqu/energycorr/eecAnalysis_ppref_2024-09-10/eecOOHistograms/crab_eecAnalysis_ppref_2024-09-10/260910_041527/0004/eecAnalysis_ppref_2024-09-10_4001.root
hadd Source file 146: /eos/cms/store/group/phys_heavyions/jvelazqu/energycorr/eecAnalysis_ppref_2024-09-10/eecOOHistograms/crab_eecAnalysis_ppref_2024-09-10/260910_041527/0001/eecAnalysis_ppref_2024-09-10_1858.root
hadd Source file 156: /eos/cms/store/group/phys_heavyions/jvelazqu/energycorr/eecAnalysis_ppref_2024-09-10/eecOOHistograms/crab_eecAnalysis_ppref_2024-09-10/260910_041527/0001/eecAnalysis_ppref_2024-09-10_1012.root
hadd Source file 143: /eos/cms/store/group/phys_heavyions/jvelazqu/energycorr/eecAnalysis_ppref_2024-09-10/eecOOHistograms/crab_eecAnalysis_ppref_2024-09-10/260910_041527/0001/eecAnalysis_ppref_2024-09-10_1427.root
hadd Source file 126: /eos/cms/store/group/phys_heavyions/jvelazqu/energycorr/eecAnalysis_ppref_2024-09-10/eecOOHistograms/crab_eecAnalysis_ppref_2024-09-10/260910_041527/0003/eecAnalysis_ppref_2024-09-10_3550.root
hadd Source file 146: /eos/cms/store/group/phys_heavyions/jvelazqu/energycorr/eecAnalysis_ppref_2024-09-10/eecOOHistograms/crab_eecAnalysis_ppref_2024-09-10/260910_041527/0000/eecAnalysis_ppref_2024-09-10_574.root
hadd Source file 147: /eos/cms/store/group/phys_heavyions/jvelazqu/energycorr/eecAnalysis_ppref_2024-09-10/eecOOHistograms/crab_eecAnalysis_ppref_2024-09-10/260910_041527/0001/eecAnalysis_ppref_2024-09-10_1859.root
hadd Source file 157: /eos/cms/store/group/phys_heavyions/jvelazqu/energycorr/eecAnalysis_ppref_2024-09-10/eecOOHistograms/crab_eecAnalysis_ppref_2024-09-10/260910_041527/0001/eecAnalysis_ppref_2024-09-10_1013.root
hadd Source file 134: /eos/cms/store/group/phys_heavyions/jvelazqu/energycorr/eecAnalysis_ppref_2024-09-10/eecOOHistograms/crab_eecAnalysis_ppref_2024-09-10/260910_041527/0000/eecAnalysis_ppref_2024-09-10_134.root
hadd Source file 150: /eos/cms/store/group/phys_heavyions/jvelazqu/energycorr/eecAnalysis_ppref_2024-09-10/eecOOHistograms/crab_eecAnalysis_ppref_2024-09-10/260910_041527/0004/eecAnalysis_ppref_2024-09-10_4002.root
hadd Source file 144: /eos/cms/store/group/phys_heavyions/jvelazqu/energycorr/eecAnalysis_ppref_2024-09-10/eecOOHistograms/crab_eecAnalysis_ppref_2024-09-10/260910_041527/0001/eecAnalysis_ppref_2024-09-10_1428.root
hadd Source file 147: /eos/cms/store/group/phys_heavyions/jvelazqu/energycorr/eecAnalysis_ppref_2024-09-10/eecOOHistograms/crab_eecAnalysis_ppref_2024-09-10/260910_041527/0000/eecAnalysis_ppref_2024-09-10_575.root
hadd Source file 139: /eos/cms/store/group/phys_heavyions/jvelazqu/energycorr/eecAnalysis_ppref_2024-09-10/eecOOHistograms/crab_eecAnalysis_ppref_2024-09-10/260910_041527/0002/eecAnalysis_ppref_2024-09-10_2279.root
hadd Source file 148: /eos/cms/store/group/phys_heavyions/jvelazqu/energycorr/eecAnalysis_ppref_2024-09-10/eecOOHistograms/crab_eecAnalysis_ppref_2024-09-10/260910_041527/0001/eecAnalysis_ppref_2024-09-10_1860.root
hadd Source file 127: /eos/cms/store/group/phys_heavyions/jvelazqu/energycorr/eecAnalysis_ppref_2024-09-10/eecOOHistograms/crab_eecAnalysis_ppref_2024-09-10/260910_041527/0003/eecAnalysis_ppref_2024-09-10_3551.root
hadd Source file 135: /eos/cms/store/group/phys_heavyions/jvelazqu/energycorr/eecAnalysis_ppref_2024-09-10/eecOOHistograms/crab_eecAnalysis_ppref_2024-09-10/260910_041527/0000/eecAnalysis_ppref_2024-09-10_135.root
hadd Source file 145: /eos/cms/store/group/phys_heavyions/jvelazqu/energycorr/eecAnalysis_ppref_2024-09-10/eecOOHistograms/crab_eecAnalysis_ppref_2024-09-10/260910_041527/0001/eecAnalysis_ppref_2024-09-10_1429.root
hadd Source file 151: /eos/cms/store/group/phys_heavyions/jvelazqu/energycorr/eecAnalysis_ppref_2024-09-10/eecOOHistograms/crab_eecAnalysis_ppref_2024-09-10/260910_041527/0004/eecAnalysis_ppref_2024-09-10_4003.root
hadd Source file 148: /eos/cms/store/group/phys_heavyions/jvelazqu/energycorr/eecAnalysis_ppref_2024-09-10/eecOOHistograms/crab_eecAnalysis_ppref_2024-09-10/260910_041527/0000/eecAnalysis_ppref_2024-09-10_576.root
hadd Source file 158: /eos/cms/store/group/phys_heavyions/jvelazqu/energycorr/eecAnalysis_ppref_2024-09-10/eecOOHistograms/crab_eecAnalysis_ppref_2024-09-10/260910_041527/0001/eecAnalysis_ppref_2024-09-10_1014.root
hadd Source file 136: /eos/cms/store/group/phys_heavyions/jvelazqu/energycorr/eecAnalysis_ppref_2024-09-10/eecOOHistograms/crab_eecAnalysis_ppref_2024-09-10/260910_041527/0000/eecAnalysis_ppref_2024-09-10_136.root
hadd Source file 140: /eos/cms/store/group/phys_heavyions/jvelazqu/energycorr/eecAnalysis_ppref_2024-09-10/eecOOHistograms/crab_eecAnalysis_ppref_2024-09-10/260910_041527/0002/eecAnalysis_ppref_2024-09-10_2280.root
hadd Source file 149: /eos/cms/store/group/phys_heavyions/jvelazqu/energycorr/eecAnalysis_ppref_2024-09-10/eecOOHistograms/crab_eecAnalysis_ppref_2024-09-10/260910_041527/0000/eecAnalysis_ppref_2024-09-10_577.root
hadd Source file 127: /eos/cms/store/group/phys_heavyions/jvelazqu/energycorr/eecAnalysis_ppref_2024-09-10/eecOOHistograms/crab_eecAnalysis_ppref_2024-09-10/260910_041527/0002/eecAnalysis_ppref_2024-09-10_2695.root
hadd Source file 159: /eos/cms/store/group/phys_heavyions/jvelazqu/energycorr/eecAnalysis_ppref_2024-09-10/eecOOHistograms/crab_eecAnalysis_ppref_2024-09-10/260910_041527/0001/eecAnalysis_ppref_2024-09-10_1015.root
hadd Source file 146: /eos/cms/store/group/phys_heavyions/jvelazqu/energycorr/eecAnalysis_ppref_2024-09-10/eecOOHistograms/crab_eecAnalysis_ppref_2024-09-10/260910_041527/0001/eecAnalysis_ppref_2024-09-10_1430.root
hadd Source file 160: /eos/cms/store/group/phys_heavyions/jvelazqu/energycorr/eecAnalysis_ppref_2024-09-10/eecOOHistograms/crab_eecAnalysis_ppref_2024-09-10/260910_041527/0001/eecAnalysis_ppref_2024-09-10_1016.root
hadd Source file 161: /eos/cms/store/group/phys_heavyions/jvelazqu/energycorr/eecAnalysis_ppref_2024-09-10/eecOOHistograms/crab_eecAnalysis_ppref_2024-09-10/260910_041527/0003/eecAnalysis_ppref_2024-09-10_3157.root
hadd Source file 128: /eos/cms/store/group/phys_heavyions/jvelazqu/energycorr/eecAnalysis_ppref_2024-09-10/eecOOHistograms/crab_eecAnalysis_ppref_2024-09-10/260910_041527/0003/eecAnalysis_ppref_2024-09-10_3552.root
hadd Source file 137: /eos/cms/store/group/phys_heavyions/jvelazqu/energycorr/eecAnalysis_ppref_2024-09-10/eecOOHistograms/crab_eecAnalysis_ppref_2024-09-10/260910_041527/0000/eecAnalysis_ppref_2024-09-10_137.root
hadd Source file 150: /eos/cms/store/group/phys_heavyions/jvelazqu/energycorr/eecAnalysis_ppref_2024-09-10/eecOOHistograms/crab_eecAnalysis_ppref_2024-09-10/260910_041527/0000/eecAnalysis_ppref_2024-09-10_578.root
hadd Source file 128: /eos/cms/store/group/phys_heavyions/jvelazqu/energycorr/eecAnalysis_ppref_2024-09-10/eecOOHistograms/crab_eecAnalysis_ppref_2024-09-10/260910_041527/0002/eecAnalysis_ppref_2024-09-10_2696.root
hadd Source file 147: /eos/cms/store/group/phys_heavyions/jvelazqu/energycorr/eecAnalysis_ppref_2024-09-10/eecOOHistograms/crab_eecAnalysis_ppref_2024-09-10/260910_041527/0001/eecAnalysis_ppref_2024-09-10_1431.root
hadd Source file 138: /eos/cms/store/group/phys_heavyions/jvelazqu/energycorr/eecAnalysis_ppref_2024-09-10/eecOOHistograms/crab_eecAnalysis_ppref_2024-09-10/260910_041527/0000/eecAnalysis_ppref_2024-09-10_138.root
hadd Source file 161: /eos/cms/store/group/phys_heavyions/jvelazqu/energycorr/eecAnalysis_ppref_2024-09-10/eecOOHistograms/crab_eecAnalysis_ppref_2024-09-10/260910_041527/0001/eecAnalysis_ppref_2024-09-10_1017.root
hadd Source file 129: /eos/cms/store/group/phys_heavyions/jvelazqu/energycorr/eecAnalysis_ppref_2024-09-10/eecOOHistograms/crab_eecAnalysis_ppref_2024-09-10/260910_041527/0003/eecAnalysis_ppref_2024-09-10_3553.root
hadd Source file 151: /eos/cms/store/group/phys_heavyions/jvelazqu/energycorr/eecAnalysis_ppref_2024-09-10/eecOOHistograms/crab_eecAnalysis_ppref_2024-09-10/260910_041527/0000/eecAnalysis_ppref_2024-09-10_579.root
hadd Source file 162: /eos/cms/store/group/phys_heavyions/jvelazqu/energycorr/eecAnalysis_ppref_2024-09-10/eecOOHistograms/crab_eecAnalysis_ppref_2024-09-10/260910_041527/0003/eecAnalysis_ppref_2024-09-10_3158.root
hadd Source file 129: /eos/cms/store/group/phys_heavyions/jvelazqu/energycorr/eecAnalysis_ppref_2024-09-10/eecOOHistograms/crab_eecAnalysis_ppref_2024-09-10/260910_041527/0002/eecAnalysis_ppref_2024-09-10_2697.root
hadd Source file 148: /eos/cms/store/group/phys_heavyions/jvelazqu/energycorr/eecAnalysis_ppref_2024-09-10/eecOOHistograms/crab_eecAnalysis_ppref_2024-09-10/260910_041527/0001/eecAnalysis_ppref_2024-09-10_1432.root
hadd Source file 152: /eos/cms/store/group/phys_heavyions/jvelazqu/energycorr/eecAnalysis_ppref_2024-09-10/eecOOHistograms/crab_eecAnalysis_ppref_2024-09-10/260910_041527/0004/eecAnalysis_ppref_2024-09-10_4004.root
hadd Source file 139: /eos/cms/store/group/phys_heavyions/jvelazqu/energycorr/eecAnalysis_ppref_2024-09-10/eecOOHistograms/crab_eecAnalysis_ppref_2024-09-10/260910_041527/0000/eecAnalysis_ppref_2024-09-10_139.root
hadd Source file 153: /eos/cms/store/group/phys_heavyions/jvelazqu/energycorr/eecAnalysis_ppref_2024-09-10/eecOOHistograms/crab_eecAnalysis_ppref_2024-09-10/260910_041527/0004/eecAnalysis_ppref_2024-09-10_4005.root
hadd Source file 149: /eos/cms/store/group/phys_heavyions/jvelazqu/energycorr/eecAnalysis_ppref_2024-09-10/eecOOHistograms/crab_eecAnalysis_ppref_2024-09-10/260910_041527/0001/eecAnalysis_ppref_2024-09-10_1861.root
hadd Source file 130: /eos/cms/store/group/phys_heavyions/jvelazqu/energycorr/eecAnalysis_ppref_2024-09-10/eecOOHistograms/crab_eecAnalysis_ppref_2024-09-10/260910_041527/0003/eecAnalysis_ppref_2024-09-10_3554.root
hadd Source file 152: /eos/cms/store/group/phys_heavyions/jvelazqu/energycorr/eecAnalysis_ppref_2024-09-10/eecOOHistograms/crab_eecAnalysis_ppref_2024-09-10/260910_041527/0000/eecAnalysis_ppref_2024-09-10_580.root
hadd Source file 130: /eos/cms/store/group/phys_heavyions/jvelazqu/energycorr/eecAnalysis_ppref_2024-09-10/eecOOHistograms/crab_eecAnalysis_ppref_2024-09-10/260910_041527/0002/eecAnalysis_ppref_2024-09-10_2698.root
hadd Source file 163: /eos/cms/store/group/phys_heavyions/jvelazqu/energycorr/eecAnalysis_ppref_2024-09-10/eecOOHistograms/crab_eecAnalysis_ppref_2024-09-10/260910_041527/0003/eecAnalysis_ppref_2024-09-10_3159.root
hadd Source file 154: /eos/cms/store/group/phys_heavyions/jvelazqu/energycorr/eecAnalysis_ppref_2024-09-10/eecOOHistograms/crab_eecAnalysis_ppref_2024-09-10/260910_041527/0004/eecAnalysis_ppref_2024-09-10_4006.root
hadd Source file 140: /eos/cms/store/group/phys_heavyions/jvelazqu/energycorr/eecAnalysis_ppref_2024-09-10/eecOOHistograms/crab_eecAnalysis_ppref_2024-09-10/260910_041527/0000/eecAnalysis_ppref_2024-09-10_140.root
hadd Source file 141: /eos/cms/store/group/phys_heavyions/jvelazqu/energycorr/eecAnalysis_ppref_2024-09-10/eecOOHistograms/crab_eecAnalysis_ppref_2024-09-10/260910_041527/0002/eecAnalysis_ppref_2024-09-10_2281.root
hadd Source file 131: /eos/cms/store/group/phys_heavyions/jvelazqu/energycorr/eecAnalysis_ppref_2024-09-10/eecOOHistograms/crab_eecAnalysis_ppref_2024-09-10/260910_041527/0003/eecAnalysis_ppref_2024-09-10_3555.root
hadd Source file 153: /eos/cms/store/group/phys_heavyions/jvelazqu/energycorr/eecAnalysis_ppref_2024-09-10/eecOOHistograms/crab_eecAnalysis_ppref_2024-09-10/260910_041527/0000/eecAnalysis_ppref_2024-09-10_581.root
hadd Source file 164: /eos/cms/store/group/phys_heavyions/jvelazqu/energycorr/eecAnalysis_ppref_2024-09-10/eecOOHistograms/crab_eecAnalysis_ppref_2024-09-10/260910_041527/0003/eecAnalysis_ppref_2024-09-10_3160.root
hadd Source file 154: /eos/cms/store/group/phys_heavyions/jvelazqu/energycorr/eecAnalysis_ppref_2024-09-10/eecOOHistograms/crab_eecAnalysis_ppref_2024-09-10/260910_041527/0000/eecAnalysis_ppref_2024-09-10_582.root
hadd Source file 132: /eos/cms/store/group/phys_heavyions/jvelazqu/energycorr/eecAnalysis_ppref_2024-09-10/eecOOHistograms/crab_eecAnalysis_ppref_2024-09-10/260910_041527/0003/eecAnalysis_ppref_2024-09-10_3556.root
hadd Source file 141: /eos/cms/store/group/phys_heavyions/jvelazqu/energycorr/eecAnalysis_ppref_2024-09-10/eecOOHistograms/crab_eecAnalysis_ppref_2024-09-10/260910_041527/0000/eecAnalysis_ppref_2024-09-10_141.root
hadd Source file 155: /eos/cms/store/group/phys_heavyions/jvelazqu/energycorr/eecAnalysis_ppref_2024-09-10/eecOOHistograms/crab_eecAnalysis_ppref_2024-09-10/260910_041527/0004/eecAnalysis_ppref_2024-09-10_4007.root
hadd Source file 155: /eos/cms/store/group/phys_heavyions/jvelazqu/energycorr/eecAnalysis_ppref_2024-09-10/eecOOHistograms/crab_eecAnalysis_ppref_2024-09-10/260910_041527/0000/eecAnalysis_ppref_2024-09-10_583.root
hadd Source file 165: /eos/cms/store/group/phys_heavyions/jvelazqu/energycorr/eecAnalysis_ppref_2024-09-10/eecOOHistograms/crab_eecAnalysis_ppref_2024-09-10/260910_041527/0003/eecAnalysis_ppref_2024-09-10_3161.root
hadd Source file 142: /eos/cms/store/group/phys_heavyions/jvelazqu/energycorr/eecAnalysis_ppref_2024-09-10/eecOOHistograms/crab_eecAnalysis_ppref_2024-09-10/260910_041527/0002/eecAnalysis_ppref_2024-09-10_2282.root
hadd Source file 162: /eos/cms/store/group/phys_heavyions/jvelazqu/energycorr/eecAnalysis_ppref_2024-09-10/eecOOHistograms/crab_eecAnalysis_ppref_2024-09-10/260910_041527/0001/eecAnalysis_ppref_2024-09-10_1018.root
hadd Source file 142: /eos/cms/store/group/phys_heavyions/jvelazqu/energycorr/eecAnalysis_ppref_2024-09-10/eecOOHistograms/crab_eecAnalysis_ppref_2024-09-10/260910_041527/0000/eecAnalysis_ppref_2024-09-10_142.root
hadd Source file 150: /eos/cms/store/group/phys_heavyions/jvelazqu/energycorr/eecAnalysis_ppref_2024-09-10/eecOOHistograms/crab_eecAnalysis_ppref_2024-09-10/260910_041527/0001/eecAnalysis_ppref_2024-09-10_1862.root
hadd Source file 133: /eos/cms/store/group/phys_heavyions/jvelazqu/energycorr/eecAnalysis_ppref_2024-09-10/eecOOHistograms/crab_eecAnalysis_ppref_2024-09-10/260910_041527/0003/eecAnalysis_ppref_2024-09-10_3557.root
hadd Source file 156: /eos/cms/store/group/phys_heavyions/jvelazqu/energycorr/eecAnalysis_ppref_2024-09-10/eecOOHistograms/crab_eecAnalysis_ppref_2024-09-10/260910_041527/0004/eecAnalysis_ppref_2024-09-10_4008.root
hadd Source file 151: /eos/cms/store/group/phys_heavyions/jvelazqu/energycorr/eecAnalysis_ppref_2024-09-10/eecOOHistograms/crab_eecAnalysis_ppref_2024-09-10/260910_041527/0001/eecAnalysis_ppref_2024-09-10_1863.root
hadd Source file 143: /eos/cms/store/group/phys_heavyions/jvelazqu/energycorr/eecAnalysis_ppref_2024-09-10/eecOOHistograms/crab_eecAnalysis_ppref_2024-09-10/260910_041527/0002/eecAnalysis_ppref_2024-09-10_2283.root
hadd Source file 166: /eos/cms/store/group/phys_heavyions/jvelazqu/energycorr/eecAnalysis_ppref_2024-09-10/eecOOHistograms/crab_eecAnalysis_ppref_2024-09-10/260910_041527/0003/eecAnalysis_ppref_2024-09-10_3162.root
hadd Source file 163: /eos/cms/store/group/phys_heavyions/jvelazqu/energycorr/eecAnalysis_ppref_2024-09-10/eecOOHistograms/crab_eecAnalysis_ppref_2024-09-10/260910_041527/0001/eecAnalysis_ppref_2024-09-10_1019.root
hadd Source file 134: /eos/cms/store/group/phys_heavyions/jvelazqu/energycorr/eecAnalysis_ppref_2024-09-10/eecOOHistograms/crab_eecAnalysis_ppref_2024-09-10/260910_041527/0003/eecAnalysis_ppref_2024-09-10_3558.root
hadd Source file 149: /eos/cms/store/group/phys_heavyions/jvelazqu/energycorr/eecAnalysis_ppref_2024-09-10/eecOOHistograms/crab_eecAnalysis_ppref_2024-09-10/260910_041527/0001/eecAnalysis_ppref_2024-09-10_1433.root
hadd Source file 157: /eos/cms/store/group/phys_heavyions/jvelazqu/energycorr/eecAnalysis_ppref_2024-09-10/eecOOHistograms/crab_eecAnalysis_ppref_2024-09-10/260910_041527/0004/eecAnalysis_ppref_2024-09-10_4009.root
hadd Source file 131: /eos/cms/store/group/phys_heavyions/jvelazqu/energycorr/eecAnalysis_ppref_2024-09-10/eecOOHistograms/crab_eecAnalysis_ppref_2024-09-10/260910_041527/0002/eecAnalysis_ppref_2024-09-10_2699.root
hadd Source file 152: /eos/cms/store/group/phys_heavyions/jvelazqu/energycorr/eecAnalysis_ppref_2024-09-10/eecOOHistograms/crab_eecAnalysis_ppref_2024-09-10/260910_041527/0001/eecAnalysis_ppref_2024-09-10_1864.root
hadd Source file 135: /eos/cms/store/group/phys_heavyions/jvelazqu/energycorr/eecAnalysis_ppref_2024-09-10/eecOOHistograms/crab_eecAnalysis_ppref_2024-09-10/260910_041527/0003/eecAnalysis_ppref_2024-09-10_3559.root
hadd Source file 153: /eos/cms/store/group/phys_heavyions/jvelazqu/energycorr/eecAnalysis_ppref_2024-09-10/eecOOHistograms/crab_eecAnalysis_ppref_2024-09-10/260910_041527/0001/eecAnalysis_ppref_2024-09-10_1865.root
hadd Source file 144: /eos/cms/store/group/phys_heavyions/jvelazqu/energycorr/eecAnalysis_ppref_2024-09-10/eecOOHistograms/crab_eecAnalysis_ppref_2024-09-10/260910_041527/0002/eecAnalysis_ppref_2024-09-10_2284.root
hadd Source file 150: /eos/cms/store/group/phys_heavyions/jvelazqu/energycorr/eecAnalysis_ppref_2024-09-10/eecOOHistograms/crab_eecAnalysis_ppref_2024-09-10/260910_041527/0001/eecAnalysis_ppref_2024-09-10_1434.root
hadd Source file 151: /eos/cms/store/group/phys_heavyions/jvelazqu/energycorr/eecAnalysis_ppref_2024-09-10/eecOOHistograms/crab_eecAnalysis_ppref_2024-09-10/260910_041527/0001/eecAnalysis_ppref_2024-09-10_1435.root
hadd Source file 167: /eos/cms/store/group/phys_heavyions/jvelazqu/energycorr/eecAnalysis_ppref_2024-09-10/eecOOHistograms/crab_eecAnalysis_ppref_2024-09-10/260910_041527/0003/eecAnalysis_ppref_2024-09-10_3163.root
hadd Source file 132: /eos/cms/store/group/phys_heavyions/jvelazqu/energycorr/eecAnalysis_ppref_2024-09-10/eecOOHistograms/crab_eecAnalysis_ppref_2024-09-10/260910_041527/0002/eecAnalysis_ppref_2024-09-10_2700.root
hadd Source file 136: /eos/cms/store/group/phys_heavyions/jvelazqu/energycorr/eecAnalysis_ppref_2024-09-10/eecOOHistograms/crab_eecAnalysis_ppref_2024-09-10/260910_041527/0003/eecAnalysis_ppref_2024-09-10_3560.root
hadd Source file 145: /eos/cms/store/group/phys_heavyions/jvelazqu/energycorr/eecAnalysis_ppref_2024-09-10/eecOOHistograms/crab_eecAnalysis_ppref_2024-09-10/260910_041527/0002/eecAnalysis_ppref_2024-09-10_2285.root
hadd Source file 152: /eos/cms/store/group/phys_heavyions/jvelazqu/energycorr/eecAnalysis_ppref_2024-09-10/eecOOHistograms/crab_eecAnalysis_ppref_2024-09-10/260910_041527/0001/eecAnalysis_ppref_2024-09-10_1436.root
hadd Source file 133: /eos/cms/store/group/phys_heavyions/jvelazqu/energycorr/eecAnalysis_ppref_2024-09-10/eecOOHistograms/crab_eecAnalysis_ppref_2024-09-10/260910_041527/0002/eecAnalysis_ppref_2024-09-10_2701.root
hadd Source file 156: /eos/cms/store/group/phys_heavyions/jvelazqu/energycorr/eecAnalysis_ppref_2024-09-10/eecOOHistograms/crab_eecAnalysis_ppref_2024-09-10/260910_041527/0000/eecAnalysis_ppref_2024-09-10_584.root
hadd Source file 137: /eos/cms/store/group/phys_heavyions/jvelazqu/energycorr/eecAnalysis_ppref_2024-09-10/eecOOHistograms/crab_eecAnalysis_ppref_2024-09-10/260910_041527/0003/eecAnalysis_ppref_2024-09-10_3561.root
hadd Source file 168: /eos/cms/store/group/phys_heavyions/jvelazqu/energycorr/eecAnalysis_ppref_2024-09-10/eecOOHistograms/crab_eecAnalysis_ppref_2024-09-10/260910_041527/0003/eecAnalysis_ppref_2024-09-10_3164.root
hadd Source file 143: /eos/cms/store/group/phys_heavyions/jvelazqu/energycorr/eecAnalysis_ppref_2024-09-10/eecOOHistograms/crab_eecAnalysis_ppref_2024-09-10/260910_041527/0000/eecAnalysis_ppref_2024-09-10_143.root
hadd Source file 169: /eos/cms/store/group/phys_heavyions/jvelazqu/energycorr/eecAnalysis_ppref_2024-09-10/eecOOHistograms/crab_eecAnalysis_ppref_2024-09-10/260910_041527/0003/eecAnalysis_ppref_2024-09-10_3165.root
hadd Source file 134: /eos/cms/store/group/phys_heavyions/jvelazqu/energycorr/eecAnalysis_ppref_2024-09-10/eecOOHistograms/crab_eecAnalysis_ppref_2024-09-10/260910_041527/0002/eecAnalysis_ppref_2024-09-10_2702.root
hadd Source file 138: /eos/cms/store/group/phys_heavyions/jvelazqu/energycorr/eecAnalysis_ppref_2024-09-10/eecOOHistograms/crab_eecAnalysis_ppref_2024-09-10/260910_041527/0003/eecAnalysis_ppref_2024-09-10_3562.root
hadd Source file 157: /eos/cms/store/group/phys_heavyions/jvelazqu/energycorr/eecAnalysis_ppref_2024-09-10/eecOOHistograms/crab_eecAnalysis_ppref_2024-09-10/260910_041527/0000/eecAnalysis_ppref_2024-09-10_585.root
hadd Source file 158: /eos/cms/store/group/phys_heavyions/jvelazqu/energycorr/eecAnalysis_ppref_2024-09-10/eecOOHistograms/crab_eecAnalysis_ppref_2024-09-10/260910_041527/0004/eecAnalysis_ppref_2024-09-10_4010.root
hadd Source file 164: /eos/cms/store/group/phys_heavyions/jvelazqu/energycorr/eecAnalysis_ppref_2024-09-10/eecOOHistograms/crab_eecAnalysis_ppref_2024-09-10/260910_041527/0001/eecAnalysis_ppref_2024-09-10_1020.root
hadd Source file 144: /eos/cms/store/group/phys_heavyions/jvelazqu/energycorr/eecAnalysis_ppref_2024-09-10/eecOOHistograms/crab_eecAnalysis_ppref_2024-09-10/260910_041527/0000/eecAnalysis_ppref_2024-09-10_144.root
hadd Source file 139: /eos/cms/store/group/phys_heavyions/jvelazqu/energycorr/eecAnalysis_ppref_2024-09-10/eecOOHistograms/crab_eecAnalysis_ppref_2024-09-10/260910_041527/0003/eecAnalysis_ppref_2024-09-10_3563.root
hadd Source file 135: /eos/cms/store/group/phys_heavyions/jvelazqu/energycorr/eecAnalysis_ppref_2024-09-10/eecOOHistograms/crab_eecAnalysis_ppref_2024-09-10/260910_041527/0002/eecAnalysis_ppref_2024-09-10_2703.root
hadd Source file 159: /eos/cms/store/group/phys_heavyions/jvelazqu/energycorr/eecAnalysis_ppref_2024-09-10/eecOOHistograms/crab_eecAnalysis_ppref_2024-09-10/260910_041527/0004/eecAnalysis_ppref_2024-09-10_4011.root
hadd Source file 140: /eos/cms/store/group/phys_heavyions/jvelazqu/energycorr/eecAnalysis_ppref_2024-09-10/eecOOHistograms/crab_eecAnalysis_ppref_2024-09-10/260910_041527/0003/eecAnalysis_ppref_2024-09-10_3564.root
hadd Source file 170: /eos/cms/store/group/phys_heavyions/jvelazqu/energycorr/eecAnalysis_ppref_2024-09-10/eecOOHistograms/crab_eecAnalysis_ppref_2024-09-10/260910_041527/0003/eecAnalysis_ppref_2024-09-10_3166.root
hadd Source file 136: /eos/cms/store/group/phys_heavyions/jvelazqu/energycorr/eecAnalysis_ppref_2024-09-10/eecOOHistograms/crab_eecAnalysis_ppref_2024-09-10/260910_041527/0002/eecAnalysis_ppref_2024-09-10_2704.root
hadd Source file 160: /eos/cms/store/group/phys_heavyions/jvelazqu/energycorr/eecAnalysis_ppref_2024-09-10/eecOOHistograms/crab_eecAnalysis_ppref_2024-09-10/260910_041527/0004/eecAnalysis_ppref_2024-09-10_4012.root
hadd Source file 141: /eos/cms/store/group/phys_heavyions/jvelazqu/energycorr/eecAnalysis_ppref_2024-09-10/eecOOHistograms/crab_eecAnalysis_ppref_2024-09-10/260910_041527/0003/eecAnalysis_ppref_2024-09-10_3565.root
hadd Source file 145: /eos/cms/store/group/phys_heavyions/jvelazqu/energycorr/eecAnalysis_ppref_2024-09-10/eecOOHistograms/crab_eecAnalysis_ppref_2024-09-10/260910_041527/0000/eecAnalysis_ppref_2024-09-10_145.root
hadd Source file 171: /eos/cms/store/group/phys_heavyions/jvelazqu/energycorr/eecAnalysis_ppref_2024-09-10/eecOOHistograms/crab_eecAnalysis_ppref_2024-09-10/260910_041527/0003/eecAnalysis_ppref_2024-09-10_3167.root
hadd Source file 161: /eos/cms/store/group/phys_heavyions/jvelazqu/energycorr/eecAnalysis_ppref_2024-09-10/eecOOHistograms/crab_eecAnalysis_ppref_2024-09-10/260910_041527/0004/eecAnalysis_ppref_2024-09-10_4013.root
hadd Source file 146: /eos/cms/store/group/phys_heavyions/jvelazqu/energycorr/eecAnalysis_ppref_2024-09-10/eecOOHistograms/crab_eecAnalysis_ppref_2024-09-10/260910_041527/0002/eecAnalysis_ppref_2024-09-10_2286.root
hadd Source file 137: /eos/cms/store/group/phys_heavyions/jvelazqu/energycorr/eecAnalysis_ppref_2024-09-10/eecOOHistograms/crab_eecAnalysis_ppref_2024-09-10/260910_041527/0002/eecAnalysis_ppref_2024-09-10_2705.root
hadd Source file 146: /eos/cms/store/group/phys_heavyions/jvelazqu/energycorr/eecAnalysis_ppref_2024-09-10/eecOOHistograms/crab_eecAnalysis_ppref_2024-09-10/260910_041527/0000/eecAnalysis_ppref_2024-09-10_146.root
hadd Source file 153: /eos/cms/store/group/phys_heavyions/jvelazqu/energycorr/eecAnalysis_ppref_2024-09-10/eecOOHistograms/crab_eecAnalysis_ppref_2024-09-10/260910_041527/0001/eecAnalysis_ppref_2024-09-10_1437.root
hadd Source file 162: /eos/cms/store/group/phys_heavyions/jvelazqu/energycorr/eecAnalysis_ppref_2024-09-10/eecOOHistograms/crab_eecAnalysis_ppref_2024-09-10/260910_041527/0004/eecAnalysis_ppref_2024-09-10_4014.root
hadd Source file 165: /eos/cms/store/group/phys_heavyions/jvelazqu/energycorr/eecAnalysis_ppref_2024-09-10/eecOOHistograms/crab_eecAnalysis_ppref_2024-09-10/260910_041527/0001/eecAnalysis_ppref_2024-09-10_1021.root
hadd Source file 158: /eos/cms/store/group/phys_heavyions/jvelazqu/energycorr/eecAnalysis_ppref_2024-09-10/eecOOHistograms/crab_eecAnalysis_ppref_2024-09-10/260910_041527/0000/eecAnalysis_ppref_2024-09-10_586.root
hadd Source file 147: /eos/cms/store/group/phys_heavyions/jvelazqu/energycorr/eecAnalysis_ppref_2024-09-10/eecOOHistograms/crab_eecAnalysis_ppref_2024-09-10/260910_041527/0002/eecAnalysis_ppref_2024-09-10_2287.root
hadd Source file 172: /eos/cms/store/group/phys_heavyions/jvelazqu/energycorr/eecAnalysis_ppref_2024-09-10/eecOOHistograms/crab_eecAnalysis_ppref_2024-09-10/260910_041527/0003/eecAnalysis_ppref_2024-09-10_3168.root
hadd Source file 154: /eos/cms/store/group/phys_heavyions/jvelazqu/energycorr/eecAnalysis_ppref_2024-09-10/eecOOHistograms/crab_eecAnalysis_ppref_2024-09-10/260910_041527/0001/eecAnalysis_ppref_2024-09-10_1438.root
hadd Source file 147: /eos/cms/store/group/phys_heavyions/jvelazqu/energycorr/eecAnalysis_ppref_2024-09-10/eecOOHistograms/crab_eecAnalysis_ppref_2024-09-10/260910_041527/0000/eecAnalysis_ppref_2024-09-10_147.root
hadd Source file 148: /eos/cms/store/group/phys_heavyions/jvelazqu/energycorr/eecAnalysis_ppref_2024-09-10/eecOOHistograms/crab_eecAnalysis_ppref_2024-09-10/260910_041527/0002/eecAnalysis_ppref_2024-09-10_2288.root
hadd Source file 163: /eos/cms/store/group/phys_heavyions/jvelazqu/energycorr/eecAnalysis_ppref_2024-09-10/eecOOHistograms/crab_eecAnalysis_ppref_2024-09-10/260910_041527/0004/eecAnalysis_ppref_2024-09-10_4015.root
hadd Source file 166: /eos/cms/store/group/phys_heavyions/jvelazqu/energycorr/eecAnalysis_ppref_2024-09-10/eecOOHistograms/crab_eecAnalysis_ppref_2024-09-10/260910_041527/0001/eecAnalysis_ppref_2024-09-10_1022.root
hadd Source file 173: /eos/cms/store/group/phys_heavyions/jvelazqu/energycorr/eecAnalysis_ppref_2024-09-10/eecOOHistograms/crab_eecAnalysis_ppref_2024-09-10/260910_041527/0003/eecAnalysis_ppref_2024-09-10_3169.root
hadd Source file 159: /eos/cms/store/group/phys_heavyions/jvelazqu/energycorr/eecAnalysis_ppref_2024-09-10/eecOOHistograms/crab_eecAnalysis_ppref_2024-09-10/260910_041527/0000/eecAnalysis_ppref_2024-09-10_587.root
hadd Source file 142: /eos/cms/store/group/phys_heavyions/jvelazqu/energycorr/eecAnalysis_ppref_2024-09-10/eecOOHistograms/crab_eecAnalysis_ppref_2024-09-10/260910_041527/0003/eecAnalysis_ppref_2024-09-10_3566.root
hadd Source file 155: /eos/cms/store/group/phys_heavyions/jvelazqu/energycorr/eecAnalysis_ppref_2024-09-10/eecOOHistograms/crab_eecAnalysis_ppref_2024-09-10/260910_041527/0001/eecAnalysis_ppref_2024-09-10_1439.root
hadd Source file 149: /eos/cms/store/group/phys_heavyions/jvelazqu/energycorr/eecAnalysis_ppref_2024-09-10/eecOOHistograms/crab_eecAnalysis_ppref_2024-09-10/260910_041527/0002/eecAnalysis_ppref_2024-09-10_2289.root
hadd Source file 164: /eos/cms/store/group/phys_heavyions/jvelazqu/energycorr/eecAnalysis_ppref_2024-09-10/eecOOHistograms/crab_eecAnalysis_ppref_2024-09-10/260910_041527/0004/eecAnalysis_ppref_2024-09-10_4016.root
hadd Source file 154: /eos/cms/store/group/phys_heavyions/jvelazqu/energycorr/eecAnalysis_ppref_2024-09-10/eecOOHistograms/crab_eecAnalysis_ppref_2024-09-10/260910_041527/0001/eecAnalysis_ppref_2024-09-10_1866.root
hadd Source file 148: /eos/cms/store/group/phys_heavyions/jvelazqu/energycorr/eecAnalysis_ppref_2024-09-10/eecOOHistograms/crab_eecAnalysis_ppref_2024-09-10/260910_041527/0000/eecAnalysis_ppref_2024-09-10_148.root
hadd Source file 165: /eos/cms/store/group/phys_heavyions/jvelazqu/energycorr/eecAnalysis_ppref_2024-09-10/eecOOHistograms/crab_eecAnalysis_ppref_2024-09-10/260910_041527/0004/eecAnalysis_ppref_2024-09-10_4017.root
hadd Source file 167: /eos/cms/store/group/phys_heavyions/jvelazqu/energycorr/eecAnalysis_ppref_2024-09-10/eecOOHistograms/crab_eecAnalysis_ppref_2024-09-10/260910_041527/0001/eecAnalysis_ppref_2024-09-10_1023.root
hadd Source file 156: /eos/cms/store/group/phys_heavyions/jvelazqu/energycorr/eecAnalysis_ppref_2024-09-10/eecOOHistograms/crab_eecAnalysis_ppref_2024-09-10/260910_041527/0001/eecAnalysis_ppref_2024-09-10_1440.root
hadd Source file 143: /eos/cms/store/group/phys_heavyions/jvelazqu/energycorr/eecAnalysis_ppref_2024-09-10/eecOOHistograms/crab_eecAnalysis_ppref_2024-09-10/260910_041527/0003/eecAnalysis_ppref_2024-09-10_3567.root
hadd Source file 174: /eos/cms/store/group/phys_heavyions/jvelazqu/energycorr/eecAnalysis_ppref_2024-09-10/eecOOHistograms/crab_eecAnalysis_ppref_2024-09-10/260910_041527/0003/eecAnalysis_ppref_2024-09-10_3170.root
hadd Source file 150: /eos/cms/store/group/phys_heavyions/jvelazqu/energycorr/eecAnalysis_ppref_2024-09-10/eecOOHistograms/crab_eecAnalysis_ppref_2024-09-10/260910_041527/0002/eecAnalysis_ppref_2024-09-10_2290.root
hadd Source file 166: /eos/cms/store/group/phys_heavyions/jvelazqu/energycorr/eecAnalysis_ppref_2024-09-10/eecOOHistograms/crab_eecAnalysis_ppref_2024-09-10/260910_041527/0004/eecAnalysis_ppref_2024-09-10_4018.root
hadd Source file 175: /eos/cms/store/group/phys_heavyions/jvelazqu/energycorr/eecAnalysis_ppref_2024-09-10/eecOOHistograms/crab_eecAnalysis_ppref_2024-09-10/260910_041527/0003/eecAnalysis_ppref_2024-09-10_3171.root
hadd Source file 168: /eos/cms/store/group/phys_heavyions/jvelazqu/energycorr/eecAnalysis_ppref_2024-09-10/eecOOHistograms/crab_eecAnalysis_ppref_2024-09-10/260910_041527/0001/eecAnalysis_ppref_2024-09-10_1024.root
hadd Source file 144: /eos/cms/store/group/phys_heavyions/jvelazqu/energycorr/eecAnalysis_ppref_2024-09-10/eecOOHistograms/crab_eecAnalysis_ppref_2024-09-10/260910_041527/0003/eecAnalysis_ppref_2024-09-10_3568.root
hadd Source file 151: /eos/cms/store/group/phys_heavyions/jvelazqu/energycorr/eecAnalysis_ppref_2024-09-10/eecOOHistograms/crab_eecAnalysis_ppref_2024-09-10/260910_041527/0002/eecAnalysis_ppref_2024-09-10_2291.root
hadd Source file 155: /eos/cms/store/group/phys_heavyions/jvelazqu/energycorr/eecAnalysis_ppref_2024-09-10/eecOOHistograms/crab_eecAnalysis_ppref_2024-09-10/260910_041527/0001/eecAnalysis_ppref_2024-09-10_1867.root
hadd Source file 145: /eos/cms/store/group/phys_heavyions/jvelazqu/energycorr/eecAnalysis_ppref_2024-09-10/eecOOHistograms/crab_eecAnalysis_ppref_2024-09-10/260910_041527/0003/eecAnalysis_ppref_2024-09-10_3569.root
hadd Source file 176: /eos/cms/store/group/phys_heavyions/jvelazqu/energycorr/eecAnalysis_ppref_2024-09-10/eecOOHistograms/crab_eecAnalysis_ppref_2024-09-10/260910_041527/0003/eecAnalysis_ppref_2024-09-10_3172.root
hadd Source file 152: /eos/cms/store/group/phys_heavyions/jvelazqu/energycorr/eecAnalysis_ppref_2024-09-10/eecOOHistograms/crab_eecAnalysis_ppref_2024-09-10/260910_041527/0002/eecAnalysis_ppref_2024-09-10_2292.root
hadd Source file 169: /eos/cms/store/group/phys_heavyions/jvelazqu/energycorr/eecAnalysis_ppref_2024-09-10/eecOOHistograms/crab_eecAnalysis_ppref_2024-09-10/260910_041527/0001/eecAnalysis_ppref_2024-09-10_1025.root
hadd Source file 177: /eos/cms/store/group/phys_heavyions/jvelazqu/energycorr/eecAnalysis_ppref_2024-09-10/eecOOHistograms/crab_eecAnalysis_ppref_2024-09-10/260910_041527/0003/eecAnalysis_ppref_2024-09-10_3173.root
hadd Source file 170: /eos/cms/store/group/phys_heavyions/jvelazqu/energycorr/eecAnalysis_ppref_2024-09-10/eecOOHistograms/crab_eecAnalysis_ppref_2024-09-10/260910_041527/0001/eecAnalysis_ppref_2024-09-10_1026.root
hadd Source file 153: /eos/cms/store/group/phys_heavyions/jvelazqu/energycorr/eecAnalysis_ppref_2024-09-10/eecOOHistograms/crab_eecAnalysis_ppref_2024-09-10/260910_041527/0002/eecAnalysis_ppref_2024-09-10_2293.root
hadd Source file 160: /eos/cms/store/group/phys_heavyions/jvelazqu/energycorr/eecAnalysis_ppref_2024-09-10/eecOOHistograms/crab_eecAnalysis_ppref_2024-09-10/260910_041527/0000/eecAnalysis_ppref_2024-09-10_588.root
hadd Source file 149: /eos/cms/store/group/phys_heavyions/jvelazqu/energycorr/eecAnalysis_ppref_2024-09-10/eecOOHistograms/crab_eecAnalysis_ppref_2024-09-10/260910_041527/0000/eecAnalysis_ppref_2024-09-10_149.root
hadd Source file 157: /eos/cms/store/group/phys_heavyions/jvelazqu/energycorr/eecAnalysis_ppref_2024-09-10/eecOOHistograms/crab_eecAnalysis_ppref_2024-09-10/260910_041527/0001/eecAnalysis_ppref_2024-09-10_1441.root
hadd Source file 171: /eos/cms/store/group/phys_heavyions/jvelazqu/energycorr/eecAnalysis_ppref_2024-09-10/eecOOHistograms/crab_eecAnalysis_ppref_2024-09-10/260910_041527/0001/eecAnalysis_ppref_2024-09-10_1027.root
hadd Source file 161: /eos/cms/store/group/phys_heavyions/jvelazqu/energycorr/eecAnalysis_ppref_2024-09-10/eecOOHistograms/crab_eecAnalysis_ppref_2024-09-10/260910_041527/0000/eecAnalysis_ppref_2024-09-10_589.root
hadd Source file 158: /eos/cms/store/group/phys_heavyions/jvelazqu/energycorr/eecAnalysis_ppref_2024-09-10/eecOOHistograms/crab_eecAnalysis_ppref_2024-09-10/260910_041527/0001/eecAnalysis_ppref_2024-09-10_1442.root
hadd Source file 150: /eos/cms/store/group/phys_heavyions/jvelazqu/energycorr/eecAnalysis_ppref_2024-09-10/eecOOHistograms/crab_eecAnalysis_ppref_2024-09-10/260910_041527/0000/eecAnalysis_ppref_2024-09-10_150.root
hadd Source file 162: /eos/cms/store/group/phys_heavyions/jvelazqu/energycorr/eecAnalysis_ppref_2024-09-10/eecOOHistograms/crab_eecAnalysis_ppref_2024-09-10/260910_041527/0000/eecAnalysis_ppref_2024-09-10_590.root
hadd Source file 172: /eos/cms/store/group/phys_heavyions/jvelazqu/energycorr/eecAnalysis_ppref_2024-09-10/eecOOHistograms/crab_eecAnalysis_ppref_2024-09-10/260910_041527/0001/eecAnalysis_ppref_2024-09-10_1028.root
hadd Source file 156: /eos/cms/store/group/phys_heavyions/jvelazqu/energycorr/eecAnalysis_ppref_2024-09-10/eecOOHistograms/crab_eecAnalysis_ppref_2024-09-10/260910_041527/0001/eecAnalysis_ppref_2024-09-10_1868.root
hadd Source file 138: /eos/cms/store/group/phys_heavyions/jvelazqu/energycorr/eecAnalysis_ppref_2024-09-10/eecOOHistograms/crab_eecAnalysis_ppref_2024-09-10/260910_041527/0002/eecAnalysis_ppref_2024-09-10_2706.root
hadd Source file 151: /eos/cms/store/group/phys_heavyions/jvelazqu/energycorr/eecAnalysis_ppref_2024-09-10/eecOOHistograms/crab_eecAnalysis_ppref_2024-09-10/260910_041527/0000/eecAnalysis_ppref_2024-09-10_151.root
hadd Source file 159: /eos/cms/store/group/phys_heavyions/jvelazqu/energycorr/eecAnalysis_ppref_2024-09-10/eecOOHistograms/crab_eecAnalysis_ppref_2024-09-10/260910_041527/0001/eecAnalysis_ppref_2024-09-10_1443.root
hadd Source file 173: /eos/cms/store/group/phys_heavyions/jvelazqu/energycorr/eecAnalysis_ppref_2024-09-10/eecOOHistograms/crab_eecAnalysis_ppref_2024-09-10/260910_041527/0001/eecAnalysis_ppref_2024-09-10_1029.root
hadd Source file 154: /eos/cms/store/group/phys_heavyions/jvelazqu/energycorr/eecAnalysis_ppref_2024-09-10/eecOOHistograms/crab_eecAnalysis_ppref_2024-09-10/260910_041527/0002/eecAnalysis_ppref_2024-09-10_2294.root
hadd Source file 163: /eos/cms/store/group/phys_heavyions/jvelazqu/energycorr/eecAnalysis_ppref_2024-09-10/eecOOHistograms/crab_eecAnalysis_ppref_2024-09-10/260910_041527/0000/eecAnalysis_ppref_2024-09-10_591.root
hadd Source file 167: /eos/cms/store/group/phys_heavyions/jvelazqu/energycorr/eecAnalysis_ppref_2024-09-10/eecOOHistograms/crab_eecAnalysis_ppref_2024-09-10/260910_041527/0004/eecAnalysis_ppref_2024-09-10_4019.root
hadd Source file 174: /eos/cms/store/group/phys_heavyions/jvelazqu/energycorr/eecAnalysis_ppref_2024-09-10/eecOOHistograms/crab_eecAnalysis_ppref_2024-09-10/260910_041527/0001/eecAnalysis_ppref_2024-09-10_1030.root
hadd Source file 160: /eos/cms/store/group/phys_heavyions/jvelazqu/energycorr/eecAnalysis_ppref_2024-09-10/eecOOHistograms/crab_eecAnalysis_ppref_2024-09-10/260910_041527/0001/eecAnalysis_ppref_2024-09-10_1444.root
hadd Source file 152: /eos/cms/store/group/phys_heavyions/jvelazqu/energycorr/eecAnalysis_ppref_2024-09-10/eecOOHistograms/crab_eecAnalysis_ppref_2024-09-10/260910_041527/0000/eecAnalysis_ppref_2024-09-10_152.root
hadd Source file 168: /eos/cms/store/group/phys_heavyions/jvelazqu/energycorr/eecAnalysis_ppref_2024-09-10/eecOOHistograms/crab_eecAnalysis_ppref_2024-09-10/260910_041527/0004/eecAnalysis_ppref_2024-09-10_4020.root
hadd Source file 155: /eos/cms/store/group/phys_heavyions/jvelazqu/energycorr/eecAnalysis_ppref_2024-09-10/eecOOHistograms/crab_eecAnalysis_ppref_2024-09-10/260910_041527/0002/eecAnalysis_ppref_2024-09-10_2295.root
hadd Source file 161: /eos/cms/store/group/phys_heavyions/jvelazqu/energycorr/eecAnalysis_ppref_2024-09-10/eecOOHistograms/crab_eecAnalysis_ppref_2024-09-10/260910_041527/0001/eecAnalysis_ppref_2024-09-10_1445.root
hadd Source file 164: /eos/cms/store/group/phys_heavyions/jvelazqu/energycorr/eecAnalysis_ppref_2024-09-10/eecOOHistograms/crab_eecAnalysis_ppref_2024-09-10/260910_041527/0000/eecAnalysis_ppref_2024-09-10_592.root
hadd Source file 169: /eos/cms/store/group/phys_heavyions/jvelazqu/energycorr/eecAnalysis_ppref_2024-09-10/eecOOHistograms/crab_eecAnalysis_ppref_2024-09-10/260910_041527/0004/eecAnalysis_ppref_2024-09-10_4021.root
hadd Source file 175: /eos/cms/store/group/phys_heavyions/jvelazqu/energycorr/eecAnalysis_ppref_2024-09-10/eecOOHistograms/crab_eecAnalysis_ppref_2024-09-10/260910_041527/0001/eecAnalysis_ppref_2024-09-10_1031.root
hadd Source file 156: /eos/cms/store/group/phys_heavyions/jvelazqu/energycorr/eecAnalysis_ppref_2024-09-10/eecOOHistograms/crab_eecAnalysis_ppref_2024-09-10/260910_041527/0002/eecAnalysis_ppref_2024-09-10_2296.root
hadd Source file 165: /eos/cms/store/group/phys_heavyions/jvelazqu/energycorr/eecAnalysis_ppref_2024-09-10/eecOOHistograms/crab_eecAnalysis_ppref_2024-09-10/260910_041527/0000/eecAnalysis_ppref_2024-09-10_593.root
hadd Source file 170: /eos/cms/store/group/phys_heavyions/jvelazqu/energycorr/eecAnalysis_ppref_2024-09-10/eecOOHistograms/crab_eecAnalysis_ppref_2024-09-10/260910_041527/0004/eecAnalysis_ppref_2024-09-10_4022.root
hadd Source file 162: /eos/cms/store/group/phys_heavyions/jvelazqu/energycorr/eecAnalysis_ppref_2024-09-10/eecOOHistograms/crab_eecAnalysis_ppref_2024-09-10/260910_041527/0001/eecAnalysis_ppref_2024-09-10_1446.root
hadd Source file 157: /eos/cms/store/group/phys_heavyions/jvelazqu/energycorr/eecAnalysis_ppref_2024-09-10/eecOOHistograms/crab_eecAnalysis_ppref_2024-09-10/260910_041527/0002/eecAnalysis_ppref_2024-09-10_2297.root
hadd Source file 157: /eos/cms/store/group/phys_heavyions/jvelazqu/energycorr/eecAnalysis_ppref_2024-09-10/eecOOHistograms/crab_eecAnalysis_ppref_2024-09-10/260910_041527/0001/eecAnalysis_ppref_2024-09-10_1869.root
hadd Source file 176: /eos/cms/store/group/phys_heavyions/jvelazqu/energycorr/eecAnalysis_ppref_2024-09-10/eecOOHistograms/crab_eecAnalysis_ppref_2024-09-10/260910_041527/0001/eecAnalysis_ppref_2024-09-10_1032.root
hadd Source file 171: /eos/cms/store/group/phys_heavyions/jvelazqu/energycorr/eecAnalysis_ppref_2024-09-10/eecOOHistograms/crab_eecAnalysis_ppref_2024-09-10/260910_041527/0004/eecAnalysis_ppref_2024-09-10_4023.root
hadd Source file 163: /eos/cms/store/group/phys_heavyions/jvelazqu/energycorr/eecAnalysis_ppref_2024-09-10/eecOOHistograms/crab_eecAnalysis_ppref_2024-09-10/260910_041527/0001/eecAnalysis_ppref_2024-09-10_1447.root
hadd Source file 153: /eos/cms/store/group/phys_heavyions/jvelazqu/energycorr/eecAnalysis_ppref_2024-09-10/eecOOHistograms/crab_eecAnalysis_ppref_2024-09-10/260910_041527/0000/eecAnalysis_ppref_2024-09-10_153.root
hadd Source file 158: /eos/cms/store/group/phys_heavyions/jvelazqu/energycorr/eecAnalysis_ppref_2024-09-10/eecOOHistograms/crab_eecAnalysis_ppref_2024-09-10/260910_041527/0002/eecAnalysis_ppref_2024-09-10_2298.root
hadd Source file 177: /eos/cms/store/group/phys_heavyions/jvelazqu/energycorr/eecAnalysis_ppref_2024-09-10/eecOOHistograms/crab_eecAnalysis_ppref_2024-09-10/260910_041527/0001/eecAnalysis_ppref_2024-09-10_1033.root
hadd Source file 158: /eos/cms/store/group/phys_heavyions/jvelazqu/energycorr/eecAnalysis_ppref_2024-09-10/eecOOHistograms/crab_eecAnalysis_ppref_2024-09-10/260910_041527/0001/eecAnalysis_ppref_2024-09-10_1870.root
hadd Source file 154: /eos/cms/store/group/phys_heavyions/jvelazqu/energycorr/eecAnalysis_ppref_2024-09-10/eecOOHistograms/crab_eecAnalysis_ppref_2024-09-10/260910_041527/0000/eecAnalysis_ppref_2024-09-10_154.root
hadd Source file 172: /eos/cms/store/group/phys_heavyions/jvelazqu/energycorr/eecAnalysis_ppref_2024-09-10/eecOOHistograms/crab_eecAnalysis_ppref_2024-09-10/260910_041527/0004/eecAnalysis_ppref_2024-09-10_4024.root
hadd Source file 159: /eos/cms/store/group/phys_heavyions/jvelazqu/energycorr/eecAnalysis_ppref_2024-09-10/eecOOHistograms/crab_eecAnalysis_ppref_2024-09-10/260910_041527/0002/eecAnalysis_ppref_2024-09-10_2299.root
hadd Source file 164: /eos/cms/store/group/phys_heavyions/jvelazqu/energycorr/eecAnalysis_ppref_2024-09-10/eecOOHistograms/crab_eecAnalysis_ppref_2024-09-10/260910_041527/0001/eecAnalysis_ppref_2024-09-10_1448.root
hadd Source file 159: /eos/cms/store/group/phys_heavyions/jvelazqu/energycorr/eecAnalysis_ppref_2024-09-10/eecOOHistograms/crab_eecAnalysis_ppref_2024-09-10/260910_041527/0001/eecAnalysis_ppref_2024-09-10_1871.root
hadd Source file 173: /eos/cms/store/group/phys_heavyions/jvelazqu/energycorr/eecAnalysis_ppref_2024-09-10/eecOOHistograms/crab_eecAnalysis_ppref_2024-09-10/260910_041527/0004/eecAnalysis_ppref_2024-09-10_4025.root
hadd Source file 165: /eos/cms/store/group/phys_heavyions/jvelazqu/energycorr/eecAnalysis_ppref_2024-09-10/eecOOHistograms/crab_eecAnalysis_ppref_2024-09-10/260910_041527/0001/eecAnalysis_ppref_2024-09-10_1449.root
hadd Source file 160: /eos/cms/store/group/phys_heavyions/jvelazqu/energycorr/eecAnalysis_ppref_2024-09-10/eecOOHistograms/crab_eecAnalysis_ppref_2024-09-10/260910_041527/0001/eecAnalysis_ppref_2024-09-10_1872.root
hadd Source file 174: /eos/cms/store/group/phys_heavyions/jvelazqu/energycorr/eecAnalysis_ppref_2024-09-10/eecOOHistograms/crab_eecAnalysis_ppref_2024-09-10/260910_041527/0004/eecAnalysis_ppref_2024-09-10_4026.root
hadd Source file 166: /eos/cms/store/group/phys_heavyions/jvelazqu/energycorr/eecAnalysis_ppref_2024-09-10/eecOOHistograms/crab_eecAnalysis_ppref_2024-09-10/260910_041527/0000/eecAnalysis_ppref_2024-09-10_594.root
hadd Source file 166: /eos/cms/store/group/phys_heavyions/jvelazqu/energycorr/eecAnalysis_ppref_2024-09-10/eecOOHistograms/crab_eecAnalysis_ppref_2024-09-10/260910_041527/0001/eecAnalysis_ppref_2024-09-10_1450.root
hadd Source file 175: /eos/cms/store/group/phys_heavyions/jvelazqu/energycorr/eecAnalysis_ppref_2024-09-10/eecOOHistograms/crab_eecAnalysis_ppref_2024-09-10/260910_041527/0004/eecAnalysis_ppref_2024-09-10_4027.root
hadd Source file 139: /eos/cms/store/group/phys_heavyions/jvelazqu/energycorr/eecAnalysis_ppref_2024-09-10/eecOOHistograms/crab_eecAnalysis_ppref_2024-09-10/260910_041527/0002/eecAnalysis_ppref_2024-09-10_2707.root
hadd Source file 161: /eos/cms/store/group/phys_heavyions/jvelazqu/energycorr/eecAnalysis_ppref_2024-09-10/eecOOHistograms/crab_eecAnalysis_ppref_2024-09-10/260910_041527/0001/eecAnalysis_ppref_2024-09-10_1873.root
hadd Source file 167: /eos/cms/store/group/phys_heavyions/jvelazqu/energycorr/eecAnalysis_ppref_2024-09-10/eecOOHistograms/crab_eecAnalysis_ppref_2024-09-10/260910_041527/0000/eecAnalysis_ppref_2024-09-10_595.root
hadd Source file 176: /eos/cms/store/group/phys_heavyions/jvelazqu/energycorr/eecAnalysis_ppref_2024-09-10/eecOOHistograms/crab_eecAnalysis_ppref_2024-09-10/260910_041527/0004/eecAnalysis_ppref_2024-09-10_4028.root
hadd Source file 178: /eos/cms/store/group/phys_heavyions/jvelazqu/energycorr/eecAnalysis_ppref_2024-09-10/eecOOHistograms/crab_eecAnalysis_ppref_2024-09-10/260910_041527/0001/eecAnalysis_ppref_2024-09-10_1034.root
hadd Source file 160: /eos/cms/store/group/phys_heavyions/jvelazqu/energycorr/eecAnalysis_ppref_2024-09-10/eecOOHistograms/crab_eecAnalysis_ppref_2024-09-10/260910_041527/0002/eecAnalysis_ppref_2024-09-10_2300.root
hadd Source file 140: /eos/cms/store/group/phys_heavyions/jvelazqu/energycorr/eecAnalysis_ppref_2024-09-10/eecOOHistograms/crab_eecAnalysis_ppref_2024-09-10/260910_041527/0002/eecAnalysis_ppref_2024-09-10_2708.root
hadd Source file 162: /eos/cms/store/group/phys_heavyions/jvelazqu/energycorr/eecAnalysis_ppref_2024-09-10/eecOOHistograms/crab_eecAnalysis_ppref_2024-09-10/260910_041527/0001/eecAnalysis_ppref_2024-09-10_1874.root
hadd Source file 155: /eos/cms/store/group/phys_heavyions/jvelazqu/energycorr/eecAnalysis_ppref_2024-09-10/eecOOHistograms/crab_eecAnalysis_ppref_2024-09-10/260910_041527/0000/eecAnalysis_ppref_2024-09-10_155.root
hadd Source file 168: /eos/cms/store/group/phys_heavyions/jvelazqu/energycorr/eecAnalysis_ppref_2024-09-10/eecOOHistograms/crab_eecAnalysis_ppref_2024-09-10/260910_041527/0000/eecAnalysis_ppref_2024-09-10_596.root
hadd Source file 179: /eos/cms/store/group/phys_heavyions/jvelazqu/energycorr/eecAnalysis_ppref_2024-09-10/eecOOHistograms/crab_eecAnalysis_ppref_2024-09-10/260910_041527/0001/eecAnalysis_ppref_2024-09-10_1035.root
hadd Source file 146: /eos/cms/store/group/phys_heavyions/jvelazqu/energycorr/eecAnalysis_ppref_2024-09-10/eecOOHistograms/crab_eecAnalysis_ppref_2024-09-10/260910_041527/0003/eecAnalysis_ppref_2024-09-10_3570.root
hadd Source file 163: /eos/cms/store/group/phys_heavyions/jvelazqu/energycorr/eecAnalysis_ppref_2024-09-10/eecOOHistograms/crab_eecAnalysis_ppref_2024-09-10/260910_041527/0001/eecAnalysis_ppref_2024-09-10_1875.root
hadd Source file 169: /eos/cms/store/group/phys_heavyions/jvelazqu/energycorr/eecAnalysis_ppref_2024-09-10/eecOOHistograms/crab_eecAnalysis_ppref_2024-09-10/260910_041527/0000/eecAnalysis_ppref_2024-09-10_597.root
hadd Source file 177: /eos/cms/store/group/phys_heavyions/jvelazqu/energycorr/eecAnalysis_ppref_2024-09-10/eecOOHistograms/crab_eecAnalysis_ppref_2024-09-10/260910_041527/0004/eecAnalysis_ppref_2024-09-10_4029.root
hadd Source file 156: /eos/cms/store/group/phys_heavyions/jvelazqu/energycorr/eecAnalysis_ppref_2024-09-10/eecOOHistograms/crab_eecAnalysis_ppref_2024-09-10/260910_041527/0000/eecAnalysis_ppref_2024-09-10_156.root
hadd Source file 180: /eos/cms/store/group/phys_heavyions/jvelazqu/energycorr/eecAnalysis_ppref_2024-09-10/eecOOHistograms/crab_eecAnalysis_ppref_2024-09-10/260910_041527/0001/eecAnalysis_ppref_2024-09-10_1036.root
hadd Source file 147: /eos/cms/store/group/phys_heavyions/jvelazqu/energycorr/eecAnalysis_ppref_2024-09-10/eecOOHistograms/crab_eecAnalysis_ppref_2024-09-10/260910_041527/0003/eecAnalysis_ppref_2024-09-10_3571.root
hadd Source file 161: /eos/cms/store/group/phys_heavyions/jvelazqu/energycorr/eecAnalysis_ppref_2024-09-10/eecOOHistograms/crab_eecAnalysis_ppref_2024-09-10/260910_041527/0002/eecAnalysis_ppref_2024-09-10_2301.root
hadd Source file 164: /eos/cms/store/group/phys_heavyions/jvelazqu/energycorr/eecAnalysis_ppref_2024-09-10/eecOOHistograms/crab_eecAnalysis_ppref_2024-09-10/260910_041527/0001/eecAnalysis_ppref_2024-09-10_1876.root
hadd Source file 148: /eos/cms/store/group/phys_heavyions/jvelazqu/energycorr/eecAnalysis_ppref_2024-09-10/eecOOHistograms/crab_eecAnalysis_ppref_2024-09-10/260910_041527/0003/eecAnalysis_ppref_2024-09-10_3572.root
hadd Source file 141: /eos/cms/store/group/phys_heavyions/jvelazqu/energycorr/eecAnalysis_ppref_2024-09-10/eecOOHistograms/crab_eecAnalysis_ppref_2024-09-10/260910_041527/0002/eecAnalysis_ppref_2024-09-10_2709.root
hadd Source file 178: /eos/cms/store/group/phys_heavyions/jvelazqu/energycorr/eecAnalysis_ppref_2024-09-10/eecOOHistograms/crab_eecAnalysis_ppref_2024-09-10/260910_041527/0004/eecAnalysis_ppref_2024-09-10_4030.root
hadd Source file 165: /eos/cms/store/group/phys_heavyions/jvelazqu/energycorr/eecAnalysis_ppref_2024-09-10/eecOOHistograms/crab_eecAnalysis_ppref_2024-09-10/260910_041527/0001/eecAnalysis_ppref_2024-09-10_1877.root
hadd Source file 157: /eos/cms/store/group/phys_heavyions/jvelazqu/energycorr/eecAnalysis_ppref_2024-09-10/eecOOHistograms/crab_eecAnalysis_ppref_2024-09-10/260910_041527/0000/eecAnalysis_ppref_2024-09-10_157.root
hadd Source file 162: /eos/cms/store/group/phys_heavyions/jvelazqu/energycorr/eecAnalysis_ppref_2024-09-10/eecOOHistograms/crab_eecAnalysis_ppref_2024-09-10/260910_041527/0002/eecAnalysis_ppref_2024-09-10_2302.root
hadd Source file 179: /eos/cms/store/group/phys_heavyions/jvelazqu/energycorr/eecAnalysis_ppref_2024-09-10/eecOOHistograms/crab_eecAnalysis_ppref_2024-09-10/260910_041527/0004/eecAnalysis_ppref_2024-09-10_4031.root
hadd Source file 149: /eos/cms/store/group/phys_heavyions/jvelazqu/energycorr/eecAnalysis_ppref_2024-09-10/eecOOHistograms/crab_eecAnalysis_ppref_2024-09-10/260910_041527/0003/eecAnalysis_ppref_2024-09-10_3573.root
hadd Source file 181: /eos/cms/store/group/phys_heavyions/jvelazqu/energycorr/eecAnalysis_ppref_2024-09-10/eecOOHistograms/crab_eecAnalysis_ppref_2024-09-10/260910_041527/0001/eecAnalysis_ppref_2024-09-10_1037.root
hadd Source file 166: /eos/cms/store/group/phys_heavyions/jvelazqu/energycorr/eecAnalysis_ppref_2024-09-10/eecOOHistograms/crab_eecAnalysis_ppref_2024-09-10/260910_041527/0001/eecAnalysis_ppref_2024-09-10_1878.root
hadd Source file 158: /eos/cms/store/group/phys_heavyions/jvelazqu/energycorr/eecAnalysis_ppref_2024-09-10/eecOOHistograms/crab_eecAnalysis_ppref_2024-09-10/260910_041527/0000/eecAnalysis_ppref_2024-09-10_158.root
hadd Source file 180: /eos/cms/store/group/phys_heavyions/jvelazqu/energycorr/eecAnalysis_ppref_2024-09-10/eecOOHistograms/crab_eecAnalysis_ppref_2024-09-10/260910_041527/0004/eecAnalysis_ppref_2024-09-10_4032.root
hadd Source file 181: /eos/cms/store/group/phys_heavyions/jvelazqu/energycorr/eecAnalysis_ppref_2024-09-10/eecOOHistograms/crab_eecAnalysis_ppref_2024-09-10/260910_041527/0004/eecAnalysis_ppref_2024-09-10_4033.root
hadd Source file 182: /eos/cms/store/group/phys_heavyions/jvelazqu/energycorr/eecAnalysis_ppref_2024-09-10/eecOOHistograms/crab_eecAnalysis_ppref_2024-09-10/260910_041527/0001/eecAnalysis_ppref_2024-09-10_1038.root
hadd Source file 150: /eos/cms/store/group/phys_heavyions/jvelazqu/energycorr/eecAnalysis_ppref_2024-09-10/eecOOHistograms/crab_eecAnalysis_ppref_2024-09-10/260910_041527/0003/eecAnalysis_ppref_2024-09-10_3574.root
hadd Source file 183: /eos/cms/store/group/phys_heavyions/jvelazqu/energycorr/eecAnalysis_ppref_2024-09-10/eecOOHistograms/crab_eecAnalysis_ppref_2024-09-10/260910_041527/0001/eecAnalysis_ppref_2024-09-10_1039.root
hadd Source file 142: /eos/cms/store/group/phys_heavyions/jvelazqu/energycorr/eecAnalysis_ppref_2024-09-10/eecOOHistograms/crab_eecAnalysis_ppref_2024-09-10/260910_041527/0002/eecAnalysis_ppref_2024-09-10_2710.root
hadd Source file 167: /eos/cms/store/group/phys_heavyions/jvelazqu/energycorr/eecAnalysis_ppref_2024-09-10/eecOOHistograms/crab_eecAnalysis_ppref_2024-09-10/260910_041527/0001/eecAnalysis_ppref_2024-09-10_1879.root
hadd Source file 182: /eos/cms/store/group/phys_heavyions/jvelazqu/energycorr/eecAnalysis_ppref_2024-09-10/eecOOHistograms/crab_eecAnalysis_ppref_2024-09-10/260910_041527/0004/eecAnalysis_ppref_2024-09-10_4034.root
hadd Source file 183: /eos/cms/store/group/phys_heavyions/jvelazqu/energycorr/eecAnalysis_ppref_2024-09-10/eecOOHistograms/crab_eecAnalysis_ppref_2024-09-10/260910_041527/0004/eecAnalysis_ppref_2024-09-10_4035.root
hadd Source file 184: /eos/cms/store/group/phys_heavyions/jvelazqu/energycorr/eecAnalysis_ppref_2024-09-10/eecOOHistograms/crab_eecAnalysis_ppref_2024-09-10/260910_041527/0001/eecAnalysis_ppref_2024-09-10_1040.root
hadd Source file 151: /eos/cms/store/group/phys_heavyions/jvelazqu/energycorr/eecAnalysis_ppref_2024-09-10/eecOOHistograms/crab_eecAnalysis_ppref_2024-09-10/260910_041527/0003/eecAnalysis_ppref_2024-09-10_3575.root
hadd Source file 167: /eos/cms/store/group/phys_heavyions/jvelazqu/energycorr/eecAnalysis_ppref_2024-09-10/eecOOHistograms/crab_eecAnalysis_ppref_2024-09-10/260910_041527/0001/eecAnalysis_ppref_2024-09-10_1451.root
hadd Source file 143: /eos/cms/store/group/phys_heavyions/jvelazqu/energycorr/eecAnalysis_ppref_2024-09-10/eecOOHistograms/crab_eecAnalysis_ppref_2024-09-10/260910_041527/0002/eecAnalysis_ppref_2024-09-10_2711.root
hadd Source file 163: /eos/cms/store/group/phys_heavyions/jvelazqu/energycorr/eecAnalysis_ppref_2024-09-10/eecOOHistograms/crab_eecAnalysis_ppref_2024-09-10/260910_041527/0002/eecAnalysis_ppref_2024-09-10_2303.root
hadd Source file 152: /eos/cms/store/group/phys_heavyions/jvelazqu/energycorr/eecAnalysis_ppref_2024-09-10/eecOOHistograms/crab_eecAnalysis_ppref_2024-09-10/260910_041527/0003/eecAnalysis_ppref_2024-09-10_3576.root
hadd Source file 144: /eos/cms/store/group/phys_heavyions/jvelazqu/energycorr/eecAnalysis_ppref_2024-09-10/eecOOHistograms/crab_eecAnalysis_ppref_2024-09-10/260910_041527/0002/eecAnalysis_ppref_2024-09-10_2712.root
hadd Source file 168: /eos/cms/store/group/phys_heavyions/jvelazqu/energycorr/eecAnalysis_ppref_2024-09-10/eecOOHistograms/crab_eecAnalysis_ppref_2024-09-10/260910_041527/0001/eecAnalysis_ppref_2024-09-10_1880.root
hadd Source file 145: /eos/cms/store/group/phys_heavyions/jvelazqu/energycorr/eecAnalysis_ppref_2024-09-10/eecOOHistograms/crab_eecAnalysis_ppref_2024-09-10/260910_041527/0002/eecAnalysis_ppref_2024-09-10_2713.root
hadd Source file 159: /eos/cms/store/group/phys_heavyions/jvelazqu/energycorr/eecAnalysis_ppref_2024-09-10/eecOOHistograms/crab_eecAnalysis_ppref_2024-09-10/260910_041527/0000/eecAnalysis_ppref_2024-09-10_159.root
hadd Source file 153: /eos/cms/store/group/phys_heavyions/jvelazqu/energycorr/eecAnalysis_ppref_2024-09-10/eecOOHistograms/crab_eecAnalysis_ppref_2024-09-10/260910_041527/0003/eecAnalysis_ppref_2024-09-10_3577.root
hadd Source file 164: /eos/cms/store/group/phys_heavyions/jvelazqu/energycorr/eecAnalysis_ppref_2024-09-10/eecOOHistograms/crab_eecAnalysis_ppref_2024-09-10/260910_041527/0002/eecAnalysis_ppref_2024-09-10_2304.root
hadd Source file 168: /eos/cms/store/group/phys_heavyions/jvelazqu/energycorr/eecAnalysis_ppref_2024-09-10/eecOOHistograms/crab_eecAnalysis_ppref_2024-09-10/260910_041527/0001/eecAnalysis_ppref_2024-09-10_1452.root
hadd Source file 169: /eos/cms/store/group/phys_heavyions/jvelazqu/energycorr/eecAnalysis_ppref_2024-09-10/eecOOHistograms/crab_eecAnalysis_ppref_2024-09-10/260910_041527/0001/eecAnalysis_ppref_2024-09-10_1881.root
hadd Source file 169: /eos/cms/store/group/phys_heavyions/jvelazqu/energycorr/eecAnalysis_ppref_2024-09-10/eecOOHistograms/crab_eecAnalysis_ppref_2024-09-10/260910_041527/0001/eecAnalysis_ppref_2024-09-10_1453.root
hadd Source file 154: /eos/cms/store/group/phys_heavyions/jvelazqu/energycorr/eecAnalysis_ppref_2024-09-10/eecOOHistograms/crab_eecAnalysis_ppref_2024-09-10/260910_041527/0003/eecAnalysis_ppref_2024-09-10_3578.root
hadd Source file 184: /eos/cms/store/group/phys_heavyions/jvelazqu/energycorr/eecAnalysis_ppref_2024-09-10/eecOOHistograms/crab_eecAnalysis_ppref_2024-09-10/260910_041527/0004/eecAnalysis_ppref_2024-09-10_4036.root
hadd Source file 146: /eos/cms/store/group/phys_heavyions/jvelazqu/energycorr/eecAnalysis_ppref_2024-09-10/eecOOHistograms/crab_eecAnalysis_ppref_2024-09-10/260910_041527/0002/eecAnalysis_ppref_2024-09-10_2714.root
hadd Source file 165: /eos/cms/store/group/phys_heavyions/jvelazqu/energycorr/eecAnalysis_ppref_2024-09-10/eecOOHistograms/crab_eecAnalysis_ppref_2024-09-10/260910_041527/0002/eecAnalysis_ppref_2024-09-10_2305.root
hadd Source file 155: /eos/cms/store/group/phys_heavyions/jvelazqu/energycorr/eecAnalysis_ppref_2024-09-10/eecOOHistograms/crab_eecAnalysis_ppref_2024-09-10/260910_041527/0003/eecAnalysis_ppref_2024-09-10_3579.root
hadd Source file 170: /eos/cms/store/group/phys_heavyions/jvelazqu/energycorr/eecAnalysis_ppref_2024-09-10/eecOOHistograms/crab_eecAnalysis_ppref_2024-09-10/260910_041527/0001/eecAnalysis_ppref_2024-09-10_1882.root
hadd Source file 147: /eos/cms/store/group/phys_heavyions/jvelazqu/energycorr/eecAnalysis_ppref_2024-09-10/eecOOHistograms/crab_eecAnalysis_ppref_2024-09-10/260910_041527/0002/eecAnalysis_ppref_2024-09-10_2715.root
hadd Source file 185: /eos/cms/store/group/phys_heavyions/jvelazqu/energycorr/eecAnalysis_ppref_2024-09-10/eecOOHistograms/crab_eecAnalysis_ppref_2024-09-10/260910_041527/0004/eecAnalysis_ppref_2024-09-10_4037.root
hadd Source file 185: /eos/cms/store/group/phys_heavyions/jvelazqu/energycorr/eecAnalysis_ppref_2024-09-10/eecOOHistograms/crab_eecAnalysis_ppref_2024-09-10/260910_041527/0001/eecAnalysis_ppref_2024-09-10_1041.root
hadd Source file 171: /eos/cms/store/group/phys_heavyions/jvelazqu/energycorr/eecAnalysis_ppref_2024-09-10/eecOOHistograms/crab_eecAnalysis_ppref_2024-09-10/260910_041527/0001/eecAnalysis_ppref_2024-09-10_1883.root
hadd Source file 186: /eos/cms/store/group/phys_heavyions/jvelazqu/energycorr/eecAnalysis_ppref_2024-09-10/eecOOHistograms/crab_eecAnalysis_ppref_2024-09-10/260910_041527/0004/eecAnalysis_ppref_2024-09-10_4038.root
hadd Source file 148: /eos/cms/store/group/phys_heavyions/jvelazqu/energycorr/eecAnalysis_ppref_2024-09-10/eecOOHistograms/crab_eecAnalysis_ppref_2024-09-10/260910_041527/0002/eecAnalysis_ppref_2024-09-10_2716.root
hadd Source file 156: /eos/cms/store/group/phys_heavyions/jvelazqu/energycorr/eecAnalysis_ppref_2024-09-10/eecOOHistograms/crab_eecAnalysis_ppref_2024-09-10/260910_041527/0003/eecAnalysis_ppref_2024-09-10_3580.root
hadd Source file 186: /eos/cms/store/group/phys_heavyions/jvelazqu/energycorr/eecAnalysis_ppref_2024-09-10/eecOOHistograms/crab_eecAnalysis_ppref_2024-09-10/260910_041527/0001/eecAnalysis_ppref_2024-09-10_1042.root
hadd Source file 172: /eos/cms/store/group/phys_heavyions/jvelazqu/energycorr/eecAnalysis_ppref_2024-09-10/eecOOHistograms/crab_eecAnalysis_ppref_2024-09-10/260910_041527/0001/eecAnalysis_ppref_2024-09-10_1884.root
hadd Source file 149: /eos/cms/store/group/phys_heavyions/jvelazqu/energycorr/eecAnalysis_ppref_2024-09-10/eecOOHistograms/crab_eecAnalysis_ppref_2024-09-10/260910_041527/0002/eecAnalysis_ppref_2024-09-10_2717.root
hadd Source file 160: /eos/cms/store/group/phys_heavyions/jvelazqu/energycorr/eecAnalysis_ppref_2024-09-10/eecOOHistograms/crab_eecAnalysis_ppref_2024-09-10/260910_041527/0000/eecAnalysis_ppref_2024-09-10_160.root
hadd Source file 187: /eos/cms/store/group/phys_heavyions/jvelazqu/energycorr/eecAnalysis_ppref_2024-09-10/eecOOHistograms/crab_eecAnalysis_ppref_2024-09-10/260910_041527/0004/eecAnalysis_ppref_2024-09-10_4039.root
hadd Source file 170: /eos/cms/store/group/phys_heavyions/jvelazqu/energycorr/eecAnalysis_ppref_2024-09-10/eecOOHistograms/crab_eecAnalysis_ppref_2024-09-10/260910_041527/0001/eecAnalysis_ppref_2024-09-10_1454.root
hadd Source file 187: /eos/cms/store/group/phys_heavyions/jvelazqu/energycorr/eecAnalysis_ppref_2024-09-10/eecOOHistograms/crab_eecAnalysis_ppref_2024-09-10/260910_041527/0001/eecAnalysis_ppref_2024-09-10_1043.root
hadd Source file 170: /eos/cms/store/group/phys_heavyions/jvelazqu/energycorr/eecAnalysis_ppref_2024-09-10/eecOOHistograms/crab_eecAnalysis_ppref_2024-09-10/260910_041527/0000/eecAnalysis_ppref_2024-09-10_598.root
hadd Source file 161: /eos/cms/store/group/phys_heavyions/jvelazqu/energycorr/eecAnalysis_ppref_2024-09-10/eecOOHistograms/crab_eecAnalysis_ppref_2024-09-10/260910_041527/0000/eecAnalysis_ppref_2024-09-10_161.root
hadd Source file 166: /eos/cms/store/group/phys_heavyions/jvelazqu/energycorr/eecAnalysis_ppref_2024-09-10/eecOOHistograms/crab_eecAnalysis_ppref_2024-09-10/260910_041527/0002/eecAnalysis_ppref_2024-09-10_2306.root
hadd Source file 150: /eos/cms/store/group/phys_heavyions/jvelazqu/energycorr/eecAnalysis_ppref_2024-09-10/eecOOHistograms/crab_eecAnalysis_ppref_2024-09-10/260910_041527/0002/eecAnalysis_ppref_2024-09-10_2718.root
hadd Source file 173: /eos/cms/store/group/phys_heavyions/jvelazqu/energycorr/eecAnalysis_ppref_2024-09-10/eecOOHistograms/crab_eecAnalysis_ppref_2024-09-10/260910_041527/0001/eecAnalysis_ppref_2024-09-10_1885.root
hadd Source file 171: /eos/cms/store/group/phys_heavyions/jvelazqu/energycorr/eecAnalysis_ppref_2024-09-10/eecOOHistograms/crab_eecAnalysis_ppref_2024-09-10/260910_041527/0001/eecAnalysis_ppref_2024-09-10_1455.root
hadd Source file 188: /eos/cms/store/group/phys_heavyions/jvelazqu/energycorr/eecAnalysis_ppref_2024-09-10/eecOOHistograms/crab_eecAnalysis_ppref_2024-09-10/260910_041527/0001/eecAnalysis_ppref_2024-09-10_1044.root
hadd Source file 188: /eos/cms/store/group/phys_heavyions/jvelazqu/energycorr/eecAnalysis_ppref_2024-09-10/eecOOHistograms/crab_eecAnalysis_ppref_2024-09-10/260910_041527/0004/eecAnalysis_ppref_2024-09-10_4040.root
hadd Source file 174: /eos/cms/store/group/phys_heavyions/jvelazqu/energycorr/eecAnalysis_ppref_2024-09-10/eecOOHistograms/crab_eecAnalysis_ppref_2024-09-10/260910_041527/0001/eecAnalysis_ppref_2024-09-10_1886.root
hadd Source file 171: /eos/cms/store/group/phys_heavyions/jvelazqu/energycorr/eecAnalysis_ppref_2024-09-10/eecOOHistograms/crab_eecAnalysis_ppref_2024-09-10/260910_041527/0000/eecAnalysis_ppref_2024-09-10_599.root
hadd Source file 167: /eos/cms/store/group/phys_heavyions/jvelazqu/energycorr/eecAnalysis_ppref_2024-09-10/eecOOHistograms/crab_eecAnalysis_ppref_2024-09-10/260910_041527/0002/eecAnalysis_ppref_2024-09-10_2307.root
hadd Source file 151: /eos/cms/store/group/phys_heavyions/jvelazqu/energycorr/eecAnalysis_ppref_2024-09-10/eecOOHistograms/crab_eecAnalysis_ppref_2024-09-10/260910_041527/0002/eecAnalysis_ppref_2024-09-10_2719.root
hadd Source file 172: /eos/cms/store/group/phys_heavyions/jvelazqu/energycorr/eecAnalysis_ppref_2024-09-10/eecOOHistograms/crab_eecAnalysis_ppref_2024-09-10/260910_041527/0001/eecAnalysis_ppref_2024-09-10_1456.root
hadd Source file 189: /eos/cms/store/group/phys_heavyions/jvelazqu/energycorr/eecAnalysis_ppref_2024-09-10/eecOOHistograms/crab_eecAnalysis_ppref_2024-09-10/260910_041527/0001/eecAnalysis_ppref_2024-09-10_1045.root
hadd Source file 189: /eos/cms/store/group/phys_heavyions/jvelazqu/energycorr/eecAnalysis_ppref_2024-09-10/eecOOHistograms/crab_eecAnalysis_ppref_2024-09-10/260910_041527/0004/eecAnalysis_ppref_2024-09-10_4041.root
hadd Source file 152: /eos/cms/store/group/phys_heavyions/jvelazqu/energycorr/eecAnalysis_ppref_2024-09-10/eecOOHistograms/crab_eecAnalysis_ppref_2024-09-10/260910_041527/0002/eecAnalysis_ppref_2024-09-10_2720.root
hadd Source file 190: /eos/cms/store/group/phys_heavyions/jvelazqu/energycorr/eecAnalysis_ppref_2024-09-10/eecOOHistograms/crab_eecAnalysis_ppref_2024-09-10/260910_041527/0001/eecAnalysis_ppref_2024-09-10_1046.root
hadd Source file 172: /eos/cms/store/group/phys_heavyions/jvelazqu/energycorr/eecAnalysis_ppref_2024-09-10/eecOOHistograms/crab_eecAnalysis_ppref_2024-09-10/260910_041527/0000/eecAnalysis_ppref_2024-09-10_600.root
hadd Source file 168: /eos/cms/store/group/phys_heavyions/jvelazqu/energycorr/eecAnalysis_ppref_2024-09-10/eecOOHistograms/crab_eecAnalysis_ppref_2024-09-10/260910_041527/0002/eecAnalysis_ppref_2024-09-10_2308.root
hadd Source file 162: /eos/cms/store/group/phys_heavyions/jvelazqu/energycorr/eecAnalysis_ppref_2024-09-10/eecOOHistograms/crab_eecAnalysis_ppref_2024-09-10/260910_041527/0000/eecAnalysis_ppref_2024-09-10_162.root
hadd Source file 175: /eos/cms/store/group/phys_heavyions/jvelazqu/energycorr/eecAnalysis_ppref_2024-09-10/eecOOHistograms/crab_eecAnalysis_ppref_2024-09-10/260910_041527/0001/eecAnalysis_ppref_2024-09-10_1887.root
hadd Source file 157: /eos/cms/store/group/phys_heavyions/jvelazqu/energycorr/eecAnalysis_ppref_2024-09-10/eecOOHistograms/crab_eecAnalysis_ppref_2024-09-10/260910_041527/0003/eecAnalysis_ppref_2024-09-10_3581.root
hadd Source file 190: /eos/cms/store/group/phys_heavyions/jvelazqu/energycorr/eecAnalysis_ppref_2024-09-10/eecOOHistograms/crab_eecAnalysis_ppref_2024-09-10/260910_041527/0004/eecAnalysis_ppref_2024-09-10_4042.root
hadd Source file 173: /eos/cms/store/group/phys_heavyions/jvelazqu/energycorr/eecAnalysis_ppref_2024-09-10/eecOOHistograms/crab_eecAnalysis_ppref_2024-09-10/260910_041527/0000/eecAnalysis_ppref_2024-09-10_601.root
hadd Source file 163: /eos/cms/store/group/phys_heavyions/jvelazqu/energycorr/eecAnalysis_ppref_2024-09-10/eecOOHistograms/crab_eecAnalysis_ppref_2024-09-10/260910_041527/0000/eecAnalysis_ppref_2024-09-10_163.root
hadd Source file 176: /eos/cms/store/group/phys_heavyions/jvelazqu/energycorr/eecAnalysis_ppref_2024-09-10/eecOOHistograms/crab_eecAnalysis_ppref_2024-09-10/260910_041527/0001/eecAnalysis_ppref_2024-09-10_1888.root
hadd Source file 174: /eos/cms/store/group/phys_heavyions/jvelazqu/energycorr/eecAnalysis_ppref_2024-09-10/eecOOHistograms/crab_eecAnalysis_ppref_2024-09-10/260910_041527/0000/eecAnalysis_ppref_2024-09-10_602.root
hadd Source file 173: /eos/cms/store/group/phys_heavyions/jvelazqu/energycorr/eecAnalysis_ppref_2024-09-10/eecOOHistograms/crab_eecAnalysis_ppref_2024-09-10/260910_041527/0001/eecAnalysis_ppref_2024-09-10_1457.root
hadd Source file 158: /eos/cms/store/group/phys_heavyions/jvelazqu/energycorr/eecAnalysis_ppref_2024-09-10/eecOOHistograms/crab_eecAnalysis_ppref_2024-09-10/260910_041527/0003/eecAnalysis_ppref_2024-09-10_3582.root
hadd Source file 169: /eos/cms/store/group/phys_heavyions/jvelazqu/energycorr/eecAnalysis_ppref_2024-09-10/eecOOHistograms/crab_eecAnalysis_ppref_2024-09-10/260910_041527/0002/eecAnalysis_ppref_2024-09-10_2309.root
hadd Source file 191: /eos/cms/store/group/phys_heavyions/jvelazqu/energycorr/eecAnalysis_ppref_2024-09-10/eecOOHistograms/crab_eecAnalysis_ppref_2024-09-10/260910_041527/0004/eecAnalysis_ppref_2024-09-10_4043.root
hadd Source file 159: /eos/cms/store/group/phys_heavyions/jvelazqu/energycorr/eecAnalysis_ppref_2024-09-10/eecOOHistograms/crab_eecAnalysis_ppref_2024-09-10/260910_041527/0003/eecAnalysis_ppref_2024-09-10_3583.root
hadd Source file 164: /eos/cms/store/group/phys_heavyions/jvelazqu/energycorr/eecAnalysis_ppref_2024-09-10/eecOOHistograms/crab_eecAnalysis_ppref_2024-09-10/260910_041527/0000/eecAnalysis_ppref_2024-09-10_164.root
hadd Source file 170: /eos/cms/store/group/phys_heavyions/jvelazqu/energycorr/eecAnalysis_ppref_2024-09-10/eecOOHistograms/crab_eecAnalysis_ppref_2024-09-10/260910_041527/0002/eecAnalysis_ppref_2024-09-10_2310.root
hadd Source file 177: /eos/cms/store/group/phys_heavyions/jvelazqu/energycorr/eecAnalysis_ppref_2024-09-10/eecOOHistograms/crab_eecAnalysis_ppref_2024-09-10/260910_041527/0001/eecAnalysis_ppref_2024-09-10_1889.root
hadd Source file 174: /eos/cms/store/group/phys_heavyions/jvelazqu/energycorr/eecAnalysis_ppref_2024-09-10/eecOOHistograms/crab_eecAnalysis_ppref_2024-09-10/260910_041527/0001/eecAnalysis_ppref_2024-09-10_1458.root
hadd Source file 165: /eos/cms/store/group/phys_heavyions/jvelazqu/energycorr/eecAnalysis_ppref_2024-09-10/eecOOHistograms/crab_eecAnalysis_ppref_2024-09-10/260910_041527/0000/eecAnalysis_ppref_2024-09-10_165.root
hadd Source file 192: /eos/cms/store/group/phys_heavyions/jvelazqu/energycorr/eecAnalysis_ppref_2024-09-10/eecOOHistograms/crab_eecAnalysis_ppref_2024-09-10/260910_041527/0004/eecAnalysis_ppref_2024-09-10_4044.root
hadd Source file 153: /eos/cms/store/group/phys_heavyions/jvelazqu/energycorr/eecAnalysis_ppref_2024-09-10/eecOOHistograms/crab_eecAnalysis_ppref_2024-09-10/260910_041527/0002/eecAnalysis_ppref_2024-09-10_2721.root
hadd Source file 178: /eos/cms/store/group/phys_heavyions/jvelazqu/energycorr/eecAnalysis_ppref_2024-09-10/eecOOHistograms/crab_eecAnalysis_ppref_2024-09-10/260910_041527/0001/eecAnalysis_ppref_2024-09-10_1890.root
hadd Source file 191: /eos/cms/store/group/phys_heavyions/jvelazqu/energycorr/eecAnalysis_ppref_2024-09-10/eecOOHistograms/crab_eecAnalysis_ppref_2024-09-10/260910_041527/0001/eecAnalysis_ppref_2024-09-10_1047.root
hadd Source file 175: /eos/cms/store/group/phys_heavyions/jvelazqu/energycorr/eecAnalysis_ppref_2024-09-10/eecOOHistograms/crab_eecAnalysis_ppref_2024-09-10/260910_041527/0001/eecAnalysis_ppref_2024-09-10_1459.root
hadd Source file 171: /eos/cms/store/group/phys_heavyions/jvelazqu/energycorr/eecAnalysis_ppref_2024-09-10/eecOOHistograms/crab_eecAnalysis_ppref_2024-09-10/260910_041527/0002/eecAnalysis_ppref_2024-09-10_2311.root
hadd Source file 166: /eos/cms/store/group/phys_heavyions/jvelazqu/energycorr/eecAnalysis_ppref_2024-09-10/eecOOHistograms/crab_eecAnalysis_ppref_2024-09-10/260910_041527/0000/eecAnalysis_ppref_2024-09-10_166.root
hadd Source file 176: /eos/cms/store/group/phys_heavyions/jvelazqu/energycorr/eecAnalysis_ppref_2024-09-10/eecOOHistograms/crab_eecAnalysis_ppref_2024-09-10/260910_041527/0001/eecAnalysis_ppref_2024-09-10_1460.root
hadd Source file 193: /eos/cms/store/group/phys_heavyions/jvelazqu/energycorr/eecAnalysis_ppref_2024-09-10/eecOOHistograms/crab_eecAnalysis_ppref_2024-09-10/260910_041527/0004/eecAnalysis_ppref_2024-09-10_4045.root
hadd Source file 179: /eos/cms/store/group/phys_heavyions/jvelazqu/energycorr/eecAnalysis_ppref_2024-09-10/eecOOHistograms/crab_eecAnalysis_ppref_2024-09-10/260910_041527/0001/eecAnalysis_ppref_2024-09-10_1891.root
hadd Source file 167: /eos/cms/store/group/phys_heavyions/jvelazqu/energycorr/eecAnalysis_ppref_2024-09-10/eecOOHistograms/crab_eecAnalysis_ppref_2024-09-10/260910_041527/0000/eecAnalysis_ppref_2024-09-10_167.root
hadd Source file 177: /eos/cms/store/group/phys_heavyions/jvelazqu/energycorr/eecAnalysis_ppref_2024-09-10/eecOOHistograms/crab_eecAnalysis_ppref_2024-09-10/260910_041527/0001/eecAnalysis_ppref_2024-09-10_1461.root
hadd Source file 172: /eos/cms/store/group/phys_heavyions/jvelazqu/energycorr/eecAnalysis_ppref_2024-09-10/eecOOHistograms/crab_eecAnalysis_ppref_2024-09-10/260910_041527/0002/eecAnalysis_ppref_2024-09-10_2312.root
hadd Source file 194: /eos/cms/store/group/phys_heavyions/jvelazqu/energycorr/eecAnalysis_ppref_2024-09-10/eecOOHistograms/crab_eecAnalysis_ppref_2024-09-10/260910_041527/0004/eecAnalysis_ppref_2024-09-10_4046.root
hadd Source file 175: /eos/cms/store/group/phys_heavyions/jvelazqu/energycorr/eecAnalysis_ppref_2024-09-10/eecOOHistograms/crab_eecAnalysis_ppref_2024-09-10/260910_041527/0000/eecAnalysis_ppref_2024-09-10_603.root
hadd Source file 168: /eos/cms/store/group/phys_heavyions/jvelazqu/energycorr/eecAnalysis_ppref_2024-09-10/eecOOHistograms/crab_eecAnalysis_ppref_2024-09-10/260910_041527/0000/eecAnalysis_ppref_2024-09-10_168.root
hadd Source file 160: /eos/cms/store/group/phys_heavyions/jvelazqu/energycorr/eecAnalysis_ppref_2024-09-10/eecOOHistograms/crab_eecAnalysis_ppref_2024-09-10/260910_041527/0003/eecAnalysis_ppref_2024-09-10_3584.root
hadd Source file 173: /eos/cms/store/group/phys_heavyions/jvelazqu/energycorr/eecAnalysis_ppref_2024-09-10/eecOOHistograms/crab_eecAnalysis_ppref_2024-09-10/260910_041527/0002/eecAnalysis_ppref_2024-09-10_2313.root
hadd Source file 169: /eos/cms/store/group/phys_heavyions/jvelazqu/energycorr/eecAnalysis_ppref_2024-09-10/eecOOHistograms/crab_eecAnalysis_ppref_2024-09-10/260910_041527/0000/eecAnalysis_ppref_2024-09-10_169.root
hadd Source file 195: /eos/cms/store/group/phys_heavyions/jvelazqu/energycorr/eecAnalysis_ppref_2024-09-10/eecOOHistograms/crab_eecAnalysis_ppref_2024-09-10/260910_041527/0004/eecAnalysis_ppref_2024-09-10_4047.root
hadd Source file 176: /eos/cms/store/group/phys_heavyions/jvelazqu/energycorr/eecAnalysis_ppref_2024-09-10/eecOOHistograms/crab_eecAnalysis_ppref_2024-09-10/260910_041527/0000/eecAnalysis_ppref_2024-09-10_604.root
hadd Source file 170: /eos/cms/store/group/phys_heavyions/jvelazqu/energycorr/eecAnalysis_ppref_2024-09-10/eecOOHistograms/crab_eecAnalysis_ppref_2024-09-10/260910_041527/0000/eecAnalysis_ppref_2024-09-10_170.root
hadd Source file 174: /eos/cms/store/group/phys_heavyions/jvelazqu/energycorr/eecAnalysis_ppref_2024-09-10/eecOOHistograms/crab_eecAnalysis_ppref_2024-09-10/260910_041527/0002/eecAnalysis_ppref_2024-09-10_2314.root
hadd Source file 196: /eos/cms/store/group/phys_heavyions/jvelazqu/energycorr/eecAnalysis_ppref_2024-09-10/eecOOHistograms/crab_eecAnalysis_ppref_2024-09-10/260910_041527/0004/eecAnalysis_ppref_2024-09-10_4048.root
hadd Source file 177: /eos/cms/store/group/phys_heavyions/jvelazqu/energycorr/eecAnalysis_ppref_2024-09-10/eecOOHistograms/crab_eecAnalysis_ppref_2024-09-10/260910_041527/0000/eecAnalysis_ppref_2024-09-10_605.root
hadd Source file 161: /eos/cms/store/group/phys_heavyions/jvelazqu/energycorr/eecAnalysis_ppref_2024-09-10/eecOOHistograms/crab_eecAnalysis_ppref_2024-09-10/260910_041527/0003/eecAnalysis_ppref_2024-09-10_3585.root
hadd Source file 154: /eos/cms/store/group/phys_heavyions/jvelazqu/energycorr/eecAnalysis_ppref_2024-09-10/eecOOHistograms/crab_eecAnalysis_ppref_2024-09-10/260910_041527/0002/eecAnalysis_ppref_2024-09-10_2722.root
hadd Source file 171: /eos/cms/store/group/phys_heavyions/jvelazqu/energycorr/eecAnalysis_ppref_2024-09-10/eecOOHistograms/crab_eecAnalysis_ppref_2024-09-10/260910_041527/0000/eecAnalysis_ppref_2024-09-10_171.root
hadd Source file 175: /eos/cms/store/group/phys_heavyions/jvelazqu/energycorr/eecAnalysis_ppref_2024-09-10/eecOOHistograms/crab_eecAnalysis_ppref_2024-09-10/260910_041527/0002/eecAnalysis_ppref_2024-09-10_2315.root
hadd Source file 197: /eos/cms/store/group/phys_heavyions/jvelazqu/energycorr/eecAnalysis_ppref_2024-09-10/eecOOHistograms/crab_eecAnalysis_ppref_2024-09-10/260910_041527/0004/eecAnalysis_ppref_2024-09-10_4049.root
hadd Source file 162: /eos/cms/store/group/phys_heavyions/jvelazqu/energycorr/eecAnalysis_ppref_2024-09-10/eecOOHistograms/crab_eecAnalysis_ppref_2024-09-10/260910_041527/0003/eecAnalysis_ppref_2024-09-10_3586.root
hadd Source file 172: /eos/cms/store/group/phys_heavyions/jvelazqu/energycorr/eecAnalysis_ppref_2024-09-10/eecOOHistograms/crab_eecAnalysis_ppref_2024-09-10/260910_041527/0000/eecAnalysis_ppref_2024-09-10_172.root
hadd Source file 198: /eos/cms/store/group/phys_heavyions/jvelazqu/energycorr/eecAnalysis_ppref_2024-09-10/eecOOHistograms/crab_eecAnalysis_ppref_2024-09-10/260910_041527/0004/eecAnalysis_ppref_2024-09-10_4050.root
hadd Source file 176: /eos/cms/store/group/phys_heavyions/jvelazqu/energycorr/eecAnalysis_ppref_2024-09-10/eecOOHistograms/crab_eecAnalysis_ppref_2024-09-10/260910_041527/0002/eecAnalysis_ppref_2024-09-10_2316.root
hadd Source file 178: /eos/cms/store/group/phys_heavyions/jvelazqu/energycorr/eecAnalysis_ppref_2024-09-10/eecOOHistograms/crab_eecAnalysis_ppref_2024-09-10/260910_041527/0001/eecAnalysis_ppref_2024-09-10_1462.root
hadd Source file 163: /eos/cms/store/group/phys_heavyions/jvelazqu/energycorr/eecAnalysis_ppref_2024-09-10/eecOOHistograms/crab_eecAnalysis_ppref_2024-09-10/260910_041527/0003/eecAnalysis_ppref_2024-09-10_3587.root
hadd Source file 178: /eos/cms/store/group/phys_heavyions/jvelazqu/energycorr/eecAnalysis_ppref_2024-09-10/eecOOHistograms/crab_eecAnalysis_ppref_2024-09-10/260910_041527/0003/eecAnalysis_ppref_2024-09-10_3174.root
hadd Source file 199: /eos/cms/store/group/phys_heavyions/jvelazqu/energycorr/eecAnalysis_ppref_2024-09-10/eecOOHistograms/crab_eecAnalysis_ppref_2024-09-10/260910_041527/0004/eecAnalysis_ppref_2024-09-10_4051.root
hadd Source file 164: /eos/cms/store/group/phys_heavyions/jvelazqu/energycorr/eecAnalysis_ppref_2024-09-10/eecOOHistograms/crab_eecAnalysis_ppref_2024-09-10/260910_041527/0003/eecAnalysis_ppref_2024-09-10_3588.root
hadd Source file 179: /eos/cms/store/group/phys_heavyions/jvelazqu/energycorr/eecAnalysis_ppref_2024-09-10/eecOOHistograms/crab_eecAnalysis_ppref_2024-09-10/260910_041527/0001/eecAnalysis_ppref_2024-09-10_1463.root
hadd Source file 177: /eos/cms/store/group/phys_heavyions/jvelazqu/energycorr/eecAnalysis_ppref_2024-09-10/eecOOHistograms/crab_eecAnalysis_ppref_2024-09-10/260910_041527/0002/eecAnalysis_ppref_2024-09-10_2317.root
hadd Source file 200: /eos/cms/store/group/phys_heavyions/jvelazqu/energycorr/eecAnalysis_ppref_2024-09-10/eecOOHistograms/crab_eecAnalysis_ppref_2024-09-10/260910_041527/0004/eecAnalysis_ppref_2024-09-10_4052.root
hadd Source file 180: /eos/cms/store/group/phys_heavyions/jvelazqu/energycorr/eecAnalysis_ppref_2024-09-10/eecOOHistograms/crab_eecAnalysis_ppref_2024-09-10/260910_041527/0001/eecAnalysis_ppref_2024-09-10_1464.root
hadd Source file 155: /eos/cms/store/group/phys_heavyions/jvelazqu/energycorr/eecAnalysis_ppref_2024-09-10/eecOOHistograms/crab_eecAnalysis_ppref_2024-09-10/260910_041527/0002/eecAnalysis_ppref_2024-09-10_2723.root
hadd Source file 165: /eos/cms/store/group/phys_heavyions/jvelazqu/energycorr/eecAnalysis_ppref_2024-09-10/eecOOHistograms/crab_eecAnalysis_ppref_2024-09-10/260910_041527/0003/eecAnalysis_ppref_2024-09-10_3589.root
hadd Source file 179: /eos/cms/store/group/phys_heavyions/jvelazqu/energycorr/eecAnalysis_ppref_2024-09-10/eecOOHistograms/crab_eecAnalysis_ppref_2024-09-10/260910_041527/0003/eecAnalysis_ppref_2024-09-10_3175.root
hadd Source file 192: /eos/cms/store/group/phys_heavyions/jvelazqu/energycorr/eecAnalysis_ppref_2024-09-10/eecOOHistograms/crab_eecAnalysis_ppref_2024-09-10/260910_041527/0001/eecAnalysis_ppref_2024-09-10_1048.root
hadd Source file 201: /eos/cms/store/group/phys_heavyions/jvelazqu/energycorr/eecAnalysis_ppref_2024-09-10/eecOOHistograms/crab_eecAnalysis_ppref_2024-09-10/260910_041527/0004/eecAnalysis_ppref_2024-09-10_4053.root
hadd Source file 156: /eos/cms/store/group/phys_heavyions/jvelazqu/energycorr/eecAnalysis_ppref_2024-09-10/eecOOHistograms/crab_eecAnalysis_ppref_2024-09-10/260910_041527/0002/eecAnalysis_ppref_2024-09-10_2724.root
hadd Source file 166: /eos/cms/store/group/phys_heavyions/jvelazqu/energycorr/eecAnalysis_ppref_2024-09-10/eecOOHistograms/crab_eecAnalysis_ppref_2024-09-10/260910_041527/0003/eecAnalysis_ppref_2024-09-10_3590.root
hadd Source file 181: /eos/cms/store/group/phys_heavyions/jvelazqu/energycorr/eecAnalysis_ppref_2024-09-10/eecOOHistograms/crab_eecAnalysis_ppref_2024-09-10/260910_041527/0001/eecAnalysis_ppref_2024-09-10_1465.root
hadd Source file 180: /eos/cms/store/group/phys_heavyions/jvelazqu/energycorr/eecAnalysis_ppref_2024-09-10/eecOOHistograms/crab_eecAnalysis_ppref_2024-09-10/260910_041527/0003/eecAnalysis_ppref_2024-09-10_3176.root
hadd Source file 173: /eos/cms/store/group/phys_heavyions/jvelazqu/energycorr/eecAnalysis_ppref_2024-09-10/eecOOHistograms/crab_eecAnalysis_ppref_2024-09-10/260910_041527/0000/eecAnalysis_ppref_2024-09-10_173.root
hadd Source file 157: /eos/cms/store/group/phys_heavyions/jvelazqu/energycorr/eecAnalysis_ppref_2024-09-10/eecOOHistograms/crab_eecAnalysis_ppref_2024-09-10/260910_041527/0002/eecAnalysis_ppref_2024-09-10_2725.root
hadd Source file 202: /eos/cms/store/group/phys_heavyions/jvelazqu/energycorr/eecAnalysis_ppref_2024-09-10/eecOOHistograms/crab_eecAnalysis_ppref_2024-09-10/260910_041527/0004/eecAnalysis_ppref_2024-09-10_4054.root
hadd Source file 182: /eos/cms/store/group/phys_heavyions/jvelazqu/energycorr/eecAnalysis_ppref_2024-09-10/eecOOHistograms/crab_eecAnalysis_ppref_2024-09-10/260910_041527/0001/eecAnalysis_ppref_2024-09-10_1466.root
hadd Source file 174: /eos/cms/store/group/phys_heavyions/jvelazqu/energycorr/eecAnalysis_ppref_2024-09-10/eecOOHistograms/crab_eecAnalysis_ppref_2024-09-10/260910_041527/0000/eecAnalysis_ppref_2024-09-10_174.root
hadd Source file 193: /eos/cms/store/group/phys_heavyions/jvelazqu/energycorr/eecAnalysis_ppref_2024-09-10/eecOOHistograms/crab_eecAnalysis_ppref_2024-09-10/260910_041527/0001/eecAnalysis_ppref_2024-09-10_1049.root
hadd Source file 167: /eos/cms/store/group/phys_heavyions/jvelazqu/energycorr/eecAnalysis_ppref_2024-09-10/eecOOHistograms/crab_eecAnalysis_ppref_2024-09-10/260910_041527/0003/eecAnalysis_ppref_2024-09-10_3591.root
hadd Source file 194: /eos/cms/store/group/phys_heavyions/jvelazqu/energycorr/eecAnalysis_ppref_2024-09-10/eecOOHistograms/crab_eecAnalysis_ppref_2024-09-10/260910_041527/0001/eecAnalysis_ppref_2024-09-10_1050.root
hadd Source file 158: /eos/cms/store/group/phys_heavyions/jvelazqu/energycorr/eecAnalysis_ppref_2024-09-10/eecOOHistograms/crab_eecAnalysis_ppref_2024-09-10/260910_041527/0002/eecAnalysis_ppref_2024-09-10_2726.root
hadd Source file 183: /eos/cms/store/group/phys_heavyions/jvelazqu/energycorr/eecAnalysis_ppref_2024-09-10/eecOOHistograms/crab_eecAnalysis_ppref_2024-09-10/260910_041527/0001/eecAnalysis_ppref_2024-09-10_1467.root
hadd Source file 178: /eos/cms/store/group/phys_heavyions/jvelazqu/energycorr/eecAnalysis_ppref_2024-09-10/eecOOHistograms/crab_eecAnalysis_ppref_2024-09-10/260910_041527/0000/eecAnalysis_ppref_2024-09-10_606.root
hadd Source file 175: /eos/cms/store/group/phys_heavyions/jvelazqu/energycorr/eecAnalysis_ppref_2024-09-10/eecOOHistograms/crab_eecAnalysis_ppref_2024-09-10/260910_041527/0000/eecAnalysis_ppref_2024-09-10_175.root
hadd Source file 178: /eos/cms/store/group/phys_heavyions/jvelazqu/energycorr/eecAnalysis_ppref_2024-09-10/eecOOHistograms/crab_eecAnalysis_ppref_2024-09-10/260910_041527/0002/eecAnalysis_ppref_2024-09-10_2318.root
hadd Source file 195: /eos/cms/store/group/phys_heavyions/jvelazqu/energycorr/eecAnalysis_ppref_2024-09-10/eecOOHistograms/crab_eecAnalysis_ppref_2024-09-10/260910_041527/0001/eecAnalysis_ppref_2024-09-10_1051.root
hadd Source file 180: /eos/cms/store/group/phys_heavyions/jvelazqu/energycorr/eecAnalysis_ppref_2024-09-10/eecOOHistograms/crab_eecAnalysis_ppref_2024-09-10/260910_041527/0001/eecAnalysis_ppref_2024-09-10_1892.root
hadd Source file 184: /eos/cms/store/group/phys_heavyions/jvelazqu/energycorr/eecAnalysis_ppref_2024-09-10/eecOOHistograms/crab_eecAnalysis_ppref_2024-09-10/260910_041527/0001/eecAnalysis_ppref_2024-09-10_1468.root
hadd Source file 159: /eos/cms/store/group/phys_heavyions/jvelazqu/energycorr/eecAnalysis_ppref_2024-09-10/eecOOHistograms/crab_eecAnalysis_ppref_2024-09-10/260910_041527/0002/eecAnalysis_ppref_2024-09-10_2727.root
hadd Source file 179: /eos/cms/store/group/phys_heavyions/jvelazqu/energycorr/eecAnalysis_ppref_2024-09-10/eecOOHistograms/crab_eecAnalysis_ppref_2024-09-10/260910_041527/0000/eecAnalysis_ppref_2024-09-10_607.root
hadd Source file 179: /eos/cms/store/group/phys_heavyions/jvelazqu/energycorr/eecAnalysis_ppref_2024-09-10/eecOOHistograms/crab_eecAnalysis_ppref_2024-09-10/260910_041527/0002/eecAnalysis_ppref_2024-09-10_2319.root
hadd Source file 181: /eos/cms/store/group/phys_heavyions/jvelazqu/energycorr/eecAnalysis_ppref_2024-09-10/eecOOHistograms/crab_eecAnalysis_ppref_2024-09-10/260910_041527/0001/eecAnalysis_ppref_2024-09-10_1893.root
hadd Source file 176: /eos/cms/store/group/phys_heavyions/jvelazqu/energycorr/eecAnalysis_ppref_2024-09-10/eecOOHistograms/crab_eecAnalysis_ppref_2024-09-10/260910_041527/0000/eecAnalysis_ppref_2024-09-10_176.root
hadd Source file 180: /eos/cms/store/group/phys_heavyions/jvelazqu/energycorr/eecAnalysis_ppref_2024-09-10/eecOOHistograms/crab_eecAnalysis_ppref_2024-09-10/260910_041527/0000/eecAnalysis_ppref_2024-09-10_608.root
hadd Source file 196: /eos/cms/store/group/phys_heavyions/jvelazqu/energycorr/eecAnalysis_ppref_2024-09-10/eecOOHistograms/crab_eecAnalysis_ppref_2024-09-10/260910_041527/0001/eecAnalysis_ppref_2024-09-10_1052.root
hadd Source file 160: /eos/cms/store/group/phys_heavyions/jvelazqu/energycorr/eecAnalysis_ppref_2024-09-10/eecOOHistograms/crab_eecAnalysis_ppref_2024-09-10/260910_041527/0002/eecAnalysis_ppref_2024-09-10_2728.root
hadd Source file 168: /eos/cms/store/group/phys_heavyions/jvelazqu/energycorr/eecAnalysis_ppref_2024-09-10/eecOOHistograms/crab_eecAnalysis_ppref_2024-09-10/260910_041527/0003/eecAnalysis_ppref_2024-09-10_3592.root
hadd Source file 203: /eos/cms/store/group/phys_heavyions/jvelazqu/energycorr/eecAnalysis_ppref_2024-09-10/eecOOHistograms/crab_eecAnalysis_ppref_2024-09-10/260910_041527/0004/eecAnalysis_ppref_2024-09-10_4055.root
hadd Source file 182: /eos/cms/store/group/phys_heavyions/jvelazqu/energycorr/eecAnalysis_ppref_2024-09-10/eecOOHistograms/crab_eecAnalysis_ppref_2024-09-10/260910_041527/0001/eecAnalysis_ppref_2024-09-10_1894.root
hadd Source file 180: /eos/cms/store/group/phys_heavyions/jvelazqu/energycorr/eecAnalysis_ppref_2024-09-10/eecOOHistograms/crab_eecAnalysis_ppref_2024-09-10/260910_041527/0002/eecAnalysis_ppref_2024-09-10_2320.root
hadd Source file 177: /eos/cms/store/group/phys_heavyions/jvelazqu/energycorr/eecAnalysis_ppref_2024-09-10/eecOOHistograms/crab_eecAnalysis_ppref_2024-09-10/260910_041527/0000/eecAnalysis_ppref_2024-09-10_177.root
hadd Source file 181: /eos/cms/store/group/phys_heavyions/jvelazqu/energycorr/eecAnalysis_ppref_2024-09-10/eecOOHistograms/crab_eecAnalysis_ppref_2024-09-10/260910_041527/0000/eecAnalysis_ppref_2024-09-10_609.root
hadd Source file 181: /eos/cms/store/group/phys_heavyions/jvelazqu/energycorr/eecAnalysis_ppref_2024-09-10/eecOOHistograms/crab_eecAnalysis_ppref_2024-09-10/260910_041527/0003/eecAnalysis_ppref_2024-09-10_3177.root
hadd Source file 197: /eos/cms/store/group/phys_heavyions/jvelazqu/energycorr/eecAnalysis_ppref_2024-09-10/eecOOHistograms/crab_eecAnalysis_ppref_2024-09-10/260910_041527/0001/eecAnalysis_ppref_2024-09-10_1053.root
hadd Source file 161: /eos/cms/store/group/phys_heavyions/jvelazqu/energycorr/eecAnalysis_ppref_2024-09-10/eecOOHistograms/crab_eecAnalysis_ppref_2024-09-10/260910_041527/0002/eecAnalysis_ppref_2024-09-10_2729.root
hadd Source file 169: /eos/cms/store/group/phys_heavyions/jvelazqu/energycorr/eecAnalysis_ppref_2024-09-10/eecOOHistograms/crab_eecAnalysis_ppref_2024-09-10/260910_041527/0003/eecAnalysis_ppref_2024-09-10_3593.root
hadd Source file 182: /eos/cms/store/group/phys_heavyions/jvelazqu/energycorr/eecAnalysis_ppref_2024-09-10/eecOOHistograms/crab_eecAnalysis_ppref_2024-09-10/260910_041527/0000/eecAnalysis_ppref_2024-09-10_610.root
hadd Source file 181: /eos/cms/store/group/phys_heavyions/jvelazqu/energycorr/eecAnalysis_ppref_2024-09-10/eecOOHistograms/crab_eecAnalysis_ppref_2024-09-10/260910_041527/0002/eecAnalysis_ppref_2024-09-10_2321.root
hadd Source file 204: /eos/cms/store/group/phys_heavyions/jvelazqu/energycorr/eecAnalysis_ppref_2024-09-10/eecOOHistograms/crab_eecAnalysis_ppref_2024-09-10/260910_041527/0004/eecAnalysis_ppref_2024-09-10_4056.root
hadd Source file 182: /eos/cms/store/group/phys_heavyions/jvelazqu/energycorr/eecAnalysis_ppref_2024-09-10/eecOOHistograms/crab_eecAnalysis_ppref_2024-09-10/260910_041527/0003/eecAnalysis_ppref_2024-09-10_3178.root
hadd Source file 162: /eos/cms/store/group/phys_heavyions/jvelazqu/energycorr/eecAnalysis_ppref_2024-09-10/eecOOHistograms/crab_eecAnalysis_ppref_2024-09-10/260910_041527/0002/eecAnalysis_ppref_2024-09-10_2730.root
hadd Source file 170: /eos/cms/store/group/phys_heavyions/jvelazqu/energycorr/eecAnalysis_ppref_2024-09-10/eecOOHistograms/crab_eecAnalysis_ppref_2024-09-10/260910_041527/0003/eecAnalysis_ppref_2024-09-10_3594.root
hadd Source file 182: /eos/cms/store/group/phys_heavyions/jvelazqu/energycorr/eecAnalysis_ppref_2024-09-10/eecOOHistograms/crab_eecAnalysis_ppref_2024-09-10/260910_041527/0002/eecAnalysis_ppref_2024-09-10_2322.root
hadd Source file 185: /eos/cms/store/group/phys_heavyions/jvelazqu/energycorr/eecAnalysis_ppref_2024-09-10/eecOOHistograms/crab_eecAnalysis_ppref_2024-09-10/260910_041527/0001/eecAnalysis_ppref_2024-09-10_1469.root
hadd Source file 183: /eos/cms/store/group/phys_heavyions/jvelazqu/energycorr/eecAnalysis_ppref_2024-09-10/eecOOHistograms/crab_eecAnalysis_ppref_2024-09-10/260910_041527/0003/eecAnalysis_ppref_2024-09-10_3179.root
hadd Source file 163: /eos/cms/store/group/phys_heavyions/jvelazqu/energycorr/eecAnalysis_ppref_2024-09-10/eecOOHistograms/crab_eecAnalysis_ppref_2024-09-10/260910_041527/0002/eecAnalysis_ppref_2024-09-10_2731.root
hadd Source file 171: /eos/cms/store/group/phys_heavyions/jvelazqu/energycorr/eecAnalysis_ppref_2024-09-10/eecOOHistograms/crab_eecAnalysis_ppref_2024-09-10/260910_041527/0003/eecAnalysis_ppref_2024-09-10_3595.root
hadd Source file 205: /eos/cms/store/group/phys_heavyions/jvelazqu/energycorr/eecAnalysis_ppref_2024-09-10/eecOOHistograms/crab_eecAnalysis_ppref_2024-09-10/260910_041527/0004/eecAnalysis_ppref_2024-09-10_4057.root
hadd Source file 186: /eos/cms/store/group/phys_heavyions/jvelazqu/energycorr/eecAnalysis_ppref_2024-09-10/eecOOHistograms/crab_eecAnalysis_ppref_2024-09-10/260910_041527/0001/eecAnalysis_ppref_2024-09-10_1470.root
hadd Source file 187: /eos/cms/store/group/phys_heavyions/jvelazqu/energycorr/eecAnalysis_ppref_2024-09-10/eecOOHistograms/crab_eecAnalysis_ppref_2024-09-10/260910_041527/0001/eecAnalysis_ppref_2024-09-10_1471.root
hadd Source file 184: /eos/cms/store/group/phys_heavyions/jvelazqu/energycorr/eecAnalysis_ppref_2024-09-10/eecOOHistograms/crab_eecAnalysis_ppref_2024-09-10/260910_041527/0003/eecAnalysis_ppref_2024-09-10_3180.root
hadd Source file 164: /eos/cms/store/group/phys_heavyions/jvelazqu/energycorr/eecAnalysis_ppref_2024-09-10/eecOOHistograms/crab_eecAnalysis_ppref_2024-09-10/260910_041527/0002/eecAnalysis_ppref_2024-09-10_2732.root
hadd Source file 198: /eos/cms/store/group/phys_heavyions/jvelazqu/energycorr/eecAnalysis_ppref_2024-09-10/eecOOHistograms/crab_eecAnalysis_ppref_2024-09-10/260910_041527/0001/eecAnalysis_ppref_2024-09-10_1054.root
hadd Source file 183: /eos/cms/store/group/phys_heavyions/jvelazqu/energycorr/eecAnalysis_ppref_2024-09-10/eecOOHistograms/crab_eecAnalysis_ppref_2024-09-10/260910_041527/0001/eecAnalysis_ppref_2024-09-10_1895.root
hadd Source file 178: /eos/cms/store/group/phys_heavyions/jvelazqu/energycorr/eecAnalysis_ppref_2024-09-10/eecOOHistograms/crab_eecAnalysis_ppref_2024-09-10/260910_041527/0000/eecAnalysis_ppref_2024-09-10_178.root
hadd Source file 206: /eos/cms/store/group/phys_heavyions/jvelazqu/energycorr/eecAnalysis_ppref_2024-09-10/eecOOHistograms/crab_eecAnalysis_ppref_2024-09-10/260910_041527/0004/eecAnalysis_ppref_2024-09-10_4058.root
hadd Source file 172: /eos/cms/store/group/phys_heavyions/jvelazqu/energycorr/eecAnalysis_ppref_2024-09-10/eecOOHistograms/crab_eecAnalysis_ppref_2024-09-10/260910_041527/0003/eecAnalysis_ppref_2024-09-10_3596.root
hadd Source file 188: /eos/cms/store/group/phys_heavyions/jvelazqu/energycorr/eecAnalysis_ppref_2024-09-10/eecOOHistograms/crab_eecAnalysis_ppref_2024-09-10/260910_041527/0001/eecAnalysis_ppref_2024-09-10_1472.root
hadd Source file 185: /eos/cms/store/group/phys_heavyions/jvelazqu/energycorr/eecAnalysis_ppref_2024-09-10/eecOOHistograms/crab_eecAnalysis_ppref_2024-09-10/260910_041527/0003/eecAnalysis_ppref_2024-09-10_3181.root
hadd Source file 165: /eos/cms/store/group/phys_heavyions/jvelazqu/energycorr/eecAnalysis_ppref_2024-09-10/eecOOHistograms/crab_eecAnalysis_ppref_2024-09-10/260910_041527/0002/eecAnalysis_ppref_2024-09-10_2733.root
hadd Source file 199: /eos/cms/store/group/phys_heavyions/jvelazqu/energycorr/eecAnalysis_ppref_2024-09-10/eecOOHistograms/crab_eecAnalysis_ppref_2024-09-10/260910_041527/0001/eecAnalysis_ppref_2024-09-10_1055.root
hadd Source file 183: /eos/cms/store/group/phys_heavyions/jvelazqu/energycorr/eecAnalysis_ppref_2024-09-10/eecOOHistograms/crab_eecAnalysis_ppref_2024-09-10/260910_041527/0002/eecAnalysis_ppref_2024-09-10_2323.root
hadd Source file 207: /eos/cms/store/group/phys_heavyions/jvelazqu/energycorr/eecAnalysis_ppref_2024-09-10/eecOOHistograms/crab_eecAnalysis_ppref_2024-09-10/260910_041527/0004/eecAnalysis_ppref_2024-09-10_4059.root
hadd Source file 189: /eos/cms/store/group/phys_heavyions/jvelazqu/energycorr/eecAnalysis_ppref_2024-09-10/eecOOHistograms/crab_eecAnalysis_ppref_2024-09-10/260910_041527/0001/eecAnalysis_ppref_2024-09-10_1473.root
hadd Source file 184: /eos/cms/store/group/phys_heavyions/jvelazqu/energycorr/eecAnalysis_ppref_2024-09-10/eecOOHistograms/crab_eecAnalysis_ppref_2024-09-10/260910_041527/0001/eecAnalysis_ppref_2024-09-10_1896.root
hadd Source file 179: /eos/cms/store/group/phys_heavyions/jvelazqu/energycorr/eecAnalysis_ppref_2024-09-10/eecOOHistograms/crab_eecAnalysis_ppref_2024-09-10/260910_041527/0000/eecAnalysis_ppref_2024-09-10_179.root
hadd Source file 173: /eos/cms/store/group/phys_heavyions/jvelazqu/energycorr/eecAnalysis_ppref_2024-09-10/eecOOHistograms/crab_eecAnalysis_ppref_2024-09-10/260910_041527/0003/eecAnalysis_ppref_2024-09-10_3597.root
hadd Source file 186: /eos/cms/store/group/phys_heavyions/jvelazqu/energycorr/eecAnalysis_ppref_2024-09-10/eecOOHistograms/crab_eecAnalysis_ppref_2024-09-10/260910_041527/0003/eecAnalysis_ppref_2024-09-10_3182.root
hadd Source file 208: /eos/cms/store/group/phys_heavyions/jvelazqu/energycorr/eecAnalysis_ppref_2024-09-10/eecOOHistograms/crab_eecAnalysis_ppref_2024-09-10/260910_041527/0004/eecAnalysis_ppref_2024-09-10_4060.root
hadd Source file 166: /eos/cms/store/group/phys_heavyions/jvelazqu/energycorr/eecAnalysis_ppref_2024-09-10/eecOOHistograms/crab_eecAnalysis_ppref_2024-09-10/260910_041527/0002/eecAnalysis_ppref_2024-09-10_2734.root
hadd Source file 184: /eos/cms/store/group/phys_heavyions/jvelazqu/energycorr/eecAnalysis_ppref_2024-09-10/eecOOHistograms/crab_eecAnalysis_ppref_2024-09-10/260910_041527/0002/eecAnalysis_ppref_2024-09-10_2324.root
hadd Source file 200: /eos/cms/store/group/phys_heavyions/jvelazqu/energycorr/eecAnalysis_ppref_2024-09-10/eecOOHistograms/crab_eecAnalysis_ppref_2024-09-10/260910_041527/0001/eecAnalysis_ppref_2024-09-10_1056.root
hadd Source file 190: /eos/cms/store/group/phys_heavyions/jvelazqu/energycorr/eecAnalysis_ppref_2024-09-10/eecOOHistograms/crab_eecAnalysis_ppref_2024-09-10/260910_041527/0001/eecAnalysis_ppref_2024-09-10_1474.root
hadd Source file 185: /eos/cms/store/group/phys_heavyions/jvelazqu/energycorr/eecAnalysis_ppref_2024-09-10/eecOOHistograms/crab_eecAnalysis_ppref_2024-09-10/260910_041527/0001/eecAnalysis_ppref_2024-09-10_1897.root
hadd Source file 180: /eos/cms/store/group/phys_heavyions/jvelazqu/energycorr/eecAnalysis_ppref_2024-09-10/eecOOHistograms/crab_eecAnalysis_ppref_2024-09-10/260910_041527/0000/eecAnalysis_ppref_2024-09-10_180.root
hadd Source file 209: /eos/cms/store/group/phys_heavyions/jvelazqu/energycorr/eecAnalysis_ppref_2024-09-10/eecOOHistograms/crab_eecAnalysis_ppref_2024-09-10/260910_041527/0004/eecAnalysis_ppref_2024-09-10_4061.root
hadd Source file 183: /eos/cms/store/group/phys_heavyions/jvelazqu/energycorr/eecAnalysis_ppref_2024-09-10/eecOOHistograms/crab_eecAnalysis_ppref_2024-09-10/260910_041527/0000/eecAnalysis_ppref_2024-09-10_611.root
hadd Source file 187: /eos/cms/store/group/phys_heavyions/jvelazqu/energycorr/eecAnalysis_ppref_2024-09-10/eecOOHistograms/crab_eecAnalysis_ppref_2024-09-10/260910_041527/0003/eecAnalysis_ppref_2024-09-10_3183.root
hadd Source file 174: /eos/cms/store/group/phys_heavyions/jvelazqu/energycorr/eecAnalysis_ppref_2024-09-10/eecOOHistograms/crab_eecAnalysis_ppref_2024-09-10/260910_041527/0003/eecAnalysis_ppref_2024-09-10_3598.root
hadd Source file 185: /eos/cms/store/group/phys_heavyions/jvelazqu/energycorr/eecAnalysis_ppref_2024-09-10/eecOOHistograms/crab_eecAnalysis_ppref_2024-09-10/260910_041527/0002/eecAnalysis_ppref_2024-09-10_2325.root
hadd Source file 167: /eos/cms/store/group/phys_heavyions/jvelazqu/energycorr/eecAnalysis_ppref_2024-09-10/eecOOHistograms/crab_eecAnalysis_ppref_2024-09-10/260910_041527/0002/eecAnalysis_ppref_2024-09-10_2735.root
hadd Source file 201: /eos/cms/store/group/phys_heavyions/jvelazqu/energycorr/eecAnalysis_ppref_2024-09-10/eecOOHistograms/crab_eecAnalysis_ppref_2024-09-10/260910_041527/0001/eecAnalysis_ppref_2024-09-10_1057.root
hadd Source file 191: /eos/cms/store/group/phys_heavyions/jvelazqu/energycorr/eecAnalysis_ppref_2024-09-10/eecOOHistograms/crab_eecAnalysis_ppref_2024-09-10/260910_041527/0001/eecAnalysis_ppref_2024-09-10_1475.root
hadd Source file 186: /eos/cms/store/group/phys_heavyions/jvelazqu/energycorr/eecAnalysis_ppref_2024-09-10/eecOOHistograms/crab_eecAnalysis_ppref_2024-09-10/260910_041527/0002/eecAnalysis_ppref_2024-09-10_2326.root
hadd Source file 210: /eos/cms/store/group/phys_heavyions/jvelazqu/energycorr/eecAnalysis_ppref_2024-09-10/eecOOHistograms/crab_eecAnalysis_ppref_2024-09-10/260910_041527/0004/eecAnalysis_ppref_2024-09-10_4062.root
hadd Source file 184: /eos/cms/store/group/phys_heavyions/jvelazqu/energycorr/eecAnalysis_ppref_2024-09-10/eecOOHistograms/crab_eecAnalysis_ppref_2024-09-10/260910_041527/0000/eecAnalysis_ppref_2024-09-10_612.root
hadd Source file 188: /eos/cms/store/group/phys_heavyions/jvelazqu/energycorr/eecAnalysis_ppref_2024-09-10/eecOOHistograms/crab_eecAnalysis_ppref_2024-09-10/260910_041527/0003/eecAnalysis_ppref_2024-09-10_3184.root
hadd Source file 211: /eos/cms/store/group/phys_heavyions/jvelazqu/energycorr/eecAnalysis_ppref_2024-09-10/eecOOHistograms/crab_eecAnalysis_ppref_2024-09-10/260910_041527/0004/eecAnalysis_ppref_2024-09-10_4063.root
hadd Source file 168: /eos/cms/store/group/phys_heavyions/jvelazqu/energycorr/eecAnalysis_ppref_2024-09-10/eecOOHistograms/crab_eecAnalysis_ppref_2024-09-10/260910_041527/0002/eecAnalysis_ppref_2024-09-10_2736.root
hadd Source file 202: /eos/cms/store/group/phys_heavyions/jvelazqu/energycorr/eecAnalysis_ppref_2024-09-10/eecOOHistograms/crab_eecAnalysis_ppref_2024-09-10/260910_041527/0001/eecAnalysis_ppref_2024-09-10_1058.root
hadd Source file 185: /eos/cms/store/group/phys_heavyions/jvelazqu/energycorr/eecAnalysis_ppref_2024-09-10/eecOOHistograms/crab_eecAnalysis_ppref_2024-09-10/260910_041527/0000/eecAnalysis_ppref_2024-09-10_613.root
hadd Source file 187: /eos/cms/store/group/phys_heavyions/jvelazqu/energycorr/eecAnalysis_ppref_2024-09-10/eecOOHistograms/crab_eecAnalysis_ppref_2024-09-10/260910_041527/0002/eecAnalysis_ppref_2024-09-10_2327.root
hadd Source file 175: /eos/cms/store/group/phys_heavyions/jvelazqu/energycorr/eecAnalysis_ppref_2024-09-10/eecOOHistograms/crab_eecAnalysis_ppref_2024-09-10/260910_041527/0003/eecAnalysis_ppref_2024-09-10_3599.root
hadd Source file 192: /eos/cms/store/group/phys_heavyions/jvelazqu/energycorr/eecAnalysis_ppref_2024-09-10/eecOOHistograms/crab_eecAnalysis_ppref_2024-09-10/260910_041527/0001/eecAnalysis_ppref_2024-09-10_1476.root
hadd Source file 189: /eos/cms/store/group/phys_heavyions/jvelazqu/energycorr/eecAnalysis_ppref_2024-09-10/eecOOHistograms/crab_eecAnalysis_ppref_2024-09-10/260910_041527/0003/eecAnalysis_ppref_2024-09-10_3185.root
hadd Source file 169: /eos/cms/store/group/phys_heavyions/jvelazqu/energycorr/eecAnalysis_ppref_2024-09-10/eecOOHistograms/crab_eecAnalysis_ppref_2024-09-10/260910_041527/0002/eecAnalysis_ppref_2024-09-10_2737.root
hadd Source file 186: /eos/cms/store/group/phys_heavyions/jvelazqu/energycorr/eecAnalysis_ppref_2024-09-10/eecOOHistograms/crab_eecAnalysis_ppref_2024-09-10/260910_041527/0000/eecAnalysis_ppref_2024-09-10_614.root
hadd Source file 203: /eos/cms/store/group/phys_heavyions/jvelazqu/energycorr/eecAnalysis_ppref_2024-09-10/eecOOHistograms/crab_eecAnalysis_ppref_2024-09-10/260910_041527/0001/eecAnalysis_ppref_2024-09-10_1059.root
hadd Source file 212: /eos/cms/store/group/phys_heavyions/jvelazqu/energycorr/eecAnalysis_ppref_2024-09-10/eecOOHistograms/crab_eecAnalysis_ppref_2024-09-10/260910_041527/0004/eecAnalysis_ppref_2024-09-10_4064.root
hadd Source file 193: /eos/cms/store/group/phys_heavyions/jvelazqu/energycorr/eecAnalysis_ppref_2024-09-10/eecOOHistograms/crab_eecAnalysis_ppref_2024-09-10/260910_041527/0001/eecAnalysis_ppref_2024-09-10_1477.root
hadd Source file 170: /eos/cms/store/group/phys_heavyions/jvelazqu/energycorr/eecAnalysis_ppref_2024-09-10/eecOOHistograms/crab_eecAnalysis_ppref_2024-09-10/260910_041527/0002/eecAnalysis_ppref_2024-09-10_2738.root
hadd Source file 190: /eos/cms/store/group/phys_heavyions/jvelazqu/energycorr/eecAnalysis_ppref_2024-09-10/eecOOHistograms/crab_eecAnalysis_ppref_2024-09-10/260910_041527/0003/eecAnalysis_ppref_2024-09-10_3186.root
hadd Source file 181: /eos/cms/store/group/phys_heavyions/jvelazqu/energycorr/eecAnalysis_ppref_2024-09-10/eecOOHistograms/crab_eecAnalysis_ppref_2024-09-10/260910_041527/0000/eecAnalysis_ppref_2024-09-10_181.root
hadd Source file 204: /eos/cms/store/group/phys_heavyions/jvelazqu/energycorr/eecAnalysis_ppref_2024-09-10/eecOOHistograms/crab_eecAnalysis_ppref_2024-09-10/260910_041527/0001/eecAnalysis_ppref_2024-09-10_1060.root
hadd Source file 187: /eos/cms/store/group/phys_heavyions/jvelazqu/energycorr/eecAnalysis_ppref_2024-09-10/eecOOHistograms/crab_eecAnalysis_ppref_2024-09-10/260910_041527/0000/eecAnalysis_ppref_2024-09-10_615.root
hadd Source file 194: /eos/cms/store/group/phys_heavyions/jvelazqu/energycorr/eecAnalysis_ppref_2024-09-10/eecOOHistograms/crab_eecAnalysis_ppref_2024-09-10/260910_041527/0001/eecAnalysis_ppref_2024-09-10_1478.root
hadd Source file 171: /eos/cms/store/group/phys_heavyions/jvelazqu/energycorr/eecAnalysis_ppref_2024-09-10/eecOOHistograms/crab_eecAnalysis_ppref_2024-09-10/260910_041527/0002/eecAnalysis_ppref_2024-09-10_2739.root
hadd Source file 213: /eos/cms/store/group/phys_heavyions/jvelazqu/energycorr/eecAnalysis_ppref_2024-09-10/eecOOHistograms/crab_eecAnalysis_ppref_2024-09-10/260910_041527/0004/eecAnalysis_ppref_2024-09-10_4065.root
hadd Source file 191: /eos/cms/store/group/phys_heavyions/jvelazqu/energycorr/eecAnalysis_ppref_2024-09-10/eecOOHistograms/crab_eecAnalysis_ppref_2024-09-10/260910_041527/0003/eecAnalysis_ppref_2024-09-10_3187.root
hadd Source file 186: /eos/cms/store/group/phys_heavyions/jvelazqu/energycorr/eecAnalysis_ppref_2024-09-10/eecOOHistograms/crab_eecAnalysis_ppref_2024-09-10/260910_041527/0001/eecAnalysis_ppref_2024-09-10_1898.root
hadd Source file 182: /eos/cms/store/group/phys_heavyions/jvelazqu/energycorr/eecAnalysis_ppref_2024-09-10/eecOOHistograms/crab_eecAnalysis_ppref_2024-09-10/260910_041527/0000/eecAnalysis_ppref_2024-09-10_182.root
hadd Source file 195: /eos/cms/store/group/phys_heavyions/jvelazqu/energycorr/eecAnalysis_ppref_2024-09-10/eecOOHistograms/crab_eecAnalysis_ppref_2024-09-10/260910_041527/0001/eecAnalysis_ppref_2024-09-10_1479.root
hadd Source file 192: /eos/cms/store/group/phys_heavyions/jvelazqu/energycorr/eecAnalysis_ppref_2024-09-10/eecOOHistograms/crab_eecAnalysis_ppref_2024-09-10/260910_041527/0003/eecAnalysis_ppref_2024-09-10_3188.root
hadd Source file 205: /eos/cms/store/group/phys_heavyions/jvelazqu/energycorr/eecAnalysis_ppref_2024-09-10/eecOOHistograms/crab_eecAnalysis_ppref_2024-09-10/260910_041527/0001/eecAnalysis_ppref_2024-09-10_1061.root
hadd Source file 214: /eos/cms/store/group/phys_heavyions/jvelazqu/energycorr/eecAnalysis_ppref_2024-09-10/eecOOHistograms/crab_eecAnalysis_ppref_2024-09-10/260910_041527/0004/eecAnalysis_ppref_2024-09-10_4066.root
hadd Source file 188: /eos/cms/store/group/phys_heavyions/jvelazqu/energycorr/eecAnalysis_ppref_2024-09-10/eecOOHistograms/crab_eecAnalysis_ppref_2024-09-10/260910_041527/0002/eecAnalysis_ppref_2024-09-10_2328.root
hadd Source file 196: /eos/cms/store/group/phys_heavyions/jvelazqu/energycorr/eecAnalysis_ppref_2024-09-10/eecOOHistograms/crab_eecAnalysis_ppref_2024-09-10/260910_041527/0001/eecAnalysis_ppref_2024-09-10_1480.root
hadd Source file 176: /eos/cms/store/group/phys_heavyions/jvelazqu/energycorr/eecAnalysis_ppref_2024-09-10/eecOOHistograms/crab_eecAnalysis_ppref_2024-09-10/260910_041527/0003/eecAnalysis_ppref_2024-09-10_3600.root
hadd Source file 193: /eos/cms/store/group/phys_heavyions/jvelazqu/energycorr/eecAnalysis_ppref_2024-09-10/eecOOHistograms/crab_eecAnalysis_ppref_2024-09-10/260910_041527/0003/eecAnalysis_ppref_2024-09-10_3189.root
hadd Source file 206: /eos/cms/store/group/phys_heavyions/jvelazqu/energycorr/eecAnalysis_ppref_2024-09-10/eecOOHistograms/crab_eecAnalysis_ppref_2024-09-10/260910_041527/0001/eecAnalysis_ppref_2024-09-10_1062.root
hadd Source file 177: /eos/cms/store/group/phys_heavyions/jvelazqu/energycorr/eecAnalysis_ppref_2024-09-10/eecOOHistograms/crab_eecAnalysis_ppref_2024-09-10/260910_041527/0003/eecAnalysis_ppref_2024-09-10_3601.root
hadd Source file 189: /eos/cms/store/group/phys_heavyions/jvelazqu/energycorr/eecAnalysis_ppref_2024-09-10/eecOOHistograms/crab_eecAnalysis_ppref_2024-09-10/260910_041527/0002/eecAnalysis_ppref_2024-09-10_2329.root
hadd Source file 215: /eos/cms/store/group/phys_heavyions/jvelazqu/energycorr/eecAnalysis_ppref_2024-09-10/eecOOHistograms/crab_eecAnalysis_ppref_2024-09-10/260910_041527/0004/eecAnalysis_ppref_2024-09-10_4067.root
hadd Source file 183: /eos/cms/store/group/phys_heavyions/jvelazqu/energycorr/eecAnalysis_ppref_2024-09-10/eecOOHistograms/crab_eecAnalysis_ppref_2024-09-10/260910_041527/0000/eecAnalysis_ppref_2024-09-10_183.root
hadd Source file 197: /eos/cms/store/group/phys_heavyions/jvelazqu/energycorr/eecAnalysis_ppref_2024-09-10/eecOOHistograms/crab_eecAnalysis_ppref_2024-09-10/260910_041527/0001/eecAnalysis_ppref_2024-09-10_1481.root
hadd Source file 188: /eos/cms/store/group/phys_heavyions/jvelazqu/energycorr/eecAnalysis_ppref_2024-09-10/eecOOHistograms/crab_eecAnalysis_ppref_2024-09-10/260910_041527/0000/eecAnalysis_ppref_2024-09-10_616.root
hadd Source file 178: /eos/cms/store/group/phys_heavyions/jvelazqu/energycorr/eecAnalysis_ppref_2024-09-10/eecOOHistograms/crab_eecAnalysis_ppref_2024-09-10/260910_041527/0003/eecAnalysis_ppref_2024-09-10_3602.root
hadd Source file 190: /eos/cms/store/group/phys_heavyions/jvelazqu/energycorr/eecAnalysis_ppref_2024-09-10/eecOOHistograms/crab_eecAnalysis_ppref_2024-09-10/260910_041527/0002/eecAnalysis_ppref_2024-09-10_2330.root
hadd Source file 184: /eos/cms/store/group/phys_heavyions/jvelazqu/energycorr/eecAnalysis_ppref_2024-09-10/eecOOHistograms/crab_eecAnalysis_ppref_2024-09-10/260910_041527/0000/eecAnalysis_ppref_2024-09-10_184.root
hadd Source file 216: /eos/cms/store/group/phys_heavyions/jvelazqu/energycorr/eecAnalysis_ppref_2024-09-10/eecOOHistograms/crab_eecAnalysis_ppref_2024-09-10/260910_041527/0004/eecAnalysis_ppref_2024-09-10_4068.root
hadd Source file 189: /eos/cms/store/group/phys_heavyions/jvelazqu/energycorr/eecAnalysis_ppref_2024-09-10/eecOOHistograms/crab_eecAnalysis_ppref_2024-09-10/260910_041527/0000/eecAnalysis_ppref_2024-09-10_617.root
hadd Source file 207: /eos/cms/store/group/phys_heavyions/jvelazqu/energycorr/eecAnalysis_ppref_2024-09-10/eecOOHistograms/crab_eecAnalysis_ppref_2024-09-10/260910_041527/0001/eecAnalysis_ppref_2024-09-10_1063.root
hadd Source file 198: /eos/cms/store/group/phys_heavyions/jvelazqu/energycorr/eecAnalysis_ppref_2024-09-10/eecOOHistograms/crab_eecAnalysis_ppref_2024-09-10/260910_041527/0001/eecAnalysis_ppref_2024-09-10_1482.root
hadd Source file 194: /eos/cms/store/group/phys_heavyions/jvelazqu/energycorr/eecAnalysis_ppref_2024-09-10/eecOOHistograms/crab_eecAnalysis_ppref_2024-09-10/260910_041527/0003/eecAnalysis_ppref_2024-09-10_3190.root
hadd Source file 187: /eos/cms/store/group/phys_heavyions/jvelazqu/energycorr/eecAnalysis_ppref_2024-09-10/eecOOHistograms/crab_eecAnalysis_ppref_2024-09-10/260910_041527/0001/eecAnalysis_ppref_2024-09-10_1899.root
hadd Source file 217: /eos/cms/store/group/phys_heavyions/jvelazqu/energycorr/eecAnalysis_ppref_2024-09-10/eecOOHistograms/crab_eecAnalysis_ppref_2024-09-10/260910_041527/0004/eecAnalysis_ppref_2024-09-10_4069.root
hadd Source file 179: /eos/cms/store/group/phys_heavyions/jvelazqu/energycorr/eecAnalysis_ppref_2024-09-10/eecOOHistograms/crab_eecAnalysis_ppref_2024-09-10/260910_041527/0003/eecAnalysis_ppref_2024-09-10_3603.root
hadd Source file 218: /eos/cms/store/group/phys_heavyions/jvelazqu/energycorr/eecAnalysis_ppref_2024-09-10/eecOOHistograms/crab_eecAnalysis_ppref_2024-09-10/260910_041527/0004/eecAnalysis_ppref_2024-09-10_4070.root
hadd Source file 190: /eos/cms/store/group/phys_heavyions/jvelazqu/energycorr/eecAnalysis_ppref_2024-09-10/eecOOHistograms/crab_eecAnalysis_ppref_2024-09-10/260910_041527/0000/eecAnalysis_ppref_2024-09-10_618.root
hadd Source file 208: /eos/cms/store/group/phys_heavyions/jvelazqu/energycorr/eecAnalysis_ppref_2024-09-10/eecOOHistograms/crab_eecAnalysis_ppref_2024-09-10/260910_041527/0001/eecAnalysis_ppref_2024-09-10_1064.root
hadd Source file 188: /eos/cms/store/group/phys_heavyions/jvelazqu/energycorr/eecAnalysis_ppref_2024-09-10/eecOOHistograms/crab_eecAnalysis_ppref_2024-09-10/260910_041527/0001/eecAnalysis_ppref_2024-09-10_1900.root
hadd Source file 195: /eos/cms/store/group/phys_heavyions/jvelazqu/energycorr/eecAnalysis_ppref_2024-09-10/eecOOHistograms/crab_eecAnalysis_ppref_2024-09-10/260910_041527/0003/eecAnalysis_ppref_2024-09-10_3191.root
hadd Source file 180: /eos/cms/store/group/phys_heavyions/jvelazqu/energycorr/eecAnalysis_ppref_2024-09-10/eecOOHistograms/crab_eecAnalysis_ppref_2024-09-10/260910_041527/0003/eecAnalysis_ppref_2024-09-10_3604.root
hadd Source file 209: /eos/cms/store/group/phys_heavyions/jvelazqu/energycorr/eecAnalysis_ppref_2024-09-10/eecOOHistograms/crab_eecAnalysis_ppref_2024-09-10/260910_041527/0001/eecAnalysis_ppref_2024-09-10_1065.root
hadd Source file 191: /eos/cms/store/group/phys_heavyions/jvelazqu/energycorr/eecAnalysis_ppref_2024-09-10/eecOOHistograms/crab_eecAnalysis_ppref_2024-09-10/260910_041527/0000/eecAnalysis_ppref_2024-09-10_619.root
hadd Source file 219: /eos/cms/store/group/phys_heavyions/jvelazqu/energycorr/eecAnalysis_ppref_2024-09-10/eecOOHistograms/crab_eecAnalysis_ppref_2024-09-10/260910_041527/0004/eecAnalysis_ppref_2024-09-10_4071.root
hadd Source file 189: /eos/cms/store/group/phys_heavyions/jvelazqu/energycorr/eecAnalysis_ppref_2024-09-10/eecOOHistograms/crab_eecAnalysis_ppref_2024-09-10/260910_041527/0001/eecAnalysis_ppref_2024-09-10_1901.root
hadd Source file 196: /eos/cms/store/group/phys_heavyions/jvelazqu/energycorr/eecAnalysis_ppref_2024-09-10/eecOOHistograms/crab_eecAnalysis_ppref_2024-09-10/260910_041527/0003/eecAnalysis_ppref_2024-09-10_3192.root
hadd Source file 192: /eos/cms/store/group/phys_heavyions/jvelazqu/energycorr/eecAnalysis_ppref_2024-09-10/eecOOHistograms/crab_eecAnalysis_ppref_2024-09-10/260910_041527/0000/eecAnalysis_ppref_2024-09-10_620.root
hadd Source file 210: /eos/cms/store/group/phys_heavyions/jvelazqu/energycorr/eecAnalysis_ppref_2024-09-10/eecOOHistograms/crab_eecAnalysis_ppref_2024-09-10/260910_041527/0001/eecAnalysis_ppref_2024-09-10_1066.root
hadd Source file 197: /eos/cms/store/group/phys_heavyions/jvelazqu/energycorr/eecAnalysis_ppref_2024-09-10/eecOOHistograms/crab_eecAnalysis_ppref_2024-09-10/260910_041527/0003/eecAnalysis_ppref_2024-09-10_3193.root
hadd Source file 220: /eos/cms/store/group/phys_heavyions/jvelazqu/energycorr/eecAnalysis_ppref_2024-09-10/eecOOHistograms/crab_eecAnalysis_ppref_2024-09-10/260910_041527/0004/eecAnalysis_ppref_2024-09-10_4072.root
hadd Source file 185: /eos/cms/store/group/phys_heavyions/jvelazqu/energycorr/eecAnalysis_ppref_2024-09-10/eecOOHistograms/crab_eecAnalysis_ppref_2024-09-10/260910_041527/0000/eecAnalysis_ppref_2024-09-10_185.root
hadd Source file 181: /eos/cms/store/group/phys_heavyions/jvelazqu/energycorr/eecAnalysis_ppref_2024-09-10/eecOOHistograms/crab_eecAnalysis_ppref_2024-09-10/260910_041527/0003/eecAnalysis_ppref_2024-09-10_3605.root
hadd Source file 190: /eos/cms/store/group/phys_heavyions/jvelazqu/energycorr/eecAnalysis_ppref_2024-09-10/eecOOHistograms/crab_eecAnalysis_ppref_2024-09-10/260910_041527/0001/eecAnalysis_ppref_2024-09-10_1902.root
hadd Source file 172: /eos/cms/store/group/phys_heavyions/jvelazqu/energycorr/eecAnalysis_ppref_2024-09-10/eecOOHistograms/crab_eecAnalysis_ppref_2024-09-10/260910_041527/0002/eecAnalysis_ppref_2024-09-10_2740.root
hadd Source file 198: /eos/cms/store/group/phys_heavyions/jvelazqu/energycorr/eecAnalysis_ppref_2024-09-10/eecOOHistograms/crab_eecAnalysis_ppref_2024-09-10/260910_041527/0003/eecAnalysis_ppref_2024-09-10_3194.root
hadd Source file 221: /eos/cms/store/group/phys_heavyions/jvelazqu/energycorr/eecAnalysis_ppref_2024-09-10/eecOOHistograms/crab_eecAnalysis_ppref_2024-09-10/260910_041527/0004/eecAnalysis_ppref_2024-09-10_4073.root
hadd Source file 193: /eos/cms/store/group/phys_heavyions/jvelazqu/energycorr/eecAnalysis_ppref_2024-09-10/eecOOHistograms/crab_eecAnalysis_ppref_2024-09-10/260910_041527/0000/eecAnalysis_ppref_2024-09-10_621.root
hadd Source file 191: /eos/cms/store/group/phys_heavyions/jvelazqu/energycorr/eecAnalysis_ppref_2024-09-10/eecOOHistograms/crab_eecAnalysis_ppref_2024-09-10/260910_041527/0002/eecAnalysis_ppref_2024-09-10_2331.root
hadd Source file 186: /eos/cms/store/group/phys_heavyions/jvelazqu/energycorr/eecAnalysis_ppref_2024-09-10/eecOOHistograms/crab_eecAnalysis_ppref_2024-09-10/260910_041527/0000/eecAnalysis_ppref_2024-09-10_186.root
hadd Source file 182: /eos/cms/store/group/phys_heavyions/jvelazqu/energycorr/eecAnalysis_ppref_2024-09-10/eecOOHistograms/crab_eecAnalysis_ppref_2024-09-10/260910_041527/0003/eecAnalysis_ppref_2024-09-10_3606.root
hadd Source file 173: /eos/cms/store/group/phys_heavyions/jvelazqu/energycorr/eecAnalysis_ppref_2024-09-10/eecOOHistograms/crab_eecAnalysis_ppref_2024-09-10/260910_041527/0002/eecAnalysis_ppref_2024-09-10_2741.root
hadd Source file 211: /eos/cms/store/group/phys_heavyions/jvelazqu/energycorr/eecAnalysis_ppref_2024-09-10/eecOOHistograms/crab_eecAnalysis_ppref_2024-09-10/260910_041527/0001/eecAnalysis_ppref_2024-09-10_1067.root
hadd Source file 191: /eos/cms/store/group/phys_heavyions/jvelazqu/energycorr/eecAnalysis_ppref_2024-09-10/eecOOHistograms/crab_eecAnalysis_ppref_2024-09-10/260910_041527/0001/eecAnalysis_ppref_2024-09-10_1903.root
hadd Source file 199: /eos/cms/store/group/phys_heavyions/jvelazqu/energycorr/eecAnalysis_ppref_2024-09-10/eecOOHistograms/crab_eecAnalysis_ppref_2024-09-10/260910_041527/0003/eecAnalysis_ppref_2024-09-10_3195.root
hadd Source file 192: /eos/cms/store/group/phys_heavyions/jvelazqu/energycorr/eecAnalysis_ppref_2024-09-10/eecOOHistograms/crab_eecAnalysis_ppref_2024-09-10/260910_041527/0002/eecAnalysis_ppref_2024-09-10_2332.root
hadd Source file 222: /eos/cms/store/group/phys_heavyions/jvelazqu/energycorr/eecAnalysis_ppref_2024-09-10/eecOOHistograms/crab_eecAnalysis_ppref_2024-09-10/260910_041527/0004/eecAnalysis_ppref_2024-09-10_4074.root
hadd Source file 174: /eos/cms/store/group/phys_heavyions/jvelazqu/energycorr/eecAnalysis_ppref_2024-09-10/eecOOHistograms/crab_eecAnalysis_ppref_2024-09-10/260910_041527/0002/eecAnalysis_ppref_2024-09-10_2742.root
hadd Source file 193: /eos/cms/store/group/phys_heavyions/jvelazqu/energycorr/eecAnalysis_ppref_2024-09-10/eecOOHistograms/crab_eecAnalysis_ppref_2024-09-10/260910_041527/0002/eecAnalysis_ppref_2024-09-10_2333.root
hadd Source file 192: /eos/cms/store/group/phys_heavyions/jvelazqu/energycorr/eecAnalysis_ppref_2024-09-10/eecOOHistograms/crab_eecAnalysis_ppref_2024-09-10/260910_041527/0001/eecAnalysis_ppref_2024-09-10_1904.root
hadd Source file 212: /eos/cms/store/group/phys_heavyions/jvelazqu/energycorr/eecAnalysis_ppref_2024-09-10/eecOOHistograms/crab_eecAnalysis_ppref_2024-09-10/260910_041527/0001/eecAnalysis_ppref_2024-09-10_1068.root
hadd Source file 175: /eos/cms/store/group/phys_heavyions/jvelazqu/energycorr/eecAnalysis_ppref_2024-09-10/eecOOHistograms/crab_eecAnalysis_ppref_2024-09-10/260910_041527/0002/eecAnalysis_ppref_2024-09-10_2743.root
hadd Source file 193: /eos/cms/store/group/phys_heavyions/jvelazqu/energycorr/eecAnalysis_ppref_2024-09-10/eecOOHistograms/crab_eecAnalysis_ppref_2024-09-10/260910_041527/0001/eecAnalysis_ppref_2024-09-10_1905.root
hadd Source file 176: /eos/cms/store/group/phys_heavyions/jvelazqu/energycorr/eecAnalysis_ppref_2024-09-10/eecOOHistograms/crab_eecAnalysis_ppref_2024-09-10/260910_041527/0002/eecAnalysis_ppref_2024-09-10_2744.root
hadd Source file 194: /eos/cms/store/group/phys_heavyions/jvelazqu/energycorr/eecAnalysis_ppref_2024-09-10/eecOOHistograms/crab_eecAnalysis_ppref_2024-09-10/260910_041527/0001/eecAnalysis_ppref_2024-09-10_1906.root
hadd Source file 194: /eos/cms/store/group/phys_heavyions/jvelazqu/energycorr/eecAnalysis_ppref_2024-09-10/eecOOHistograms/crab_eecAnalysis_ppref_2024-09-10/260910_041527/0000/eecAnalysis_ppref_2024-09-10_622.root
hadd Source file 177: /eos/cms/store/group/phys_heavyions/jvelazqu/energycorr/eecAnalysis_ppref_2024-09-10/eecOOHistograms/crab_eecAnalysis_ppref_2024-09-10/260910_041527/0002/eecAnalysis_ppref_2024-09-10_2745.root
hadd Source file 187: /eos/cms/store/group/phys_heavyions/jvelazqu/energycorr/eecAnalysis_ppref_2024-09-10/eecOOHistograms/crab_eecAnalysis_ppref_2024-09-10/260910_041527/0000/eecAnalysis_ppref_2024-09-10_187.root
hadd Source file 195: /eos/cms/store/group/phys_heavyions/jvelazqu/energycorr/eecAnalysis_ppref_2024-09-10/eecOOHistograms/crab_eecAnalysis_ppref_2024-09-10/260910_041527/0000/eecAnalysis_ppref_2024-09-10_623.root
hadd Source file 178: /eos/cms/store/group/phys_heavyions/jvelazqu/energycorr/eecAnalysis_ppref_2024-09-10/eecOOHistograms/crab_eecAnalysis_ppref_2024-09-10/260910_041527/0002/eecAnalysis_ppref_2024-09-10_2746.root
hadd Source file 195: /eos/cms/store/group/phys_heavyions/jvelazqu/energycorr/eecAnalysis_ppref_2024-09-10/eecOOHistograms/crab_eecAnalysis_ppref_2024-09-10/260910_041527/0001/eecAnalysis_ppref_2024-09-10_1907.root
hadd Source file 196: /eos/cms/store/group/phys_heavyions/jvelazqu/energycorr/eecAnalysis_ppref_2024-09-10/eecOOHistograms/crab_eecAnalysis_ppref_2024-09-10/260910_041527/0001/eecAnalysis_ppref_2024-09-10_1908.root
hadd Source file 179: /eos/cms/store/group/phys_heavyions/jvelazqu/energycorr/eecAnalysis_ppref_2024-09-10/eecOOHistograms/crab_eecAnalysis_ppref_2024-09-10/260910_041527/0002/eecAnalysis_ppref_2024-09-10_2747.root
hadd Source file 183: /eos/cms/store/group/phys_heavyions/jvelazqu/energycorr/eecAnalysis_ppref_2024-09-10/eecOOHistograms/crab_eecAnalysis_ppref_2024-09-10/260910_041527/0003/eecAnalysis_ppref_2024-09-10_3607.root
hadd Source file 197: /eos/cms/store/group/phys_heavyions/jvelazqu/energycorr/eecAnalysis_ppref_2024-09-10/eecOOHistograms/crab_eecAnalysis_ppref_2024-09-10/260910_041527/0001/eecAnalysis_ppref_2024-09-10_1909.root
hadd Source file 188: /eos/cms/store/group/phys_heavyions/jvelazqu/energycorr/eecAnalysis_ppref_2024-09-10/eecOOHistograms/crab_eecAnalysis_ppref_2024-09-10/260910_041527/0000/eecAnalysis_ppref_2024-09-10_188.root
hadd Source file 194: /eos/cms/store/group/phys_heavyions/jvelazqu/energycorr/eecAnalysis_ppref_2024-09-10/eecOOHistograms/crab_eecAnalysis_ppref_2024-09-10/260910_041527/0002/eecAnalysis_ppref_2024-09-10_2334.root
hadd Source file 200: /eos/cms/store/group/phys_heavyions/jvelazqu/energycorr/eecAnalysis_ppref_2024-09-10/eecOOHistograms/crab_eecAnalysis_ppref_2024-09-10/260910_041527/0003/eecAnalysis_ppref_2024-09-10_3196.root
hadd Source file 213: /eos/cms/store/group/phys_heavyions/jvelazqu/energycorr/eecAnalysis_ppref_2024-09-10/eecOOHistograms/crab_eecAnalysis_ppref_2024-09-10/260910_041527/0001/eecAnalysis_ppref_2024-09-10_1069.root
hadd Source file 184: /eos/cms/store/group/phys_heavyions/jvelazqu/energycorr/eecAnalysis_ppref_2024-09-10/eecOOHistograms/crab_eecAnalysis_ppref_2024-09-10/260910_041527/0003/eecAnalysis_ppref_2024-09-10_3608.root
hadd Source file 199: /eos/cms/store/group/phys_heavyions/jvelazqu/energycorr/eecAnalysis_ppref_2024-09-10/eecOOHistograms/crab_eecAnalysis_ppref_2024-09-10/260910_041527/0001/eecAnalysis_ppref_2024-09-10_1483.root
hadd Source file 214: /eos/cms/store/group/phys_heavyions/jvelazqu/energycorr/eecAnalysis_ppref_2024-09-10/eecOOHistograms/crab_eecAnalysis_ppref_2024-09-10/260910_041527/0001/eecAnalysis_ppref_2024-09-10_1070.root
hadd Source file 189: /eos/cms/store/group/phys_heavyions/jvelazqu/energycorr/eecAnalysis_ppref_2024-09-10/eecOOHistograms/crab_eecAnalysis_ppref_2024-09-10/260910_041527/0000/eecAnalysis_ppref_2024-09-10_189.root
hadd Source file 201: /eos/cms/store/group/phys_heavyions/jvelazqu/energycorr/eecAnalysis_ppref_2024-09-10/eecOOHistograms/crab_eecAnalysis_ppref_2024-09-10/260910_041527/0003/eecAnalysis_ppref_2024-09-10_3197.root
hadd Source file 195: /eos/cms/store/group/phys_heavyions/jvelazqu/energycorr/eecAnalysis_ppref_2024-09-10/eecOOHistograms/crab_eecAnalysis_ppref_2024-09-10/260910_041527/0002/eecAnalysis_ppref_2024-09-10_2335.root
hadd Source file 202: /eos/cms/store/group/phys_heavyions/jvelazqu/energycorr/eecAnalysis_ppref_2024-09-10/eecOOHistograms/crab_eecAnalysis_ppref_2024-09-10/260910_041527/0003/eecAnalysis_ppref_2024-09-10_3198.root
hadd Source file 190: /eos/cms/store/group/phys_heavyions/jvelazqu/energycorr/eecAnalysis_ppref_2024-09-10/eecOOHistograms/crab_eecAnalysis_ppref_2024-09-10/260910_041527/0000/eecAnalysis_ppref_2024-09-10_190.root
hadd Source file 215: /eos/cms/store/group/phys_heavyions/jvelazqu/energycorr/eecAnalysis_ppref_2024-09-10/eecOOHistograms/crab_eecAnalysis_ppref_2024-09-10/260910_041527/0001/eecAnalysis_ppref_2024-09-10_1071.root
hadd Source file 196: /eos/cms/store/group/phys_heavyions/jvelazqu/energycorr/eecAnalysis_ppref_2024-09-10/eecOOHistograms/crab_eecAnalysis_ppref_2024-09-10/260910_041527/0002/eecAnalysis_ppref_2024-09-10_2336.root
hadd Source file 196: /eos/cms/store/group/phys_heavyions/jvelazqu/energycorr/eecAnalysis_ppref_2024-09-10/eecOOHistograms/crab_eecAnalysis_ppref_2024-09-10/260910_041527/0000/eecAnalysis_ppref_2024-09-10_624.root
hadd Source file 216: /eos/cms/store/group/phys_heavyions/jvelazqu/energycorr/eecAnalysis_ppref_2024-09-10/eecOOHistograms/crab_eecAnalysis_ppref_2024-09-10/260910_041527/0001/eecAnalysis_ppref_2024-09-10_1072.root
hadd Source file 180: /eos/cms/store/group/phys_heavyions/jvelazqu/energycorr/eecAnalysis_ppref_2024-09-10/eecOOHistograms/crab_eecAnalysis_ppref_2024-09-10/260910_041527/0002/eecAnalysis_ppref_2024-09-10_2748.root
hadd Source file 191: /eos/cms/store/group/phys_heavyions/jvelazqu/energycorr/eecAnalysis_ppref_2024-09-10/eecOOHistograms/crab_eecAnalysis_ppref_2024-09-10/260910_041527/0000/eecAnalysis_ppref_2024-09-10_191.root
hadd Source file 197: /eos/cms/store/group/phys_heavyions/jvelazqu/energycorr/eecAnalysis_ppref_2024-09-10/eecOOHistograms/crab_eecAnalysis_ppref_2024-09-10/260910_041527/0002/eecAnalysis_ppref_2024-09-10_2337.root
hadd Source file 200: /eos/cms/store/group/phys_heavyions/jvelazqu/energycorr/eecAnalysis_ppref_2024-09-10/eecOOHistograms/crab_eecAnalysis_ppref_2024-09-10/260910_041527/0001/eecAnalysis_ppref_2024-09-10_1484.root
hadd Source file 198: /eos/cms/store/group/phys_heavyions/jvelazqu/energycorr/eecAnalysis_ppref_2024-09-10/eecOOHistograms/crab_eecAnalysis_ppref_2024-09-10/260910_041527/0001/eecAnalysis_ppref_2024-09-10_1910.root
hadd Source file 198: /eos/cms/store/group/phys_heavyions/jvelazqu/energycorr/eecAnalysis_ppref_2024-09-10/eecOOHistograms/crab_eecAnalysis_ppref_2024-09-10/260910_041527/0002/eecAnalysis_ppref_2024-09-10_2338.root
hadd Source file 185: /eos/cms/store/group/phys_heavyions/jvelazqu/energycorr/eecAnalysis_ppref_2024-09-10/eecOOHistograms/crab_eecAnalysis_ppref_2024-09-10/260910_041527/0003/eecAnalysis_ppref_2024-09-10_3609.root
hadd Source file 201: /eos/cms/store/group/phys_heavyions/jvelazqu/energycorr/eecAnalysis_ppref_2024-09-10/eecOOHistograms/crab_eecAnalysis_ppref_2024-09-10/260910_041527/0001/eecAnalysis_ppref_2024-09-10_1485.root
hadd Source file 199: /eos/cms/store/group/phys_heavyions/jvelazqu/energycorr/eecAnalysis_ppref_2024-09-10/eecOOHistograms/crab_eecAnalysis_ppref_2024-09-10/260910_041527/0001/eecAnalysis_ppref_2024-09-10_1911.root
hadd Source file 200: /eos/cms/store/group/phys_heavyions/jvelazqu/energycorr/eecAnalysis_ppref_2024-09-10/eecOOHistograms/crab_eecAnalysis_ppref_2024-09-10/260910_041527/0001/eecAnalysis_ppref_2024-09-10_1912.root
hadd Source file 202: /eos/cms/store/group/phys_heavyions/jvelazqu/energycorr/eecAnalysis_ppref_2024-09-10/eecOOHistograms/crab_eecAnalysis_ppref_2024-09-10/260910_041527/0001/eecAnalysis_ppref_2024-09-10_1486.root
hadd Source file 199: /eos/cms/store/group/phys_heavyions/jvelazqu/energycorr/eecAnalysis_ppref_2024-09-10/eecOOHistograms/crab_eecAnalysis_ppref_2024-09-10/260910_041527/0002/eecAnalysis_ppref_2024-09-10_2339.root
hadd Source file 203: /eos/cms/store/group/phys_heavyions/jvelazqu/energycorr/eecAnalysis_ppref_2024-09-10/eecOOHistograms/crab_eecAnalysis_ppref_2024-09-10/260910_041527/0003/eecAnalysis_ppref_2024-09-10_3199.root
hadd Source file 200: /eos/cms/store/group/phys_heavyions/jvelazqu/energycorr/eecAnalysis_ppref_2024-09-10/eecOOHistograms/crab_eecAnalysis_ppref_2024-09-10/260910_041527/0002/eecAnalysis_ppref_2024-09-10_2340.root
hadd Source file 181: /eos/cms/store/group/phys_heavyions/jvelazqu/energycorr/eecAnalysis_ppref_2024-09-10/eecOOHistograms/crab_eecAnalysis_ppref_2024-09-10/260910_041527/0002/eecAnalysis_ppref_2024-09-10_2749.root
hadd Source file 203: /eos/cms/store/group/phys_heavyions/jvelazqu/energycorr/eecAnalysis_ppref_2024-09-10/eecOOHistograms/crab_eecAnalysis_ppref_2024-09-10/260910_041527/0001/eecAnalysis_ppref_2024-09-10_1487.root
hadd Source file 223: /eos/cms/store/group/phys_heavyions/jvelazqu/energycorr/eecAnalysis_ppref_2024-09-10/eecOOHistograms/crab_eecAnalysis_ppref_2024-09-10/260910_041527/0004/eecAnalysis_ppref_2024-09-10_4075.root
hadd Source file 201: /eos/cms/store/group/phys_heavyions/jvelazqu/energycorr/eecAnalysis_ppref_2024-09-10/eecOOHistograms/crab_eecAnalysis_ppref_2024-09-10/260910_041527/0001/eecAnalysis_ppref_2024-09-10_1913.root
hadd Source file 197: /eos/cms/store/group/phys_heavyions/jvelazqu/energycorr/eecAnalysis_ppref_2024-09-10/eecOOHistograms/crab_eecAnalysis_ppref_2024-09-10/260910_041527/0000/eecAnalysis_ppref_2024-09-10_625.root
hadd Source file 192: /eos/cms/store/group/phys_heavyions/jvelazqu/energycorr/eecAnalysis_ppref_2024-09-10/eecOOHistograms/crab_eecAnalysis_ppref_2024-09-10/260910_041527/0000/eecAnalysis_ppref_2024-09-10_192.root
hadd Source file 204: /eos/cms/store/group/phys_heavyions/jvelazqu/energycorr/eecAnalysis_ppref_2024-09-10/eecOOHistograms/crab_eecAnalysis_ppref_2024-09-10/260910_041527/0003/eecAnalysis_ppref_2024-09-10_3200.root
hadd Source file 201: /eos/cms/store/group/phys_heavyions/jvelazqu/energycorr/eecAnalysis_ppref_2024-09-10/eecOOHistograms/crab_eecAnalysis_ppref_2024-09-10/260910_041527/0002/eecAnalysis_ppref_2024-09-10_2341.root
hadd Source file 224: /eos/cms/store/group/phys_heavyions/jvelazqu/energycorr/eecAnalysis_ppref_2024-09-10/eecOOHistograms/crab_eecAnalysis_ppref_2024-09-10/260910_041527/0004/eecAnalysis_ppref_2024-09-10_4076.root
hadd Source file 205: /eos/cms/store/group/phys_heavyions/jvelazqu/energycorr/eecAnalysis_ppref_2024-09-10/eecOOHistograms/crab_eecAnalysis_ppref_2024-09-10/260910_041527/0003/eecAnalysis_ppref_2024-09-10_3201.root
hadd Source file 204: /eos/cms/store/group/phys_heavyions/jvelazqu/energycorr/eecAnalysis_ppref_2024-09-10/eecOOHistograms/crab_eecAnalysis_ppref_2024-09-10/260910_041527/0001/eecAnalysis_ppref_2024-09-10_1488.root
hadd Source file 198: /eos/cms/store/group/phys_heavyions/jvelazqu/energycorr/eecAnalysis_ppref_2024-09-10/eecOOHistograms/crab_eecAnalysis_ppref_2024-09-10/260910_041527/0000/eecAnalysis_ppref_2024-09-10_626.root
hadd Source file 199: /eos/cms/store/group/phys_heavyions/jvelazqu/energycorr/eecAnalysis_ppref_2024-09-10/eecOOHistograms/crab_eecAnalysis_ppref_2024-09-10/260910_041527/0000/eecAnalysis_ppref_2024-09-10_627.root
hadd Source file 225: /eos/cms/store/group/phys_heavyions/jvelazqu/energycorr/eecAnalysis_ppref_2024-09-10/eecOOHistograms/crab_eecAnalysis_ppref_2024-09-10/260910_041527/0004/eecAnalysis_ppref_2024-09-10_4077.root
hadd Source file 205: /eos/cms/store/group/phys_heavyions/jvelazqu/energycorr/eecAnalysis_ppref_2024-09-10/eecOOHistograms/crab_eecAnalysis_ppref_2024-09-10/260910_041527/0001/eecAnalysis_ppref_2024-09-10_1489.root
hadd Source file 206: /eos/cms/store/group/phys_heavyions/jvelazqu/energycorr/eecAnalysis_ppref_2024-09-10/eecOOHistograms/crab_eecAnalysis_ppref_2024-09-10/260910_041527/0003/eecAnalysis_ppref_2024-09-10_3202.root
hadd Source file 200: /eos/cms/store/group/phys_heavyions/jvelazqu/energycorr/eecAnalysis_ppref_2024-09-10/eecOOHistograms/crab_eecAnalysis_ppref_2024-09-10/260910_041527/0000/eecAnalysis_ppref_2024-09-10_628.root
hadd Source file 226: /eos/cms/store/group/phys_heavyions/jvelazqu/energycorr/eecAnalysis_ppref_2024-09-10/eecOOHistograms/crab_eecAnalysis_ppref_2024-09-10/260910_041527/0004/eecAnalysis_ppref_2024-09-10_4078.root
hadd Source file 206: /eos/cms/store/group/phys_heavyions/jvelazqu/energycorr/eecAnalysis_ppref_2024-09-10/eecOOHistograms/crab_eecAnalysis_ppref_2024-09-10/260910_041527/0001/eecAnalysis_ppref_2024-09-10_1490.root
hadd Source file 227: /eos/cms/store/group/phys_heavyions/jvelazqu/energycorr/eecAnalysis_ppref_2024-09-10/eecOOHistograms/crab_eecAnalysis_ppref_2024-09-10/260910_041527/0004/eecAnalysis_ppref_2024-09-10_4079.root
hadd Source file 186: /eos/cms/store/group/phys_heavyions/jvelazqu/energycorr/eecAnalysis_ppref_2024-09-10/eecOOHistograms/crab_eecAnalysis_ppref_2024-09-10/260910_041527/0003/eecAnalysis_ppref_2024-09-10_3610.root
hadd Source file 217: /eos/cms/store/group/phys_heavyions/jvelazqu/energycorr/eecAnalysis_ppref_2024-09-10/eecOOHistograms/crab_eecAnalysis_ppref_2024-09-10/260910_041527/0001/eecAnalysis_ppref_2024-09-10_1073.root
hadd Source file 201: /eos/cms/store/group/phys_heavyions/jvelazqu/energycorr/eecAnalysis_ppref_2024-09-10/eecOOHistograms/crab_eecAnalysis_ppref_2024-09-10/260910_041527/0000/eecAnalysis_ppref_2024-09-10_629.root
hadd Source file 202: /eos/cms/store/group/phys_heavyions/jvelazqu/energycorr/eecAnalysis_ppref_2024-09-10/eecOOHistograms/crab_eecAnalysis_ppref_2024-09-10/260910_041527/0001/eecAnalysis_ppref_2024-09-10_1914.root
hadd Source file 193: /eos/cms/store/group/phys_heavyions/jvelazqu/energycorr/eecAnalysis_ppref_2024-09-10/eecOOHistograms/crab_eecAnalysis_ppref_2024-09-10/260910_041527/0000/eecAnalysis_ppref_2024-09-10_193.root
hadd Source file 202: /eos/cms/store/group/phys_heavyions/jvelazqu/energycorr/eecAnalysis_ppref_2024-09-10/eecOOHistograms/crab_eecAnalysis_ppref_2024-09-10/260910_041527/0002/eecAnalysis_ppref_2024-09-10_2342.root
hadd Source file 218: /eos/cms/store/group/phys_heavyions/jvelazqu/energycorr/eecAnalysis_ppref_2024-09-10/eecOOHistograms/crab_eecAnalysis_ppref_2024-09-10/260910_041527/0001/eecAnalysis_ppref_2024-09-10_1074.root
hadd Source file 228: /eos/cms/store/group/phys_heavyions/jvelazqu/energycorr/eecAnalysis_ppref_2024-09-10/eecOOHistograms/crab_eecAnalysis_ppref_2024-09-10/260910_041527/0004/eecAnalysis_ppref_2024-09-10_4080.root
hadd Source file 187: /eos/cms/store/group/phys_heavyions/jvelazqu/energycorr/eecAnalysis_ppref_2024-09-10/eecOOHistograms/crab_eecAnalysis_ppref_2024-09-10/260910_041527/0003/eecAnalysis_ppref_2024-09-10_3611.root
hadd Source file 203: /eos/cms/store/group/phys_heavyions/jvelazqu/energycorr/eecAnalysis_ppref_2024-09-10/eecOOHistograms/crab_eecAnalysis_ppref_2024-09-10/260910_041527/0001/eecAnalysis_ppref_2024-09-10_1915.root
hadd Source file 207: /eos/cms/store/group/phys_heavyions/jvelazqu/energycorr/eecAnalysis_ppref_2024-09-10/eecOOHistograms/crab_eecAnalysis_ppref_2024-09-10/260910_041527/0003/eecAnalysis_ppref_2024-09-10_3203.root
hadd Source file 203: /eos/cms/store/group/phys_heavyions/jvelazqu/energycorr/eecAnalysis_ppref_2024-09-10/eecOOHistograms/crab_eecAnalysis_ppref_2024-09-10/260910_041527/0002/eecAnalysis_ppref_2024-09-10_2343.root
hadd Source file 182: /eos/cms/store/group/phys_heavyions/jvelazqu/energycorr/eecAnalysis_ppref_2024-09-10/eecOOHistograms/crab_eecAnalysis_ppref_2024-09-10/260910_041527/0002/eecAnalysis_ppref_2024-09-10_2750.root
hadd Source file 229: /eos/cms/store/group/phys_heavyions/jvelazqu/energycorr/eecAnalysis_ppref_2024-09-10/eecOOHistograms/crab_eecAnalysis_ppref_2024-09-10/260910_041527/0004/eecAnalysis_ppref_2024-09-10_4081.root
hadd Source file 219: /eos/cms/store/group/phys_heavyions/jvelazqu/energycorr/eecAnalysis_ppref_2024-09-10/eecOOHistograms/crab_eecAnalysis_ppref_2024-09-10/260910_041527/0001/eecAnalysis_ppref_2024-09-10_1075.root
hadd Source file 204: /eos/cms/store/group/phys_heavyions/jvelazqu/energycorr/eecAnalysis_ppref_2024-09-10/eecOOHistograms/crab_eecAnalysis_ppref_2024-09-10/260910_041527/0002/eecAnalysis_ppref_2024-09-10_2344.root
hadd Source file 204: /eos/cms/store/group/phys_heavyions/jvelazqu/energycorr/eecAnalysis_ppref_2024-09-10/eecOOHistograms/crab_eecAnalysis_ppref_2024-09-10/260910_041527/0001/eecAnalysis_ppref_2024-09-10_1916.root
hadd Source file 205: /eos/cms/store/group/phys_heavyions/jvelazqu/energycorr/eecAnalysis_ppref_2024-09-10/eecOOHistograms/crab_eecAnalysis_ppref_2024-09-10/260910_041527/0002/eecAnalysis_ppref_2024-09-10_2345.root
hadd Source file 188: /eos/cms/store/group/phys_heavyions/jvelazqu/energycorr/eecAnalysis_ppref_2024-09-10/eecOOHistograms/crab_eecAnalysis_ppref_2024-09-10/260910_041527/0003/eecAnalysis_ppref_2024-09-10_3612.root
hadd Source file 230: /eos/cms/store/group/phys_heavyions/jvelazqu/energycorr/eecAnalysis_ppref_2024-09-10/eecOOHistograms/crab_eecAnalysis_ppref_2024-09-10/260910_041527/0004/eecAnalysis_ppref_2024-09-10_4082.root
hadd Source file 183: /eos/cms/store/group/phys_heavyions/jvelazqu/energycorr/eecAnalysis_ppref_2024-09-10/eecOOHistograms/crab_eecAnalysis_ppref_2024-09-10/260910_041527/0002/eecAnalysis_ppref_2024-09-10_2751.root
hadd Source file 220: /eos/cms/store/group/phys_heavyions/jvelazqu/energycorr/eecAnalysis_ppref_2024-09-10/eecOOHistograms/crab_eecAnalysis_ppref_2024-09-10/260910_041527/0001/eecAnalysis_ppref_2024-09-10_1076.root
hadd Source file 189: /eos/cms/store/group/phys_heavyions/jvelazqu/energycorr/eecAnalysis_ppref_2024-09-10/eecOOHistograms/crab_eecAnalysis_ppref_2024-09-10/260910_041527/0003/eecAnalysis_ppref_2024-09-10_3613.root
hadd Source file 207: /eos/cms/store/group/phys_heavyions/jvelazqu/energycorr/eecAnalysis_ppref_2024-09-10/eecOOHistograms/crab_eecAnalysis_ppref_2024-09-10/260910_041527/0001/eecAnalysis_ppref_2024-09-10_1491.root
hadd Source file 206: /eos/cms/store/group/phys_heavyions/jvelazqu/energycorr/eecAnalysis_ppref_2024-09-10/eecOOHistograms/crab_eecAnalysis_ppref_2024-09-10/260910_041527/0002/eecAnalysis_ppref_2024-09-10_2346.root
hadd Source file 231: /eos/cms/store/group/phys_heavyions/jvelazqu/energycorr/eecAnalysis_ppref_2024-09-10/eecOOHistograms/crab_eecAnalysis_ppref_2024-09-10/260910_041527/0004/eecAnalysis_ppref_2024-09-10_4083.root
hadd Source file 208: /eos/cms/store/group/phys_heavyions/jvelazqu/energycorr/eecAnalysis_ppref_2024-09-10/eecOOHistograms/crab_eecAnalysis_ppref_2024-09-10/260910_041527/0003/eecAnalysis_ppref_2024-09-10_3204.root
hadd Source file 202: /eos/cms/store/group/phys_heavyions/jvelazqu/energycorr/eecAnalysis_ppref_2024-09-10/eecOOHistograms/crab_eecAnalysis_ppref_2024-09-10/260910_041527/0000/eecAnalysis_ppref_2024-09-10_630.root
hadd Source file 221: /eos/cms/store/group/phys_heavyions/jvelazqu/energycorr/eecAnalysis_ppref_2024-09-10/eecOOHistograms/crab_eecAnalysis_ppref_2024-09-10/260910_041527/0001/eecAnalysis_ppref_2024-09-10_1077.root
hadd Source file 190: /eos/cms/store/group/phys_heavyions/jvelazqu/energycorr/eecAnalysis_ppref_2024-09-10/eecOOHistograms/crab_eecAnalysis_ppref_2024-09-10/260910_041527/0003/eecAnalysis_ppref_2024-09-10_3614.root
hadd Source file 194: /eos/cms/store/group/phys_heavyions/jvelazqu/energycorr/eecAnalysis_ppref_2024-09-10/eecOOHistograms/crab_eecAnalysis_ppref_2024-09-10/260910_041527/0000/eecAnalysis_ppref_2024-09-10_194.root
hadd Source file 184: /eos/cms/store/group/phys_heavyions/jvelazqu/energycorr/eecAnalysis_ppref_2024-09-10/eecOOHistograms/crab_eecAnalysis_ppref_2024-09-10/260910_041527/0002/eecAnalysis_ppref_2024-09-10_2752.root
hadd Source file 208: /eos/cms/store/group/phys_heavyions/jvelazqu/energycorr/eecAnalysis_ppref_2024-09-10/eecOOHistograms/crab_eecAnalysis_ppref_2024-09-10/260910_041527/0001/eecAnalysis_ppref_2024-09-10_1492.root
hadd Source file 209: /eos/cms/store/group/phys_heavyions/jvelazqu/energycorr/eecAnalysis_ppref_2024-09-10/eecOOHistograms/crab_eecAnalysis_ppref_2024-09-10/260910_041527/0003/eecAnalysis_ppref_2024-09-10_3205.root
hadd Source file 207: /eos/cms/store/group/phys_heavyions/jvelazqu/energycorr/eecAnalysis_ppref_2024-09-10/eecOOHistograms/crab_eecAnalysis_ppref_2024-09-10/260910_041527/0002/eecAnalysis_ppref_2024-09-10_2347.root
hadd Source file 191: /eos/cms/store/group/phys_heavyions/jvelazqu/energycorr/eecAnalysis_ppref_2024-09-10/eecOOHistograms/crab_eecAnalysis_ppref_2024-09-10/260910_041527/0003/eecAnalysis_ppref_2024-09-10_3615.root
hadd Source file 203: /eos/cms/store/group/phys_heavyions/jvelazqu/energycorr/eecAnalysis_ppref_2024-09-10/eecOOHistograms/crab_eecAnalysis_ppref_2024-09-10/260910_041527/0000/eecAnalysis_ppref_2024-09-10_631.root
hadd Source file 195: /eos/cms/store/group/phys_heavyions/jvelazqu/energycorr/eecAnalysis_ppref_2024-09-10/eecOOHistograms/crab_eecAnalysis_ppref_2024-09-10/260910_041527/0000/eecAnalysis_ppref_2024-09-10_195.root
hadd Source file 222: /eos/cms/store/group/phys_heavyions/jvelazqu/energycorr/eecAnalysis_ppref_2024-09-10/eecOOHistograms/crab_eecAnalysis_ppref_2024-09-10/260910_041527/0001/eecAnalysis_ppref_2024-09-10_1078.root
hadd Source file 185: /eos/cms/store/group/phys_heavyions/jvelazqu/energycorr/eecAnalysis_ppref_2024-09-10/eecOOHistograms/crab_eecAnalysis_ppref_2024-09-10/260910_041527/0002/eecAnalysis_ppref_2024-09-10_2753.root
hadd Source file 210: /eos/cms/store/group/phys_heavyions/jvelazqu/energycorr/eecAnalysis_ppref_2024-09-10/eecOOHistograms/crab_eecAnalysis_ppref_2024-09-10/260910_041527/0003/eecAnalysis_ppref_2024-09-10_3206.root
hadd Source file 209: /eos/cms/store/group/phys_heavyions/jvelazqu/energycorr/eecAnalysis_ppref_2024-09-10/eecOOHistograms/crab_eecAnalysis_ppref_2024-09-10/260910_041527/0001/eecAnalysis_ppref_2024-09-10_1493.root
hadd Source file 223: /eos/cms/store/group/phys_heavyions/jvelazqu/energycorr/eecAnalysis_ppref_2024-09-10/eecOOHistograms/crab_eecAnalysis_ppref_2024-09-10/260910_041527/0001/eecAnalysis_ppref_2024-09-10_1079.root
hadd Source file 204: /eos/cms/store/group/phys_heavyions/jvelazqu/energycorr/eecAnalysis_ppref_2024-09-10/eecOOHistograms/crab_eecAnalysis_ppref_2024-09-10/260910_041527/0000/eecAnalysis_ppref_2024-09-10_632.root
hadd Source file 208: /eos/cms/store/group/phys_heavyions/jvelazqu/energycorr/eecAnalysis_ppref_2024-09-10/eecOOHistograms/crab_eecAnalysis_ppref_2024-09-10/260910_041527/0002/eecAnalysis_ppref_2024-09-10_2348.root
hadd Source file 205: /eos/cms/store/group/phys_heavyions/jvelazqu/energycorr/eecAnalysis_ppref_2024-09-10/eecOOHistograms/crab_eecAnalysis_ppref_2024-09-10/260910_041527/0001/eecAnalysis_ppref_2024-09-10_1917.root
hadd Source file 192: /eos/cms/store/group/phys_heavyions/jvelazqu/energycorr/eecAnalysis_ppref_2024-09-10/eecOOHistograms/crab_eecAnalysis_ppref_2024-09-10/260910_041527/0003/eecAnalysis_ppref_2024-09-10_3616.root
hadd Source file 186: /eos/cms/store/group/phys_heavyions/jvelazqu/energycorr/eecAnalysis_ppref_2024-09-10/eecOOHistograms/crab_eecAnalysis_ppref_2024-09-10/260910_041527/0002/eecAnalysis_ppref_2024-09-10_2754.root
hadd Source file 224: /eos/cms/store/group/phys_heavyions/jvelazqu/energycorr/eecAnalysis_ppref_2024-09-10/eecOOHistograms/crab_eecAnalysis_ppref_2024-09-10/260910_041527/0001/eecAnalysis_ppref_2024-09-10_1080.root
hadd Source file 193: /eos/cms/store/group/phys_heavyions/jvelazqu/energycorr/eecAnalysis_ppref_2024-09-10/eecOOHistograms/crab_eecAnalysis_ppref_2024-09-10/260910_041527/0003/eecAnalysis_ppref_2024-09-10_3617.root
hadd Source file 209: /eos/cms/store/group/phys_heavyions/jvelazqu/energycorr/eecAnalysis_ppref_2024-09-10/eecOOHistograms/crab_eecAnalysis_ppref_2024-09-10/260910_041527/0002/eecAnalysis_ppref_2024-09-10_2349.root
hadd Source file 205: /eos/cms/store/group/phys_heavyions/jvelazqu/energycorr/eecAnalysis_ppref_2024-09-10/eecOOHistograms/crab_eecAnalysis_ppref_2024-09-10/260910_041527/0000/eecAnalysis_ppref_2024-09-10_633.root
hadd Source file 225: /eos/cms/store/group/phys_heavyions/jvelazqu/energycorr/eecAnalysis_ppref_2024-09-10/eecOOHistograms/crab_eecAnalysis_ppref_2024-09-10/260910_041527/0001/eecAnalysis_ppref_2024-09-10_1081.root
hadd Source file 210: /eos/cms/store/group/phys_heavyions/jvelazqu/energycorr/eecAnalysis_ppref_2024-09-10/eecOOHistograms/crab_eecAnalysis_ppref_2024-09-10/260910_041527/0002/eecAnalysis_ppref_2024-09-10_2350.root
hadd Source file 232: /eos/cms/store/group/phys_heavyions/jvelazqu/energycorr/eecAnalysis_ppref_2024-09-10/eecOOHistograms/crab_eecAnalysis_ppref_2024-09-10/260910_041527/0004/eecAnalysis_ppref_2024-09-10_4084.root
hadd Source file 206: /eos/cms/store/group/phys_heavyions/jvelazqu/energycorr/eecAnalysis_ppref_2024-09-10/eecOOHistograms/crab_eecAnalysis_ppref_2024-09-10/260910_041527/0001/eecAnalysis_ppref_2024-09-10_1918.root
hadd Source file 206: /eos/cms/store/group/phys_heavyions/jvelazqu/energycorr/eecAnalysis_ppref_2024-09-10/eecOOHistograms/crab_eecAnalysis_ppref_2024-09-10/260910_041527/0000/eecAnalysis_ppref_2024-09-10_634.root
hadd Source file 226: /eos/cms/store/group/phys_heavyions/jvelazqu/energycorr/eecAnalysis_ppref_2024-09-10/eecOOHistograms/crab_eecAnalysis_ppref_2024-09-10/260910_041527/0001/eecAnalysis_ppref_2024-09-10_1082.root
hadd Source file 211: /eos/cms/store/group/phys_heavyions/jvelazqu/energycorr/eecAnalysis_ppref_2024-09-10/eecOOHistograms/crab_eecAnalysis_ppref_2024-09-10/260910_041527/0002/eecAnalysis_ppref_2024-09-10_2351.root
hadd Source file 233: /eos/cms/store/group/phys_heavyions/jvelazqu/energycorr/eecAnalysis_ppref_2024-09-10/eecOOHistograms/crab_eecAnalysis_ppref_2024-09-10/260910_041527/0004/eecAnalysis_ppref_2024-09-10_4085.root
hadd Source file 207: /eos/cms/store/group/phys_heavyions/jvelazqu/energycorr/eecAnalysis_ppref_2024-09-10/eecOOHistograms/crab_eecAnalysis_ppref_2024-09-10/260910_041527/0001/eecAnalysis_ppref_2024-09-10_1919.root
hadd Source file 211: /eos/cms/store/group/phys_heavyions/jvelazqu/energycorr/eecAnalysis_ppref_2024-09-10/eecOOHistograms/crab_eecAnalysis_ppref_2024-09-10/260910_041527/0003/eecAnalysis_ppref_2024-09-10_3207.root
hadd Source file 187: /eos/cms/store/group/phys_heavyions/jvelazqu/energycorr/eecAnalysis_ppref_2024-09-10/eecOOHistograms/crab_eecAnalysis_ppref_2024-09-10/260910_041527/0002/eecAnalysis_ppref_2024-09-10_2755.root
hadd Source file 210: /eos/cms/store/group/phys_heavyions/jvelazqu/energycorr/eecAnalysis_ppref_2024-09-10/eecOOHistograms/crab_eecAnalysis_ppref_2024-09-10/260910_041527/0001/eecAnalysis_ppref_2024-09-10_1494.root
hadd Source file 227: /eos/cms/store/group/phys_heavyions/jvelazqu/energycorr/eecAnalysis_ppref_2024-09-10/eecOOHistograms/crab_eecAnalysis_ppref_2024-09-10/260910_041527/0001/eecAnalysis_ppref_2024-09-10_1083.root
hadd Source file 196: /eos/cms/store/group/phys_heavyions/jvelazqu/energycorr/eecAnalysis_ppref_2024-09-10/eecOOHistograms/crab_eecAnalysis_ppref_2024-09-10/260910_041527/0000/eecAnalysis_ppref_2024-09-10_196.root
hadd Source file 212: /eos/cms/store/group/phys_heavyions/jvelazqu/energycorr/eecAnalysis_ppref_2024-09-10/eecOOHistograms/crab_eecAnalysis_ppref_2024-09-10/260910_041527/0002/eecAnalysis_ppref_2024-09-10_2352.root
hadd Source file 208: /eos/cms/store/group/phys_heavyions/jvelazqu/energycorr/eecAnalysis_ppref_2024-09-10/eecOOHistograms/crab_eecAnalysis_ppref_2024-09-10/260910_041527/0001/eecAnalysis_ppref_2024-09-10_1920.root
hadd Source file 228: /eos/cms/store/group/phys_heavyions/jvelazqu/energycorr/eecAnalysis_ppref_2024-09-10/eecOOHistograms/crab_eecAnalysis_ppref_2024-09-10/260910_041527/0001/eecAnalysis_ppref_2024-09-10_1084.root
hadd Source file 194: /eos/cms/store/group/phys_heavyions/jvelazqu/energycorr/eecAnalysis_ppref_2024-09-10/eecOOHistograms/crab_eecAnalysis_ppref_2024-09-10/260910_041527/0003/eecAnalysis_ppref_2024-09-10_3618.root
hadd Source file 197: /eos/cms/store/group/phys_heavyions/jvelazqu/energycorr/eecAnalysis_ppref_2024-09-10/eecOOHistograms/crab_eecAnalysis_ppref_2024-09-10/260910_041527/0000/eecAnalysis_ppref_2024-09-10_197.root
hadd Source file 188: /eos/cms/store/group/phys_heavyions/jvelazqu/energycorr/eecAnalysis_ppref_2024-09-10/eecOOHistograms/crab_eecAnalysis_ppref_2024-09-10/260910_041527/0002/eecAnalysis_ppref_2024-09-10_2756.root
hadd Source file 211: /eos/cms/store/group/phys_heavyions/jvelazqu/energycorr/eecAnalysis_ppref_2024-09-10/eecOOHistograms/crab_eecAnalysis_ppref_2024-09-10/260910_041527/0001/eecAnalysis_ppref_2024-09-10_1495.root
hadd Source file 212: /eos/cms/store/group/phys_heavyions/jvelazqu/energycorr/eecAnalysis_ppref_2024-09-10/eecOOHistograms/crab_eecAnalysis_ppref_2024-09-10/260910_041527/0003/eecAnalysis_ppref_2024-09-10_3208.root
hadd Source file 213: /eos/cms/store/group/phys_heavyions/jvelazqu/energycorr/eecAnalysis_ppref_2024-09-10/eecOOHistograms/crab_eecAnalysis_ppref_2024-09-10/260910_041527/0002/eecAnalysis_ppref_2024-09-10_2353.root
hadd Source file 209: /eos/cms/store/group/phys_heavyions/jvelazqu/energycorr/eecAnalysis_ppref_2024-09-10/eecOOHistograms/crab_eecAnalysis_ppref_2024-09-10/260910_041527/0001/eecAnalysis_ppref_2024-09-10_1921.root
hadd Source file 195: /eos/cms/store/group/phys_heavyions/jvelazqu/energycorr/eecAnalysis_ppref_2024-09-10/eecOOHistograms/crab_eecAnalysis_ppref_2024-09-10/260910_041527/0003/eecAnalysis_ppref_2024-09-10_3619.root
hadd Source file 213: /eos/cms/store/group/phys_heavyions/jvelazqu/energycorr/eecAnalysis_ppref_2024-09-10/eecOOHistograms/crab_eecAnalysis_ppref_2024-09-10/260910_041527/0003/eecAnalysis_ppref_2024-09-10_3209.root
hadd Source file 212: /eos/cms/store/group/phys_heavyions/jvelazqu/energycorr/eecAnalysis_ppref_2024-09-10/eecOOHistograms/crab_eecAnalysis_ppref_2024-09-10/260910_041527/0001/eecAnalysis_ppref_2024-09-10_1496.root
hadd Source file 196: /eos/cms/store/group/phys_heavyions/jvelazqu/energycorr/eecAnalysis_ppref_2024-09-10/eecOOHistograms/crab_eecAnalysis_ppref_2024-09-10/260910_041527/0003/eecAnalysis_ppref_2024-09-10_3620.root
hadd Source file 189: /eos/cms/store/group/phys_heavyions/jvelazqu/energycorr/eecAnalysis_ppref_2024-09-10/eecOOHistograms/crab_eecAnalysis_ppref_2024-09-10/260910_041527/0002/eecAnalysis_ppref_2024-09-10_2757.root
hadd Source file 214: /eos/cms/store/group/phys_heavyions/jvelazqu/energycorr/eecAnalysis_ppref_2024-09-10/eecOOHistograms/crab_eecAnalysis_ppref_2024-09-10/260910_041527/0002/eecAnalysis_ppref_2024-09-10_2354.root
hadd Source file 207: /eos/cms/store/group/phys_heavyions/jvelazqu/energycorr/eecAnalysis_ppref_2024-09-10/eecOOHistograms/crab_eecAnalysis_ppref_2024-09-10/260910_041527/0000/eecAnalysis_ppref_2024-09-10_635.root
hadd Source file 210: /eos/cms/store/group/phys_heavyions/jvelazqu/energycorr/eecAnalysis_ppref_2024-09-10/eecOOHistograms/crab_eecAnalysis_ppref_2024-09-10/260910_041527/0001/eecAnalysis_ppref_2024-09-10_1922.root
hadd Source file 213: /eos/cms/store/group/phys_heavyions/jvelazqu/energycorr/eecAnalysis_ppref_2024-09-10/eecOOHistograms/crab_eecAnalysis_ppref_2024-09-10/260910_041527/0001/eecAnalysis_ppref_2024-09-10_1497.root
hadd Source file 214: /eos/cms/store/group/phys_heavyions/jvelazqu/energycorr/eecAnalysis_ppref_2024-09-10/eecOOHistograms/crab_eecAnalysis_ppref_2024-09-10/260910_041527/0003/eecAnalysis_ppref_2024-09-10_3210.root
hadd Source file 190: /eos/cms/store/group/phys_heavyions/jvelazqu/energycorr/eecAnalysis_ppref_2024-09-10/eecOOHistograms/crab_eecAnalysis_ppref_2024-09-10/260910_041527/0002/eecAnalysis_ppref_2024-09-10_2758.root
hadd Source file 215: /eos/cms/store/group/phys_heavyions/jvelazqu/energycorr/eecAnalysis_ppref_2024-09-10/eecOOHistograms/crab_eecAnalysis_ppref_2024-09-10/260910_041527/0002/eecAnalysis_ppref_2024-09-10_2355.root
hadd Source file 234: /eos/cms/store/group/phys_heavyions/jvelazqu/energycorr/eecAnalysis_ppref_2024-09-10/eecOOHistograms/crab_eecAnalysis_ppref_2024-09-10/260910_041527/0004/eecAnalysis_ppref_2024-09-10_4086.root
hadd Source file 216: /eos/cms/store/group/phys_heavyions/jvelazqu/energycorr/eecAnalysis_ppref_2024-09-10/eecOOHistograms/crab_eecAnalysis_ppref_2024-09-10/260910_041527/0002/eecAnalysis_ppref_2024-09-10_2356.root
hadd Source file 214: /eos/cms/store/group/phys_heavyions/jvelazqu/energycorr/eecAnalysis_ppref_2024-09-10/eecOOHistograms/crab_eecAnalysis_ppref_2024-09-10/260910_041527/0001/eecAnalysis_ppref_2024-09-10_1498.root
hadd Source file 215: /eos/cms/store/group/phys_heavyions/jvelazqu/energycorr/eecAnalysis_ppref_2024-09-10/eecOOHistograms/crab_eecAnalysis_ppref_2024-09-10/260910_041527/0003/eecAnalysis_ppref_2024-09-10_3211.root
hadd Source file 235: /eos/cms/store/group/phys_heavyions/jvelazqu/energycorr/eecAnalysis_ppref_2024-09-10/eecOOHistograms/crab_eecAnalysis_ppref_2024-09-10/260910_041527/0004/eecAnalysis_ppref_2024-09-10_4087.root
hadd Source file 211: /eos/cms/store/group/phys_heavyions/jvelazqu/energycorr/eecAnalysis_ppref_2024-09-10/eecOOHistograms/crab_eecAnalysis_ppref_2024-09-10/260910_041527/0001/eecAnalysis_ppref_2024-09-10_1923.root
hadd Source file 191: /eos/cms/store/group/phys_heavyions/jvelazqu/energycorr/eecAnalysis_ppref_2024-09-10/eecOOHistograms/crab_eecAnalysis_ppref_2024-09-10/260910_041527/0002/eecAnalysis_ppref_2024-09-10_2759.root
hadd Source file 215: /eos/cms/store/group/phys_heavyions/jvelazqu/energycorr/eecAnalysis_ppref_2024-09-10/eecOOHistograms/crab_eecAnalysis_ppref_2024-09-10/260910_041527/0001/eecAnalysis_ppref_2024-09-10_1499.root
hadd Source file 198: /eos/cms/store/group/phys_heavyions/jvelazqu/energycorr/eecAnalysis_ppref_2024-09-10/eecOOHistograms/crab_eecAnalysis_ppref_2024-09-10/260910_041527/0000/eecAnalysis_ppref_2024-09-10_198.root
hadd Source file 229: /eos/cms/store/group/phys_heavyions/jvelazqu/energycorr/eecAnalysis_ppref_2024-09-10/eecOOHistograms/crab_eecAnalysis_ppref_2024-09-10/260910_041527/0001/eecAnalysis_ppref_2024-09-10_1085.root
hadd Source file 217: /eos/cms/store/group/phys_heavyions/jvelazqu/energycorr/eecAnalysis_ppref_2024-09-10/eecOOHistograms/crab_eecAnalysis_ppref_2024-09-10/260910_041527/0002/eecAnalysis_ppref_2024-09-10_2357.root
hadd Source file 236: /eos/cms/store/group/phys_heavyions/jvelazqu/energycorr/eecAnalysis_ppref_2024-09-10/eecOOHistograms/crab_eecAnalysis_ppref_2024-09-10/260910_041527/0004/eecAnalysis_ppref_2024-09-10_4088.root
hadd Source file 192: /eos/cms/store/group/phys_heavyions/jvelazqu/energycorr/eecAnalysis_ppref_2024-09-10/eecOOHistograms/crab_eecAnalysis_ppref_2024-09-10/260910_041527/0002/eecAnalysis_ppref_2024-09-10_2760.root
hadd Source file 197: /eos/cms/store/group/phys_heavyions/jvelazqu/energycorr/eecAnalysis_ppref_2024-09-10/eecOOHistograms/crab_eecAnalysis_ppref_2024-09-10/260910_041527/0003/eecAnalysis_ppref_2024-09-10_3621.root
hadd Source file 218: /eos/cms/store/group/phys_heavyions/jvelazqu/energycorr/eecAnalysis_ppref_2024-09-10/eecOOHistograms/crab_eecAnalysis_ppref_2024-09-10/260910_041527/0002/eecAnalysis_ppref_2024-09-10_2358.root
hadd Source file 230: /eos/cms/store/group/phys_heavyions/jvelazqu/energycorr/eecAnalysis_ppref_2024-09-10/eecOOHistograms/crab_eecAnalysis_ppref_2024-09-10/260910_041527/0001/eecAnalysis_ppref_2024-09-10_1086.root
hadd Source file 216: /eos/cms/store/group/phys_heavyions/jvelazqu/energycorr/eecAnalysis_ppref_2024-09-10/eecOOHistograms/crab_eecAnalysis_ppref_2024-09-10/260910_041527/0001/eecAnalysis_ppref_2024-09-10_1500.root
hadd Source file 199: /eos/cms/store/group/phys_heavyions/jvelazqu/energycorr/eecAnalysis_ppref_2024-09-10/eecOOHistograms/crab_eecAnalysis_ppref_2024-09-10/260910_041527/0000/eecAnalysis_ppref_2024-09-10_199.root
hadd Source file 208: /eos/cms/store/group/phys_heavyions/jvelazqu/energycorr/eecAnalysis_ppref_2024-09-10/eecOOHistograms/crab_eecAnalysis_ppref_2024-09-10/260910_041527/0000/eecAnalysis_ppref_2024-09-10_636.root
hadd Source file 237: /eos/cms/store/group/phys_heavyions/jvelazqu/energycorr/eecAnalysis_ppref_2024-09-10/eecOOHistograms/crab_eecAnalysis_ppref_2024-09-10/260910_041527/0004/eecAnalysis_ppref_2024-09-10_4089.root
hadd Source file 200: /eos/cms/store/group/phys_heavyions/jvelazqu/energycorr/eecAnalysis_ppref_2024-09-10/eecOOHistograms/crab_eecAnalysis_ppref_2024-09-10/260910_041527/0000/eecAnalysis_ppref_2024-09-10_200.root
hadd Source file 231: /eos/cms/store/group/phys_heavyions/jvelazqu/energycorr/eecAnalysis_ppref_2024-09-10/eecOOHistograms/crab_eecAnalysis_ppref_2024-09-10/260910_041527/0001/eecAnalysis_ppref_2024-09-10_1087.root
hadd Source file 209: /eos/cms/store/group/phys_heavyions/jvelazqu/energycorr/eecAnalysis_ppref_2024-09-10/eecOOHistograms/crab_eecAnalysis_ppref_2024-09-10/260910_041527/0000/eecAnalysis_ppref_2024-09-10_637.root
hadd Source file 217: /eos/cms/store/group/phys_heavyions/jvelazqu/energycorr/eecAnalysis_ppref_2024-09-10/eecOOHistograms/crab_eecAnalysis_ppref_2024-09-10/260910_041527/0001/eecAnalysis_ppref_2024-09-10_1501.root
hadd Source file 219: /eos/cms/store/group/phys_heavyions/jvelazqu/energycorr/eecAnalysis_ppref_2024-09-10/eecOOHistograms/crab_eecAnalysis_ppref_2024-09-10/260910_041527/0002/eecAnalysis_ppref_2024-09-10_2359.root
hadd Source file 238: /eos/cms/store/group/phys_heavyions/jvelazqu/energycorr/eecAnalysis_ppref_2024-09-10/eecOOHistograms/crab_eecAnalysis_ppref_2024-09-10/260910_041527/0004/eecAnalysis_ppref_2024-09-10_4090.root
hadd Source file 201: /eos/cms/store/group/phys_heavyions/jvelazqu/energycorr/eecAnalysis_ppref_2024-09-10/eecOOHistograms/crab_eecAnalysis_ppref_2024-09-10/260910_041527/0000/eecAnalysis_ppref_2024-09-10_201.root
hadd Source file 232: /eos/cms/store/group/phys_heavyions/jvelazqu/energycorr/eecAnalysis_ppref_2024-09-10/eecOOHistograms/crab_eecAnalysis_ppref_2024-09-10/260910_041527/0001/eecAnalysis_ppref_2024-09-10_1088.root
hadd Source file 216: /eos/cms/store/group/phys_heavyions/jvelazqu/energycorr/eecAnalysis_ppref_2024-09-10/eecOOHistograms/crab_eecAnalysis_ppref_2024-09-10/260910_041527/0003/eecAnalysis_ppref_2024-09-10_3212.root
hadd Source file 210: /eos/cms/store/group/phys_heavyions/jvelazqu/energycorr/eecAnalysis_ppref_2024-09-10/eecOOHistograms/crab_eecAnalysis_ppref_2024-09-10/260910_041527/0000/eecAnalysis_ppref_2024-09-10_638.root
hadd Source file 220: /eos/cms/store/group/phys_heavyions/jvelazqu/energycorr/eecAnalysis_ppref_2024-09-10/eecOOHistograms/crab_eecAnalysis_ppref_2024-09-10/260910_041527/0002/eecAnalysis_ppref_2024-09-10_2360.root
hadd Source file 202: /eos/cms/store/group/phys_heavyions/jvelazqu/energycorr/eecAnalysis_ppref_2024-09-10/eecOOHistograms/crab_eecAnalysis_ppref_2024-09-10/260910_041527/0000/eecAnalysis_ppref_2024-09-10_202.root
hadd Source file 239: /eos/cms/store/group/phys_heavyions/jvelazqu/energycorr/eecAnalysis_ppref_2024-09-10/eecOOHistograms/crab_eecAnalysis_ppref_2024-09-10/260910_041527/0004/eecAnalysis_ppref_2024-09-10_4091.root
hadd Source file 217: /eos/cms/store/group/phys_heavyions/jvelazqu/energycorr/eecAnalysis_ppref_2024-09-10/eecOOHistograms/crab_eecAnalysis_ppref_2024-09-10/260910_041527/0003/eecAnalysis_ppref_2024-09-10_3213.root
hadd Source file 211: /eos/cms/store/group/phys_heavyions/jvelazqu/energycorr/eecAnalysis_ppref_2024-09-10/eecOOHistograms/crab_eecAnalysis_ppref_2024-09-10/260910_041527/0000/eecAnalysis_ppref_2024-09-10_639.root
hadd Source file 240: /eos/cms/store/group/phys_heavyions/jvelazqu/energycorr/eecAnalysis_ppref_2024-09-10/eecOOHistograms/crab_eecAnalysis_ppref_2024-09-10/260910_041527/0004/eecAnalysis_ppref_2024-09-10_4092.root
hadd Source file 221: /eos/cms/store/group/phys_heavyions/jvelazqu/energycorr/eecAnalysis_ppref_2024-09-10/eecOOHistograms/crab_eecAnalysis_ppref_2024-09-10/260910_041527/0002/eecAnalysis_ppref_2024-09-10_2361.root
hadd Source file 233: /eos/cms/store/group/phys_heavyions/jvelazqu/energycorr/eecAnalysis_ppref_2024-09-10/eecOOHistograms/crab_eecAnalysis_ppref_2024-09-10/260910_041527/0001/eecAnalysis_ppref_2024-09-10_1089.root
hadd Source file 203: /eos/cms/store/group/phys_heavyions/jvelazqu/energycorr/eecAnalysis_ppref_2024-09-10/eecOOHistograms/crab_eecAnalysis_ppref_2024-09-10/260910_041527/0000/eecAnalysis_ppref_2024-09-10_203.root
hadd Source file 212: /eos/cms/store/group/phys_heavyions/jvelazqu/energycorr/eecAnalysis_ppref_2024-09-10/eecOOHistograms/crab_eecAnalysis_ppref_2024-09-10/260910_041527/0000/eecAnalysis_ppref_2024-09-10_640.root
hadd Source file 198: /eos/cms/store/group/phys_heavyions/jvelazqu/energycorr/eecAnalysis_ppref_2024-09-10/eecOOHistograms/crab_eecAnalysis_ppref_2024-09-10/260910_041527/0003/eecAnalysis_ppref_2024-09-10_3622.root
hadd Source file 218: /eos/cms/store/group/phys_heavyions/jvelazqu/energycorr/eecAnalysis_ppref_2024-09-10/eecOOHistograms/crab_eecAnalysis_ppref_2024-09-10/260910_041527/0003/eecAnalysis_ppref_2024-09-10_3214.root
hadd Source file 222: /eos/cms/store/group/phys_heavyions/jvelazqu/energycorr/eecAnalysis_ppref_2024-09-10/eecOOHistograms/crab_eecAnalysis_ppref_2024-09-10/260910_041527/0002/eecAnalysis_ppref_2024-09-10_2362.root
hadd Source file 204: /eos/cms/store/group/phys_heavyions/jvelazqu/energycorr/eecAnalysis_ppref_2024-09-10/eecOOHistograms/crab_eecAnalysis_ppref_2024-09-10/260910_041527/0000/eecAnalysis_ppref_2024-09-10_204.root
hadd Source file 199: /eos/cms/store/group/phys_heavyions/jvelazqu/energycorr/eecAnalysis_ppref_2024-09-10/eecOOHistograms/crab_eecAnalysis_ppref_2024-09-10/260910_041527/0003/eecAnalysis_ppref_2024-09-10_3623.root
hadd Source file 213: /eos/cms/store/group/phys_heavyions/jvelazqu/energycorr/eecAnalysis_ppref_2024-09-10/eecOOHistograms/crab_eecAnalysis_ppref_2024-09-10/260910_041527/0000/eecAnalysis_ppref_2024-09-10_641.root
hadd Source file 219: /eos/cms/store/group/phys_heavyions/jvelazqu/energycorr/eecAnalysis_ppref_2024-09-10/eecOOHistograms/crab_eecAnalysis_ppref_2024-09-10/260910_041527/0003/eecAnalysis_ppref_2024-09-10_3215.root
hadd Source file 223: /eos/cms/store/group/phys_heavyions/jvelazqu/energycorr/eecAnalysis_ppref_2024-09-10/eecOOHistograms/crab_eecAnalysis_ppref_2024-09-10/260910_041527/0002/eecAnalysis_ppref_2024-09-10_2363.root
hadd Source file 218: /eos/cms/store/group/phys_heavyions/jvelazqu/energycorr/eecAnalysis_ppref_2024-09-10/eecOOHistograms/crab_eecAnalysis_ppref_2024-09-10/260910_041527/0001/eecAnalysis_ppref_2024-09-10_1502.root
hadd Source file 200: /eos/cms/store/group/phys_heavyions/jvelazqu/energycorr/eecAnalysis_ppref_2024-09-10/eecOOHistograms/crab_eecAnalysis_ppref_2024-09-10/260910_041527/0003/eecAnalysis_ppref_2024-09-10_3624.root
hadd Source file 214: /eos/cms/store/group/phys_heavyions/jvelazqu/energycorr/eecAnalysis_ppref_2024-09-10/eecOOHistograms/crab_eecAnalysis_ppref_2024-09-10/260910_041527/0000/eecAnalysis_ppref_2024-09-10_642.root
hadd Source file 193: /eos/cms/store/group/phys_heavyions/jvelazqu/energycorr/eecAnalysis_ppref_2024-09-10/eecOOHistograms/crab_eecAnalysis_ppref_2024-09-10/260910_041527/0002/eecAnalysis_ppref_2024-09-10_2761.root
hadd Source file 201: /eos/cms/store/group/phys_heavyions/jvelazqu/energycorr/eecAnalysis_ppref_2024-09-10/eecOOHistograms/crab_eecAnalysis_ppref_2024-09-10/260910_041527/0003/eecAnalysis_ppref_2024-09-10_3625.root
hadd Source file 220: /eos/cms/store/group/phys_heavyions/jvelazqu/energycorr/eecAnalysis_ppref_2024-09-10/eecOOHistograms/crab_eecAnalysis_ppref_2024-09-10/260910_041527/0003/eecAnalysis_ppref_2024-09-10_3216.root
hadd Source file 241: /eos/cms/store/group/phys_heavyions/jvelazqu/energycorr/eecAnalysis_ppref_2024-09-10/eecOOHistograms/crab_eecAnalysis_ppref_2024-09-10/260910_041527/0004/eecAnalysis_ppref_2024-09-10_4093.root
hadd Source file 215: /eos/cms/store/group/phys_heavyions/jvelazqu/energycorr/eecAnalysis_ppref_2024-09-10/eecOOHistograms/crab_eecAnalysis_ppref_2024-09-10/260910_041527/0000/eecAnalysis_ppref_2024-09-10_643.root
hadd Source file 219: /eos/cms/store/group/phys_heavyions/jvelazqu/energycorr/eecAnalysis_ppref_2024-09-10/eecOOHistograms/crab_eecAnalysis_ppref_2024-09-10/260910_041527/0001/eecAnalysis_ppref_2024-09-10_1503.root
hadd Source file 221: /eos/cms/store/group/phys_heavyions/jvelazqu/energycorr/eecAnalysis_ppref_2024-09-10/eecOOHistograms/crab_eecAnalysis_ppref_2024-09-10/260910_041527/0003/eecAnalysis_ppref_2024-09-10_3217.root
hadd Source file 194: /eos/cms/store/group/phys_heavyions/jvelazqu/energycorr/eecAnalysis_ppref_2024-09-10/eecOOHistograms/crab_eecAnalysis_ppref_2024-09-10/260910_041527/0002/eecAnalysis_ppref_2024-09-10_2762.root
hadd Source file 216: /eos/cms/store/group/phys_heavyions/jvelazqu/energycorr/eecAnalysis_ppref_2024-09-10/eecOOHistograms/crab_eecAnalysis_ppref_2024-09-10/260910_041527/0000/eecAnalysis_ppref_2024-09-10_644.root
hadd Source file 242: /eos/cms/store/group/phys_heavyions/jvelazqu/energycorr/eecAnalysis_ppref_2024-09-10/eecOOHistograms/crab_eecAnalysis_ppref_2024-09-10/260910_041527/0004/eecAnalysis_ppref_2024-09-10_4094.root
hadd Source file 222: /eos/cms/store/group/phys_heavyions/jvelazqu/energycorr/eecAnalysis_ppref_2024-09-10/eecOOHistograms/crab_eecAnalysis_ppref_2024-09-10/260910_041527/0003/eecAnalysis_ppref_2024-09-10_3218.root
hadd Source file 195: /eos/cms/store/group/phys_heavyions/jvelazqu/energycorr/eecAnalysis_ppref_2024-09-10/eecOOHistograms/crab_eecAnalysis_ppref_2024-09-10/260910_041527/0002/eecAnalysis_ppref_2024-09-10_2763.root
hadd Source file 217: /eos/cms/store/group/phys_heavyions/jvelazqu/energycorr/eecAnalysis_ppref_2024-09-10/eecOOHistograms/crab_eecAnalysis_ppref_2024-09-10/260910_041527/0000/eecAnalysis_ppref_2024-09-10_645.root
hadd Source file 205: /eos/cms/store/group/phys_heavyions/jvelazqu/energycorr/eecAnalysis_ppref_2024-09-10/eecOOHistograms/crab_eecAnalysis_ppref_2024-09-10/260910_041527/0000/eecAnalysis_ppref_2024-09-10_205.root
hadd Source file 223: /eos/cms/store/group/phys_heavyions/jvelazqu/energycorr/eecAnalysis_ppref_2024-09-10/eecOOHistograms/crab_eecAnalysis_ppref_2024-09-10/260910_041527/0003/eecAnalysis_ppref_2024-09-10_3219.root
hadd Source file 224: /eos/cms/store/group/phys_heavyions/jvelazqu/energycorr/eecAnalysis_ppref_2024-09-10/eecOOHistograms/crab_eecAnalysis_ppref_2024-09-10/260910_041527/0002/eecAnalysis_ppref_2024-09-10_2364.root
hadd Source file 196: /eos/cms/store/group/phys_heavyions/jvelazqu/energycorr/eecAnalysis_ppref_2024-09-10/eecOOHistograms/crab_eecAnalysis_ppref_2024-09-10/260910_041527/0002/eecAnalysis_ppref_2024-09-10_2764.root
hadd Source file 206: /eos/cms/store/group/phys_heavyions/jvelazqu/energycorr/eecAnalysis_ppref_2024-09-10/eecOOHistograms/crab_eecAnalysis_ppref_2024-09-10/260910_041527/0000/eecAnalysis_ppref_2024-09-10_206.root
hadd Source file 218: /eos/cms/store/group/phys_heavyions/jvelazqu/energycorr/eecAnalysis_ppref_2024-09-10/eecOOHistograms/crab_eecAnalysis_ppref_2024-09-10/260910_041527/0000/eecAnalysis_ppref_2024-09-10_646.root
hadd Source file 212: /eos/cms/store/group/phys_heavyions/jvelazqu/energycorr/eecAnalysis_ppref_2024-09-10/eecOOHistograms/crab_eecAnalysis_ppref_2024-09-10/260910_041527/0001/eecAnalysis_ppref_2024-09-10_1924.root
hadd Source file 224: /eos/cms/store/group/phys_heavyions/jvelazqu/energycorr/eecAnalysis_ppref_2024-09-10/eecOOHistograms/crab_eecAnalysis_ppref_2024-09-10/260910_041527/0003/eecAnalysis_ppref_2024-09-10_3220.root
hadd Source file 207: /eos/cms/store/group/phys_heavyions/jvelazqu/energycorr/eecAnalysis_ppref_2024-09-10/eecOOHistograms/crab_eecAnalysis_ppref_2024-09-10/260910_041527/0000/eecAnalysis_ppref_2024-09-10_207.root
hadd Source file 202: /eos/cms/store/group/phys_heavyions/jvelazqu/energycorr/eecAnalysis_ppref_2024-09-10/eecOOHistograms/crab_eecAnalysis_ppref_2024-09-10/260910_041527/0003/eecAnalysis_ppref_2024-09-10_3626.root
hadd Source file 219: /eos/cms/store/group/phys_heavyions/jvelazqu/energycorr/eecAnalysis_ppref_2024-09-10/eecOOHistograms/crab_eecAnalysis_ppref_2024-09-10/260910_041527/0000/eecAnalysis_ppref_2024-09-10_647.root
hadd Source file 197: /eos/cms/store/group/phys_heavyions/jvelazqu/energycorr/eecAnalysis_ppref_2024-09-10/eecOOHistograms/crab_eecAnalysis_ppref_2024-09-10/260910_041527/0002/eecAnalysis_ppref_2024-09-10_2765.root
hadd Source file 220: /eos/cms/store/group/phys_heavyions/jvelazqu/energycorr/eecAnalysis_ppref_2024-09-10/eecOOHistograms/crab_eecAnalysis_ppref_2024-09-10/260910_041527/0001/eecAnalysis_ppref_2024-09-10_1504.root
hadd Source file 208: /eos/cms/store/group/phys_heavyions/jvelazqu/energycorr/eecAnalysis_ppref_2024-09-10/eecOOHistograms/crab_eecAnalysis_ppref_2024-09-10/260910_041527/0000/eecAnalysis_ppref_2024-09-10_208.root
hadd Source file 203: /eos/cms/store/group/phys_heavyions/jvelazqu/energycorr/eecAnalysis_ppref_2024-09-10/eecOOHistograms/crab_eecAnalysis_ppref_2024-09-10/260910_041527/0003/eecAnalysis_ppref_2024-09-10_3627.root
hadd Source file 225: /eos/cms/store/group/phys_heavyions/jvelazqu/energycorr/eecAnalysis_ppref_2024-09-10/eecOOHistograms/crab_eecAnalysis_ppref_2024-09-10/260910_041527/0003/eecAnalysis_ppref_2024-09-10_3221.root
hadd Source file 213: /eos/cms/store/group/phys_heavyions/jvelazqu/energycorr/eecAnalysis_ppref_2024-09-10/eecOOHistograms/crab_eecAnalysis_ppref_2024-09-10/260910_041527/0001/eecAnalysis_ppref_2024-09-10_1925.root
hadd Source file 220: /eos/cms/store/group/phys_heavyions/jvelazqu/energycorr/eecAnalysis_ppref_2024-09-10/eecOOHistograms/crab_eecAnalysis_ppref_2024-09-10/260910_041527/0000/eecAnalysis_ppref_2024-09-10_648.root
hadd Source file 221: /eos/cms/store/group/phys_heavyions/jvelazqu/energycorr/eecAnalysis_ppref_2024-09-10/eecOOHistograms/crab_eecAnalysis_ppref_2024-09-10/260910_041527/0001/eecAnalysis_ppref_2024-09-10_1505.root
hadd Source file 243: /eos/cms/store/group/phys_heavyions/jvelazqu/energycorr/eecAnalysis_ppref_2024-09-10/eecOOHistograms/crab_eecAnalysis_ppref_2024-09-10/260910_041527/0004/eecAnalysis_ppref_2024-09-10_4095.root
hadd Source file 198: /eos/cms/store/group/phys_heavyions/jvelazqu/energycorr/eecAnalysis_ppref_2024-09-10/eecOOHistograms/crab_eecAnalysis_ppref_2024-09-10/260910_041527/0002/eecAnalysis_ppref_2024-09-10_2766.root
hadd Source file 204: /eos/cms/store/group/phys_heavyions/jvelazqu/energycorr/eecAnalysis_ppref_2024-09-10/eecOOHistograms/crab_eecAnalysis_ppref_2024-09-10/260910_041527/0003/eecAnalysis_ppref_2024-09-10_3628.root
hadd Source file 221: /eos/cms/store/group/phys_heavyions/jvelazqu/energycorr/eecAnalysis_ppref_2024-09-10/eecOOHistograms/crab_eecAnalysis_ppref_2024-09-10/260910_041527/0000/eecAnalysis_ppref_2024-09-10_649.root
hadd Source file 234: /eos/cms/store/group/phys_heavyions/jvelazqu/energycorr/eecAnalysis_ppref_2024-09-10/eecOOHistograms/crab_eecAnalysis_ppref_2024-09-10/260910_041527/0001/eecAnalysis_ppref_2024-09-10_1090.root
hadd Source file 214: /eos/cms/store/group/phys_heavyions/jvelazqu/energycorr/eecAnalysis_ppref_2024-09-10/eecOOHistograms/crab_eecAnalysis_ppref_2024-09-10/260910_041527/0001/eecAnalysis_ppref_2024-09-10_1926.root
hadd Source file 199: /eos/cms/store/group/phys_heavyions/jvelazqu/energycorr/eecAnalysis_ppref_2024-09-10/eecOOHistograms/crab_eecAnalysis_ppref_2024-09-10/260910_041527/0002/eecAnalysis_ppref_2024-09-10_2767.root
hadd Source file 222: /eos/cms/store/group/phys_heavyions/jvelazqu/energycorr/eecAnalysis_ppref_2024-09-10/eecOOHistograms/crab_eecAnalysis_ppref_2024-09-10/260910_041527/0000/eecAnalysis_ppref_2024-09-10_650.root
hadd Source file 205: /eos/cms/store/group/phys_heavyions/jvelazqu/energycorr/eecAnalysis_ppref_2024-09-10/eecOOHistograms/crab_eecAnalysis_ppref_2024-09-10/260910_041527/0003/eecAnalysis_ppref_2024-09-10_3629.root
hadd Source file 244: /eos/cms/store/group/phys_heavyions/jvelazqu/energycorr/eecAnalysis_ppref_2024-09-10/eecOOHistograms/crab_eecAnalysis_ppref_2024-09-10/260910_041527/0004/eecAnalysis_ppref_2024-09-10_4096.root
hadd Source file 235: /eos/cms/store/group/phys_heavyions/jvelazqu/energycorr/eecAnalysis_ppref_2024-09-10/eecOOHistograms/crab_eecAnalysis_ppref_2024-09-10/260910_041527/0001/eecAnalysis_ppref_2024-09-10_1091.root
hadd Source file 215: /eos/cms/store/group/phys_heavyions/jvelazqu/energycorr/eecAnalysis_ppref_2024-09-10/eecOOHistograms/crab_eecAnalysis_ppref_2024-09-10/260910_041527/0001/eecAnalysis_ppref_2024-09-10_1927.root
hadd Source file 200: /eos/cms/store/group/phys_heavyions/jvelazqu/energycorr/eecAnalysis_ppref_2024-09-10/eecOOHistograms/crab_eecAnalysis_ppref_2024-09-10/260910_041527/0002/eecAnalysis_ppref_2024-09-10_2768.root
hadd Source file 206: /eos/cms/store/group/phys_heavyions/jvelazqu/energycorr/eecAnalysis_ppref_2024-09-10/eecOOHistograms/crab_eecAnalysis_ppref_2024-09-10/260910_041527/0003/eecAnalysis_ppref_2024-09-10_3630.root
hadd Source file 225: /eos/cms/store/group/phys_heavyions/jvelazqu/energycorr/eecAnalysis_ppref_2024-09-10/eecOOHistograms/crab_eecAnalysis_ppref_2024-09-10/260910_041527/0002/eecAnalysis_ppref_2024-09-10_2365.root
hadd Source file 245: /eos/cms/store/group/phys_heavyions/jvelazqu/energycorr/eecAnalysis_ppref_2024-09-10/eecOOHistograms/crab_eecAnalysis_ppref_2024-09-10/260910_041527/0004/eecAnalysis_ppref_2024-09-10_4097.root
hadd Source file 201: /eos/cms/store/group/phys_heavyions/jvelazqu/energycorr/eecAnalysis_ppref_2024-09-10/eecOOHistograms/crab_eecAnalysis_ppref_2024-09-10/260910_041527/0002/eecAnalysis_ppref_2024-09-10_2769.root
hadd Source file 223: /eos/cms/store/group/phys_heavyions/jvelazqu/energycorr/eecAnalysis_ppref_2024-09-10/eecOOHistograms/crab_eecAnalysis_ppref_2024-09-10/260910_041527/0000/eecAnalysis_ppref_2024-09-10_651.root
hadd Source file 236: /eos/cms/store/group/phys_heavyions/jvelazqu/energycorr/eecAnalysis_ppref_2024-09-10/eecOOHistograms/crab_eecAnalysis_ppref_2024-09-10/260910_041527/0001/eecAnalysis_ppref_2024-09-10_1092.root
hadd Source file 226: /eos/cms/store/group/phys_heavyions/jvelazqu/energycorr/eecAnalysis_ppref_2024-09-10/eecOOHistograms/crab_eecAnalysis_ppref_2024-09-10/260910_041527/0002/eecAnalysis_ppref_2024-09-10_2366.root
hadd Source file 216: /eos/cms/store/group/phys_heavyions/jvelazqu/energycorr/eecAnalysis_ppref_2024-09-10/eecOOHistograms/crab_eecAnalysis_ppref_2024-09-10/260910_041527/0001/eecAnalysis_ppref_2024-09-10_1928.root
hadd Source file 207: /eos/cms/store/group/phys_heavyions/jvelazqu/energycorr/eecAnalysis_ppref_2024-09-10/eecOOHistograms/crab_eecAnalysis_ppref_2024-09-10/260910_041527/0003/eecAnalysis_ppref_2024-09-10_3631.root
hadd Source file 202: /eos/cms/store/group/phys_heavyions/jvelazqu/energycorr/eecAnalysis_ppref_2024-09-10/eecOOHistograms/crab_eecAnalysis_ppref_2024-09-10/260910_041527/0002/eecAnalysis_ppref_2024-09-10_2770.root
hadd Source file 226: /eos/cms/store/group/phys_heavyions/jvelazqu/energycorr/eecAnalysis_ppref_2024-09-10/eecOOHistograms/crab_eecAnalysis_ppref_2024-09-10/260910_041527/0003/eecAnalysis_ppref_2024-09-10_3222.root
hadd Source file 209: /eos/cms/store/group/phys_heavyions/jvelazqu/energycorr/eecAnalysis_ppref_2024-09-10/eecOOHistograms/crab_eecAnalysis_ppref_2024-09-10/260910_041527/0000/eecAnalysis_ppref_2024-09-10_209.root
hadd Source file 237: /eos/cms/store/group/phys_heavyions/jvelazqu/energycorr/eecAnalysis_ppref_2024-09-10/eecOOHistograms/crab_eecAnalysis_ppref_2024-09-10/260910_041527/0001/eecAnalysis_ppref_2024-09-10_1093.root
hadd Source file 246: /eos/cms/store/group/phys_heavyions/jvelazqu/energycorr/eecAnalysis_ppref_2024-09-10/eecOOHistograms/crab_eecAnalysis_ppref_2024-09-10/260910_041527/0004/eecAnalysis_ppref_2024-09-10_4098.root
hadd Source file 227: /eos/cms/store/group/phys_heavyions/jvelazqu/energycorr/eecAnalysis_ppref_2024-09-10/eecOOHistograms/crab_eecAnalysis_ppref_2024-09-10/260910_041527/0002/eecAnalysis_ppref_2024-09-10_2367.root
hadd Source file 217: /eos/cms/store/group/phys_heavyions/jvelazqu/energycorr/eecAnalysis_ppref_2024-09-10/eecOOHistograms/crab_eecAnalysis_ppref_2024-09-10/260910_041527/0001/eecAnalysis_ppref_2024-09-10_1929.root
hadd Source file 208: /eos/cms/store/group/phys_heavyions/jvelazqu/energycorr/eecAnalysis_ppref_2024-09-10/eecOOHistograms/crab_eecAnalysis_ppref_2024-09-10/260910_041527/0003/eecAnalysis_ppref_2024-09-10_3632.root
hadd Source file 227: /eos/cms/store/group/phys_heavyions/jvelazqu/energycorr/eecAnalysis_ppref_2024-09-10/eecOOHistograms/crab_eecAnalysis_ppref_2024-09-10/260910_041527/0003/eecAnalysis_ppref_2024-09-10_3223.root
hadd Source file 203: /eos/cms/store/group/phys_heavyions/jvelazqu/energycorr/eecAnalysis_ppref_2024-09-10/eecOOHistograms/crab_eecAnalysis_ppref_2024-09-10/260910_041527/0002/eecAnalysis_ppref_2024-09-10_2771.root
hadd Source file 210: /eos/cms/store/group/phys_heavyions/jvelazqu/energycorr/eecAnalysis_ppref_2024-09-10/eecOOHistograms/crab_eecAnalysis_ppref_2024-09-10/260910_041527/0000/eecAnalysis_ppref_2024-09-10_210.root
hadd Source file 222: /eos/cms/store/group/phys_heavyions/jvelazqu/energycorr/eecAnalysis_ppref_2024-09-10/eecOOHistograms/crab_eecAnalysis_ppref_2024-09-10/260910_041527/0001/eecAnalysis_ppref_2024-09-10_1506.root
hadd Source file 209: /eos/cms/store/group/phys_heavyions/jvelazqu/energycorr/eecAnalysis_ppref_2024-09-10/eecOOHistograms/crab_eecAnalysis_ppref_2024-09-10/260910_041527/0003/eecAnalysis_ppref_2024-09-10_3633.root
hadd Source file 228: /eos/cms/store/group/phys_heavyions/jvelazqu/energycorr/eecAnalysis_ppref_2024-09-10/eecOOHistograms/crab_eecAnalysis_ppref_2024-09-10/260910_041527/0003/eecAnalysis_ppref_2024-09-10_3224.root
hadd Source file 204: /eos/cms/store/group/phys_heavyions/jvelazqu/energycorr/eecAnalysis_ppref_2024-09-10/eecOOHistograms/crab_eecAnalysis_ppref_2024-09-10/260910_041527/0002/eecAnalysis_ppref_2024-09-10_2772.root
hadd Source file 211: /eos/cms/store/group/phys_heavyions/jvelazqu/energycorr/eecAnalysis_ppref_2024-09-10/eecOOHistograms/crab_eecAnalysis_ppref_2024-09-10/260910_041527/0000/eecAnalysis_ppref_2024-09-10_211.root
hadd Source file 247: /eos/cms/store/group/phys_heavyions/jvelazqu/energycorr/eecAnalysis_ppref_2024-09-10/eecOOHistograms/crab_eecAnalysis_ppref_2024-09-10/260910_041527/0004/eecAnalysis_ppref_2024-09-10_4099.root
hadd Source file 210: /eos/cms/store/group/phys_heavyions/jvelazqu/energycorr/eecAnalysis_ppref_2024-09-10/eecOOHistograms/crab_eecAnalysis_ppref_2024-09-10/260910_041527/0003/eecAnalysis_ppref_2024-09-10_3634.root
hadd Source file 229: /eos/cms/store/group/phys_heavyions/jvelazqu/energycorr/eecAnalysis_ppref_2024-09-10/eecOOHistograms/crab_eecAnalysis_ppref_2024-09-10/260910_041527/0003/eecAnalysis_ppref_2024-09-10_3225.root
hadd Source file 212: /eos/cms/store/group/phys_heavyions/jvelazqu/energycorr/eecAnalysis_ppref_2024-09-10/eecOOHistograms/crab_eecAnalysis_ppref_2024-09-10/260910_041527/0000/eecAnalysis_ppref_2024-09-10_212.root
hadd Source file 223: /eos/cms/store/group/phys_heavyions/jvelazqu/energycorr/eecAnalysis_ppref_2024-09-10/eecOOHistograms/crab_eecAnalysis_ppref_2024-09-10/260910_041527/0001/eecAnalysis_ppref_2024-09-10_1507.root
hadd Source file 211: /eos/cms/store/group/phys_heavyions/jvelazqu/energycorr/eecAnalysis_ppref_2024-09-10/eecOOHistograms/crab_eecAnalysis_ppref_2024-09-10/260910_041527/0003/eecAnalysis_ppref_2024-09-10_3635.root
hadd Source file 248: /eos/cms/store/group/phys_heavyions/jvelazqu/energycorr/eecAnalysis_ppref_2024-09-10/eecOOHistograms/crab_eecAnalysis_ppref_2024-09-10/260910_041527/0004/eecAnalysis_ppref_2024-09-10_4100.root
hadd Source file 213: /eos/cms/store/group/phys_heavyions/jvelazqu/energycorr/eecAnalysis_ppref_2024-09-10/eecOOHistograms/crab_eecAnalysis_ppref_2024-09-10/260910_041527/0000/eecAnalysis_ppref_2024-09-10_213.root
hadd Source file 230: /eos/cms/store/group/phys_heavyions/jvelazqu/energycorr/eecAnalysis_ppref_2024-09-10/eecOOHistograms/crab_eecAnalysis_ppref_2024-09-10/260910_041527/0003/eecAnalysis_ppref_2024-09-10_3226.root
hadd Source file 249: /eos/cms/store/group/phys_heavyions/jvelazqu/energycorr/eecAnalysis_ppref_2024-09-10/eecOOHistograms/crab_eecAnalysis_ppref_2024-09-10/260910_041527/0004/eecAnalysis_ppref_2024-09-10_4101.root
hadd Source file 224: /eos/cms/store/group/phys_heavyions/jvelazqu/energycorr/eecAnalysis_ppref_2024-09-10/eecOOHistograms/crab_eecAnalysis_ppref_2024-09-10/260910_041527/0001/eecAnalysis_ppref_2024-09-10_1508.root
hadd Source file 212: /eos/cms/store/group/phys_heavyions/jvelazqu/energycorr/eecAnalysis_ppref_2024-09-10/eecOOHistograms/crab_eecAnalysis_ppref_2024-09-10/260910_041527/0003/eecAnalysis_ppref_2024-09-10_3636.root
hadd Source file 205: /eos/cms/store/group/phys_heavyions/jvelazqu/energycorr/eecAnalysis_ppref_2024-09-10/eecOOHistograms/crab_eecAnalysis_ppref_2024-09-10/260910_041527/0002/eecAnalysis_ppref_2024-09-10_2773.root
hadd Source file 228: /eos/cms/store/group/phys_heavyions/jvelazqu/energycorr/eecAnalysis_ppref_2024-09-10/eecOOHistograms/crab_eecAnalysis_ppref_2024-09-10/260910_041527/0002/eecAnalysis_ppref_2024-09-10_2368.root
hadd Source file 218: /eos/cms/store/group/phys_heavyions/jvelazqu/energycorr/eecAnalysis_ppref_2024-09-10/eecOOHistograms/crab_eecAnalysis_ppref_2024-09-10/260910_041527/0001/eecAnalysis_ppref_2024-09-10_1930.root
hadd Source file 214: /eos/cms/store/group/phys_heavyions/jvelazqu/energycorr/eecAnalysis_ppref_2024-09-10/eecOOHistograms/crab_eecAnalysis_ppref_2024-09-10/260910_041527/0000/eecAnalysis_ppref_2024-09-10_214.root
hadd Source file 250: /eos/cms/store/group/phys_heavyions/jvelazqu/energycorr/eecAnalysis_ppref_2024-09-10/eecOOHistograms/crab_eecAnalysis_ppref_2024-09-10/260910_041527/0004/eecAnalysis_ppref_2024-09-10_4102.root
hadd Source file 225: /eos/cms/store/group/phys_heavyions/jvelazqu/energycorr/eecAnalysis_ppref_2024-09-10/eecOOHistograms/crab_eecAnalysis_ppref_2024-09-10/260910_041527/0001/eecAnalysis_ppref_2024-09-10_1509.root
hadd Source file 206: /eos/cms/store/group/phys_heavyions/jvelazqu/energycorr/eecAnalysis_ppref_2024-09-10/eecOOHistograms/crab_eecAnalysis_ppref_2024-09-10/260910_041527/0002/eecAnalysis_ppref_2024-09-10_2774.root
hadd Source file 226: /eos/cms/store/group/phys_heavyions/jvelazqu/energycorr/eecAnalysis_ppref_2024-09-10/eecOOHistograms/crab_eecAnalysis_ppref_2024-09-10/260910_041527/0001/eecAnalysis_ppref_2024-09-10_1510.root
hadd Source file 215: /eos/cms/store/group/phys_heavyions/jvelazqu/energycorr/eecAnalysis_ppref_2024-09-10/eecOOHistograms/crab_eecAnalysis_ppref_2024-09-10/260910_041527/0000/eecAnalysis_ppref_2024-09-10_215.root
hadd Source file 229: /eos/cms/store/group/phys_heavyions/jvelazqu/energycorr/eecAnalysis_ppref_2024-09-10/eecOOHistograms/crab_eecAnalysis_ppref_2024-09-10/260910_041527/0002/eecAnalysis_ppref_2024-09-10_2369.root
hadd Source file 251: /eos/cms/store/group/phys_heavyions/jvelazqu/energycorr/eecAnalysis_ppref_2024-09-10/eecOOHistograms/crab_eecAnalysis_ppref_2024-09-10/260910_041527/0004/eecAnalysis_ppref_2024-09-10_4103.root
hadd Source file 207: /eos/cms/store/group/phys_heavyions/jvelazqu/energycorr/eecAnalysis_ppref_2024-09-10/eecOOHistograms/crab_eecAnalysis_ppref_2024-09-10/260910_041527/0002/eecAnalysis_ppref_2024-09-10_2775.root
hadd Source file 227: /eos/cms/store/group/phys_heavyions/jvelazqu/energycorr/eecAnalysis_ppref_2024-09-10/eecOOHistograms/crab_eecAnalysis_ppref_2024-09-10/260910_041527/0001/eecAnalysis_ppref_2024-09-10_1511.root
hadd Source file 238: /eos/cms/store/group/phys_heavyions/jvelazqu/energycorr/eecAnalysis_ppref_2024-09-10/eecOOHistograms/crab_eecAnalysis_ppref_2024-09-10/260910_041527/0001/eecAnalysis_ppref_2024-09-10_1094.root
hadd Source file 230: /eos/cms/store/group/phys_heavyions/jvelazqu/energycorr/eecAnalysis_ppref_2024-09-10/eecOOHistograms/crab_eecAnalysis_ppref_2024-09-10/260910_041527/0002/eecAnalysis_ppref_2024-09-10_2370.root
hadd Source file 216: /eos/cms/store/group/phys_heavyions/jvelazqu/energycorr/eecAnalysis_ppref_2024-09-10/eecOOHistograms/crab_eecAnalysis_ppref_2024-09-10/260910_041527/0000/eecAnalysis_ppref_2024-09-10_216.root
hadd Source file 252: /eos/cms/store/group/phys_heavyions/jvelazqu/energycorr/eecAnalysis_ppref_2024-09-10/eecOOHistograms/crab_eecAnalysis_ppref_2024-09-10/260910_041527/0004/eecAnalysis_ppref_2024-09-10_4104.root
hadd Source file 228: /eos/cms/store/group/phys_heavyions/jvelazqu/energycorr/eecAnalysis_ppref_2024-09-10/eecOOHistograms/crab_eecAnalysis_ppref_2024-09-10/260910_041527/0001/eecAnalysis_ppref_2024-09-10_1512.root
hadd Source file 239: /eos/cms/store/group/phys_heavyions/jvelazqu/energycorr/eecAnalysis_ppref_2024-09-10/eecOOHistograms/crab_eecAnalysis_ppref_2024-09-10/260910_041527/0001/eecAnalysis_ppref_2024-09-10_1095.root
hadd Source file 253: /eos/cms/store/group/phys_heavyions/jvelazqu/energycorr/eecAnalysis_ppref_2024-09-10/eecOOHistograms/crab_eecAnalysis_ppref_2024-09-10/260910_041527/0004/eecAnalysis_ppref_2024-09-10_4105.root
hadd Source file 231: /eos/cms/store/group/phys_heavyions/jvelazqu/energycorr/eecAnalysis_ppref_2024-09-10/eecOOHistograms/crab_eecAnalysis_ppref_2024-09-10/260910_041527/0002/eecAnalysis_ppref_2024-09-10_2371.root
hadd Source file 231: /eos/cms/store/group/phys_heavyions/jvelazqu/energycorr/eecAnalysis_ppref_2024-09-10/eecOOHistograms/crab_eecAnalysis_ppref_2024-09-10/260910_041527/0003/eecAnalysis_ppref_2024-09-10_3227.root
hadd Source file 229: /eos/cms/store/group/phys_heavyions/jvelazqu/energycorr/eecAnalysis_ppref_2024-09-10/eecOOHistograms/crab_eecAnalysis_ppref_2024-09-10/260910_041527/0001/eecAnalysis_ppref_2024-09-10_1513.root
hadd Source file 213: /eos/cms/store/group/phys_heavyions/jvelazqu/energycorr/eecAnalysis_ppref_2024-09-10/eecOOHistograms/crab_eecAnalysis_ppref_2024-09-10/260910_041527/0003/eecAnalysis_ppref_2024-09-10_3637.root
hadd Source file 219: /eos/cms/store/group/phys_heavyions/jvelazqu/energycorr/eecAnalysis_ppref_2024-09-10/eecOOHistograms/crab_eecAnalysis_ppref_2024-09-10/260910_041527/0001/eecAnalysis_ppref_2024-09-10_1931.root
hadd Source file 254: /eos/cms/store/group/phys_heavyions/jvelazqu/energycorr/eecAnalysis_ppref_2024-09-10/eecOOHistograms/crab_eecAnalysis_ppref_2024-09-10/260910_041527/0004/eecAnalysis_ppref_2024-09-10_4106.root
hadd Source file 214: /eos/cms/store/group/phys_heavyions/jvelazqu/energycorr/eecAnalysis_ppref_2024-09-10/eecOOHistograms/crab_eecAnalysis_ppref_2024-09-10/260910_041527/0003/eecAnalysis_ppref_2024-09-10_3638.root
hadd Source file 230: /eos/cms/store/group/phys_heavyions/jvelazqu/energycorr/eecAnalysis_ppref_2024-09-10/eecOOHistograms/crab_eecAnalysis_ppref_2024-09-10/260910_041527/0001/eecAnalysis_ppref_2024-09-10_1514.root
hadd Source file 224: /eos/cms/store/group/phys_heavyions/jvelazqu/energycorr/eecAnalysis_ppref_2024-09-10/eecOOHistograms/crab_eecAnalysis_ppref_2024-09-10/260910_041527/0000/eecAnalysis_ppref_2024-09-10_652.root
hadd Source file 208: /eos/cms/store/group/phys_heavyions/jvelazqu/energycorr/eecAnalysis_ppref_2024-09-10/eecOOHistograms/crab_eecAnalysis_ppref_2024-09-10/260910_041527/0002/eecAnalysis_ppref_2024-09-10_2776.root
hadd Source file 220: /eos/cms/store/group/phys_heavyions/jvelazqu/energycorr/eecAnalysis_ppref_2024-09-10/eecOOHistograms/crab_eecAnalysis_ppref_2024-09-10/260910_041527/0001/eecAnalysis_ppref_2024-09-10_1932.root
hadd Source file 209: /eos/cms/store/group/phys_heavyions/jvelazqu/energycorr/eecAnalysis_ppref_2024-09-10/eecOOHistograms/crab_eecAnalysis_ppref_2024-09-10/260910_041527/0002/eecAnalysis_ppref_2024-09-10_2777.root
hadd Source file 225: /eos/cms/store/group/phys_heavyions/jvelazqu/energycorr/eecAnalysis_ppref_2024-09-10/eecOOHistograms/crab_eecAnalysis_ppref_2024-09-10/260910_041527/0000/eecAnalysis_ppref_2024-09-10_653.root
hadd Source file 231: /eos/cms/store/group/phys_heavyions/jvelazqu/energycorr/eecAnalysis_ppref_2024-09-10/eecOOHistograms/crab_eecAnalysis_ppref_2024-09-10/260910_041527/0001/eecAnalysis_ppref_2024-09-10_1515.root
hadd Source file 210: /eos/cms/store/group/phys_heavyions/jvelazqu/energycorr/eecAnalysis_ppref_2024-09-10/eecOOHistograms/crab_eecAnalysis_ppref_2024-09-10/260910_041527/0002/eecAnalysis_ppref_2024-09-10_2778.root
hadd Source file 215: /eos/cms/store/group/phys_heavyions/jvelazqu/energycorr/eecAnalysis_ppref_2024-09-10/eecOOHistograms/crab_eecAnalysis_ppref_2024-09-10/260910_041527/0003/eecAnalysis_ppref_2024-09-10_3639.root
hadd Source file 221: /eos/cms/store/group/phys_heavyions/jvelazqu/energycorr/eecAnalysis_ppref_2024-09-10/eecOOHistograms/crab_eecAnalysis_ppref_2024-09-10/260910_041527/0001/eecAnalysis_ppref_2024-09-10_1933.root
hadd Source file 240: /eos/cms/store/group/phys_heavyions/jvelazqu/energycorr/eecAnalysis_ppref_2024-09-10/eecOOHistograms/crab_eecAnalysis_ppref_2024-09-10/260910_041527/0001/eecAnalysis_ppref_2024-09-10_1096.root
hadd Source file 211: /eos/cms/store/group/phys_heavyions/jvelazqu/energycorr/eecAnalysis_ppref_2024-09-10/eecOOHistograms/crab_eecAnalysis_ppref_2024-09-10/260910_041527/0002/eecAnalysis_ppref_2024-09-10_2779.root
hadd Source file 232: /eos/cms/store/group/phys_heavyions/jvelazqu/energycorr/eecAnalysis_ppref_2024-09-10/eecOOHistograms/crab_eecAnalysis_ppref_2024-09-10/260910_041527/0001/eecAnalysis_ppref_2024-09-10_1516.root
hadd Source file 216: /eos/cms/store/group/phys_heavyions/jvelazqu/energycorr/eecAnalysis_ppref_2024-09-10/eecOOHistograms/crab_eecAnalysis_ppref_2024-09-10/260910_041527/0003/eecAnalysis_ppref_2024-09-10_3640.root
hadd Source file 226: /eos/cms/store/group/phys_heavyions/jvelazqu/energycorr/eecAnalysis_ppref_2024-09-10/eecOOHistograms/crab_eecAnalysis_ppref_2024-09-10/260910_041527/0000/eecAnalysis_ppref_2024-09-10_654.root
hadd Source file 222: /eos/cms/store/group/phys_heavyions/jvelazqu/energycorr/eecAnalysis_ppref_2024-09-10/eecOOHistograms/crab_eecAnalysis_ppref_2024-09-10/260910_041527/0001/eecAnalysis_ppref_2024-09-10_1934.root
hadd Source file 217: /eos/cms/store/group/phys_heavyions/jvelazqu/energycorr/eecAnalysis_ppref_2024-09-10/eecOOHistograms/crab_eecAnalysis_ppref_2024-09-10/260910_041527/0000/eecAnalysis_ppref_2024-09-10_217.root
hadd Source file 212: /eos/cms/store/group/phys_heavyions/jvelazqu/energycorr/eecAnalysis_ppref_2024-09-10/eecOOHistograms/crab_eecAnalysis_ppref_2024-09-10/260910_041527/0002/eecAnalysis_ppref_2024-09-10_2780.root
hadd Source file 232: /eos/cms/store/group/phys_heavyions/jvelazqu/energycorr/eecAnalysis_ppref_2024-09-10/eecOOHistograms/crab_eecAnalysis_ppref_2024-09-10/260910_041527/0003/eecAnalysis_ppref_2024-09-10_3228.root
hadd Source file 241: /eos/cms/store/group/phys_heavyions/jvelazqu/energycorr/eecAnalysis_ppref_2024-09-10/eecOOHistograms/crab_eecAnalysis_ppref_2024-09-10/260910_041527/0001/eecAnalysis_ppref_2024-09-10_1097.root
hadd Source file 217: /eos/cms/store/group/phys_heavyions/jvelazqu/energycorr/eecAnalysis_ppref_2024-09-10/eecOOHistograms/crab_eecAnalysis_ppref_2024-09-10/260910_041527/0003/eecAnalysis_ppref_2024-09-10_3641.root
hadd Source file 227: /eos/cms/store/group/phys_heavyions/jvelazqu/energycorr/eecAnalysis_ppref_2024-09-10/eecOOHistograms/crab_eecAnalysis_ppref_2024-09-10/260910_041527/0000/eecAnalysis_ppref_2024-09-10_655.root
hadd Source file 223: /eos/cms/store/group/phys_heavyions/jvelazqu/energycorr/eecAnalysis_ppref_2024-09-10/eecOOHistograms/crab_eecAnalysis_ppref_2024-09-10/260910_041527/0001/eecAnalysis_ppref_2024-09-10_1935.root
hadd Source file 232: /eos/cms/store/group/phys_heavyions/jvelazqu/energycorr/eecAnalysis_ppref_2024-09-10/eecOOHistograms/crab_eecAnalysis_ppref_2024-09-10/260910_041527/0002/eecAnalysis_ppref_2024-09-10_2372.root
hadd Source file 255: /eos/cms/store/group/phys_heavyions/jvelazqu/energycorr/eecAnalysis_ppref_2024-09-10/eecOOHistograms/crab_eecAnalysis_ppref_2024-09-10/260910_041527/0004/eecAnalysis_ppref_2024-09-10_4107.root
hadd Source file 218: /eos/cms/store/group/phys_heavyions/jvelazqu/energycorr/eecAnalysis_ppref_2024-09-10/eecOOHistograms/crab_eecAnalysis_ppref_2024-09-10/260910_041527/0000/eecAnalysis_ppref_2024-09-10_218.root
hadd Source file 242: /eos/cms/store/group/phys_heavyions/jvelazqu/energycorr/eecAnalysis_ppref_2024-09-10/eecOOHistograms/crab_eecAnalysis_ppref_2024-09-10/260910_041527/0001/eecAnalysis_ppref_2024-09-10_1098.root
hadd Source file 233: /eos/cms/store/group/phys_heavyions/jvelazqu/energycorr/eecAnalysis_ppref_2024-09-10/eecOOHistograms/crab_eecAnalysis_ppref_2024-09-10/260910_041527/0003/eecAnalysis_ppref_2024-09-10_3229.root
hadd Source file 213: /eos/cms/store/group/phys_heavyions/jvelazqu/energycorr/eecAnalysis_ppref_2024-09-10/eecOOHistograms/crab_eecAnalysis_ppref_2024-09-10/260910_041527/0002/eecAnalysis_ppref_2024-09-10_2781.root
hadd Source file 233: /eos/cms/store/group/phys_heavyions/jvelazqu/energycorr/eecAnalysis_ppref_2024-09-10/eecOOHistograms/crab_eecAnalysis_ppref_2024-09-10/260910_041527/0002/eecAnalysis_ppref_2024-09-10_2373.root
hadd Source file 214: /eos/cms/store/group/phys_heavyions/jvelazqu/energycorr/eecAnalysis_ppref_2024-09-10/eecOOHistograms/crab_eecAnalysis_ppref_2024-09-10/260910_041527/0002/eecAnalysis_ppref_2024-09-10_2782.root
hadd Source file 224: /eos/cms/store/group/phys_heavyions/jvelazqu/energycorr/eecAnalysis_ppref_2024-09-10/eecOOHistograms/crab_eecAnalysis_ppref_2024-09-10/260910_041527/0001/eecAnalysis_ppref_2024-09-10_1936.root
hadd Source file 219: /eos/cms/store/group/phys_heavyions/jvelazqu/energycorr/eecAnalysis_ppref_2024-09-10/eecOOHistograms/crab_eecAnalysis_ppref_2024-09-10/260910_041527/0000/eecAnalysis_ppref_2024-09-10_219.root
hadd Source file 256: /eos/cms/store/group/phys_heavyions/jvelazqu/energycorr/eecAnalysis_ppref_2024-09-10/eecOOHistograms/crab_eecAnalysis_ppref_2024-09-10/260910_041527/0004/eecAnalysis_ppref_2024-09-10_4108.root
hadd Source file 228: /eos/cms/store/group/phys_heavyions/jvelazqu/energycorr/eecAnalysis_ppref_2024-09-10/eecOOHistograms/crab_eecAnalysis_ppref_2024-09-10/260910_041527/0000/eecAnalysis_ppref_2024-09-10_656.root
hadd Source file 220: /eos/cms/store/group/phys_heavyions/jvelazqu/energycorr/eecAnalysis_ppref_2024-09-10/eecOOHistograms/crab_eecAnalysis_ppref_2024-09-10/260910_041527/0000/eecAnalysis_ppref_2024-09-10_220.root
hadd Source file 225: /eos/cms/store/group/phys_heavyions/jvelazqu/energycorr/eecAnalysis_ppref_2024-09-10/eecOOHistograms/crab_eecAnalysis_ppref_2024-09-10/260910_041527/0001/eecAnalysis_ppref_2024-09-10_1937.root
hadd Source file 234: /eos/cms/store/group/phys_heavyions/jvelazqu/energycorr/eecAnalysis_ppref_2024-09-10/eecOOHistograms/crab_eecAnalysis_ppref_2024-09-10/260910_041527/0002/eecAnalysis_ppref_2024-09-10_2374.root
hadd Source file 257: /eos/cms/store/group/phys_heavyions/jvelazqu/energycorr/eecAnalysis_ppref_2024-09-10/eecOOHistograms/crab_eecAnalysis_ppref_2024-09-10/260910_041527/0004/eecAnalysis_ppref_2024-09-10_4109.root
hadd Source file 233: /eos/cms/store/group/phys_heavyions/jvelazqu/energycorr/eecAnalysis_ppref_2024-09-10/eecOOHistograms/crab_eecAnalysis_ppref_2024-09-10/260910_041527/0001/eecAnalysis_ppref_2024-09-10_1517.root
hadd Source file 215: /eos/cms/store/group/phys_heavyions/jvelazqu/energycorr/eecAnalysis_ppref_2024-09-10/eecOOHistograms/crab_eecAnalysis_ppref_2024-09-10/260910_041527/0002/eecAnalysis_ppref_2024-09-10_2783.root
hadd Source file 229: /eos/cms/store/group/phys_heavyions/jvelazqu/energycorr/eecAnalysis_ppref_2024-09-10/eecOOHistograms/crab_eecAnalysis_ppref_2024-09-10/260910_041527/0000/eecAnalysis_ppref_2024-09-10_657.root
hadd Source file 226: /eos/cms/store/group/phys_heavyions/jvelazqu/energycorr/eecAnalysis_ppref_2024-09-10/eecOOHistograms/crab_eecAnalysis_ppref_2024-09-10/260910_041527/0001/eecAnalysis_ppref_2024-09-10_1938.root
hadd Source file 235: /eos/cms/store/group/phys_heavyions/jvelazqu/energycorr/eecAnalysis_ppref_2024-09-10/eecOOHistograms/crab_eecAnalysis_ppref_2024-09-10/260910_041527/0002/eecAnalysis_ppref_2024-09-10_2375.root
hadd Source file 221: /eos/cms/store/group/phys_heavyions/jvelazqu/energycorr/eecAnalysis_ppref_2024-09-10/eecOOHistograms/crab_eecAnalysis_ppref_2024-09-10/260910_041527/0000/eecAnalysis_ppref_2024-09-10_221.root
hadd Source file 218: /eos/cms/store/group/phys_heavyions/jvelazqu/energycorr/eecAnalysis_ppref_2024-09-10/eecOOHistograms/crab_eecAnalysis_ppref_2024-09-10/260910_041527/0003/eecAnalysis_ppref_2024-09-10_3642.root
hadd Source file 234: /eos/cms/store/group/phys_heavyions/jvelazqu/energycorr/eecAnalysis_ppref_2024-09-10/eecOOHistograms/crab_eecAnalysis_ppref_2024-09-10/260910_041527/0001/eecAnalysis_ppref_2024-09-10_1518.root
hadd Source file 230: /eos/cms/store/group/phys_heavyions/jvelazqu/energycorr/eecAnalysis_ppref_2024-09-10/eecOOHistograms/crab_eecAnalysis_ppref_2024-09-10/260910_041527/0000/eecAnalysis_ppref_2024-09-10_658.root
hadd Source file 243: /eos/cms/store/group/phys_heavyions/jvelazqu/energycorr/eecAnalysis_ppref_2024-09-10/eecOOHistograms/crab_eecAnalysis_ppref_2024-09-10/260910_041527/0001/eecAnalysis_ppref_2024-09-10_1099.root
hadd Source file 227: /eos/cms/store/group/phys_heavyions/jvelazqu/energycorr/eecAnalysis_ppref_2024-09-10/eecOOHistograms/crab_eecAnalysis_ppref_2024-09-10/260910_041527/0001/eecAnalysis_ppref_2024-09-10_1939.root
hadd Source file 222: /eos/cms/store/group/phys_heavyions/jvelazqu/energycorr/eecAnalysis_ppref_2024-09-10/eecOOHistograms/crab_eecAnalysis_ppref_2024-09-10/260910_041527/0000/eecAnalysis_ppref_2024-09-10_222.root
hadd Source file 219: /eos/cms/store/group/phys_heavyions/jvelazqu/energycorr/eecAnalysis_ppref_2024-09-10/eecOOHistograms/crab_eecAnalysis_ppref_2024-09-10/260910_041527/0003/eecAnalysis_ppref_2024-09-10_3643.root
hadd Source file 234: /eos/cms/store/group/phys_heavyions/jvelazqu/energycorr/eecAnalysis_ppref_2024-09-10/eecOOHistograms/crab_eecAnalysis_ppref_2024-09-10/260910_041527/0003/eecAnalysis_ppref_2024-09-10_3230.root
hadd Source file 235: /eos/cms/store/group/phys_heavyions/jvelazqu/energycorr/eecAnalysis_ppref_2024-09-10/eecOOHistograms/crab_eecAnalysis_ppref_2024-09-10/260910_041527/0001/eecAnalysis_ppref_2024-09-10_1519.root
hadd Source file 236: /eos/cms/store/group/phys_heavyions/jvelazqu/energycorr/eecAnalysis_ppref_2024-09-10/eecOOHistograms/crab_eecAnalysis_ppref_2024-09-10/260910_041527/0002/eecAnalysis_ppref_2024-09-10_2376.root
hadd Source file 231: /eos/cms/store/group/phys_heavyions/jvelazqu/energycorr/eecAnalysis_ppref_2024-09-10/eecOOHistograms/crab_eecAnalysis_ppref_2024-09-10/260910_041527/0000/eecAnalysis_ppref_2024-09-10_659.root
hadd Source file 244: /eos/cms/store/group/phys_heavyions/jvelazqu/energycorr/eecAnalysis_ppref_2024-09-10/eecOOHistograms/crab_eecAnalysis_ppref_2024-09-10/260910_041527/0001/eecAnalysis_ppref_2024-09-10_1100.root
hadd Source file 220: /eos/cms/store/group/phys_heavyions/jvelazqu/energycorr/eecAnalysis_ppref_2024-09-10/eecOOHistograms/crab_eecAnalysis_ppref_2024-09-10/260910_041527/0003/eecAnalysis_ppref_2024-09-10_3644.root
hadd Source file 237: /eos/cms/store/group/phys_heavyions/jvelazqu/energycorr/eecAnalysis_ppref_2024-09-10/eecOOHistograms/crab_eecAnalysis_ppref_2024-09-10/260910_041527/0002/eecAnalysis_ppref_2024-09-10_2377.root
hadd Source file 258: /eos/cms/store/group/phys_heavyions/jvelazqu/energycorr/eecAnalysis_ppref_2024-09-10/eecOOHistograms/crab_eecAnalysis_ppref_2024-09-10/260910_041527/0004/eecAnalysis_ppref_2024-09-10_4110.root
hadd Source file 216: /eos/cms/store/group/phys_heavyions/jvelazqu/energycorr/eecAnalysis_ppref_2024-09-10/eecOOHistograms/crab_eecAnalysis_ppref_2024-09-10/260910_041527/0002/eecAnalysis_ppref_2024-09-10_2784.root
hadd Source file 236: /eos/cms/store/group/phys_heavyions/jvelazqu/energycorr/eecAnalysis_ppref_2024-09-10/eecOOHistograms/crab_eecAnalysis_ppref_2024-09-10/260910_041527/0001/eecAnalysis_ppref_2024-09-10_1520.root
hadd Source file 217: /eos/cms/store/group/phys_heavyions/jvelazqu/energycorr/eecAnalysis_ppref_2024-09-10/eecOOHistograms/crab_eecAnalysis_ppref_2024-09-10/260910_041527/0002/eecAnalysis_ppref_2024-09-10_2785.root
hadd Source file 232: /eos/cms/store/group/phys_heavyions/jvelazqu/energycorr/eecAnalysis_ppref_2024-09-10/eecOOHistograms/crab_eecAnalysis_ppref_2024-09-10/260910_041527/0000/eecAnalysis_ppref_2024-09-10_660.root
hadd Source file 235: /eos/cms/store/group/phys_heavyions/jvelazqu/energycorr/eecAnalysis_ppref_2024-09-10/eecOOHistograms/crab_eecAnalysis_ppref_2024-09-10/260910_041527/0003/eecAnalysis_ppref_2024-09-10_3231.root
hadd Source file 221: /eos/cms/store/group/phys_heavyions/jvelazqu/energycorr/eecAnalysis_ppref_2024-09-10/eecOOHistograms/crab_eecAnalysis_ppref_2024-09-10/260910_041527/0003/eecAnalysis_ppref_2024-09-10_3645.root
hadd Source file 237: /eos/cms/store/group/phys_heavyions/jvelazqu/energycorr/eecAnalysis_ppref_2024-09-10/eecOOHistograms/crab_eecAnalysis_ppref_2024-09-10/260910_041527/0001/eecAnalysis_ppref_2024-09-10_1521.root
hadd Source file 259: /eos/cms/store/group/phys_heavyions/jvelazqu/energycorr/eecAnalysis_ppref_2024-09-10/eecOOHistograms/crab_eecAnalysis_ppref_2024-09-10/260910_041527/0004/eecAnalysis_ppref_2024-09-10_4111.root
hadd Source file 233: /eos/cms/store/group/phys_heavyions/jvelazqu/energycorr/eecAnalysis_ppref_2024-09-10/eecOOHistograms/crab_eecAnalysis_ppref_2024-09-10/260910_041527/0000/eecAnalysis_ppref_2024-09-10_661.root
hadd Source file 218: /eos/cms/store/group/phys_heavyions/jvelazqu/energycorr/eecAnalysis_ppref_2024-09-10/eecOOHistograms/crab_eecAnalysis_ppref_2024-09-10/260910_041527/0002/eecAnalysis_ppref_2024-09-10_2786.root
hadd Source file 236: /eos/cms/store/group/phys_heavyions/jvelazqu/energycorr/eecAnalysis_ppref_2024-09-10/eecOOHistograms/crab_eecAnalysis_ppref_2024-09-10/260910_041527/0003/eecAnalysis_ppref_2024-09-10_3232.root
hadd Source file 222: /eos/cms/store/group/phys_heavyions/jvelazqu/energycorr/eecAnalysis_ppref_2024-09-10/eecOOHistograms/crab_eecAnalysis_ppref_2024-09-10/260910_041527/0003/eecAnalysis_ppref_2024-09-10_3646.root
hadd Source file 228: /eos/cms/store/group/phys_heavyions/jvelazqu/energycorr/eecAnalysis_ppref_2024-09-10/eecOOHistograms/crab_eecAnalysis_ppref_2024-09-10/260910_041527/0001/eecAnalysis_ppref_2024-09-10_1940.root
hadd Source file 238: /eos/cms/store/group/phys_heavyions/jvelazqu/energycorr/eecAnalysis_ppref_2024-09-10/eecOOHistograms/crab_eecAnalysis_ppref_2024-09-10/260910_041527/0001/eecAnalysis_ppref_2024-09-10_1522.root
hadd Source file 260: /eos/cms/store/group/phys_heavyions/jvelazqu/energycorr/eecAnalysis_ppref_2024-09-10/eecOOHistograms/crab_eecAnalysis_ppref_2024-09-10/260910_041527/0004/eecAnalysis_ppref_2024-09-10_4112.root
hadd Source file 223: /eos/cms/store/group/phys_heavyions/jvelazqu/energycorr/eecAnalysis_ppref_2024-09-10/eecOOHistograms/crab_eecAnalysis_ppref_2024-09-10/260910_041527/0000/eecAnalysis_ppref_2024-09-10_223.root
hadd Source file 237: /eos/cms/store/group/phys_heavyions/jvelazqu/energycorr/eecAnalysis_ppref_2024-09-10/eecOOHistograms/crab_eecAnalysis_ppref_2024-09-10/260910_041527/0003/eecAnalysis_ppref_2024-09-10_3233.root
hadd Source file 219: /eos/cms/store/group/phys_heavyions/jvelazqu/energycorr/eecAnalysis_ppref_2024-09-10/eecOOHistograms/crab_eecAnalysis_ppref_2024-09-10/260910_041527/0002/eecAnalysis_ppref_2024-09-10_2787.root
hadd Source file 234: /eos/cms/store/group/phys_heavyions/jvelazqu/energycorr/eecAnalysis_ppref_2024-09-10/eecOOHistograms/crab_eecAnalysis_ppref_2024-09-10/260910_041527/0000/eecAnalysis_ppref_2024-09-10_662.root
hadd Source file 239: /eos/cms/store/group/phys_heavyions/jvelazqu/energycorr/eecAnalysis_ppref_2024-09-10/eecOOHistograms/crab_eecAnalysis_ppref_2024-09-10/260910_041527/0001/eecAnalysis_ppref_2024-09-10_1523.root
hadd Source file 261: /eos/cms/store/group/phys_heavyions/jvelazqu/energycorr/eecAnalysis_ppref_2024-09-10/eecOOHistograms/crab_eecAnalysis_ppref_2024-09-10/260910_041527/0004/eecAnalysis_ppref_2024-09-10_4113.root
hadd Source file 229: /eos/cms/store/group/phys_heavyions/jvelazqu/energycorr/eecAnalysis_ppref_2024-09-10/eecOOHistograms/crab_eecAnalysis_ppref_2024-09-10/260910_041527/0001/eecAnalysis_ppref_2024-09-10_1941.root
hadd Source file 238: /eos/cms/store/group/phys_heavyions/jvelazqu/energycorr/eecAnalysis_ppref_2024-09-10/eecOOHistograms/crab_eecAnalysis_ppref_2024-09-10/260910_041527/0002/eecAnalysis_ppref_2024-09-10_2378.root
hadd Source file 223: /eos/cms/store/group/phys_heavyions/jvelazqu/energycorr/eecAnalysis_ppref_2024-09-10/eecOOHistograms/crab_eecAnalysis_ppref_2024-09-10/260910_041527/0003/eecAnalysis_ppref_2024-09-10_3647.root
hadd Source file 235: /eos/cms/store/group/phys_heavyions/jvelazqu/energycorr/eecAnalysis_ppref_2024-09-10/eecOOHistograms/crab_eecAnalysis_ppref_2024-09-10/260910_041527/0000/eecAnalysis_ppref_2024-09-10_663.root
hadd Source file 245: /eos/cms/store/group/phys_heavyions/jvelazqu/energycorr/eecAnalysis_ppref_2024-09-10/eecOOHistograms/crab_eecAnalysis_ppref_2024-09-10/260910_041527/0001/eecAnalysis_ppref_2024-09-10_1101.root
hadd Source file 224: /eos/cms/store/group/phys_heavyions/jvelazqu/energycorr/eecAnalysis_ppref_2024-09-10/eecOOHistograms/crab_eecAnalysis_ppref_2024-09-10/260910_041527/0000/eecAnalysis_ppref_2024-09-10_224.root
hadd Source file 238: /eos/cms/store/group/phys_heavyions/jvelazqu/energycorr/eecAnalysis_ppref_2024-09-10/eecOOHistograms/crab_eecAnalysis_ppref_2024-09-10/260910_041527/0003/eecAnalysis_ppref_2024-09-10_3234.root
hadd Source file 220: /eos/cms/store/group/phys_heavyions/jvelazqu/energycorr/eecAnalysis_ppref_2024-09-10/eecOOHistograms/crab_eecAnalysis_ppref_2024-09-10/260910_041527/0002/eecAnalysis_ppref_2024-09-10_2788.root
hadd Source file 230: /eos/cms/store/group/phys_heavyions/jvelazqu/energycorr/eecAnalysis_ppref_2024-09-10/eecOOHistograms/crab_eecAnalysis_ppref_2024-09-10/260910_041527/0001/eecAnalysis_ppref_2024-09-10_1942.root
hadd Source file 240: /eos/cms/store/group/phys_heavyions/jvelazqu/energycorr/eecAnalysis_ppref_2024-09-10/eecOOHistograms/crab_eecAnalysis_ppref_2024-09-10/260910_041527/0001/eecAnalysis_ppref_2024-09-10_1524.root
hadd Source file 239: /eos/cms/store/group/phys_heavyions/jvelazqu/energycorr/eecAnalysis_ppref_2024-09-10/eecOOHistograms/crab_eecAnalysis_ppref_2024-09-10/260910_041527/0003/eecAnalysis_ppref_2024-09-10_3235.root
hadd Source file 225: /eos/cms/store/group/phys_heavyions/jvelazqu/energycorr/eecAnalysis_ppref_2024-09-10/eecOOHistograms/crab_eecAnalysis_ppref_2024-09-10/260910_041527/0000/eecAnalysis_ppref_2024-09-10_225.root
hadd Source file 236: /eos/cms/store/group/phys_heavyions/jvelazqu/energycorr/eecAnalysis_ppref_2024-09-10/eecOOHistograms/crab_eecAnalysis_ppref_2024-09-10/260910_041527/0000/eecAnalysis_ppref_2024-09-10_664.root
hadd Source file 239: /eos/cms/store/group/phys_heavyions/jvelazqu/energycorr/eecAnalysis_ppref_2024-09-10/eecOOHistograms/crab_eecAnalysis_ppref_2024-09-10/260910_041527/0002/eecAnalysis_ppref_2024-09-10_2379.root
hadd Source file 231: /eos/cms/store/group/phys_heavyions/jvelazqu/energycorr/eecAnalysis_ppref_2024-09-10/eecOOHistograms/crab_eecAnalysis_ppref_2024-09-10/260910_041527/0001/eecAnalysis_ppref_2024-09-10_1943.root
hadd Source file 240: /eos/cms/store/group/phys_heavyions/jvelazqu/energycorr/eecAnalysis_ppref_2024-09-10/eecOOHistograms/crab_eecAnalysis_ppref_2024-09-10/260910_041527/0003/eecAnalysis_ppref_2024-09-10_3236.root
hadd Source file 246: /eos/cms/store/group/phys_heavyions/jvelazqu/energycorr/eecAnalysis_ppref_2024-09-10/eecOOHistograms/crab_eecAnalysis_ppref_2024-09-10/260910_041527/0001/eecAnalysis_ppref_2024-09-10_1102.root
hadd Source file 221: /eos/cms/store/group/phys_heavyions/jvelazqu/energycorr/eecAnalysis_ppref_2024-09-10/eecOOHistograms/crab_eecAnalysis_ppref_2024-09-10/260910_041527/0002/eecAnalysis_ppref_2024-09-10_2789.root
hadd Source file 241: /eos/cms/store/group/phys_heavyions/jvelazqu/energycorr/eecAnalysis_ppref_2024-09-10/eecOOHistograms/crab_eecAnalysis_ppref_2024-09-10/260910_041527/0001/eecAnalysis_ppref_2024-09-10_1525.root
hadd Source file 224: /eos/cms/store/group/phys_heavyions/jvelazqu/energycorr/eecAnalysis_ppref_2024-09-10/eecOOHistograms/crab_eecAnalysis_ppref_2024-09-10/260910_041527/0003/eecAnalysis_ppref_2024-09-10_3648.root
hadd Source file 226: /eos/cms/store/group/phys_heavyions/jvelazqu/energycorr/eecAnalysis_ppref_2024-09-10/eecOOHistograms/crab_eecAnalysis_ppref_2024-09-10/260910_041527/0000/eecAnalysis_ppref_2024-09-10_226.root
hadd Source file 262: /eos/cms/store/group/phys_heavyions/jvelazqu/energycorr/eecAnalysis_ppref_2024-09-10/eecOOHistograms/crab_eecAnalysis_ppref_2024-09-10/260910_041527/0004/eecAnalysis_ppref_2024-09-10_4114.root
hadd Source file 240: /eos/cms/store/group/phys_heavyions/jvelazqu/energycorr/eecAnalysis_ppref_2024-09-10/eecOOHistograms/crab_eecAnalysis_ppref_2024-09-10/260910_041527/0002/eecAnalysis_ppref_2024-09-10_2380.root
hadd Source file 232: /eos/cms/store/group/phys_heavyions/jvelazqu/energycorr/eecAnalysis_ppref_2024-09-10/eecOOHistograms/crab_eecAnalysis_ppref_2024-09-10/260910_041527/0001/eecAnalysis_ppref_2024-09-10_1944.root
hadd Source file 241: /eos/cms/store/group/phys_heavyions/jvelazqu/energycorr/eecAnalysis_ppref_2024-09-10/eecOOHistograms/crab_eecAnalysis_ppref_2024-09-10/260910_041527/0003/eecAnalysis_ppref_2024-09-10_3237.root
hadd Source file 227: /eos/cms/store/group/phys_heavyions/jvelazqu/energycorr/eecAnalysis_ppref_2024-09-10/eecOOHistograms/crab_eecAnalysis_ppref_2024-09-10/260910_041527/0000/eecAnalysis_ppref_2024-09-10_227.root
hadd Source file 222: /eos/cms/store/group/phys_heavyions/jvelazqu/energycorr/eecAnalysis_ppref_2024-09-10/eecOOHistograms/crab_eecAnalysis_ppref_2024-09-10/260910_041527/0002/eecAnalysis_ppref_2024-09-10_2790.root
hadd Source file 263: /eos/cms/store/group/phys_heavyions/jvelazqu/energycorr/eecAnalysis_ppref_2024-09-10/eecOOHistograms/crab_eecAnalysis_ppref_2024-09-10/260910_041527/0004/eecAnalysis_ppref_2024-09-10_4115.root
hadd Source file 228: /eos/cms/store/group/phys_heavyions/jvelazqu/energycorr/eecAnalysis_ppref_2024-09-10/eecOOHistograms/crab_eecAnalysis_ppref_2024-09-10/260910_041527/0000/eecAnalysis_ppref_2024-09-10_228.root
hadd Source file 233: /eos/cms/store/group/phys_heavyions/jvelazqu/energycorr/eecAnalysis_ppref_2024-09-10/eecOOHistograms/crab_eecAnalysis_ppref_2024-09-10/260910_041527/0001/eecAnalysis_ppref_2024-09-10_1945.root
hadd Source file 241: /eos/cms/store/group/phys_heavyions/jvelazqu/energycorr/eecAnalysis_ppref_2024-09-10/eecOOHistograms/crab_eecAnalysis_ppref_2024-09-10/260910_041527/0002/eecAnalysis_ppref_2024-09-10_2381.root
hadd Source file 242: /eos/cms/store/group/phys_heavyions/jvelazqu/energycorr/eecAnalysis_ppref_2024-09-10/eecOOHistograms/crab_eecAnalysis_ppref_2024-09-10/260910_041527/0003/eecAnalysis_ppref_2024-09-10_3238.root
hadd Source file 223: /eos/cms/store/group/phys_heavyions/jvelazqu/energycorr/eecAnalysis_ppref_2024-09-10/eecOOHistograms/crab_eecAnalysis_ppref_2024-09-10/260910_041527/0002/eecAnalysis_ppref_2024-09-10_2791.root
hadd Source file 264: /eos/cms/store/group/phys_heavyions/jvelazqu/energycorr/eecAnalysis_ppref_2024-09-10/eecOOHistograms/crab_eecAnalysis_ppref_2024-09-10/260910_041527/0004/eecAnalysis_ppref_2024-09-10_4116.root
hadd Source file 237: /eos/cms/store/group/phys_heavyions/jvelazqu/energycorr/eecAnalysis_ppref_2024-09-10/eecOOHistograms/crab_eecAnalysis_ppref_2024-09-10/260910_041527/0000/eecAnalysis_ppref_2024-09-10_665.root
hadd Source file 234: /eos/cms/store/group/phys_heavyions/jvelazqu/energycorr/eecAnalysis_ppref_2024-09-10/eecOOHistograms/crab_eecAnalysis_ppref_2024-09-10/260910_041527/0001/eecAnalysis_ppref_2024-09-10_1946.root
hadd Source file 243: /eos/cms/store/group/phys_heavyions/jvelazqu/energycorr/eecAnalysis_ppref_2024-09-10/eecOOHistograms/crab_eecAnalysis_ppref_2024-09-10/260910_041527/0003/eecAnalysis_ppref_2024-09-10_3239.root
hadd Source file 242: /eos/cms/store/group/phys_heavyions/jvelazqu/energycorr/eecAnalysis_ppref_2024-09-10/eecOOHistograms/crab_eecAnalysis_ppref_2024-09-10/260910_041527/0002/eecAnalysis_ppref_2024-09-10_2382.root
hadd Source file 265: /eos/cms/store/group/phys_heavyions/jvelazqu/energycorr/eecAnalysis_ppref_2024-09-10/eecOOHistograms/crab_eecAnalysis_ppref_2024-09-10/260910_041527/0004/eecAnalysis_ppref_2024-09-10_4117.root
hadd Source file 224: /eos/cms/store/group/phys_heavyions/jvelazqu/energycorr/eecAnalysis_ppref_2024-09-10/eecOOHistograms/crab_eecAnalysis_ppref_2024-09-10/260910_041527/0002/eecAnalysis_ppref_2024-09-10_2792.root
hadd Source file 235: /eos/cms/store/group/phys_heavyions/jvelazqu/energycorr/eecAnalysis_ppref_2024-09-10/eecOOHistograms/crab_eecAnalysis_ppref_2024-09-10/260910_041527/0001/eecAnalysis_ppref_2024-09-10_1947.root
hadd Source file 244: /eos/cms/store/group/phys_heavyions/jvelazqu/energycorr/eecAnalysis_ppref_2024-09-10/eecOOHistograms/crab_eecAnalysis_ppref_2024-09-10/260910_041527/0003/eecAnalysis_ppref_2024-09-10_3240.root
hadd Source file 242: /eos/cms/store/group/phys_heavyions/jvelazqu/energycorr/eecAnalysis_ppref_2024-09-10/eecOOHistograms/crab_eecAnalysis_ppref_2024-09-10/260910_041527/0001/eecAnalysis_ppref_2024-09-10_1526.root
hadd Source file 225: /eos/cms/store/group/phys_heavyions/jvelazqu/energycorr/eecAnalysis_ppref_2024-09-10/eecOOHistograms/crab_eecAnalysis_ppref_2024-09-10/260910_041527/0003/eecAnalysis_ppref_2024-09-10_3649.root
hadd Source file 266: /eos/cms/store/group/phys_heavyions/jvelazqu/energycorr/eecAnalysis_ppref_2024-09-10/eecOOHistograms/crab_eecAnalysis_ppref_2024-09-10/260910_041527/0004/eecAnalysis_ppref_2024-09-10_4118.root
hadd Source file 243: /eos/cms/store/group/phys_heavyions/jvelazqu/energycorr/eecAnalysis_ppref_2024-09-10/eecOOHistograms/crab_eecAnalysis_ppref_2024-09-10/260910_041527/0002/eecAnalysis_ppref_2024-09-10_2383.root
hadd Source file 225: /eos/cms/store/group/phys_heavyions/jvelazqu/energycorr/eecAnalysis_ppref_2024-09-10/eecOOHistograms/crab_eecAnalysis_ppref_2024-09-10/260910_041527/0002/eecAnalysis_ppref_2024-09-10_2793.root
hadd Source file 238: /eos/cms/store/group/phys_heavyions/jvelazqu/energycorr/eecAnalysis_ppref_2024-09-10/eecOOHistograms/crab_eecAnalysis_ppref_2024-09-10/260910_041527/0000/eecAnalysis_ppref_2024-09-10_666.root
hadd Source file 243: /eos/cms/store/group/phys_heavyions/jvelazqu/energycorr/eecAnalysis_ppref_2024-09-10/eecOOHistograms/crab_eecAnalysis_ppref_2024-09-10/260910_041527/0001/eecAnalysis_ppref_2024-09-10_1527.root
hadd Source file 236: /eos/cms/store/group/phys_heavyions/jvelazqu/energycorr/eecAnalysis_ppref_2024-09-10/eecOOHistograms/crab_eecAnalysis_ppref_2024-09-10/260910_041527/0001/eecAnalysis_ppref_2024-09-10_1948.root
hadd Source file 244: /eos/cms/store/group/phys_heavyions/jvelazqu/energycorr/eecAnalysis_ppref_2024-09-10/eecOOHistograms/crab_eecAnalysis_ppref_2024-09-10/260910_041527/0002/eecAnalysis_ppref_2024-09-10_2384.root
hadd Source file 239: /eos/cms/store/group/phys_heavyions/jvelazqu/energycorr/eecAnalysis_ppref_2024-09-10/eecOOHistograms/crab_eecAnalysis_ppref_2024-09-10/260910_041527/0000/eecAnalysis_ppref_2024-09-10_667.root
hadd Source file 267: /eos/cms/store/group/phys_heavyions/jvelazqu/energycorr/eecAnalysis_ppref_2024-09-10/eecOOHistograms/crab_eecAnalysis_ppref_2024-09-10/260910_041527/0004/eecAnalysis_ppref_2024-09-10_4119.root
hadd Source file 245: /eos/cms/store/group/phys_heavyions/jvelazqu/energycorr/eecAnalysis_ppref_2024-09-10/eecOOHistograms/crab_eecAnalysis_ppref_2024-09-10/260910_041527/0003/eecAnalysis_ppref_2024-09-10_3241.root
hadd Source file 237: /eos/cms/store/group/phys_heavyions/jvelazqu/energycorr/eecAnalysis_ppref_2024-09-10/eecOOHistograms/crab_eecAnalysis_ppref_2024-09-10/260910_041527/0001/eecAnalysis_ppref_2024-09-10_1949.root
hadd Source file 229: /eos/cms/store/group/phys_heavyions/jvelazqu/energycorr/eecAnalysis_ppref_2024-09-10/eecOOHistograms/crab_eecAnalysis_ppref_2024-09-10/260910_041527/0000/eecAnalysis_ppref_2024-09-10_229.root
hadd Source file 240: /eos/cms/store/group/phys_heavyions/jvelazqu/energycorr/eecAnalysis_ppref_2024-09-10/eecOOHistograms/crab_eecAnalysis_ppref_2024-09-10/260910_041527/0000/eecAnalysis_ppref_2024-09-10_668.root
hadd Source file 268: /eos/cms/store/group/phys_heavyions/jvelazqu/energycorr/eecAnalysis_ppref_2024-09-10/eecOOHistograms/crab_eecAnalysis_ppref_2024-09-10/260910_041527/0004/eecAnalysis_ppref_2024-09-10_4120.root
hadd Source file 245: /eos/cms/store/group/phys_heavyions/jvelazqu/energycorr/eecAnalysis_ppref_2024-09-10/eecOOHistograms/crab_eecAnalysis_ppref_2024-09-10/260910_041527/0002/eecAnalysis_ppref_2024-09-10_2385.root
hadd Source file 238: /eos/cms/store/group/phys_heavyions/jvelazqu/energycorr/eecAnalysis_ppref_2024-09-10/eecOOHistograms/crab_eecAnalysis_ppref_2024-09-10/260910_041527/0001/eecAnalysis_ppref_2024-09-10_1950.root
hadd Source file 246: /eos/cms/store/group/phys_heavyions/jvelazqu/energycorr/eecAnalysis_ppref_2024-09-10/eecOOHistograms/crab_eecAnalysis_ppref_2024-09-10/260910_041527/0003/eecAnalysis_ppref_2024-09-10_3242.root
hadd Source file 230: /eos/cms/store/group/phys_heavyions/jvelazqu/energycorr/eecAnalysis_ppref_2024-09-10/eecOOHistograms/crab_eecAnalysis_ppref_2024-09-10/260910_041527/0000/eecAnalysis_ppref_2024-09-10_230.root
hadd Source file 269: /eos/cms/store/group/phys_heavyions/jvelazqu/energycorr/eecAnalysis_ppref_2024-09-10/eecOOHistograms/crab_eecAnalysis_ppref_2024-09-10/260910_041527/0004/eecAnalysis_ppref_2024-09-10_4121.root
hadd Source file 246: /eos/cms/store/group/phys_heavyions/jvelazqu/energycorr/eecAnalysis_ppref_2024-09-10/eecOOHistograms/crab_eecAnalysis_ppref_2024-09-10/260910_041527/0002/eecAnalysis_ppref_2024-09-10_2386.root
hadd Source file 241: /eos/cms/store/group/phys_heavyions/jvelazqu/energycorr/eecAnalysis_ppref_2024-09-10/eecOOHistograms/crab_eecAnalysis_ppref_2024-09-10/260910_041527/0000/eecAnalysis_ppref_2024-09-10_669.root
hadd Source file 247: /eos/cms/store/group/phys_heavyions/jvelazqu/energycorr/eecAnalysis_ppref_2024-09-10/eecOOHistograms/crab_eecAnalysis_ppref_2024-09-10/260910_041527/0002/eecAnalysis_ppref_2024-09-10_2387.root
hadd Source file 231: /eos/cms/store/group/phys_heavyions/jvelazqu/energycorr/eecAnalysis_ppref_2024-09-10/eecOOHistograms/crab_eecAnalysis_ppref_2024-09-10/260910_041527/0000/eecAnalysis_ppref_2024-09-10_231.root
hadd Source file 239: /eos/cms/store/group/phys_heavyions/jvelazqu/energycorr/eecAnalysis_ppref_2024-09-10/eecOOHistograms/crab_eecAnalysis_ppref_2024-09-10/260910_041527/0001/eecAnalysis_ppref_2024-09-10_1951.root
hadd Source file 226: /eos/cms/store/group/phys_heavyions/jvelazqu/energycorr/eecAnalysis_ppref_2024-09-10/eecOOHistograms/crab_eecAnalysis_ppref_2024-09-10/260910_041527/0002/eecAnalysis_ppref_2024-09-10_2794.root
hadd Source file 270: /eos/cms/store/group/phys_heavyions/jvelazqu/energycorr/eecAnalysis_ppref_2024-09-10/eecOOHistograms/crab_eecAnalysis_ppref_2024-09-10/260910_041527/0004/eecAnalysis_ppref_2024-09-10_4122.root
hadd Source file 247: /eos/cms/store/group/phys_heavyions/jvelazqu/energycorr/eecAnalysis_ppref_2024-09-10/eecOOHistograms/crab_eecAnalysis_ppref_2024-09-10/260910_041527/0003/eecAnalysis_ppref_2024-09-10_3243.root
hadd Source file 240: /eos/cms/store/group/phys_heavyions/jvelazqu/energycorr/eecAnalysis_ppref_2024-09-10/eecOOHistograms/crab_eecAnalysis_ppref_2024-09-10/260910_041527/0001/eecAnalysis_ppref_2024-09-10_1952.root
hadd Source file 226: /eos/cms/store/group/phys_heavyions/jvelazqu/energycorr/eecAnalysis_ppref_2024-09-10/eecOOHistograms/crab_eecAnalysis_ppref_2024-09-10/260910_041527/0003/eecAnalysis_ppref_2024-09-10_3650.root
hadd Source file 244: /eos/cms/store/group/phys_heavyions/jvelazqu/energycorr/eecAnalysis_ppref_2024-09-10/eecOOHistograms/crab_eecAnalysis_ppref_2024-09-10/260910_041527/0001/eecAnalysis_ppref_2024-09-10_1528.root
hadd Source file 227: /eos/cms/store/group/phys_heavyions/jvelazqu/energycorr/eecAnalysis_ppref_2024-09-10/eecOOHistograms/crab_eecAnalysis_ppref_2024-09-10/260910_041527/0002/eecAnalysis_ppref_2024-09-10_2795.root
hadd Source file 271: /eos/cms/store/group/phys_heavyions/jvelazqu/energycorr/eecAnalysis_ppref_2024-09-10/eecOOHistograms/crab_eecAnalysis_ppref_2024-09-10/260910_041527/0004/eecAnalysis_ppref_2024-09-10_4123.root
hadd Source file 232: /eos/cms/store/group/phys_heavyions/jvelazqu/energycorr/eecAnalysis_ppref_2024-09-10/eecOOHistograms/crab_eecAnalysis_ppref_2024-09-10/260910_041527/0000/eecAnalysis_ppref_2024-09-10_232.root
hadd Source file 248: /eos/cms/store/group/phys_heavyions/jvelazqu/energycorr/eecAnalysis_ppref_2024-09-10/eecOOHistograms/crab_eecAnalysis_ppref_2024-09-10/260910_041527/0003/eecAnalysis_ppref_2024-09-10_3244.root
hadd Source file 227: /eos/cms/store/group/phys_heavyions/jvelazqu/energycorr/eecAnalysis_ppref_2024-09-10/eecOOHistograms/crab_eecAnalysis_ppref_2024-09-10/260910_041527/0003/eecAnalysis_ppref_2024-09-10_3651.root
hadd Source file 272: /eos/cms/store/group/phys_heavyions/jvelazqu/energycorr/eecAnalysis_ppref_2024-09-10/eecOOHistograms/crab_eecAnalysis_ppref_2024-09-10/260910_041527/0004/eecAnalysis_ppref_2024-09-10_4124.root
hadd Source file 228: /eos/cms/store/group/phys_heavyions/jvelazqu/energycorr/eecAnalysis_ppref_2024-09-10/eecOOHistograms/crab_eecAnalysis_ppref_2024-09-10/260910_041527/0002/eecAnalysis_ppref_2024-09-10_2796.root
hadd Source file 245: /eos/cms/store/group/phys_heavyions/jvelazqu/energycorr/eecAnalysis_ppref_2024-09-10/eecOOHistograms/crab_eecAnalysis_ppref_2024-09-10/260910_041527/0001/eecAnalysis_ppref_2024-09-10_1529.root
hadd Source file 249: /eos/cms/store/group/phys_heavyions/jvelazqu/energycorr/eecAnalysis_ppref_2024-09-10/eecOOHistograms/crab_eecAnalysis_ppref_2024-09-10/260910_041527/0003/eecAnalysis_ppref_2024-09-10_3245.root
hadd Source file 233: /eos/cms/store/group/phys_heavyions/jvelazqu/energycorr/eecAnalysis_ppref_2024-09-10/eecOOHistograms/crab_eecAnalysis_ppref_2024-09-10/260910_041527/0000/eecAnalysis_ppref_2024-09-10_233.root
hadd Source file 250: /eos/cms/store/group/phys_heavyions/jvelazqu/energycorr/eecAnalysis_ppref_2024-09-10/eecOOHistograms/crab_eecAnalysis_ppref_2024-09-10/260910_041527/0003/eecAnalysis_ppref_2024-09-10_3246.root
hadd Source file 273: /eos/cms/store/group/phys_heavyions/jvelazqu/energycorr/eecAnalysis_ppref_2024-09-10/eecOOHistograms/crab_eecAnalysis_ppref_2024-09-10/260910_041527/0004/eecAnalysis_ppref_2024-09-10_4125.root
hadd Source file 228: /eos/cms/store/group/phys_heavyions/jvelazqu/energycorr/eecAnalysis_ppref_2024-09-10/eecOOHistograms/crab_eecAnalysis_ppref_2024-09-10/260910_041527/0003/eecAnalysis_ppref_2024-09-10_3652.root
hadd Source file 246: /eos/cms/store/group/phys_heavyions/jvelazqu/energycorr/eecAnalysis_ppref_2024-09-10/eecOOHistograms/crab_eecAnalysis_ppref_2024-09-10/260910_041527/0001/eecAnalysis_ppref_2024-09-10_1530.root
hadd Source file 251: /eos/cms/store/group/phys_heavyions/jvelazqu/energycorr/eecAnalysis_ppref_2024-09-10/eecOOHistograms/crab_eecAnalysis_ppref_2024-09-10/260910_041527/0003/eecAnalysis_ppref_2024-09-10_3247.root
hadd Source file 234: /eos/cms/store/group/phys_heavyions/jvelazqu/energycorr/eecAnalysis_ppref_2024-09-10/eecOOHistograms/crab_eecAnalysis_ppref_2024-09-10/260910_041527/0000/eecAnalysis_ppref_2024-09-10_234.root
hadd Source file 229: /eos/cms/store/group/phys_heavyions/jvelazqu/energycorr/eecAnalysis_ppref_2024-09-10/eecOOHistograms/crab_eecAnalysis_ppref_2024-09-10/260910_041527/0003/eecAnalysis_ppref_2024-09-10_3653.root
hadd Source file 274: /eos/cms/store/group/phys_heavyions/jvelazqu/energycorr/eecAnalysis_ppref_2024-09-10/eecOOHistograms/crab_eecAnalysis_ppref_2024-09-10/260910_041527/0004/eecAnalysis_ppref_2024-09-10_4126.root
hadd Source file 242: /eos/cms/store/group/phys_heavyions/jvelazqu/energycorr/eecAnalysis_ppref_2024-09-10/eecOOHistograms/crab_eecAnalysis_ppref_2024-09-10/260910_041527/0000/eecAnalysis_ppref_2024-09-10_670.root
hadd Source file 248: /eos/cms/store/group/phys_heavyions/jvelazqu/energycorr/eecAnalysis_ppref_2024-09-10/eecOOHistograms/crab_eecAnalysis_ppref_2024-09-10/260910_041527/0002/eecAnalysis_ppref_2024-09-10_2388.root
hadd Source file 247: /eos/cms/store/group/phys_heavyions/jvelazqu/energycorr/eecAnalysis_ppref_2024-09-10/eecOOHistograms/crab_eecAnalysis_ppref_2024-09-10/260910_041527/0001/eecAnalysis_ppref_2024-09-10_1531.root
hadd Source file 252: /eos/cms/store/group/phys_heavyions/jvelazqu/energycorr/eecAnalysis_ppref_2024-09-10/eecOOHistograms/crab_eecAnalysis_ppref_2024-09-10/260910_041527/0003/eecAnalysis_ppref_2024-09-10_3248.root
hadd Source file 230: /eos/cms/store/group/phys_heavyions/jvelazqu/energycorr/eecAnalysis_ppref_2024-09-10/eecOOHistograms/crab_eecAnalysis_ppref_2024-09-10/260910_041527/0003/eecAnalysis_ppref_2024-09-10_3654.root
hadd Source file 275: /eos/cms/store/group/phys_heavyions/jvelazqu/energycorr/eecAnalysis_ppref_2024-09-10/eecOOHistograms/crab_eecAnalysis_ppref_2024-09-10/260910_041527/0004/eecAnalysis_ppref_2024-09-10_4127.root
hadd Source file 231: /eos/cms/store/group/phys_heavyions/jvelazqu/energycorr/eecAnalysis_ppref_2024-09-10/eecOOHistograms/crab_eecAnalysis_ppref_2024-09-10/260910_041527/0003/eecAnalysis_ppref_2024-09-10_3655.root
hadd Source file 276: /eos/cms/store/group/phys_heavyions/jvelazqu/energycorr/eecAnalysis_ppref_2024-09-10/eecOOHistograms/crab_eecAnalysis_ppref_2024-09-10/260910_041527/0004/eecAnalysis_ppref_2024-09-10_4128.root
hadd Source file 232: /eos/cms/store/group/phys_heavyions/jvelazqu/energycorr/eecAnalysis_ppref_2024-09-10/eecOOHistograms/crab_eecAnalysis_ppref_2024-09-10/260910_041527/0003/eecAnalysis_ppref_2024-09-10_3656.root
hadd Source file 249: /eos/cms/store/group/phys_heavyions/jvelazqu/energycorr/eecAnalysis_ppref_2024-09-10/eecOOHistograms/crab_eecAnalysis_ppref_2024-09-10/260910_041527/0002/eecAnalysis_ppref_2024-09-10_2389.root
hadd Source file 229: /eos/cms/store/group/phys_heavyions/jvelazqu/energycorr/eecAnalysis_ppref_2024-09-10/eecOOHistograms/crab_eecAnalysis_ppref_2024-09-10/260910_041527/0002/eecAnalysis_ppref_2024-09-10_2797.root
hadd Source file 230: /eos/cms/store/group/phys_heavyions/jvelazqu/energycorr/eecAnalysis_ppref_2024-09-10/eecOOHistograms/crab_eecAnalysis_ppref_2024-09-10/260910_041527/0002/eecAnalysis_ppref_2024-09-10_2798.root
hadd Source file 241: /eos/cms/store/group/phys_heavyions/jvelazqu/energycorr/eecAnalysis_ppref_2024-09-10/eecOOHistograms/crab_eecAnalysis_ppref_2024-09-10/260910_041527/0001/eecAnalysis_ppref_2024-09-10_1953.root
hadd Source file 250: /eos/cms/store/group/phys_heavyions/jvelazqu/energycorr/eecAnalysis_ppref_2024-09-10/eecOOHistograms/crab_eecAnalysis_ppref_2024-09-10/260910_041527/0002/eecAnalysis_ppref_2024-09-10_2390.root
hadd Source file 235: /eos/cms/store/group/phys_heavyions/jvelazqu/energycorr/eecAnalysis_ppref_2024-09-10/eecOOHistograms/crab_eecAnalysis_ppref_2024-09-10/260910_041527/0000/eecAnalysis_ppref_2024-09-10_235.root
hadd Source file 251: /eos/cms/store/group/phys_heavyions/jvelazqu/energycorr/eecAnalysis_ppref_2024-09-10/eecOOHistograms/crab_eecAnalysis_ppref_2024-09-10/260910_041527/0002/eecAnalysis_ppref_2024-09-10_2391.root
hadd Source file 243: /eos/cms/store/group/phys_heavyions/jvelazqu/energycorr/eecAnalysis_ppref_2024-09-10/eecOOHistograms/crab_eecAnalysis_ppref_2024-09-10/260910_041527/0000/eecAnalysis_ppref_2024-09-10_671.root
hadd Source file 253: /eos/cms/store/group/phys_heavyions/jvelazqu/energycorr/eecAnalysis_ppref_2024-09-10/eecOOHistograms/crab_eecAnalysis_ppref_2024-09-10/260910_041527/0003/eecAnalysis_ppref_2024-09-10_3249.root
hadd Source file 242: /eos/cms/store/group/phys_heavyions/jvelazqu/energycorr/eecAnalysis_ppref_2024-09-10/eecOOHistograms/crab_eecAnalysis_ppref_2024-09-10/260910_041527/0001/eecAnalysis_ppref_2024-09-10_1954.root
hadd Source file 244: /eos/cms/store/group/phys_heavyions/jvelazqu/energycorr/eecAnalysis_ppref_2024-09-10/eecOOHistograms/crab_eecAnalysis_ppref_2024-09-10/260910_041527/0000/eecAnalysis_ppref_2024-09-10_672.root
hadd Source file 236: /eos/cms/store/group/phys_heavyions/jvelazqu/energycorr/eecAnalysis_ppref_2024-09-10/eecOOHistograms/crab_eecAnalysis_ppref_2024-09-10/260910_041527/0000/eecAnalysis_ppref_2024-09-10_236.root
hadd Source file 248: /eos/cms/store/group/phys_heavyions/jvelazqu/energycorr/eecAnalysis_ppref_2024-09-10/eecOOHistograms/crab_eecAnalysis_ppref_2024-09-10/260910_041527/0001/eecAnalysis_ppref_2024-09-10_1532.root
hadd Source file 252: /eos/cms/store/group/phys_heavyions/jvelazqu/energycorr/eecAnalysis_ppref_2024-09-10/eecOOHistograms/crab_eecAnalysis_ppref_2024-09-10/260910_041527/0002/eecAnalysis_ppref_2024-09-10_2392.root
hadd Source file 245: /eos/cms/store/group/phys_heavyions/jvelazqu/energycorr/eecAnalysis_ppref_2024-09-10/eecOOHistograms/crab_eecAnalysis_ppref_2024-09-10/260910_041527/0000/eecAnalysis_ppref_2024-09-10_673.root
hadd Source file 277: /eos/cms/store/group/phys_heavyions/jvelazqu/energycorr/eecAnalysis_ppref_2024-09-10/eecOOHistograms/crab_eecAnalysis_ppref_2024-09-10/260910_041527/0004/eecAnalysis_ppref_2024-09-10_4129.root
hadd Source file 237: /eos/cms/store/group/phys_heavyions/jvelazqu/energycorr/eecAnalysis_ppref_2024-09-10/eecOOHistograms/crab_eecAnalysis_ppref_2024-09-10/260910_041527/0000/eecAnalysis_ppref_2024-09-10_237.root
hadd Source file 247: /eos/cms/store/group/phys_heavyions/jvelazqu/energycorr/eecAnalysis_ppref_2024-09-10/eecOOHistograms/crab_eecAnalysis_ppref_2024-09-10/260910_041527/0001/eecAnalysis_ppref_2024-09-10_1103.root
hadd Source file 254: /eos/cms/store/group/phys_heavyions/jvelazqu/energycorr/eecAnalysis_ppref_2024-09-10/eecOOHistograms/crab_eecAnalysis_ppref_2024-09-10/260910_041527/0003/eecAnalysis_ppref_2024-09-10_3250.root
hadd Source file 246: /eos/cms/store/group/phys_heavyions/jvelazqu/energycorr/eecAnalysis_ppref_2024-09-10/eecOOHistograms/crab_eecAnalysis_ppref_2024-09-10/260910_041527/0000/eecAnalysis_ppref_2024-09-10_674.root
hadd Source file 233: /eos/cms/store/group/phys_heavyions/jvelazqu/energycorr/eecAnalysis_ppref_2024-09-10/eecOOHistograms/crab_eecAnalysis_ppref_2024-09-10/260910_041527/0003/eecAnalysis_ppref_2024-09-10_3657.root
hadd Source file 249: /eos/cms/store/group/phys_heavyions/jvelazqu/energycorr/eecAnalysis_ppref_2024-09-10/eecOOHistograms/crab_eecAnalysis_ppref_2024-09-10/260910_041527/0001/eecAnalysis_ppref_2024-09-10_1533.root
hadd Source file 253: /eos/cms/store/group/phys_heavyions/jvelazqu/energycorr/eecAnalysis_ppref_2024-09-10/eecOOHistograms/crab_eecAnalysis_ppref_2024-09-10/260910_041527/0002/eecAnalysis_ppref_2024-09-10_2393.root
hadd Source file 248: /eos/cms/store/group/phys_heavyions/jvelazqu/energycorr/eecAnalysis_ppref_2024-09-10/eecOOHistograms/crab_eecAnalysis_ppref_2024-09-10/260910_041527/0001/eecAnalysis_ppref_2024-09-10_1104.root
hadd Source file 255: /eos/cms/store/group/phys_heavyions/jvelazqu/energycorr/eecAnalysis_ppref_2024-09-10/eecOOHistograms/crab_eecAnalysis_ppref_2024-09-10/260910_041527/0003/eecAnalysis_ppref_2024-09-10_3251.root
hadd Source file 247: /eos/cms/store/group/phys_heavyions/jvelazqu/energycorr/eecAnalysis_ppref_2024-09-10/eecOOHistograms/crab_eecAnalysis_ppref_2024-09-10/260910_041527/0000/eecAnalysis_ppref_2024-09-10_675.root
hadd Source file 231: /eos/cms/store/group/phys_heavyions/jvelazqu/energycorr/eecAnalysis_ppref_2024-09-10/eecOOHistograms/crab_eecAnalysis_ppref_2024-09-10/260910_041527/0002/eecAnalysis_ppref_2024-09-10_2799.root
hadd Source file 254: /eos/cms/store/group/phys_heavyions/jvelazqu/energycorr/eecAnalysis_ppref_2024-09-10/eecOOHistograms/crab_eecAnalysis_ppref_2024-09-10/260910_041527/0002/eecAnalysis_ppref_2024-09-10_2394.root
hadd Source file 250: /eos/cms/store/group/phys_heavyions/jvelazqu/energycorr/eecAnalysis_ppref_2024-09-10/eecOOHistograms/crab_eecAnalysis_ppref_2024-09-10/260910_041527/0001/eecAnalysis_ppref_2024-09-10_1534.root
hadd Source file 248: /eos/cms/store/group/phys_heavyions/jvelazqu/energycorr/eecAnalysis_ppref_2024-09-10/eecOOHistograms/crab_eecAnalysis_ppref_2024-09-10/260910_041527/0000/eecAnalysis_ppref_2024-09-10_676.root
hadd Source file 256: /eos/cms/store/group/phys_heavyions/jvelazqu/energycorr/eecAnalysis_ppref_2024-09-10/eecOOHistograms/crab_eecAnalysis_ppref_2024-09-10/260910_041527/0003/eecAnalysis_ppref_2024-09-10_3252.root
hadd Source file 232: /eos/cms/store/group/phys_heavyions/jvelazqu/energycorr/eecAnalysis_ppref_2024-09-10/eecOOHistograms/crab_eecAnalysis_ppref_2024-09-10/260910_041527/0002/eecAnalysis_ppref_2024-09-10_2800.root
hadd Source file 249: /eos/cms/store/group/phys_heavyions/jvelazqu/energycorr/eecAnalysis_ppref_2024-09-10/eecOOHistograms/crab_eecAnalysis_ppref_2024-09-10/260910_041527/0000/eecAnalysis_ppref_2024-09-10_677.root
hadd Source file 255: /eos/cms/store/group/phys_heavyions/jvelazqu/energycorr/eecAnalysis_ppref_2024-09-10/eecOOHistograms/crab_eecAnalysis_ppref_2024-09-10/260910_041527/0002/eecAnalysis_ppref_2024-09-10_2395.root
hadd Source file 243: /eos/cms/store/group/phys_heavyions/jvelazqu/energycorr/eecAnalysis_ppref_2024-09-10/eecOOHistograms/crab_eecAnalysis_ppref_2024-09-10/260910_041527/0001/eecAnalysis_ppref_2024-09-10_1955.root
hadd Source file 251: /eos/cms/store/group/phys_heavyions/jvelazqu/energycorr/eecAnalysis_ppref_2024-09-10/eecOOHistograms/crab_eecAnalysis_ppref_2024-09-10/260910_041527/0001/eecAnalysis_ppref_2024-09-10_1535.root
hadd Source file 257: /eos/cms/store/group/phys_heavyions/jvelazqu/energycorr/eecAnalysis_ppref_2024-09-10/eecOOHistograms/crab_eecAnalysis_ppref_2024-09-10/260910_041527/0003/eecAnalysis_ppref_2024-09-10_3253.root
hadd Source file 250: /eos/cms/store/group/phys_heavyions/jvelazqu/energycorr/eecAnalysis_ppref_2024-09-10/eecOOHistograms/crab_eecAnalysis_ppref_2024-09-10/260910_041527/0000/eecAnalysis_ppref_2024-09-10_678.root
hadd Source file 252: /eos/cms/store/group/phys_heavyions/jvelazqu/energycorr/eecAnalysis_ppref_2024-09-10/eecOOHistograms/crab_eecAnalysis_ppref_2024-09-10/260910_041527/0001/eecAnalysis_ppref_2024-09-10_1536.root
hadd Source file 233: /eos/cms/store/group/phys_heavyions/jvelazqu/energycorr/eecAnalysis_ppref_2024-09-10/eecOOHistograms/crab_eecAnalysis_ppref_2024-09-10/260910_041527/0002/eecAnalysis_ppref_2024-09-10_2801.root
hadd Source file 256: /eos/cms/store/group/phys_heavyions/jvelazqu/energycorr/eecAnalysis_ppref_2024-09-10/eecOOHistograms/crab_eecAnalysis_ppref_2024-09-10/260910_041527/0002/eecAnalysis_ppref_2024-09-10_2396.root
hadd Source file 258: /eos/cms/store/group/phys_heavyions/jvelazqu/energycorr/eecAnalysis_ppref_2024-09-10/eecOOHistograms/crab_eecAnalysis_ppref_2024-09-10/260910_041527/0003/eecAnalysis_ppref_2024-09-10_3254.root
hadd Source file 278: /eos/cms/store/group/phys_heavyions/jvelazqu/energycorr/eecAnalysis_ppref_2024-09-10/eecOOHistograms/crab_eecAnalysis_ppref_2024-09-10/260910_041527/0004/eecAnalysis_ppref_2024-09-10_4130.root
hadd Source file 251: /eos/cms/store/group/phys_heavyions/jvelazqu/energycorr/eecAnalysis_ppref_2024-09-10/eecOOHistograms/crab_eecAnalysis_ppref_2024-09-10/260910_041527/0000/eecAnalysis_ppref_2024-09-10_679.root
hadd Source file 238: /eos/cms/store/group/phys_heavyions/jvelazqu/energycorr/eecAnalysis_ppref_2024-09-10/eecOOHistograms/crab_eecAnalysis_ppref_2024-09-10/260910_041527/0000/eecAnalysis_ppref_2024-09-10_238.root
hadd Source file 234: /eos/cms/store/group/phys_heavyions/jvelazqu/energycorr/eecAnalysis_ppref_2024-09-10/eecOOHistograms/crab_eecAnalysis_ppref_2024-09-10/260910_041527/0003/eecAnalysis_ppref_2024-09-10_3658.root
hadd Source file 253: /eos/cms/store/group/phys_heavyions/jvelazqu/energycorr/eecAnalysis_ppref_2024-09-10/eecOOHistograms/crab_eecAnalysis_ppref_2024-09-10/260910_041527/0001/eecAnalysis_ppref_2024-09-10_1537.root
hadd Source file 234: /eos/cms/store/group/phys_heavyions/jvelazqu/energycorr/eecAnalysis_ppref_2024-09-10/eecOOHistograms/crab_eecAnalysis_ppref_2024-09-10/260910_041527/0002/eecAnalysis_ppref_2024-09-10_2802.root
hadd Source file 259: /eos/cms/store/group/phys_heavyions/jvelazqu/energycorr/eecAnalysis_ppref_2024-09-10/eecOOHistograms/crab_eecAnalysis_ppref_2024-09-10/260910_041527/0003/eecAnalysis_ppref_2024-09-10_3255.root
hadd Source file 239: /eos/cms/store/group/phys_heavyions/jvelazqu/energycorr/eecAnalysis_ppref_2024-09-10/eecOOHistograms/crab_eecAnalysis_ppref_2024-09-10/260910_041527/0000/eecAnalysis_ppref_2024-09-10_239.root
hadd Source file 279: /eos/cms/store/group/phys_heavyions/jvelazqu/energycorr/eecAnalysis_ppref_2024-09-10/eecOOHistograms/crab_eecAnalysis_ppref_2024-09-10/260910_041527/0004/eecAnalysis_ppref_2024-09-10_4131.root
hadd Source file 252: /eos/cms/store/group/phys_heavyions/jvelazqu/energycorr/eecAnalysis_ppref_2024-09-10/eecOOHistograms/crab_eecAnalysis_ppref_2024-09-10/260910_041527/0000/eecAnalysis_ppref_2024-09-10_680.root
hadd Source file 254: /eos/cms/store/group/phys_heavyions/jvelazqu/energycorr/eecAnalysis_ppref_2024-09-10/eecOOHistograms/crab_eecAnalysis_ppref_2024-09-10/260910_041527/0001/eecAnalysis_ppref_2024-09-10_1538.root
hadd Source file 240: /eos/cms/store/group/phys_heavyions/jvelazqu/energycorr/eecAnalysis_ppref_2024-09-10/eecOOHistograms/crab_eecAnalysis_ppref_2024-09-10/260910_041527/0000/eecAnalysis_ppref_2024-09-10_240.root
hadd Source file 280: /eos/cms/store/group/phys_heavyions/jvelazqu/energycorr/eecAnalysis_ppref_2024-09-10/eecOOHistograms/crab_eecAnalysis_ppref_2024-09-10/260910_041527/0004/eecAnalysis_ppref_2024-09-10_4132.root
hadd Source file 260: /eos/cms/store/group/phys_heavyions/jvelazqu/energycorr/eecAnalysis_ppref_2024-09-10/eecOOHistograms/crab_eecAnalysis_ppref_2024-09-10/260910_041527/0003/eecAnalysis_ppref_2024-09-10_3256.root
hadd Source file 253: /eos/cms/store/group/phys_heavyions/jvelazqu/energycorr/eecAnalysis_ppref_2024-09-10/eecOOHistograms/crab_eecAnalysis_ppref_2024-09-10/260910_041527/0000/eecAnalysis_ppref_2024-09-10_681.root
hadd Source file 255: /eos/cms/store/group/phys_heavyions/jvelazqu/energycorr/eecAnalysis_ppref_2024-09-10/eecOOHistograms/crab_eecAnalysis_ppref_2024-09-10/260910_041527/0001/eecAnalysis_ppref_2024-09-10_1539.root
hadd Source file 244: /eos/cms/store/group/phys_heavyions/jvelazqu/energycorr/eecAnalysis_ppref_2024-09-10/eecOOHistograms/crab_eecAnalysis_ppref_2024-09-10/260910_041527/0001/eecAnalysis_ppref_2024-09-10_1956.root
hadd Source file 241: /eos/cms/store/group/phys_heavyions/jvelazqu/energycorr/eecAnalysis_ppref_2024-09-10/eecOOHistograms/crab_eecAnalysis_ppref_2024-09-10/260910_041527/0000/eecAnalysis_ppref_2024-09-10_241.root
hadd Source file 281: /eos/cms/store/group/phys_heavyions/jvelazqu/energycorr/eecAnalysis_ppref_2024-09-10/eecOOHistograms/crab_eecAnalysis_ppref_2024-09-10/260910_041527/0004/eecAnalysis_ppref_2024-09-10_4133.root
hadd Source file 254: /eos/cms/store/group/phys_heavyions/jvelazqu/energycorr/eecAnalysis_ppref_2024-09-10/eecOOHistograms/crab_eecAnalysis_ppref_2024-09-10/260910_041527/0000/eecAnalysis_ppref_2024-09-10_682.root
hadd Source file 261: /eos/cms/store/group/phys_heavyions/jvelazqu/energycorr/eecAnalysis_ppref_2024-09-10/eecOOHistograms/crab_eecAnalysis_ppref_2024-09-10/260910_041527/0003/eecAnalysis_ppref_2024-09-10_3257.root
hadd Source file 256: /eos/cms/store/group/phys_heavyions/jvelazqu/energycorr/eecAnalysis_ppref_2024-09-10/eecOOHistograms/crab_eecAnalysis_ppref_2024-09-10/260910_041527/0001/eecAnalysis_ppref_2024-09-10_1540.root
hadd Source file 249: /eos/cms/store/group/phys_heavyions/jvelazqu/energycorr/eecAnalysis_ppref_2024-09-10/eecOOHistograms/crab_eecAnalysis_ppref_2024-09-10/260910_041527/0001/eecAnalysis_ppref_2024-09-10_1105.root
hadd Source file 245: /eos/cms/store/group/phys_heavyions/jvelazqu/energycorr/eecAnalysis_ppref_2024-09-10/eecOOHistograms/crab_eecAnalysis_ppref_2024-09-10/260910_041527/0001/eecAnalysis_ppref_2024-09-10_1957.root
hadd Source file 257: /eos/cms/store/group/phys_heavyions/jvelazqu/energycorr/eecAnalysis_ppref_2024-09-10/eecOOHistograms/crab_eecAnalysis_ppref_2024-09-10/260910_041527/0002/eecAnalysis_ppref_2024-09-10_2397.root
hadd Source file 242: /eos/cms/store/group/phys_heavyions/jvelazqu/energycorr/eecAnalysis_ppref_2024-09-10/eecOOHistograms/crab_eecAnalysis_ppref_2024-09-10/260910_041527/0000/eecAnalysis_ppref_2024-09-10_242.root
hadd Source file 235: /eos/cms/store/group/phys_heavyions/jvelazqu/energycorr/eecAnalysis_ppref_2024-09-10/eecOOHistograms/crab_eecAnalysis_ppref_2024-09-10/260910_041527/0003/eecAnalysis_ppref_2024-09-10_3659.root
hadd Source file 235: /eos/cms/store/group/phys_heavyions/jvelazqu/energycorr/eecAnalysis_ppref_2024-09-10/eecOOHistograms/crab_eecAnalysis_ppref_2024-09-10/260910_041527/0002/eecAnalysis_ppref_2024-09-10_2803.root
hadd Source file 257: /eos/cms/store/group/phys_heavyions/jvelazqu/energycorr/eecAnalysis_ppref_2024-09-10/eecOOHistograms/crab_eecAnalysis_ppref_2024-09-10/260910_041527/0001/eecAnalysis_ppref_2024-09-10_1541.root
hadd Source file 262: /eos/cms/store/group/phys_heavyions/jvelazqu/energycorr/eecAnalysis_ppref_2024-09-10/eecOOHistograms/crab_eecAnalysis_ppref_2024-09-10/260910_041527/0003/eecAnalysis_ppref_2024-09-10_3258.root
hadd Source file 258: /eos/cms/store/group/phys_heavyions/jvelazqu/energycorr/eecAnalysis_ppref_2024-09-10/eecOOHistograms/crab_eecAnalysis_ppref_2024-09-10/260910_041527/0002/eecAnalysis_ppref_2024-09-10_2398.root
hadd Source file 282: /eos/cms/store/group/phys_heavyions/jvelazqu/energycorr/eecAnalysis_ppref_2024-09-10/eecOOHistograms/crab_eecAnalysis_ppref_2024-09-10/260910_041527/0004/eecAnalysis_ppref_2024-09-10_4134.root
hadd Source file 243: /eos/cms/store/group/phys_heavyions/jvelazqu/energycorr/eecAnalysis_ppref_2024-09-10/eecOOHistograms/crab_eecAnalysis_ppref_2024-09-10/260910_041527/0000/eecAnalysis_ppref_2024-09-10_243.root
hadd Source file 250: /eos/cms/store/group/phys_heavyions/jvelazqu/energycorr/eecAnalysis_ppref_2024-09-10/eecOOHistograms/crab_eecAnalysis_ppref_2024-09-10/260910_041527/0001/eecAnalysis_ppref_2024-09-10_1106.root
hadd Source file 246: /eos/cms/store/group/phys_heavyions/jvelazqu/energycorr/eecAnalysis_ppref_2024-09-10/eecOOHistograms/crab_eecAnalysis_ppref_2024-09-10/260910_041527/0001/eecAnalysis_ppref_2024-09-10_1958.root
hadd Source file 236: /eos/cms/store/group/phys_heavyions/jvelazqu/energycorr/eecAnalysis_ppref_2024-09-10/eecOOHistograms/crab_eecAnalysis_ppref_2024-09-10/260910_041527/0003/eecAnalysis_ppref_2024-09-10_3660.root
hadd Source file 263: /eos/cms/store/group/phys_heavyions/jvelazqu/energycorr/eecAnalysis_ppref_2024-09-10/eecOOHistograms/crab_eecAnalysis_ppref_2024-09-10/260910_041527/0003/eecAnalysis_ppref_2024-09-10_3259.root
hadd Source file 259: /eos/cms/store/group/phys_heavyions/jvelazqu/energycorr/eecAnalysis_ppref_2024-09-10/eecOOHistograms/crab_eecAnalysis_ppref_2024-09-10/260910_041527/0002/eecAnalysis_ppref_2024-09-10_2399.root
hadd Source file 251: /eos/cms/store/group/phys_heavyions/jvelazqu/energycorr/eecAnalysis_ppref_2024-09-10/eecOOHistograms/crab_eecAnalysis_ppref_2024-09-10/260910_041527/0001/eecAnalysis_ppref_2024-09-10_1107.root
hadd Source file 283: /eos/cms/store/group/phys_heavyions/jvelazqu/energycorr/eecAnalysis_ppref_2024-09-10/eecOOHistograms/crab_eecAnalysis_ppref_2024-09-10/260910_041527/0004/eecAnalysis_ppref_2024-09-10_4135.root
hadd Source file 258: /eos/cms/store/group/phys_heavyions/jvelazqu/energycorr/eecAnalysis_ppref_2024-09-10/eecOOHistograms/crab_eecAnalysis_ppref_2024-09-10/260910_041527/0001/eecAnalysis_ppref_2024-09-10_1542.root
hadd Source file 244: /eos/cms/store/group/phys_heavyions/jvelazqu/energycorr/eecAnalysis_ppref_2024-09-10/eecOOHistograms/crab_eecAnalysis_ppref_2024-09-10/260910_041527/0000/eecAnalysis_ppref_2024-09-10_244.root
hadd Source file 237: /eos/cms/store/group/phys_heavyions/jvelazqu/energycorr/eecAnalysis_ppref_2024-09-10/eecOOHistograms/crab_eecAnalysis_ppref_2024-09-10/260910_041527/0003/eecAnalysis_ppref_2024-09-10_3661.root
hadd Source file 260: /eos/cms/store/group/phys_heavyions/jvelazqu/energycorr/eecAnalysis_ppref_2024-09-10/eecOOHistograms/crab_eecAnalysis_ppref_2024-09-10/260910_041527/0002/eecAnalysis_ppref_2024-09-10_2400.root
hadd Source file 284: /eos/cms/store/group/phys_heavyions/jvelazqu/energycorr/eecAnalysis_ppref_2024-09-10/eecOOHistograms/crab_eecAnalysis_ppref_2024-09-10/260910_041527/0004/eecAnalysis_ppref_2024-09-10_4136.root
hadd Source file 238: /eos/cms/store/group/phys_heavyions/jvelazqu/energycorr/eecAnalysis_ppref_2024-09-10/eecOOHistograms/crab_eecAnalysis_ppref_2024-09-10/260910_041527/0003/eecAnalysis_ppref_2024-09-10_3662.root
hadd Source file 252: /eos/cms/store/group/phys_heavyions/jvelazqu/energycorr/eecAnalysis_ppref_2024-09-10/eecOOHistograms/crab_eecAnalysis_ppref_2024-09-10/260910_041527/0001/eecAnalysis_ppref_2024-09-10_1108.root
hadd Source file 259: /eos/cms/store/group/phys_heavyions/jvelazqu/energycorr/eecAnalysis_ppref_2024-09-10/eecOOHistograms/crab_eecAnalysis_ppref_2024-09-10/260910_041527/0001/eecAnalysis_ppref_2024-09-10_1543.root
hadd Source file 245: /eos/cms/store/group/phys_heavyions/jvelazqu/energycorr/eecAnalysis_ppref_2024-09-10/eecOOHistograms/crab_eecAnalysis_ppref_2024-09-10/260910_041527/0000/eecAnalysis_ppref_2024-09-10_245.root
hadd Source file 255: /eos/cms/store/group/phys_heavyions/jvelazqu/energycorr/eecAnalysis_ppref_2024-09-10/eecOOHistograms/crab_eecAnalysis_ppref_2024-09-10/260910_041527/0000/eecAnalysis_ppref_2024-09-10_683.root
hadd Source file 261: /eos/cms/store/group/phys_heavyions/jvelazqu/energycorr/eecAnalysis_ppref_2024-09-10/eecOOHistograms/crab_eecAnalysis_ppref_2024-09-10/260910_041527/0002/eecAnalysis_ppref_2024-09-10_2401.root
hadd Source file 253: /eos/cms/store/group/phys_heavyions/jvelazqu/energycorr/eecAnalysis_ppref_2024-09-10/eecOOHistograms/crab_eecAnalysis_ppref_2024-09-10/260910_041527/0001/eecAnalysis_ppref_2024-09-10_1109.root
hadd Source file 239: /eos/cms/store/group/phys_heavyions/jvelazqu/energycorr/eecAnalysis_ppref_2024-09-10/eecOOHistograms/crab_eecAnalysis_ppref_2024-09-10/260910_041527/0003/eecAnalysis_ppref_2024-09-10_3663.root
hadd Source file 260: /eos/cms/store/group/phys_heavyions/jvelazqu/energycorr/eecAnalysis_ppref_2024-09-10/eecOOHistograms/crab_eecAnalysis_ppref_2024-09-10/260910_041527/0001/eecAnalysis_ppref_2024-09-10_1544.root
hadd Source file 285: /eos/cms/store/group/phys_heavyions/jvelazqu/energycorr/eecAnalysis_ppref_2024-09-10/eecOOHistograms/crab_eecAnalysis_ppref_2024-09-10/260910_041527/0004/eecAnalysis_ppref_2024-09-10_4137.root
hadd Source file 254: /eos/cms/store/group/phys_heavyions/jvelazqu/energycorr/eecAnalysis_ppref_2024-09-10/eecOOHistograms/crab_eecAnalysis_ppref_2024-09-10/260910_041527/0001/eecAnalysis_ppref_2024-09-10_1110.root
hadd Source file 246: /eos/cms/store/group/phys_heavyions/jvelazqu/energycorr/eecAnalysis_ppref_2024-09-10/eecOOHistograms/crab_eecAnalysis_ppref_2024-09-10/260910_041527/0000/eecAnalysis_ppref_2024-09-10_246.root
hadd Source file 256: /eos/cms/store/group/phys_heavyions/jvelazqu/energycorr/eecAnalysis_ppref_2024-09-10/eecOOHistograms/crab_eecAnalysis_ppref_2024-09-10/260910_041527/0000/eecAnalysis_ppref_2024-09-10_684.root
hadd Source file 236: /eos/cms/store/group/phys_heavyions/jvelazqu/energycorr/eecAnalysis_ppref_2024-09-10/eecOOHistograms/crab_eecAnalysis_ppref_2024-09-10/260910_041527/0002/eecAnalysis_ppref_2024-09-10_2804.root
hadd Source file 286: /eos/cms/store/group/phys_heavyions/jvelazqu/energycorr/eecAnalysis_ppref_2024-09-10/eecOOHistograms/crab_eecAnalysis_ppref_2024-09-10/260910_041527/0004/eecAnalysis_ppref_2024-09-10_4138.root
hadd Source file 240: /eos/cms/store/group/phys_heavyions/jvelazqu/energycorr/eecAnalysis_ppref_2024-09-10/eecOOHistograms/crab_eecAnalysis_ppref_2024-09-10/260910_041527/0003/eecAnalysis_ppref_2024-09-10_3664.root
hadd Source file 264: /eos/cms/store/group/phys_heavyions/jvelazqu/energycorr/eecAnalysis_ppref_2024-09-10/eecOOHistograms/crab_eecAnalysis_ppref_2024-09-10/260910_041527/0003/eecAnalysis_ppref_2024-09-10_3260.root
hadd Source file 247: /eos/cms/store/group/phys_heavyions/jvelazqu/energycorr/eecAnalysis_ppref_2024-09-10/eecOOHistograms/crab_eecAnalysis_ppref_2024-09-10/260910_041527/0001/eecAnalysis_ppref_2024-09-10_1959.root
hadd Source file 247: /eos/cms/store/group/phys_heavyions/jvelazqu/energycorr/eecAnalysis_ppref_2024-09-10/eecOOHistograms/crab_eecAnalysis_ppref_2024-09-10/260910_041527/0000/eecAnalysis_ppref_2024-09-10_247.root
hadd Source file 255: /eos/cms/store/group/phys_heavyions/jvelazqu/energycorr/eecAnalysis_ppref_2024-09-10/eecOOHistograms/crab_eecAnalysis_ppref_2024-09-10/260910_041527/0001/eecAnalysis_ppref_2024-09-10_1111.root
hadd Source file 257: /eos/cms/store/group/phys_heavyions/jvelazqu/energycorr/eecAnalysis_ppref_2024-09-10/eecOOHistograms/crab_eecAnalysis_ppref_2024-09-10/260910_041527/0000/eecAnalysis_ppref_2024-09-10_685.root
hadd Source file 237: /eos/cms/store/group/phys_heavyions/jvelazqu/energycorr/eecAnalysis_ppref_2024-09-10/eecOOHistograms/crab_eecAnalysis_ppref_2024-09-10/260910_041527/0002/eecAnalysis_ppref_2024-09-10_2805.root
hadd Source file 287: /eos/cms/store/group/phys_heavyions/jvelazqu/energycorr/eecAnalysis_ppref_2024-09-10/eecOOHistograms/crab_eecAnalysis_ppref_2024-09-10/260910_041527/0004/eecAnalysis_ppref_2024-09-10_4139.root
hadd Source file 241: /eos/cms/store/group/phys_heavyions/jvelazqu/energycorr/eecAnalysis_ppref_2024-09-10/eecOOHistograms/crab_eecAnalysis_ppref_2024-09-10/260910_041527/0003/eecAnalysis_ppref_2024-09-10_3665.root
hadd Source file 265: /eos/cms/store/group/phys_heavyions/jvelazqu/energycorr/eecAnalysis_ppref_2024-09-10/eecOOHistograms/crab_eecAnalysis_ppref_2024-09-10/260910_041527/0003/eecAnalysis_ppref_2024-09-10_3261.root
hadd Source file 248: /eos/cms/store/group/phys_heavyions/jvelazqu/energycorr/eecAnalysis_ppref_2024-09-10/eecOOHistograms/crab_eecAnalysis_ppref_2024-09-10/260910_041527/0001/eecAnalysis_ppref_2024-09-10_1960.root
hadd Source file 256: /eos/cms/store/group/phys_heavyions/jvelazqu/energycorr/eecAnalysis_ppref_2024-09-10/eecOOHistograms/crab_eecAnalysis_ppref_2024-09-10/260910_041527/0001/eecAnalysis_ppref_2024-09-10_1112.root
hadd Source file 257: /eos/cms/store/group/phys_heavyions/jvelazqu/energycorr/eecAnalysis_ppref_2024-09-10/eecOOHistograms/crab_eecAnalysis_ppref_2024-09-10/260910_041527/0001/eecAnalysis_ppref_2024-09-10_1113.root
hadd Source file 288: /eos/cms/store/group/phys_heavyions/jvelazqu/energycorr/eecAnalysis_ppref_2024-09-10/eecOOHistograms/crab_eecAnalysis_ppref_2024-09-10/260910_041527/0004/eecAnalysis_ppref_2024-09-10_4140.root
hadd Source file 266: /eos/cms/store/group/phys_heavyions/jvelazqu/energycorr/eecAnalysis_ppref_2024-09-10/eecOOHistograms/crab_eecAnalysis_ppref_2024-09-10/260910_041527/0003/eecAnalysis_ppref_2024-09-10_3262.root
hadd Source file 238: /eos/cms/store/group/phys_heavyions/jvelazqu/energycorr/eecAnalysis_ppref_2024-09-10/eecOOHistograms/crab_eecAnalysis_ppref_2024-09-10/260910_041527/0002/eecAnalysis_ppref_2024-09-10_2806.root
hadd Source file 249: /eos/cms/store/group/phys_heavyions/jvelazqu/energycorr/eecAnalysis_ppref_2024-09-10/eecOOHistograms/crab_eecAnalysis_ppref_2024-09-10/260910_041527/0001/eecAnalysis_ppref_2024-09-10_1961.root
hadd Source file 242: /eos/cms/store/group/phys_heavyions/jvelazqu/energycorr/eecAnalysis_ppref_2024-09-10/eecOOHistograms/crab_eecAnalysis_ppref_2024-09-10/260910_041527/0003/eecAnalysis_ppref_2024-09-10_3666.root
hadd Source file 258: /eos/cms/store/group/phys_heavyions/jvelazqu/energycorr/eecAnalysis_ppref_2024-09-10/eecOOHistograms/crab_eecAnalysis_ppref_2024-09-10/260910_041527/0000/eecAnalysis_ppref_2024-09-10_686.root
hadd Source file 243: /eos/cms/store/group/phys_heavyions/jvelazqu/energycorr/eecAnalysis_ppref_2024-09-10/eecOOHistograms/crab_eecAnalysis_ppref_2024-09-10/260910_041527/0003/eecAnalysis_ppref_2024-09-10_3667.root
hadd Source file 267: /eos/cms/store/group/phys_heavyions/jvelazqu/energycorr/eecAnalysis_ppref_2024-09-10/eecOOHistograms/crab_eecAnalysis_ppref_2024-09-10/260910_041527/0003/eecAnalysis_ppref_2024-09-10_3263.root
hadd Source file 239: /eos/cms/store/group/phys_heavyions/jvelazqu/energycorr/eecAnalysis_ppref_2024-09-10/eecOOHistograms/crab_eecAnalysis_ppref_2024-09-10/260910_041527/0002/eecAnalysis_ppref_2024-09-10_2807.root
hadd Source file 258: /eos/cms/store/group/phys_heavyions/jvelazqu/energycorr/eecAnalysis_ppref_2024-09-10/eecOOHistograms/crab_eecAnalysis_ppref_2024-09-10/260910_041527/0001/eecAnalysis_ppref_2024-09-10_1114.root
hadd Source file 289: /eos/cms/store/group/phys_heavyions/jvelazqu/energycorr/eecAnalysis_ppref_2024-09-10/eecOOHistograms/crab_eecAnalysis_ppref_2024-09-10/260910_041527/0004/eecAnalysis_ppref_2024-09-10_4141.root
hadd Source file 244: /eos/cms/store/group/phys_heavyions/jvelazqu/energycorr/eecAnalysis_ppref_2024-09-10/eecOOHistograms/crab_eecAnalysis_ppref_2024-09-10/260910_041527/0003/eecAnalysis_ppref_2024-09-10_3668.root
hadd Source file 261: /eos/cms/store/group/phys_heavyions/jvelazqu/energycorr/eecAnalysis_ppref_2024-09-10/eecOOHistograms/crab_eecAnalysis_ppref_2024-09-10/260910_041527/0001/eecAnalysis_ppref_2024-09-10_1545.root
hadd Source file 259: /eos/cms/store/group/phys_heavyions/jvelazqu/energycorr/eecAnalysis_ppref_2024-09-10/eecOOHistograms/crab_eecAnalysis_ppref_2024-09-10/260910_041527/0000/eecAnalysis_ppref_2024-09-10_687.root
hadd Source file 259: /eos/cms/store/group/phys_heavyions/jvelazqu/energycorr/eecAnalysis_ppref_2024-09-10/eecOOHistograms/crab_eecAnalysis_ppref_2024-09-10/260910_041527/0001/eecAnalysis_ppref_2024-09-10_1115.root
hadd Source file 268: /eos/cms/store/group/phys_heavyions/jvelazqu/energycorr/eecAnalysis_ppref_2024-09-10/eecOOHistograms/crab_eecAnalysis_ppref_2024-09-10/260910_041527/0003/eecAnalysis_ppref_2024-09-10_3264.root
hadd Source file 290: /eos/cms/store/group/phys_heavyions/jvelazqu/energycorr/eecAnalysis_ppref_2024-09-10/eecOOHistograms/crab_eecAnalysis_ppref_2024-09-10/260910_041527/0004/eecAnalysis_ppref_2024-09-10_4142.root
hadd Source file 245: /eos/cms/store/group/phys_heavyions/jvelazqu/energycorr/eecAnalysis_ppref_2024-09-10/eecOOHistograms/crab_eecAnalysis_ppref_2024-09-10/260910_041527/0003/eecAnalysis_ppref_2024-09-10_3669.root
hadd Source file 260: /eos/cms/store/group/phys_heavyions/jvelazqu/energycorr/eecAnalysis_ppref_2024-09-10/eecOOHistograms/crab_eecAnalysis_ppref_2024-09-10/260910_041527/0000/eecAnalysis_ppref_2024-09-10_688.root
hadd Source file 260: /eos/cms/store/group/phys_heavyions/jvelazqu/energycorr/eecAnalysis_ppref_2024-09-10/eecOOHistograms/crab_eecAnalysis_ppref_2024-09-10/260910_041527/0001/eecAnalysis_ppref_2024-09-10_1116.root
hadd Source file 262: /eos/cms/store/group/phys_heavyions/jvelazqu/energycorr/eecAnalysis_ppref_2024-09-10/eecOOHistograms/crab_eecAnalysis_ppref_2024-09-10/260910_041527/0001/eecAnalysis_ppref_2024-09-10_1546.root
hadd Source file 291: /eos/cms/store/group/phys_heavyions/jvelazqu/energycorr/eecAnalysis_ppref_2024-09-10/eecOOHistograms/crab_eecAnalysis_ppref_2024-09-10/260910_041527/0004/eecAnalysis_ppref_2024-09-10_4143.root
hadd Source file 246: /eos/cms/store/group/phys_heavyions/jvelazqu/energycorr/eecAnalysis_ppref_2024-09-10/eecOOHistograms/crab_eecAnalysis_ppref_2024-09-10/260910_041527/0003/eecAnalysis_ppref_2024-09-10_3670.root
hadd Source file 269: /eos/cms/store/group/phys_heavyions/jvelazqu/energycorr/eecAnalysis_ppref_2024-09-10/eecOOHistograms/crab_eecAnalysis_ppref_2024-09-10/260910_041527/0003/eecAnalysis_ppref_2024-09-10_3265.root
hadd Source file 261: /eos/cms/store/group/phys_heavyions/jvelazqu/energycorr/eecAnalysis_ppref_2024-09-10/eecOOHistograms/crab_eecAnalysis_ppref_2024-09-10/260910_041527/0001/eecAnalysis_ppref_2024-09-10_1117.root
hadd Source file 263: /eos/cms/store/group/phys_heavyions/jvelazqu/energycorr/eecAnalysis_ppref_2024-09-10/eecOOHistograms/crab_eecAnalysis_ppref_2024-09-10/260910_041527/0001/eecAnalysis_ppref_2024-09-10_1547.root
hadd Source file 248: /eos/cms/store/group/phys_heavyions/jvelazqu/energycorr/eecAnalysis_ppref_2024-09-10/eecOOHistograms/crab_eecAnalysis_ppref_2024-09-10/260910_041527/0000/eecAnalysis_ppref_2024-09-10_248.root
hadd Source file 292: /eos/cms/store/group/phys_heavyions/jvelazqu/energycorr/eecAnalysis_ppref_2024-09-10/eecOOHistograms/crab_eecAnalysis_ppref_2024-09-10/260910_041527/0004/eecAnalysis_ppref_2024-09-10_4144.root
hadd Source file 270: /eos/cms/store/group/phys_heavyions/jvelazqu/energycorr/eecAnalysis_ppref_2024-09-10/eecOOHistograms/crab_eecAnalysis_ppref_2024-09-10/260910_041527/0003/eecAnalysis_ppref_2024-09-10_3266.root
hadd Source file 250: /eos/cms/store/group/phys_heavyions/jvelazqu/energycorr/eecAnalysis_ppref_2024-09-10/eecOOHistograms/crab_eecAnalysis_ppref_2024-09-10/260910_041527/0001/eecAnalysis_ppref_2024-09-10_1962.root
hadd Source file 262: /eos/cms/store/group/phys_heavyions/jvelazqu/energycorr/eecAnalysis_ppref_2024-09-10/eecOOHistograms/crab_eecAnalysis_ppref_2024-09-10/260910_041527/0001/eecAnalysis_ppref_2024-09-10_1118.root
hadd Source file 247: /eos/cms/store/group/phys_heavyions/jvelazqu/energycorr/eecAnalysis_ppref_2024-09-10/eecOOHistograms/crab_eecAnalysis_ppref_2024-09-10/260910_041527/0003/eecAnalysis_ppref_2024-09-10_3671.root
hadd Source file 264: /eos/cms/store/group/phys_heavyions/jvelazqu/energycorr/eecAnalysis_ppref_2024-09-10/eecOOHistograms/crab_eecAnalysis_ppref_2024-09-10/260910_041527/0001/eecAnalysis_ppref_2024-09-10_1548.root
hadd Source file 249: /eos/cms/store/group/phys_heavyions/jvelazqu/energycorr/eecAnalysis_ppref_2024-09-10/eecOOHistograms/crab_eecAnalysis_ppref_2024-09-10/260910_041527/0000/eecAnalysis_ppref_2024-09-10_249.root
hadd Source file 271: /eos/cms/store/group/phys_heavyions/jvelazqu/energycorr/eecAnalysis_ppref_2024-09-10/eecOOHistograms/crab_eecAnalysis_ppref_2024-09-10/260910_041527/0003/eecAnalysis_ppref_2024-09-10_3267.root
hadd Source file 263: /eos/cms/store/group/phys_heavyions/jvelazqu/energycorr/eecAnalysis_ppref_2024-09-10/eecOOHistograms/crab_eecAnalysis_ppref_2024-09-10/260910_041527/0001/eecAnalysis_ppref_2024-09-10_1119.root
hadd Source file 265: /eos/cms/store/group/phys_heavyions/jvelazqu/energycorr/eecAnalysis_ppref_2024-09-10/eecOOHistograms/crab_eecAnalysis_ppref_2024-09-10/260910_041527/0001/eecAnalysis_ppref_2024-09-10_1549.root
hadd Source file 250: /eos/cms/store/group/phys_heavyions/jvelazqu/energycorr/eecAnalysis_ppref_2024-09-10/eecOOHistograms/crab_eecAnalysis_ppref_2024-09-10/260910_041527/0000/eecAnalysis_ppref_2024-09-10_250.root
hadd Source file 248: /eos/cms/store/group/phys_heavyions/jvelazqu/energycorr/eecAnalysis_ppref_2024-09-10/eecOOHistograms/crab_eecAnalysis_ppref_2024-09-10/260910_041527/0003/eecAnalysis_ppref_2024-09-10_3672.root
hadd Source file 251: /eos/cms/store/group/phys_heavyions/jvelazqu/energycorr/eecAnalysis_ppref_2024-09-10/eecOOHistograms/crab_eecAnalysis_ppref_2024-09-10/260910_041527/0001/eecAnalysis_ppref_2024-09-10_1963.root
hadd Source file 240: /eos/cms/store/group/phys_heavyions/jvelazqu/energycorr/eecAnalysis_ppref_2024-09-10/eecOOHistograms/crab_eecAnalysis_ppref_2024-09-10/260910_041527/0002/eecAnalysis_ppref_2024-09-10_2808.root
hadd Source file 266: /eos/cms/store/group/phys_heavyions/jvelazqu/energycorr/eecAnalysis_ppref_2024-09-10/eecOOHistograms/crab_eecAnalysis_ppref_2024-09-10/260910_041527/0001/eecAnalysis_ppref_2024-09-10_1550.root
hadd Source file 293: /eos/cms/store/group/phys_heavyions/jvelazqu/energycorr/eecAnalysis_ppref_2024-09-10/eecOOHistograms/crab_eecAnalysis_ppref_2024-09-10/260910_041527/0004/eecAnalysis_ppref_2024-09-10_4145.root
hadd Source file 264: /eos/cms/store/group/phys_heavyions/jvelazqu/energycorr/eecAnalysis_ppref_2024-09-10/eecOOHistograms/crab_eecAnalysis_ppref_2024-09-10/260910_041527/0001/eecAnalysis_ppref_2024-09-10_1120.root
hadd Source file 251: /eos/cms/store/group/phys_heavyions/jvelazqu/energycorr/eecAnalysis_ppref_2024-09-10/eecOOHistograms/crab_eecAnalysis_ppref_2024-09-10/260910_041527/0000/eecAnalysis_ppref_2024-09-10_251.root
hadd Source file 252: /eos/cms/store/group/phys_heavyions/jvelazqu/energycorr/eecAnalysis_ppref_2024-09-10/eecOOHistograms/crab_eecAnalysis_ppref_2024-09-10/260910_041527/0001/eecAnalysis_ppref_2024-09-10_1964.root
hadd Source file 249: /eos/cms/store/group/phys_heavyions/jvelazqu/energycorr/eecAnalysis_ppref_2024-09-10/eecOOHistograms/crab_eecAnalysis_ppref_2024-09-10/260910_041527/0003/eecAnalysis_ppref_2024-09-10_3673.root
hadd Source file 267: /eos/cms/store/group/phys_heavyions/jvelazqu/energycorr/eecAnalysis_ppref_2024-09-10/eecOOHistograms/crab_eecAnalysis_ppref_2024-09-10/260910_041527/0001/eecAnalysis_ppref_2024-09-10_1551.root
hadd Source file 272: /eos/cms/store/group/phys_heavyions/jvelazqu/energycorr/eecAnalysis_ppref_2024-09-10/eecOOHistograms/crab_eecAnalysis_ppref_2024-09-10/260910_041527/0003/eecAnalysis_ppref_2024-09-10_3268.root
hadd Source file 241: /eos/cms/store/group/phys_heavyions/jvelazqu/energycorr/eecAnalysis_ppref_2024-09-10/eecOOHistograms/crab_eecAnalysis_ppref_2024-09-10/260910_041527/0002/eecAnalysis_ppref_2024-09-10_2809.root
hadd Source file 294: /eos/cms/store/group/phys_heavyions/jvelazqu/energycorr/eecAnalysis_ppref_2024-09-10/eecOOHistograms/crab_eecAnalysis_ppref_2024-09-10/260910_041527/0004/eecAnalysis_ppref_2024-09-10_4146.root
hadd Source file 265: /eos/cms/store/group/phys_heavyions/jvelazqu/energycorr/eecAnalysis_ppref_2024-09-10/eecOOHistograms/crab_eecAnalysis_ppref_2024-09-10/260910_041527/0001/eecAnalysis_ppref_2024-09-10_1121.root
hadd Source file 252: /eos/cms/store/group/phys_heavyions/jvelazqu/energycorr/eecAnalysis_ppref_2024-09-10/eecOOHistograms/crab_eecAnalysis_ppref_2024-09-10/260910_041527/0000/eecAnalysis_ppref_2024-09-10_252.root
hadd Source file 253: /eos/cms/store/group/phys_heavyions/jvelazqu/energycorr/eecAnalysis_ppref_2024-09-10/eecOOHistograms/crab_eecAnalysis_ppref_2024-09-10/260910_041527/0001/eecAnalysis_ppref_2024-09-10_1965.root
hadd Source file 250: /eos/cms/store/group/phys_heavyions/jvelazqu/energycorr/eecAnalysis_ppref_2024-09-10/eecOOHistograms/crab_eecAnalysis_ppref_2024-09-10/260910_041527/0003/eecAnalysis_ppref_2024-09-10_3674.root
hadd Source file 273: /eos/cms/store/group/phys_heavyions/jvelazqu/energycorr/eecAnalysis_ppref_2024-09-10/eecOOHistograms/crab_eecAnalysis_ppref_2024-09-10/260910_041527/0003/eecAnalysis_ppref_2024-09-10_3269.root
hadd Source file 242: /eos/cms/store/group/phys_heavyions/jvelazqu/energycorr/eecAnalysis_ppref_2024-09-10/eecOOHistograms/crab_eecAnalysis_ppref_2024-09-10/260910_041527/0002/eecAnalysis_ppref_2024-09-10_2810.root
hadd Source file 268: /eos/cms/store/group/phys_heavyions/jvelazqu/energycorr/eecAnalysis_ppref_2024-09-10/eecOOHistograms/crab_eecAnalysis_ppref_2024-09-10/260910_041527/0001/eecAnalysis_ppref_2024-09-10_1552.root
hadd Source file 295: /eos/cms/store/group/phys_heavyions/jvelazqu/energycorr/eecAnalysis_ppref_2024-09-10/eecOOHistograms/crab_eecAnalysis_ppref_2024-09-10/260910_041527/0004/eecAnalysis_ppref_2024-09-10_4147.root
hadd Source file 254: /eos/cms/store/group/phys_heavyions/jvelazqu/energycorr/eecAnalysis_ppref_2024-09-10/eecOOHistograms/crab_eecAnalysis_ppref_2024-09-10/260910_041527/0001/eecAnalysis_ppref_2024-09-10_1966.root
hadd Source file 253: /eos/cms/store/group/phys_heavyions/jvelazqu/energycorr/eecAnalysis_ppref_2024-09-10/eecOOHistograms/crab_eecAnalysis_ppref_2024-09-10/260910_041527/0000/eecAnalysis_ppref_2024-09-10_253.root
hadd Source file 243: /eos/cms/store/group/phys_heavyions/jvelazqu/energycorr/eecAnalysis_ppref_2024-09-10/eecOOHistograms/crab_eecAnalysis_ppref_2024-09-10/260910_041527/0002/eecAnalysis_ppref_2024-09-10_2811.root
hadd Source file 274: /eos/cms/store/group/phys_heavyions/jvelazqu/energycorr/eecAnalysis_ppref_2024-09-10/eecOOHistograms/crab_eecAnalysis_ppref_2024-09-10/260910_041527/0003/eecAnalysis_ppref_2024-09-10_3270.root
hadd Source file 266: /eos/cms/store/group/phys_heavyions/jvelazqu/energycorr/eecAnalysis_ppref_2024-09-10/eecOOHistograms/crab_eecAnalysis_ppref_2024-09-10/260910_041527/0001/eecAnalysis_ppref_2024-09-10_1122.root
hadd Source file 254: /eos/cms/store/group/phys_heavyions/jvelazqu/energycorr/eecAnalysis_ppref_2024-09-10/eecOOHistograms/crab_eecAnalysis_ppref_2024-09-10/260910_041527/0000/eecAnalysis_ppref_2024-09-10_254.root
hadd Source file 255: /eos/cms/store/group/phys_heavyions/jvelazqu/energycorr/eecAnalysis_ppref_2024-09-10/eecOOHistograms/crab_eecAnalysis_ppref_2024-09-10/260910_041527/0001/eecAnalysis_ppref_2024-09-10_1967.root
hadd Source file 269: /eos/cms/store/group/phys_heavyions/jvelazqu/energycorr/eecAnalysis_ppref_2024-09-10/eecOOHistograms/crab_eecAnalysis_ppref_2024-09-10/260910_041527/0001/eecAnalysis_ppref_2024-09-10_1553.root
hadd Source file 275: /eos/cms/store/group/phys_heavyions/jvelazqu/energycorr/eecAnalysis_ppref_2024-09-10/eecOOHistograms/crab_eecAnalysis_ppref_2024-09-10/260910_041527/0003/eecAnalysis_ppref_2024-09-10_3271.root
hadd Source file 244: /eos/cms/store/group/phys_heavyions/jvelazqu/energycorr/eecAnalysis_ppref_2024-09-10/eecOOHistograms/crab_eecAnalysis_ppref_2024-09-10/260910_041527/0002/eecAnalysis_ppref_2024-09-10_2812.root
hadd Source file 255: /eos/cms/store/group/phys_heavyions/jvelazqu/energycorr/eecAnalysis_ppref_2024-09-10/eecOOHistograms/crab_eecAnalysis_ppref_2024-09-10/260910_041527/0000/eecAnalysis_ppref_2024-09-10_255.root
hadd Source file 261: /eos/cms/store/group/phys_heavyions/jvelazqu/energycorr/eecAnalysis_ppref_2024-09-10/eecOOHistograms/crab_eecAnalysis_ppref_2024-09-10/260910_041527/0000/eecAnalysis_ppref_2024-09-10_689.root
hadd Source file 267: /eos/cms/store/group/phys_heavyions/jvelazqu/energycorr/eecAnalysis_ppref_2024-09-10/eecOOHistograms/crab_eecAnalysis_ppref_2024-09-10/260910_041527/0001/eecAnalysis_ppref_2024-09-10_1123.root
hadd Source file 270: /eos/cms/store/group/phys_heavyions/jvelazqu/energycorr/eecAnalysis_ppref_2024-09-10/eecOOHistograms/crab_eecAnalysis_ppref_2024-09-10/260910_041527/0001/eecAnalysis_ppref_2024-09-10_1554.root
hadd Source file 256: /eos/cms/store/group/phys_heavyions/jvelazqu/energycorr/eecAnalysis_ppref_2024-09-10/eecOOHistograms/crab_eecAnalysis_ppref_2024-09-10/260910_041527/0001/eecAnalysis_ppref_2024-09-10_1968.root
hadd Source file 245: /eos/cms/store/group/phys_heavyions/jvelazqu/energycorr/eecAnalysis_ppref_2024-09-10/eecOOHistograms/crab_eecAnalysis_ppref_2024-09-10/260910_041527/0002/eecAnalysis_ppref_2024-09-10_2813.root
hadd Source file 251: /eos/cms/store/group/phys_heavyions/jvelazqu/energycorr/eecAnalysis_ppref_2024-09-10/eecOOHistograms/crab_eecAnalysis_ppref_2024-09-10/260910_041527/0003/eecAnalysis_ppref_2024-09-10_3675.root
hadd Source file 276: /eos/cms/store/group/phys_heavyions/jvelazqu/energycorr/eecAnalysis_ppref_2024-09-10/eecOOHistograms/crab_eecAnalysis_ppref_2024-09-10/260910_041527/0003/eecAnalysis_ppref_2024-09-10_3272.root
hadd Source file 256: /eos/cms/store/group/phys_heavyions/jvelazqu/energycorr/eecAnalysis_ppref_2024-09-10/eecOOHistograms/crab_eecAnalysis_ppref_2024-09-10/260910_041527/0000/eecAnalysis_ppref_2024-09-10_256.root
hadd Source file 271: /eos/cms/store/group/phys_heavyions/jvelazqu/energycorr/eecAnalysis_ppref_2024-09-10/eecOOHistograms/crab_eecAnalysis_ppref_2024-09-10/260910_041527/0001/eecAnalysis_ppref_2024-09-10_1555.root
hadd Source file 262: /eos/cms/store/group/phys_heavyions/jvelazqu/energycorr/eecAnalysis_ppref_2024-09-10/eecOOHistograms/crab_eecAnalysis_ppref_2024-09-10/260910_041527/0000/eecAnalysis_ppref_2024-09-10_690.root
hadd Source file 268: /eos/cms/store/group/phys_heavyions/jvelazqu/energycorr/eecAnalysis_ppref_2024-09-10/eecOOHistograms/crab_eecAnalysis_ppref_2024-09-10/260910_041527/0001/eecAnalysis_ppref_2024-09-10_1124.root
hadd Source file 257: /eos/cms/store/group/phys_heavyions/jvelazqu/energycorr/eecAnalysis_ppref_2024-09-10/eecOOHistograms/crab_eecAnalysis_ppref_2024-09-10/260910_041527/0000/eecAnalysis_ppref_2024-09-10_257.root
hadd Source file 252: /eos/cms/store/group/phys_heavyions/jvelazqu/energycorr/eecAnalysis_ppref_2024-09-10/eecOOHistograms/crab_eecAnalysis_ppref_2024-09-10/260910_041527/0003/eecAnalysis_ppref_2024-09-10_3676.root
hadd Source file 277: /eos/cms/store/group/phys_heavyions/jvelazqu/energycorr/eecAnalysis_ppref_2024-09-10/eecOOHistograms/crab_eecAnalysis_ppref_2024-09-10/260910_041527/0003/eecAnalysis_ppref_2024-09-10_3273.root
hadd Source file 296: /eos/cms/store/group/phys_heavyions/jvelazqu/energycorr/eecAnalysis_ppref_2024-09-10/eecOOHistograms/crab_eecAnalysis_ppref_2024-09-10/260910_041527/0004/eecAnalysis_ppref_2024-09-10_4148.root
hadd Source file 263: /eos/cms/store/group/phys_heavyions/jvelazqu/energycorr/eecAnalysis_ppref_2024-09-10/eecOOHistograms/crab_eecAnalysis_ppref_2024-09-10/260910_041527/0000/eecAnalysis_ppref_2024-09-10_691.root
hadd Source file 269: /eos/cms/store/group/phys_heavyions/jvelazqu/energycorr/eecAnalysis_ppref_2024-09-10/eecOOHistograms/crab_eecAnalysis_ppref_2024-09-10/260910_041527/0001/eecAnalysis_ppref_2024-09-10_1125.root
hadd Source file 246: /eos/cms/store/group/phys_heavyions/jvelazqu/energycorr/eecAnalysis_ppref_2024-09-10/eecOOHistograms/crab_eecAnalysis_ppref_2024-09-10/260910_041527/0002/eecAnalysis_ppref_2024-09-10_2814.root
hadd Source file 272: /eos/cms/store/group/phys_heavyions/jvelazqu/energycorr/eecAnalysis_ppref_2024-09-10/eecOOHistograms/crab_eecAnalysis_ppref_2024-09-10/260910_041527/0001/eecAnalysis_ppref_2024-09-10_1556.root
hadd Source file 264: /eos/cms/store/group/phys_heavyions/jvelazqu/energycorr/eecAnalysis_ppref_2024-09-10/eecOOHistograms/crab_eecAnalysis_ppref_2024-09-10/260910_041527/0000/eecAnalysis_ppref_2024-09-10_692.root
hadd Source file 257: /eos/cms/store/group/phys_heavyions/jvelazqu/energycorr/eecAnalysis_ppref_2024-09-10/eecOOHistograms/crab_eecAnalysis_ppref_2024-09-10/260910_041527/0001/eecAnalysis_ppref_2024-09-10_1969.root
hadd Source file 278: /eos/cms/store/group/phys_heavyions/jvelazqu/energycorr/eecAnalysis_ppref_2024-09-10/eecOOHistograms/crab_eecAnalysis_ppref_2024-09-10/260910_041527/0003/eecAnalysis_ppref_2024-09-10_3274.root
hadd Source file 297: /eos/cms/store/group/phys_heavyions/jvelazqu/energycorr/eecAnalysis_ppref_2024-09-10/eecOOHistograms/crab_eecAnalysis_ppref_2024-09-10/260910_041527/0004/eecAnalysis_ppref_2024-09-10_4149.root
hadd Source file 247: /eos/cms/store/group/phys_heavyions/jvelazqu/energycorr/eecAnalysis_ppref_2024-09-10/eecOOHistograms/crab_eecAnalysis_ppref_2024-09-10/260910_041527/0002/eecAnalysis_ppref_2024-09-10_2815.root
hadd Source file 265: /eos/cms/store/group/phys_heavyions/jvelazqu/energycorr/eecAnalysis_ppref_2024-09-10/eecOOHistograms/crab_eecAnalysis_ppref_2024-09-10/260910_041527/0000/eecAnalysis_ppref_2024-09-10_693.root
hadd Source file 270: /eos/cms/store/group/phys_heavyions/jvelazqu/energycorr/eecAnalysis_ppref_2024-09-10/eecOOHistograms/crab_eecAnalysis_ppref_2024-09-10/260910_041527/0001/eecAnalysis_ppref_2024-09-10_1126.root
hadd Source file 258: /eos/cms/store/group/phys_heavyions/jvelazqu/energycorr/eecAnalysis_ppref_2024-09-10/eecOOHistograms/crab_eecAnalysis_ppref_2024-09-10/260910_041527/0001/eecAnalysis_ppref_2024-09-10_1970.root
hadd Source file 248: /eos/cms/store/group/phys_heavyions/jvelazqu/energycorr/eecAnalysis_ppref_2024-09-10/eecOOHistograms/crab_eecAnalysis_ppref_2024-09-10/260910_041527/0002/eecAnalysis_ppref_2024-09-10_2816.root
hadd Source file 279: /eos/cms/store/group/phys_heavyions/jvelazqu/energycorr/eecAnalysis_ppref_2024-09-10/eecOOHistograms/crab_eecAnalysis_ppref_2024-09-10/260910_041527/0003/eecAnalysis_ppref_2024-09-10_3275.root
hadd Source file 271: /eos/cms/store/group/phys_heavyions/jvelazqu/energycorr/eecAnalysis_ppref_2024-09-10/eecOOHistograms/crab_eecAnalysis_ppref_2024-09-10/260910_041527/0001/eecAnalysis_ppref_2024-09-10_1127.root
hadd Source file 259: /eos/cms/store/group/phys_heavyions/jvelazqu/energycorr/eecAnalysis_ppref_2024-09-10/eecOOHistograms/crab_eecAnalysis_ppref_2024-09-10/260910_041527/0001/eecAnalysis_ppref_2024-09-10_1971.root
hadd Source file 258: /eos/cms/store/group/phys_heavyions/jvelazqu/energycorr/eecAnalysis_ppref_2024-09-10/eecOOHistograms/crab_eecAnalysis_ppref_2024-09-10/260910_041527/0000/eecAnalysis_ppref_2024-09-10_258.root
hadd Source file 272: /eos/cms/store/group/phys_heavyions/jvelazqu/energycorr/eecAnalysis_ppref_2024-09-10/eecOOHistograms/crab_eecAnalysis_ppref_2024-09-10/260910_041527/0001/eecAnalysis_ppref_2024-09-10_1128.root
hadd Source file 273: /eos/cms/store/group/phys_heavyions/jvelazqu/energycorr/eecAnalysis_ppref_2024-09-10/eecOOHistograms/crab_eecAnalysis_ppref_2024-09-10/260910_041527/0001/eecAnalysis_ppref_2024-09-10_1557.root
hadd Source file 253: /eos/cms/store/group/phys_heavyions/jvelazqu/energycorr/eecAnalysis_ppref_2024-09-10/eecOOHistograms/crab_eecAnalysis_ppref_2024-09-10/260910_041527/0003/eecAnalysis_ppref_2024-09-10_3677.root
hadd Source file 260: /eos/cms/store/group/phys_heavyions/jvelazqu/energycorr/eecAnalysis_ppref_2024-09-10/eecOOHistograms/crab_eecAnalysis_ppref_2024-09-10/260910_041527/0001/eecAnalysis_ppref_2024-09-10_1972.root
hadd Source file 274: /eos/cms/store/group/phys_heavyions/jvelazqu/energycorr/eecAnalysis_ppref_2024-09-10/eecOOHistograms/crab_eecAnalysis_ppref_2024-09-10/260910_041527/0001/eecAnalysis_ppref_2024-09-10_1558.root
hadd Source file 259: /eos/cms/store/group/phys_heavyions/jvelazqu/energycorr/eecAnalysis_ppref_2024-09-10/eecOOHistograms/crab_eecAnalysis_ppref_2024-09-10/260910_041527/0000/eecAnalysis_ppref_2024-09-10_259.root
hadd Source file 249: /eos/cms/store/group/phys_heavyions/jvelazqu/energycorr/eecAnalysis_ppref_2024-09-10/eecOOHistograms/crab_eecAnalysis_ppref_2024-09-10/260910_041527/0002/eecAnalysis_ppref_2024-09-10_2817.root
hadd Source file 273: /eos/cms/store/group/phys_heavyions/jvelazqu/energycorr/eecAnalysis_ppref_2024-09-10/eecOOHistograms/crab_eecAnalysis_ppref_2024-09-10/260910_041527/0001/eecAnalysis_ppref_2024-09-10_1129.root
hadd Source file 260: /eos/cms/store/group/phys_heavyions/jvelazqu/energycorr/eecAnalysis_ppref_2024-09-10/eecOOHistograms/crab_eecAnalysis_ppref_2024-09-10/260910_041527/0000/eecAnalysis_ppref_2024-09-10_260.root
hadd Source file 261: /eos/cms/store/group/phys_heavyions/jvelazqu/energycorr/eecAnalysis_ppref_2024-09-10/eecOOHistograms/crab_eecAnalysis_ppref_2024-09-10/260910_041527/0001/eecAnalysis_ppref_2024-09-10_1973.root
hadd Source file 298: /eos/cms/store/group/phys_heavyions/jvelazqu/energycorr/eecAnalysis_ppref_2024-09-10/eecOOHistograms/crab_eecAnalysis_ppref_2024-09-10/260910_041527/0004/eecAnalysis_ppref_2024-09-10_4150.root
hadd Source file 250: /eos/cms/store/group/phys_heavyions/jvelazqu/energycorr/eecAnalysis_ppref_2024-09-10/eecOOHistograms/crab_eecAnalysis_ppref_2024-09-10/260910_041527/0002/eecAnalysis_ppref_2024-09-10_2818.root
hadd Source file 254: /eos/cms/store/group/phys_heavyions/jvelazqu/energycorr/eecAnalysis_ppref_2024-09-10/eecOOHistograms/crab_eecAnalysis_ppref_2024-09-10/260910_041527/0003/eecAnalysis_ppref_2024-09-10_3678.root
hadd Source file 275: /eos/cms/store/group/phys_heavyions/jvelazqu/energycorr/eecAnalysis_ppref_2024-09-10/eecOOHistograms/crab_eecAnalysis_ppref_2024-09-10/260910_041527/0001/eecAnalysis_ppref_2024-09-10_1559.root
hadd Source file 274: /eos/cms/store/group/phys_heavyions/jvelazqu/energycorr/eecAnalysis_ppref_2024-09-10/eecOOHistograms/crab_eecAnalysis_ppref_2024-09-10/260910_041527/0001/eecAnalysis_ppref_2024-09-10_1130.root
hadd Source file 299: /eos/cms/store/group/phys_heavyions/jvelazqu/energycorr/eecAnalysis_ppref_2024-09-10/eecOOHistograms/crab_eecAnalysis_ppref_2024-09-10/260910_041527/0004/eecAnalysis_ppref_2024-09-10_4151.root
hadd Source file 262: /eos/cms/store/group/phys_heavyions/jvelazqu/energycorr/eecAnalysis_ppref_2024-09-10/eecOOHistograms/crab_eecAnalysis_ppref_2024-09-10/260910_041527/0001/eecAnalysis_ppref_2024-09-10_1974.root
hadd Source file 251: /eos/cms/store/group/phys_heavyions/jvelazqu/energycorr/eecAnalysis_ppref_2024-09-10/eecOOHistograms/crab_eecAnalysis_ppref_2024-09-10/260910_041527/0002/eecAnalysis_ppref_2024-09-10_2819.root
hadd Source file 276: /eos/cms/store/group/phys_heavyions/jvelazqu/energycorr/eecAnalysis_ppref_2024-09-10/eecOOHistograms/crab_eecAnalysis_ppref_2024-09-10/260910_041527/0001/eecAnalysis_ppref_2024-09-10_1560.root
hadd Source file 275: /eos/cms/store/group/phys_heavyions/jvelazqu/energycorr/eecAnalysis_ppref_2024-09-10/eecOOHistograms/crab_eecAnalysis_ppref_2024-09-10/260910_041527/0001/eecAnalysis_ppref_2024-09-10_1131.root
hadd Source file 263: /eos/cms/store/group/phys_heavyions/jvelazqu/energycorr/eecAnalysis_ppref_2024-09-10/eecOOHistograms/crab_eecAnalysis_ppref_2024-09-10/260910_041527/0001/eecAnalysis_ppref_2024-09-10_1975.root
hadd Source file 280: /eos/cms/store/group/phys_heavyions/jvelazqu/energycorr/eecAnalysis_ppref_2024-09-10/eecOOHistograms/crab_eecAnalysis_ppref_2024-09-10/260910_041527/0003/eecAnalysis_ppref_2024-09-10_3276.root
hadd Source file 266: /eos/cms/store/group/phys_heavyions/jvelazqu/energycorr/eecAnalysis_ppref_2024-09-10/eecOOHistograms/crab_eecAnalysis_ppref_2024-09-10/260910_041527/0000/eecAnalysis_ppref_2024-09-10_694.root
hadd Source file 276: /eos/cms/store/group/phys_heavyions/jvelazqu/energycorr/eecAnalysis_ppref_2024-09-10/eecOOHistograms/crab_eecAnalysis_ppref_2024-09-10/260910_041527/0001/eecAnalysis_ppref_2024-09-10_1132.root
hadd Source file 300: /eos/cms/store/group/phys_heavyions/jvelazqu/energycorr/eecAnalysis_ppref_2024-09-10/eecOOHistograms/crab_eecAnalysis_ppref_2024-09-10/260910_041527/0004/eecAnalysis_ppref_2024-09-10_4152.root
hadd Source file 277: /eos/cms/store/group/phys_heavyions/jvelazqu/energycorr/eecAnalysis_ppref_2024-09-10/eecOOHistograms/crab_eecAnalysis_ppref_2024-09-10/260910_041527/0001/eecAnalysis_ppref_2024-09-10_1561.root
hadd Source file 252: /eos/cms/store/group/phys_heavyions/jvelazqu/energycorr/eecAnalysis_ppref_2024-09-10/eecOOHistograms/crab_eecAnalysis_ppref_2024-09-10/260910_041527/0002/eecAnalysis_ppref_2024-09-10_2820.root
hadd Source file 264: /eos/cms/store/group/phys_heavyions/jvelazqu/energycorr/eecAnalysis_ppref_2024-09-10/eecOOHistograms/crab_eecAnalysis_ppref_2024-09-10/260910_041527/0001/eecAnalysis_ppref_2024-09-10_1976.root
hadd Source file 267: /eos/cms/store/group/phys_heavyions/jvelazqu/energycorr/eecAnalysis_ppref_2024-09-10/eecOOHistograms/crab_eecAnalysis_ppref_2024-09-10/260910_041527/0000/eecAnalysis_ppref_2024-09-10_695.root
hadd Source file 277: /eos/cms/store/group/phys_heavyions/jvelazqu/energycorr/eecAnalysis_ppref_2024-09-10/eecOOHistograms/crab_eecAnalysis_ppref_2024-09-10/260910_041527/0001/eecAnalysis_ppref_2024-09-10_1133.root
hadd Source file 281: /eos/cms/store/group/phys_heavyions/jvelazqu/energycorr/eecAnalysis_ppref_2024-09-10/eecOOHistograms/crab_eecAnalysis_ppref_2024-09-10/260910_041527/0003/eecAnalysis_ppref_2024-09-10_3277.root
hadd Source file 278: /eos/cms/store/group/phys_heavyions/jvelazqu/energycorr/eecAnalysis_ppref_2024-09-10/eecOOHistograms/crab_eecAnalysis_ppref_2024-09-10/260910_041527/0001/eecAnalysis_ppref_2024-09-10_1562.root
hadd Source file 268: /eos/cms/store/group/phys_heavyions/jvelazqu/energycorr/eecAnalysis_ppref_2024-09-10/eecOOHistograms/crab_eecAnalysis_ppref_2024-09-10/260910_041527/0000/eecAnalysis_ppref_2024-09-10_696.root
hadd Source file 278: /eos/cms/store/group/phys_heavyions/jvelazqu/energycorr/eecAnalysis_ppref_2024-09-10/eecOOHistograms/crab_eecAnalysis_ppref_2024-09-10/260910_041527/0001/eecAnalysis_ppref_2024-09-10_1134.root
hadd Source file 261: /eos/cms/store/group/phys_heavyions/jvelazqu/energycorr/eecAnalysis_ppref_2024-09-10/eecOOHistograms/crab_eecAnalysis_ppref_2024-09-10/260910_041527/0000/eecAnalysis_ppref_2024-09-10_261.root
hadd Source file 265: /eos/cms/store/group/phys_heavyions/jvelazqu/energycorr/eecAnalysis_ppref_2024-09-10/eecOOHistograms/crab_eecAnalysis_ppref_2024-09-10/260910_041527/0001/eecAnalysis_ppref_2024-09-10_1977.root
hadd Source file 279: /eos/cms/store/group/phys_heavyions/jvelazqu/energycorr/eecAnalysis_ppref_2024-09-10/eecOOHistograms/crab_eecAnalysis_ppref_2024-09-10/260910_041527/0001/eecAnalysis_ppref_2024-09-10_1563.root
hadd Source file 282: /eos/cms/store/group/phys_heavyions/jvelazqu/energycorr/eecAnalysis_ppref_2024-09-10/eecOOHistograms/crab_eecAnalysis_ppref_2024-09-10/260910_041527/0003/eecAnalysis_ppref_2024-09-10_3278.root
hadd Source file 255: /eos/cms/store/group/phys_heavyions/jvelazqu/energycorr/eecAnalysis_ppref_2024-09-10/eecOOHistograms/crab_eecAnalysis_ppref_2024-09-10/260910_041527/0003/eecAnalysis_ppref_2024-09-10_3679.root
hadd Source file 262: /eos/cms/store/group/phys_heavyions/jvelazqu/energycorr/eecAnalysis_ppref_2024-09-10/eecOOHistograms/crab_eecAnalysis_ppref_2024-09-10/260910_041527/0000/eecAnalysis_ppref_2024-09-10_262.root
hadd Source file 256: /eos/cms/store/group/phys_heavyions/jvelazqu/energycorr/eecAnalysis_ppref_2024-09-10/eecOOHistograms/crab_eecAnalysis_ppref_2024-09-10/260910_041527/0003/eecAnalysis_ppref_2024-09-10_3680.root
hadd Source file 283: /eos/cms/store/group/phys_heavyions/jvelazqu/energycorr/eecAnalysis_ppref_2024-09-10/eecOOHistograms/crab_eecAnalysis_ppref_2024-09-10/260910_041527/0003/eecAnalysis_ppref_2024-09-10_3279.root
hadd Source file 279: /eos/cms/store/group/phys_heavyions/jvelazqu/energycorr/eecAnalysis_ppref_2024-09-10/eecOOHistograms/crab_eecAnalysis_ppref_2024-09-10/260910_041527/0001/eecAnalysis_ppref_2024-09-10_1135.root
hadd Source file 266: /eos/cms/store/group/phys_heavyions/jvelazqu/energycorr/eecAnalysis_ppref_2024-09-10/eecOOHistograms/crab_eecAnalysis_ppref_2024-09-10/260910_041527/0001/eecAnalysis_ppref_2024-09-10_1978.root
hadd Source file 257: /eos/cms/store/group/phys_heavyions/jvelazqu/energycorr/eecAnalysis_ppref_2024-09-10/eecOOHistograms/crab_eecAnalysis_ppref_2024-09-10/260910_041527/0003/eecAnalysis_ppref_2024-09-10_3681.root
hadd Source file 284: /eos/cms/store/group/phys_heavyions/jvelazqu/energycorr/eecAnalysis_ppref_2024-09-10/eecOOHistograms/crab_eecAnalysis_ppref_2024-09-10/260910_041527/0003/eecAnalysis_ppref_2024-09-10_3280.root
hadd Source file 263: /eos/cms/store/group/phys_heavyions/jvelazqu/energycorr/eecAnalysis_ppref_2024-09-10/eecOOHistograms/crab_eecAnalysis_ppref_2024-09-10/260910_041527/0000/eecAnalysis_ppref_2024-09-10_263.root
hadd Source file 301: /eos/cms/store/group/phys_heavyions/jvelazqu/energycorr/eecAnalysis_ppref_2024-09-10/eecOOHistograms/crab_eecAnalysis_ppref_2024-09-10/260910_041527/0004/eecAnalysis_ppref_2024-09-10_4153.root
hadd Source file 264: /eos/cms/store/group/phys_heavyions/jvelazqu/energycorr/eecAnalysis_ppref_2024-09-10/eecOOHistograms/crab_eecAnalysis_ppref_2024-09-10/260910_041527/0000/eecAnalysis_ppref_2024-09-10_264.root
hadd Source file 285: /eos/cms/store/group/phys_heavyions/jvelazqu/energycorr/eecAnalysis_ppref_2024-09-10/eecOOHistograms/crab_eecAnalysis_ppref_2024-09-10/260910_041527/0003/eecAnalysis_ppref_2024-09-10_3281.root
hadd Source file 253: /eos/cms/store/group/phys_heavyions/jvelazqu/energycorr/eecAnalysis_ppref_2024-09-10/eecOOHistograms/crab_eecAnalysis_ppref_2024-09-10/260910_041527/0002/eecAnalysis_ppref_2024-09-10_2821.root
hadd Source file 302: /eos/cms/store/group/phys_heavyions/jvelazqu/energycorr/eecAnalysis_ppref_2024-09-10/eecOOHistograms/crab_eecAnalysis_ppref_2024-09-10/260910_041527/0004/eecAnalysis_ppref_2024-09-10_4154.root
hadd Source file 258: /eos/cms/store/group/phys_heavyions/jvelazqu/energycorr/eecAnalysis_ppref_2024-09-10/eecOOHistograms/crab_eecAnalysis_ppref_2024-09-10/260910_041527/0003/eecAnalysis_ppref_2024-09-10_3682.root
hadd Source file 254: /eos/cms/store/group/phys_heavyions/jvelazqu/energycorr/eecAnalysis_ppref_2024-09-10/eecOOHistograms/crab_eecAnalysis_ppref_2024-09-10/260910_041527/0002/eecAnalysis_ppref_2024-09-10_2822.root
hadd Source file 255: /eos/cms/store/group/phys_heavyions/jvelazqu/energycorr/eecAnalysis_ppref_2024-09-10/eecOOHistograms/crab_eecAnalysis_ppref_2024-09-10/260910_041527/0002/eecAnalysis_ppref_2024-09-10_2823.root
hadd Source file 280: /eos/cms/store/group/phys_heavyions/jvelazqu/energycorr/eecAnalysis_ppref_2024-09-10/eecOOHistograms/crab_eecAnalysis_ppref_2024-09-10/260910_041527/0001/eecAnalysis_ppref_2024-09-10_1564.root
hadd Source file 259: /eos/cms/store/group/phys_heavyions/jvelazqu/energycorr/eecAnalysis_ppref_2024-09-10/eecOOHistograms/crab_eecAnalysis_ppref_2024-09-10/260910_041527/0003/eecAnalysis_ppref_2024-09-10_3683.root
hadd Source file 280: /eos/cms/store/group/phys_heavyions/jvelazqu/energycorr/eecAnalysis_ppref_2024-09-10/eecOOHistograms/crab_eecAnalysis_ppref_2024-09-10/260910_041527/0001/eecAnalysis_ppref_2024-09-10_1136.root
hadd Source file 267: /eos/cms/store/group/phys_heavyions/jvelazqu/energycorr/eecAnalysis_ppref_2024-09-10/eecOOHistograms/crab_eecAnalysis_ppref_2024-09-10/260910_041527/0001/eecAnalysis_ppref_2024-09-10_1979.root
hadd Source file 281: /eos/cms/store/group/phys_heavyions/jvelazqu/energycorr/eecAnalysis_ppref_2024-09-10/eecOOHistograms/crab_eecAnalysis_ppref_2024-09-10/260910_041527/0001/eecAnalysis_ppref_2024-09-10_1565.root
hadd Source file 256: /eos/cms/store/group/phys_heavyions/jvelazqu/energycorr/eecAnalysis_ppref_2024-09-10/eecOOHistograms/crab_eecAnalysis_ppref_2024-09-10/260910_041527/0002/eecAnalysis_ppref_2024-09-10_2824.root
hadd Source file 260: /eos/cms/store/group/phys_heavyions/jvelazqu/energycorr/eecAnalysis_ppref_2024-09-10/eecOOHistograms/crab_eecAnalysis_ppref_2024-09-10/260910_041527/0003/eecAnalysis_ppref_2024-09-10_3684.root
hadd Source file 268: /eos/cms/store/group/phys_heavyions/jvelazqu/energycorr/eecAnalysis_ppref_2024-09-10/eecOOHistograms/crab_eecAnalysis_ppref_2024-09-10/260910_041527/0001/eecAnalysis_ppref_2024-09-10_1980.root
hadd Source file 281: /eos/cms/store/group/phys_heavyions/jvelazqu/energycorr/eecAnalysis_ppref_2024-09-10/eecOOHistograms/crab_eecAnalysis_ppref_2024-09-10/260910_041527/0001/eecAnalysis_ppref_2024-09-10_1137.root
hadd Source file 269: /eos/cms/store/group/phys_heavyions/jvelazqu/energycorr/eecAnalysis_ppref_2024-09-10/eecOOHistograms/crab_eecAnalysis_ppref_2024-09-10/260910_041527/0000/eecAnalysis_ppref_2024-09-10_697.root
hadd Source file 269: /eos/cms/store/group/phys_heavyions/jvelazqu/energycorr/eecAnalysis_ppref_2024-09-10/eecOOHistograms/crab_eecAnalysis_ppref_2024-09-10/260910_041527/0001/eecAnalysis_ppref_2024-09-10_1981.root
hadd Source file 257: /eos/cms/store/group/phys_heavyions/jvelazqu/energycorr/eecAnalysis_ppref_2024-09-10/eecOOHistograms/crab_eecAnalysis_ppref_2024-09-10/260910_041527/0002/eecAnalysis_ppref_2024-09-10_2825.root
hadd Source file 265: /eos/cms/store/group/phys_heavyions/jvelazqu/energycorr/eecAnalysis_ppref_2024-09-10/eecOOHistograms/crab_eecAnalysis_ppref_2024-09-10/260910_041527/0000/eecAnalysis_ppref_2024-09-10_265.root
hadd Source file 282: /eos/cms/store/group/phys_heavyions/jvelazqu/energycorr/eecAnalysis_ppref_2024-09-10/eecOOHistograms/crab_eecAnalysis_ppref_2024-09-10/260910_041527/0001/eecAnalysis_ppref_2024-09-10_1138.root
hadd Source file 261: /eos/cms/store/group/phys_heavyions/jvelazqu/energycorr/eecAnalysis_ppref_2024-09-10/eecOOHistograms/crab_eecAnalysis_ppref_2024-09-10/260910_041527/0003/eecAnalysis_ppref_2024-09-10_3685.root
hadd Source file 286: /eos/cms/store/group/phys_heavyions/jvelazqu/energycorr/eecAnalysis_ppref_2024-09-10/eecOOHistograms/crab_eecAnalysis_ppref_2024-09-10/260910_041527/0003/eecAnalysis_ppref_2024-09-10_3282.root
hadd Source file 303: /eos/cms/store/group/phys_heavyions/jvelazqu/energycorr/eecAnalysis_ppref_2024-09-10/eecOOHistograms/crab_eecAnalysis_ppref_2024-09-10/260910_041527/0004/eecAnalysis_ppref_2024-09-10_4155.root
hadd Source file 270: /eos/cms/store/group/phys_heavyions/jvelazqu/energycorr/eecAnalysis_ppref_2024-09-10/eecOOHistograms/crab_eecAnalysis_ppref_2024-09-10/260910_041527/0000/eecAnalysis_ppref_2024-09-10_698.root
hadd Source file 282: /eos/cms/store/group/phys_heavyions/jvelazqu/energycorr/eecAnalysis_ppref_2024-09-10/eecOOHistograms/crab_eecAnalysis_ppref_2024-09-10/260910_041527/0001/eecAnalysis_ppref_2024-09-10_1566.root
hadd Source file 287: /eos/cms/store/group/phys_heavyions/jvelazqu/energycorr/eecAnalysis_ppref_2024-09-10/eecOOHistograms/crab_eecAnalysis_ppref_2024-09-10/260910_041527/0003/eecAnalysis_ppref_2024-09-10_3283.root
hadd Source file 258: /eos/cms/store/group/phys_heavyions/jvelazqu/energycorr/eecAnalysis_ppref_2024-09-10/eecOOHistograms/crab_eecAnalysis_ppref_2024-09-10/260910_041527/0002/eecAnalysis_ppref_2024-09-10_2826.root
hadd Source file 266: /eos/cms/store/group/phys_heavyions/jvelazqu/energycorr/eecAnalysis_ppref_2024-09-10/eecOOHistograms/crab_eecAnalysis_ppref_2024-09-10/260910_041527/0000/eecAnalysis_ppref_2024-09-10_266.root
hadd Source file 262: /eos/cms/store/group/phys_heavyions/jvelazqu/energycorr/eecAnalysis_ppref_2024-09-10/eecOOHistograms/crab_eecAnalysis_ppref_2024-09-10/260910_041527/0003/eecAnalysis_ppref_2024-09-10_3686.root
hadd Source file 283: /eos/cms/store/group/phys_heavyions/jvelazqu/energycorr/eecAnalysis_ppref_2024-09-10/eecOOHistograms/crab_eecAnalysis_ppref_2024-09-10/260910_041527/0001/eecAnalysis_ppref_2024-09-10_1139.root
hadd Source file 270: /eos/cms/store/group/phys_heavyions/jvelazqu/energycorr/eecAnalysis_ppref_2024-09-10/eecOOHistograms/crab_eecAnalysis_ppref_2024-09-10/260910_041527/0001/eecAnalysis_ppref_2024-09-10_1982.root
hadd Source file 304: /eos/cms/store/group/phys_heavyions/jvelazqu/energycorr/eecAnalysis_ppref_2024-09-10/eecOOHistograms/crab_eecAnalysis_ppref_2024-09-10/260910_041527/0004/eecAnalysis_ppref_2024-09-10_4156.root
hadd Source file 271: /eos/cms/store/group/phys_heavyions/jvelazqu/energycorr/eecAnalysis_ppref_2024-09-10/eecOOHistograms/crab_eecAnalysis_ppref_2024-09-10/260910_041527/0000/eecAnalysis_ppref_2024-09-10_699.root
hadd Source file 283: /eos/cms/store/group/phys_heavyions/jvelazqu/energycorr/eecAnalysis_ppref_2024-09-10/eecOOHistograms/crab_eecAnalysis_ppref_2024-09-10/260910_041527/0001/eecAnalysis_ppref_2024-09-10_1567.root
hadd Source file 288: /eos/cms/store/group/phys_heavyions/jvelazqu/energycorr/eecAnalysis_ppref_2024-09-10/eecOOHistograms/crab_eecAnalysis_ppref_2024-09-10/260910_041527/0003/eecAnalysis_ppref_2024-09-10_3284.root
hadd Source file 284: /eos/cms/store/group/phys_heavyions/jvelazqu/energycorr/eecAnalysis_ppref_2024-09-10/eecOOHistograms/crab_eecAnalysis_ppref_2024-09-10/260910_041527/0001/eecAnalysis_ppref_2024-09-10_1140.root
hadd Source file 305: /eos/cms/store/group/phys_heavyions/jvelazqu/energycorr/eecAnalysis_ppref_2024-09-10/eecOOHistograms/crab_eecAnalysis_ppref_2024-09-10/260910_041527/0004/eecAnalysis_ppref_2024-09-10_4157.root
hadd Source file 259: /eos/cms/store/group/phys_heavyions/jvelazqu/energycorr/eecAnalysis_ppref_2024-09-10/eecOOHistograms/crab_eecAnalysis_ppref_2024-09-10/260910_041527/0002/eecAnalysis_ppref_2024-09-10_2827.root
hadd Source file 272: /eos/cms/store/group/phys_heavyions/jvelazqu/energycorr/eecAnalysis_ppref_2024-09-10/eecOOHistograms/crab_eecAnalysis_ppref_2024-09-10/260910_041527/0000/eecAnalysis_ppref_2024-09-10_700.root
hadd Source file 289: /eos/cms/store/group/phys_heavyions/jvelazqu/energycorr/eecAnalysis_ppref_2024-09-10/eecOOHistograms/crab_eecAnalysis_ppref_2024-09-10/260910_041527/0003/eecAnalysis_ppref_2024-09-10_3285.root
hadd Source file 285: /eos/cms/store/group/phys_heavyions/jvelazqu/energycorr/eecAnalysis_ppref_2024-09-10/eecOOHistograms/crab_eecAnalysis_ppref_2024-09-10/260910_041527/0001/eecAnalysis_ppref_2024-09-10_1141.root
hadd Source file 306: /eos/cms/store/group/phys_heavyions/jvelazqu/energycorr/eecAnalysis_ppref_2024-09-10/eecOOHistograms/crab_eecAnalysis_ppref_2024-09-10/260910_041527/0004/eecAnalysis_ppref_2024-09-10_4158.root
hadd Source file 273: /eos/cms/store/group/phys_heavyions/jvelazqu/energycorr/eecAnalysis_ppref_2024-09-10/eecOOHistograms/crab_eecAnalysis_ppref_2024-09-10/260910_041527/0000/eecAnalysis_ppref_2024-09-10_701.root
hadd Source file 260: /eos/cms/store/group/phys_heavyions/jvelazqu/energycorr/eecAnalysis_ppref_2024-09-10/eecOOHistograms/crab_eecAnalysis_ppref_2024-09-10/260910_041527/0002/eecAnalysis_ppref_2024-09-10_2828.root
hadd Source file 284: /eos/cms/store/group/phys_heavyions/jvelazqu/energycorr/eecAnalysis_ppref_2024-09-10/eecOOHistograms/crab_eecAnalysis_ppref_2024-09-10/260910_041527/0001/eecAnalysis_ppref_2024-09-10_1568.root
hadd Source file 307: /eos/cms/store/group/phys_heavyions/jvelazqu/energycorr/eecAnalysis_ppref_2024-09-10/eecOOHistograms/crab_eecAnalysis_ppref_2024-09-10/260910_041527/0004/eecAnalysis_ppref_2024-09-10_4159.root
hadd Source file 261: /eos/cms/store/group/phys_heavyions/jvelazqu/energycorr/eecAnalysis_ppref_2024-09-10/eecOOHistograms/crab_eecAnalysis_ppref_2024-09-10/260910_041527/0002/eecAnalysis_ppref_2024-09-10_2829.root
hadd Source file 290: /eos/cms/store/group/phys_heavyions/jvelazqu/energycorr/eecAnalysis_ppref_2024-09-10/eecOOHistograms/crab_eecAnalysis_ppref_2024-09-10/260910_041527/0003/eecAnalysis_ppref_2024-09-10_3286.root
hadd Source file 274: /eos/cms/store/group/phys_heavyions/jvelazqu/energycorr/eecAnalysis_ppref_2024-09-10/eecOOHistograms/crab_eecAnalysis_ppref_2024-09-10/260910_041527/0000/eecAnalysis_ppref_2024-09-10_702.root
hadd Source file 308: /eos/cms/store/group/phys_heavyions/jvelazqu/energycorr/eecAnalysis_ppref_2024-09-10/eecOOHistograms/crab_eecAnalysis_ppref_2024-09-10/260910_041527/0004/eecAnalysis_ppref_2024-09-10_4160.root
hadd Source file 271: /eos/cms/store/group/phys_heavyions/jvelazqu/energycorr/eecAnalysis_ppref_2024-09-10/eecOOHistograms/crab_eecAnalysis_ppref_2024-09-10/260910_041527/0001/eecAnalysis_ppref_2024-09-10_1983.root
hadd Source file 263: /eos/cms/store/group/phys_heavyions/jvelazqu/energycorr/eecAnalysis_ppref_2024-09-10/eecOOHistograms/crab_eecAnalysis_ppref_2024-09-10/260910_041527/0003/eecAnalysis_ppref_2024-09-10_3687.root
hadd Source file 262: /eos/cms/store/group/phys_heavyions/jvelazqu/energycorr/eecAnalysis_ppref_2024-09-10/eecOOHistograms/crab_eecAnalysis_ppref_2024-09-10/260910_041527/0002/eecAnalysis_ppref_2024-09-10_2830.root
hadd Source file 267: /eos/cms/store/group/phys_heavyions/jvelazqu/energycorr/eecAnalysis_ppref_2024-09-10/eecOOHistograms/crab_eecAnalysis_ppref_2024-09-10/260910_041527/0000/eecAnalysis_ppref_2024-09-10_267.root
hadd Source file 291: /eos/cms/store/group/phys_heavyions/jvelazqu/energycorr/eecAnalysis_ppref_2024-09-10/eecOOHistograms/crab_eecAnalysis_ppref_2024-09-10/260910_041527/0003/eecAnalysis_ppref_2024-09-10_3287.root
hadd Source file 309: /eos/cms/store/group/phys_heavyions/jvelazqu/energycorr/eecAnalysis_ppref_2024-09-10/eecOOHistograms/crab_eecAnalysis_ppref_2024-09-10/260910_041527/0004/eecAnalysis_ppref_2024-09-10_4161.root
hadd Source file 264: /eos/cms/store/group/phys_heavyions/jvelazqu/energycorr/eecAnalysis_ppref_2024-09-10/eecOOHistograms/crab_eecAnalysis_ppref_2024-09-10/260910_041527/0003/eecAnalysis_ppref_2024-09-10_3688.root
hadd Source file 263: /eos/cms/store/group/phys_heavyions/jvelazqu/energycorr/eecAnalysis_ppref_2024-09-10/eecOOHistograms/crab_eecAnalysis_ppref_2024-09-10/260910_041527/0002/eecAnalysis_ppref_2024-09-10_2831.root
hadd Source file 286: /eos/cms/store/group/phys_heavyions/jvelazqu/energycorr/eecAnalysis_ppref_2024-09-10/eecOOHistograms/crab_eecAnalysis_ppref_2024-09-10/260910_041527/0001/eecAnalysis_ppref_2024-09-10_1142.root
hadd Source file 292: /eos/cms/store/group/phys_heavyions/jvelazqu/energycorr/eecAnalysis_ppref_2024-09-10/eecOOHistograms/crab_eecAnalysis_ppref_2024-09-10/260910_041527/0003/eecAnalysis_ppref_2024-09-10_3288.root
hadd Source file 310: /eos/cms/store/group/phys_heavyions/jvelazqu/energycorr/eecAnalysis_ppref_2024-09-10/eecOOHistograms/crab_eecAnalysis_ppref_2024-09-10/260910_041527/0004/eecAnalysis_ppref_2024-09-10_4162.root
hadd Source file 268: /eos/cms/store/group/phys_heavyions/jvelazqu/energycorr/eecAnalysis_ppref_2024-09-10/eecOOHistograms/crab_eecAnalysis_ppref_2024-09-10/260910_041527/0000/eecAnalysis_ppref_2024-09-10_268.root
hadd Source file 262: /eos/cms/store/group/phys_heavyions/jvelazqu/energycorr/eecAnalysis_ppref_2024-09-10/eecOOHistograms/crab_eecAnalysis_ppref_2024-09-10/260910_041527/0002/eecAnalysis_ppref_2024-09-10_2402.root
hadd Source file 265: /eos/cms/store/group/phys_heavyions/jvelazqu/energycorr/eecAnalysis_ppref_2024-09-10/eecOOHistograms/crab_eecAnalysis_ppref_2024-09-10/260910_041527/0003/eecAnalysis_ppref_2024-09-10_3689.root
hadd Source file 285: /eos/cms/store/group/phys_heavyions/jvelazqu/energycorr/eecAnalysis_ppref_2024-09-10/eecOOHistograms/crab_eecAnalysis_ppref_2024-09-10/260910_041527/0001/eecAnalysis_ppref_2024-09-10_1569.root
hadd Source file 264: /eos/cms/store/group/phys_heavyions/jvelazqu/energycorr/eecAnalysis_ppref_2024-09-10/eecOOHistograms/crab_eecAnalysis_ppref_2024-09-10/260910_041527/0002/eecAnalysis_ppref_2024-09-10_2832.root
hadd Source file 293: /eos/cms/store/group/phys_heavyions/jvelazqu/energycorr/eecAnalysis_ppref_2024-09-10/eecOOHistograms/crab_eecAnalysis_ppref_2024-09-10/260910_041527/0003/eecAnalysis_ppref_2024-09-10_3289.root
hadd Source file 287: /eos/cms/store/group/phys_heavyions/jvelazqu/energycorr/eecAnalysis_ppref_2024-09-10/eecOOHistograms/crab_eecAnalysis_ppref_2024-09-10/260910_041527/0001/eecAnalysis_ppref_2024-09-10_1143.root
hadd Source file 269: /eos/cms/store/group/phys_heavyions/jvelazqu/energycorr/eecAnalysis_ppref_2024-09-10/eecOOHistograms/crab_eecAnalysis_ppref_2024-09-10/260910_041527/0000/eecAnalysis_ppref_2024-09-10_269.root
hadd Source file 266: /eos/cms/store/group/phys_heavyions/jvelazqu/energycorr/eecAnalysis_ppref_2024-09-10/eecOOHistograms/crab_eecAnalysis_ppref_2024-09-10/260910_041527/0003/eecAnalysis_ppref_2024-09-10_3690.root
hadd Source file 294: /eos/cms/store/group/phys_heavyions/jvelazqu/energycorr/eecAnalysis_ppref_2024-09-10/eecOOHistograms/crab_eecAnalysis_ppref_2024-09-10/260910_041527/0003/eecAnalysis_ppref_2024-09-10_3290.root
hadd Source file 288: /eos/cms/store/group/phys_heavyions/jvelazqu/energycorr/eecAnalysis_ppref_2024-09-10/eecOOHistograms/crab_eecAnalysis_ppref_2024-09-10/260910_041527/0001/eecAnalysis_ppref_2024-09-10_1144.root
hadd Source file 265: /eos/cms/store/group/phys_heavyions/jvelazqu/energycorr/eecAnalysis_ppref_2024-09-10/eecOOHistograms/crab_eecAnalysis_ppref_2024-09-10/260910_041527/0002/eecAnalysis_ppref_2024-09-10_2833.root
hadd Source file 286: /eos/cms/store/group/phys_heavyions/jvelazqu/energycorr/eecAnalysis_ppref_2024-09-10/eecOOHistograms/crab_eecAnalysis_ppref_2024-09-10/260910_041527/0001/eecAnalysis_ppref_2024-09-10_1570.root
hadd Source file 275: /eos/cms/store/group/phys_heavyions/jvelazqu/energycorr/eecAnalysis_ppref_2024-09-10/eecOOHistograms/crab_eecAnalysis_ppref_2024-09-10/260910_041527/0000/eecAnalysis_ppref_2024-09-10_703.root
hadd Source file 267: /eos/cms/store/group/phys_heavyions/jvelazqu/energycorr/eecAnalysis_ppref_2024-09-10/eecOOHistograms/crab_eecAnalysis_ppref_2024-09-10/260910_041527/0003/eecAnalysis_ppref_2024-09-10_3691.root
hadd Source file 272: /eos/cms/store/group/phys_heavyions/jvelazqu/energycorr/eecAnalysis_ppref_2024-09-10/eecOOHistograms/crab_eecAnalysis_ppref_2024-09-10/260910_041527/0001/eecAnalysis_ppref_2024-09-10_1984.root
hadd Source file 295: /eos/cms/store/group/phys_heavyions/jvelazqu/energycorr/eecAnalysis_ppref_2024-09-10/eecOOHistograms/crab_eecAnalysis_ppref_2024-09-10/260910_041527/0003/eecAnalysis_ppref_2024-09-10_3291.root
hadd Source file 266: /eos/cms/store/group/phys_heavyions/jvelazqu/energycorr/eecAnalysis_ppref_2024-09-10/eecOOHistograms/crab_eecAnalysis_ppref_2024-09-10/260910_041527/0002/eecAnalysis_ppref_2024-09-10_2834.root
hadd Source file 287: /eos/cms/store/group/phys_heavyions/jvelazqu/energycorr/eecAnalysis_ppref_2024-09-10/eecOOHistograms/crab_eecAnalysis_ppref_2024-09-10/260910_041527/0001/eecAnalysis_ppref_2024-09-10_1571.root
hadd Source file 289: /eos/cms/store/group/phys_heavyions/jvelazqu/energycorr/eecAnalysis_ppref_2024-09-10/eecOOHistograms/crab_eecAnalysis_ppref_2024-09-10/260910_041527/0001/eecAnalysis_ppref_2024-09-10_1145.root
hadd Source file 267: /eos/cms/store/group/phys_heavyions/jvelazqu/energycorr/eecAnalysis_ppref_2024-09-10/eecOOHistograms/crab_eecAnalysis_ppref_2024-09-10/260910_041527/0002/eecAnalysis_ppref_2024-09-10_2835.root
hadd Source file 268: /eos/cms/store/group/phys_heavyions/jvelazqu/energycorr/eecAnalysis_ppref_2024-09-10/eecOOHistograms/crab_eecAnalysis_ppref_2024-09-10/260910_041527/0003/eecAnalysis_ppref_2024-09-10_3692.root
hadd Source file 276: /eos/cms/store/group/phys_heavyions/jvelazqu/energycorr/eecAnalysis_ppref_2024-09-10/eecOOHistograms/crab_eecAnalysis_ppref_2024-09-10/260910_041527/0000/eecAnalysis_ppref_2024-09-10_704.root
hadd Source file 288: /eos/cms/store/group/phys_heavyions/jvelazqu/energycorr/eecAnalysis_ppref_2024-09-10/eecOOHistograms/crab_eecAnalysis_ppref_2024-09-10/260910_041527/0001/eecAnalysis_ppref_2024-09-10_1572.root
hadd Source file 268: /eos/cms/store/group/phys_heavyions/jvelazqu/energycorr/eecAnalysis_ppref_2024-09-10/eecOOHistograms/crab_eecAnalysis_ppref_2024-09-10/260910_041527/0002/eecAnalysis_ppref_2024-09-10_2836.root
hadd Source file 290: /eos/cms/store/group/phys_heavyions/jvelazqu/energycorr/eecAnalysis_ppref_2024-09-10/eecOOHistograms/crab_eecAnalysis_ppref_2024-09-10/260910_041527/0001/eecAnalysis_ppref_2024-09-10_1146.root
hadd Source file 269: /eos/cms/store/group/phys_heavyions/jvelazqu/energycorr/eecAnalysis_ppref_2024-09-10/eecOOHistograms/crab_eecAnalysis_ppref_2024-09-10/260910_041527/0003/eecAnalysis_ppref_2024-09-10_3693.root
hadd Source file 263: /eos/cms/store/group/phys_heavyions/jvelazqu/energycorr/eecAnalysis_ppref_2024-09-10/eecOOHistograms/crab_eecAnalysis_ppref_2024-09-10/260910_041527/0002/eecAnalysis_ppref_2024-09-10_2403.root
hadd Source file 277: /eos/cms/store/group/phys_heavyions/jvelazqu/energycorr/eecAnalysis_ppref_2024-09-10/eecOOHistograms/crab_eecAnalysis_ppref_2024-09-10/260910_041527/0000/eecAnalysis_ppref_2024-09-10_705.root
hadd Source file 289: /eos/cms/store/group/phys_heavyions/jvelazqu/energycorr/eecAnalysis_ppref_2024-09-10/eecOOHistograms/crab_eecAnalysis_ppref_2024-09-10/260910_041527/0001/eecAnalysis_ppref_2024-09-10_1573.root
hadd Source file 311: /eos/cms/store/group/phys_heavyions/jvelazqu/energycorr/eecAnalysis_ppref_2024-09-10/eecOOHistograms/crab_eecAnalysis_ppref_2024-09-10/260910_041527/0004/eecAnalysis_ppref_2024-09-10_4163.root
hadd Source file 269: /eos/cms/store/group/phys_heavyions/jvelazqu/energycorr/eecAnalysis_ppref_2024-09-10/eecOOHistograms/crab_eecAnalysis_ppref_2024-09-10/260910_041527/0002/eecAnalysis_ppref_2024-09-10_2837.root
hadd Source file 291: /eos/cms/store/group/phys_heavyions/jvelazqu/energycorr/eecAnalysis_ppref_2024-09-10/eecOOHistograms/crab_eecAnalysis_ppref_2024-09-10/260910_041527/0001/eecAnalysis_ppref_2024-09-10_1147.root
hadd Source file 264: /eos/cms/store/group/phys_heavyions/jvelazqu/energycorr/eecAnalysis_ppref_2024-09-10/eecOOHistograms/crab_eecAnalysis_ppref_2024-09-10/260910_041527/0002/eecAnalysis_ppref_2024-09-10_2404.root
hadd Source file 278: /eos/cms/store/group/phys_heavyions/jvelazqu/energycorr/eecAnalysis_ppref_2024-09-10/eecOOHistograms/crab_eecAnalysis_ppref_2024-09-10/260910_041527/0000/eecAnalysis_ppref_2024-09-10_706.root
hadd Source file 312: /eos/cms/store/group/phys_heavyions/jvelazqu/energycorr/eecAnalysis_ppref_2024-09-10/eecOOHistograms/crab_eecAnalysis_ppref_2024-09-10/260910_041527/0004/eecAnalysis_ppref_2024-09-10_4164.root
hadd Source file 292: /eos/cms/store/group/phys_heavyions/jvelazqu/energycorr/eecAnalysis_ppref_2024-09-10/eecOOHistograms/crab_eecAnalysis_ppref_2024-09-10/260910_041527/0001/eecAnalysis_ppref_2024-09-10_1148.root
hadd Source file 270: /eos/cms/store/group/phys_heavyions/jvelazqu/energycorr/eecAnalysis_ppref_2024-09-10/eecOOHistograms/crab_eecAnalysis_ppref_2024-09-10/260910_041527/0002/eecAnalysis_ppref_2024-09-10_2838.root
hadd Source file 296: /eos/cms/store/group/phys_heavyions/jvelazqu/energycorr/eecAnalysis_ppref_2024-09-10/eecOOHistograms/crab_eecAnalysis_ppref_2024-09-10/260910_041527/0003/eecAnalysis_ppref_2024-09-10_3292.root
hadd Source file 293: /eos/cms/store/group/phys_heavyions/jvelazqu/energycorr/eecAnalysis_ppref_2024-09-10/eecOOHistograms/crab_eecAnalysis_ppref_2024-09-10/260910_041527/0001/eecAnalysis_ppref_2024-09-10_1149.root
hadd Source file 279: /eos/cms/store/group/phys_heavyions/jvelazqu/energycorr/eecAnalysis_ppref_2024-09-10/eecOOHistograms/crab_eecAnalysis_ppref_2024-09-10/260910_041527/0000/eecAnalysis_ppref_2024-09-10_707.root
hadd Source file 273: /eos/cms/store/group/phys_heavyions/jvelazqu/energycorr/eecAnalysis_ppref_2024-09-10/eecOOHistograms/crab_eecAnalysis_ppref_2024-09-10/260910_041527/0001/eecAnalysis_ppref_2024-09-10_1985.root
hadd Source file 313: /eos/cms/store/group/phys_heavyions/jvelazqu/energycorr/eecAnalysis_ppref_2024-09-10/eecOOHistograms/crab_eecAnalysis_ppref_2024-09-10/260910_041527/0004/eecAnalysis_ppref_2024-09-10_4165.root
hadd Source file 297: /eos/cms/store/group/phys_heavyions/jvelazqu/energycorr/eecAnalysis_ppref_2024-09-10/eecOOHistograms/crab_eecAnalysis_ppref_2024-09-10/260910_041527/0003/eecAnalysis_ppref_2024-09-10_3293.root
hadd Source file 271: /eos/cms/store/group/phys_heavyions/jvelazqu/energycorr/eecAnalysis_ppref_2024-09-10/eecOOHistograms/crab_eecAnalysis_ppref_2024-09-10/260910_041527/0002/eecAnalysis_ppref_2024-09-10_2839.root
hadd Source file 274: /eos/cms/store/group/phys_heavyions/jvelazqu/energycorr/eecAnalysis_ppref_2024-09-10/eecOOHistograms/crab_eecAnalysis_ppref_2024-09-10/260910_041527/0001/eecAnalysis_ppref_2024-09-10_1986.root
hadd Source file 290: /eos/cms/store/group/phys_heavyions/jvelazqu/energycorr/eecAnalysis_ppref_2024-09-10/eecOOHistograms/crab_eecAnalysis_ppref_2024-09-10/260910_041527/0001/eecAnalysis_ppref_2024-09-10_1574.root
hadd Source file 298: /eos/cms/store/group/phys_heavyions/jvelazqu/energycorr/eecAnalysis_ppref_2024-09-10/eecOOHistograms/crab_eecAnalysis_ppref_2024-09-10/260910_041527/0003/eecAnalysis_ppref_2024-09-10_3294.root
hadd Source file 272: /eos/cms/store/group/phys_heavyions/jvelazqu/energycorr/eecAnalysis_ppref_2024-09-10/eecOOHistograms/crab_eecAnalysis_ppref_2024-09-10/260910_041527/0002/eecAnalysis_ppref_2024-09-10_2840.root
hadd Source file 291: /eos/cms/store/group/phys_heavyions/jvelazqu/energycorr/eecAnalysis_ppref_2024-09-10/eecOOHistograms/crab_eecAnalysis_ppref_2024-09-10/260910_041527/0001/eecAnalysis_ppref_2024-09-10_1575.root
hadd Source file 270: /eos/cms/store/group/phys_heavyions/jvelazqu/energycorr/eecAnalysis_ppref_2024-09-10/eecOOHistograms/crab_eecAnalysis_ppref_2024-09-10/260910_041527/0003/eecAnalysis_ppref_2024-09-10_3694.root
hadd Source file 299: /eos/cms/store/group/phys_heavyions/jvelazqu/energycorr/eecAnalysis_ppref_2024-09-10/eecOOHistograms/crab_eecAnalysis_ppref_2024-09-10/260910_041527/0003/eecAnalysis_ppref_2024-09-10_3295.root
hadd Source file 270: /eos/cms/store/group/phys_heavyions/jvelazqu/energycorr/eecAnalysis_ppref_2024-09-10/eecOOHistograms/crab_eecAnalysis_ppref_2024-09-10/260910_041527/0000/eecAnalysis_ppref_2024-09-10_270.root
hadd Source file 292: /eos/cms/store/group/phys_heavyions/jvelazqu/energycorr/eecAnalysis_ppref_2024-09-10/eecOOHistograms/crab_eecAnalysis_ppref_2024-09-10/260910_041527/0001/eecAnalysis_ppref_2024-09-10_1576.root
hadd Source file 280: /eos/cms/store/group/phys_heavyions/jvelazqu/energycorr/eecAnalysis_ppref_2024-09-10/eecOOHistograms/crab_eecAnalysis_ppref_2024-09-10/260910_041527/0000/eecAnalysis_ppref_2024-09-10_708.root
hadd Source file 300: /eos/cms/store/group/phys_heavyions/jvelazqu/energycorr/eecAnalysis_ppref_2024-09-10/eecOOHistograms/crab_eecAnalysis_ppref_2024-09-10/260910_041527/0003/eecAnalysis_ppref_2024-09-10_3296.root
hadd Source file 265: /eos/cms/store/group/phys_heavyions/jvelazqu/energycorr/eecAnalysis_ppref_2024-09-10/eecOOHistograms/crab_eecAnalysis_ppref_2024-09-10/260910_041527/0002/eecAnalysis_ppref_2024-09-10_2405.root
hadd Source file 293: /eos/cms/store/group/phys_heavyions/jvelazqu/energycorr/eecAnalysis_ppref_2024-09-10/eecOOHistograms/crab_eecAnalysis_ppref_2024-09-10/260910_041527/0001/eecAnalysis_ppref_2024-09-10_1577.root
hadd Source file 294: /eos/cms/store/group/phys_heavyions/jvelazqu/energycorr/eecAnalysis_ppref_2024-09-10/eecOOHistograms/crab_eecAnalysis_ppref_2024-09-10/260910_041527/0001/eecAnalysis_ppref_2024-09-10_1150.root
hadd Source file 281: /eos/cms/store/group/phys_heavyions/jvelazqu/energycorr/eecAnalysis_ppref_2024-09-10/eecOOHistograms/crab_eecAnalysis_ppref_2024-09-10/260910_041527/0000/eecAnalysis_ppref_2024-09-10_709.root
hadd Source file 314: /eos/cms/store/group/phys_heavyions/jvelazqu/energycorr/eecAnalysis_ppref_2024-09-10/eecOOHistograms/crab_eecAnalysis_ppref_2024-09-10/260910_041527/0004/eecAnalysis_ppref_2024-09-10_4166.root
hadd Source file 271: /eos/cms/store/group/phys_heavyions/jvelazqu/energycorr/eecAnalysis_ppref_2024-09-10/eecOOHistograms/crab_eecAnalysis_ppref_2024-09-10/260910_041527/0000/eecAnalysis_ppref_2024-09-10_271.root
hadd Source file 301: /eos/cms/store/group/phys_heavyions/jvelazqu/energycorr/eecAnalysis_ppref_2024-09-10/eecOOHistograms/crab_eecAnalysis_ppref_2024-09-10/260910_041527/0003/eecAnalysis_ppref_2024-09-10_3297.root
hadd Source file 266: /eos/cms/store/group/phys_heavyions/jvelazqu/energycorr/eecAnalysis_ppref_2024-09-10/eecOOHistograms/crab_eecAnalysis_ppref_2024-09-10/260910_041527/0002/eecAnalysis_ppref_2024-09-10_2406.root
hadd Source file 267: /eos/cms/store/group/phys_heavyions/jvelazqu/energycorr/eecAnalysis_ppref_2024-09-10/eecOOHistograms/crab_eecAnalysis_ppref_2024-09-10/260910_041527/0002/eecAnalysis_ppref_2024-09-10_2407.root
hadd Source file 302: /eos/cms/store/group/phys_heavyions/jvelazqu/energycorr/eecAnalysis_ppref_2024-09-10/eecOOHistograms/crab_eecAnalysis_ppref_2024-09-10/260910_041527/0003/eecAnalysis_ppref_2024-09-10_3298.root
hadd Source file 282: /eos/cms/store/group/phys_heavyions/jvelazqu/energycorr/eecAnalysis_ppref_2024-09-10/eecOOHistograms/crab_eecAnalysis_ppref_2024-09-10/260910_041527/0000/eecAnalysis_ppref_2024-09-10_710.root
hadd Source file 315: /eos/cms/store/group/phys_heavyions/jvelazqu/energycorr/eecAnalysis_ppref_2024-09-10/eecOOHistograms/crab_eecAnalysis_ppref_2024-09-10/260910_041527/0004/eecAnalysis_ppref_2024-09-10_4167.root
hadd Source file 294: /eos/cms/store/group/phys_heavyions/jvelazqu/energycorr/eecAnalysis_ppref_2024-09-10/eecOOHistograms/crab_eecAnalysis_ppref_2024-09-10/260910_041527/0001/eecAnalysis_ppref_2024-09-10_1578.root
hadd Source file 272: /eos/cms/store/group/phys_heavyions/jvelazqu/energycorr/eecAnalysis_ppref_2024-09-10/eecOOHistograms/crab_eecAnalysis_ppref_2024-09-10/260910_041527/0000/eecAnalysis_ppref_2024-09-10_272.root
hadd Source file 273: /eos/cms/store/group/phys_heavyions/jvelazqu/energycorr/eecAnalysis_ppref_2024-09-10/eecOOHistograms/crab_eecAnalysis_ppref_2024-09-10/260910_041527/0002/eecAnalysis_ppref_2024-09-10_2841.root
hadd Source file 275: /eos/cms/store/group/phys_heavyions/jvelazqu/energycorr/eecAnalysis_ppref_2024-09-10/eecOOHistograms/crab_eecAnalysis_ppref_2024-09-10/260910_041527/0001/eecAnalysis_ppref_2024-09-10_1987.root
hadd Source file 303: /eos/cms/store/group/phys_heavyions/jvelazqu/energycorr/eecAnalysis_ppref_2024-09-10/eecOOHistograms/crab_eecAnalysis_ppref_2024-09-10/260910_041527/0003/eecAnalysis_ppref_2024-09-10_3299.root
hadd Source file 283: /eos/cms/store/group/phys_heavyions/jvelazqu/energycorr/eecAnalysis_ppref_2024-09-10/eecOOHistograms/crab_eecAnalysis_ppref_2024-09-10/260910_041527/0000/eecAnalysis_ppref_2024-09-10_711.root
hadd Source file 316: /eos/cms/store/group/phys_heavyions/jvelazqu/energycorr/eecAnalysis_ppref_2024-09-10/eecOOHistograms/crab_eecAnalysis_ppref_2024-09-10/260910_041527/0004/eecAnalysis_ppref_2024-09-10_4168.root
hadd Source file 273: /eos/cms/store/group/phys_heavyions/jvelazqu/energycorr/eecAnalysis_ppref_2024-09-10/eecOOHistograms/crab_eecAnalysis_ppref_2024-09-10/260910_041527/0000/eecAnalysis_ppref_2024-09-10_273.root
hadd Source file 274: /eos/cms/store/group/phys_heavyions/jvelazqu/energycorr/eecAnalysis_ppref_2024-09-10/eecOOHistograms/crab_eecAnalysis_ppref_2024-09-10/260910_041527/0000/eecAnalysis_ppref_2024-09-10_274.root
hadd Source file 295: /eos/cms/store/group/phys_heavyions/jvelazqu/energycorr/eecAnalysis_ppref_2024-09-10/eecOOHistograms/crab_eecAnalysis_ppref_2024-09-10/260910_041527/0001/eecAnalysis_ppref_2024-09-10_1579.root
hadd Source file 295: /eos/cms/store/group/phys_heavyions/jvelazqu/energycorr/eecAnalysis_ppref_2024-09-10/eecOOHistograms/crab_eecAnalysis_ppref_2024-09-10/260910_041527/0001/eecAnalysis_ppref_2024-09-10_1151.root
hadd Source file 284: /eos/cms/store/group/phys_heavyions/jvelazqu/energycorr/eecAnalysis_ppref_2024-09-10/eecOOHistograms/crab_eecAnalysis_ppref_2024-09-10/260910_041527/0000/eecAnalysis_ppref_2024-09-10_712.root
hadd Source file 296: /eos/cms/store/group/phys_heavyions/jvelazqu/energycorr/eecAnalysis_ppref_2024-09-10/eecOOHistograms/crab_eecAnalysis_ppref_2024-09-10/260910_041527/0001/eecAnalysis_ppref_2024-09-10_1580.root
hadd Source file 276: /eos/cms/store/group/phys_heavyions/jvelazqu/energycorr/eecAnalysis_ppref_2024-09-10/eecOOHistograms/crab_eecAnalysis_ppref_2024-09-10/260910_041527/0001/eecAnalysis_ppref_2024-09-10_1988.root
hadd Source file 274: /eos/cms/store/group/phys_heavyions/jvelazqu/energycorr/eecAnalysis_ppref_2024-09-10/eecOOHistograms/crab_eecAnalysis_ppref_2024-09-10/260910_041527/0002/eecAnalysis_ppref_2024-09-10_2842.root
hadd Source file 271: /eos/cms/store/group/phys_heavyions/jvelazqu/energycorr/eecAnalysis_ppref_2024-09-10/eecOOHistograms/crab_eecAnalysis_ppref_2024-09-10/260910_041527/0003/eecAnalysis_ppref_2024-09-10_3695.root
hadd Source file 304: /eos/cms/store/group/phys_heavyions/jvelazqu/energycorr/eecAnalysis_ppref_2024-09-10/eecOOHistograms/crab_eecAnalysis_ppref_2024-09-10/260910_041527/0003/eecAnalysis_ppref_2024-09-10_3300.root
hadd Source file 275: /eos/cms/store/group/phys_heavyions/jvelazqu/energycorr/eecAnalysis_ppref_2024-09-10/eecOOHistograms/crab_eecAnalysis_ppref_2024-09-10/260910_041527/0000/eecAnalysis_ppref_2024-09-10_275.root
hadd Source file 297: /eos/cms/store/group/phys_heavyions/jvelazqu/energycorr/eecAnalysis_ppref_2024-09-10/eecOOHistograms/crab_eecAnalysis_ppref_2024-09-10/260910_041527/0001/eecAnalysis_ppref_2024-09-10_1581.root
hadd Source file 317: /eos/cms/store/group/phys_heavyions/jvelazqu/energycorr/eecAnalysis_ppref_2024-09-10/eecOOHistograms/crab_eecAnalysis_ppref_2024-09-10/260910_041527/0004/eecAnalysis_ppref_2024-09-10_4169.root
hadd Source file 296: /eos/cms/store/group/phys_heavyions/jvelazqu/energycorr/eecAnalysis_ppref_2024-09-10/eecOOHistograms/crab_eecAnalysis_ppref_2024-09-10/260910_041527/0001/eecAnalysis_ppref_2024-09-10_1152.root
hadd Source file 275: /eos/cms/store/group/phys_heavyions/jvelazqu/energycorr/eecAnalysis_ppref_2024-09-10/eecOOHistograms/crab_eecAnalysis_ppref_2024-09-10/260910_041527/0002/eecAnalysis_ppref_2024-09-10_2843.root
hadd Source file 298: /eos/cms/store/group/phys_heavyions/jvelazqu/energycorr/eecAnalysis_ppref_2024-09-10/eecOOHistograms/crab_eecAnalysis_ppref_2024-09-10/260910_041527/0001/eecAnalysis_ppref_2024-09-10_1582.root
hadd Source file 276: /eos/cms/store/group/phys_heavyions/jvelazqu/energycorr/eecAnalysis_ppref_2024-09-10/eecOOHistograms/crab_eecAnalysis_ppref_2024-09-10/260910_041527/0000/eecAnalysis_ppref_2024-09-10_276.root
hadd Source file 277: /eos/cms/store/group/phys_heavyions/jvelazqu/energycorr/eecAnalysis_ppref_2024-09-10/eecOOHistograms/crab_eecAnalysis_ppref_2024-09-10/260910_041527/0001/eecAnalysis_ppref_2024-09-10_1989.root
hadd Source file 318: /eos/cms/store/group/phys_heavyions/jvelazqu/energycorr/eecAnalysis_ppref_2024-09-10/eecOOHistograms/crab_eecAnalysis_ppref_2024-09-10/260910_041527/0004/eecAnalysis_ppref_2024-09-10_4170.root
hadd Source file 297: /eos/cms/store/group/phys_heavyions/jvelazqu/energycorr/eecAnalysis_ppref_2024-09-10/eecOOHistograms/crab_eecAnalysis_ppref_2024-09-10/260910_041527/0001/eecAnalysis_ppref_2024-09-10_1153.root
hadd Source file 276: /eos/cms/store/group/phys_heavyions/jvelazqu/energycorr/eecAnalysis_ppref_2024-09-10/eecOOHistograms/crab_eecAnalysis_ppref_2024-09-10/260910_041527/0002/eecAnalysis_ppref_2024-09-10_2844.root
hadd Source file 305: /eos/cms/store/group/phys_heavyions/jvelazqu/energycorr/eecAnalysis_ppref_2024-09-10/eecOOHistograms/crab_eecAnalysis_ppref_2024-09-10/260910_041527/0003/eecAnalysis_ppref_2024-09-10_3301.root
hadd Source file 277: /eos/cms/store/group/phys_heavyions/jvelazqu/energycorr/eecAnalysis_ppref_2024-09-10/eecOOHistograms/crab_eecAnalysis_ppref_2024-09-10/260910_041527/0000/eecAnalysis_ppref_2024-09-10_277.root
hadd Source file 298: /eos/cms/store/group/phys_heavyions/jvelazqu/energycorr/eecAnalysis_ppref_2024-09-10/eecOOHistograms/crab_eecAnalysis_ppref_2024-09-10/260910_041527/0001/eecAnalysis_ppref_2024-09-10_1154.root
hadd Source file 278: /eos/cms/store/group/phys_heavyions/jvelazqu/energycorr/eecAnalysis_ppref_2024-09-10/eecOOHistograms/crab_eecAnalysis_ppref_2024-09-10/260910_041527/0001/eecAnalysis_ppref_2024-09-10_1990.root
hadd Source file 299: /eos/cms/store/group/phys_heavyions/jvelazqu/energycorr/eecAnalysis_ppref_2024-09-10/eecOOHistograms/crab_eecAnalysis_ppref_2024-09-10/260910_041527/0001/eecAnalysis_ppref_2024-09-10_1583.root
hadd Source file 319: /eos/cms/store/group/phys_heavyions/jvelazqu/energycorr/eecAnalysis_ppref_2024-09-10/eecOOHistograms/crab_eecAnalysis_ppref_2024-09-10/260910_041527/0004/eecAnalysis_ppref_2024-09-10_4171.root
hadd Source file 268: /eos/cms/store/group/phys_heavyions/jvelazqu/energycorr/eecAnalysis_ppref_2024-09-10/eecOOHistograms/crab_eecAnalysis_ppref_2024-09-10/260910_041527/0002/eecAnalysis_ppref_2024-09-10_2408.root
hadd Source file 277: /eos/cms/store/group/phys_heavyions/jvelazqu/energycorr/eecAnalysis_ppref_2024-09-10/eecOOHistograms/crab_eecAnalysis_ppref_2024-09-10/260910_041527/0002/eecAnalysis_ppref_2024-09-10_2845.root
hadd Source file 299: /eos/cms/store/group/phys_heavyions/jvelazqu/energycorr/eecAnalysis_ppref_2024-09-10/eecOOHistograms/crab_eecAnalysis_ppref_2024-09-10/260910_041527/0001/eecAnalysis_ppref_2024-09-10_1155.root
hadd Source file 278: /eos/cms/store/group/phys_heavyions/jvelazqu/energycorr/eecAnalysis_ppref_2024-09-10/eecOOHistograms/crab_eecAnalysis_ppref_2024-09-10/260910_041527/0000/eecAnalysis_ppref_2024-09-10_278.root
hadd Source file 300: /eos/cms/store/group/phys_heavyions/jvelazqu/energycorr/eecAnalysis_ppref_2024-09-10/eecOOHistograms/crab_eecAnalysis_ppref_2024-09-10/260910_041527/0001/eecAnalysis_ppref_2024-09-10_1584.root
hadd Source file 320: /eos/cms/store/group/phys_heavyions/jvelazqu/energycorr/eecAnalysis_ppref_2024-09-10/eecOOHistograms/crab_eecAnalysis_ppref_2024-09-10/260910_041527/0004/eecAnalysis_ppref_2024-09-10_4172.root
hadd Source file 269: /eos/cms/store/group/phys_heavyions/jvelazqu/energycorr/eecAnalysis_ppref_2024-09-10/eecOOHistograms/crab_eecAnalysis_ppref_2024-09-10/260910_041527/0002/eecAnalysis_ppref_2024-09-10_2409.root
hadd Source file 301: /eos/cms/store/group/phys_heavyions/jvelazqu/energycorr/eecAnalysis_ppref_2024-09-10/eecOOHistograms/crab_eecAnalysis_ppref_2024-09-10/260910_041527/0001/eecAnalysis_ppref_2024-09-10_1585.root
hadd Source file 279: /eos/cms/store/group/phys_heavyions/jvelazqu/energycorr/eecAnalysis_ppref_2024-09-10/eecOOHistograms/crab_eecAnalysis_ppref_2024-09-10/260910_041527/0000/eecAnalysis_ppref_2024-09-10_279.root
hadd Source file 285: /eos/cms/store/group/phys_heavyions/jvelazqu/energycorr/eecAnalysis_ppref_2024-09-10/eecOOHistograms/crab_eecAnalysis_ppref_2024-09-10/260910_041527/0000/eecAnalysis_ppref_2024-09-10_713.root
hadd Source file 270: /eos/cms/store/group/phys_heavyions/jvelazqu/energycorr/eecAnalysis_ppref_2024-09-10/eecOOHistograms/crab_eecAnalysis_ppref_2024-09-10/260910_041527/0002/eecAnalysis_ppref_2024-09-10_2410.root
hadd Source file 286: /eos/cms/store/group/phys_heavyions/jvelazqu/energycorr/eecAnalysis_ppref_2024-09-10/eecOOHistograms/crab_eecAnalysis_ppref_2024-09-10/260910_041527/0000/eecAnalysis_ppref_2024-09-10_714.root
hadd Source file 280: /eos/cms/store/group/phys_heavyions/jvelazqu/energycorr/eecAnalysis_ppref_2024-09-10/eecOOHistograms/crab_eecAnalysis_ppref_2024-09-10/260910_041527/0000/eecAnalysis_ppref_2024-09-10_280.root
hadd Source file 287: /eos/cms/store/group/phys_heavyions/jvelazqu/energycorr/eecAnalysis_ppref_2024-09-10/eecOOHistograms/crab_eecAnalysis_ppref_2024-09-10/260910_041527/0000/eecAnalysis_ppref_2024-09-10_715.root
hadd Source file 306: /eos/cms/store/group/phys_heavyions/jvelazqu/energycorr/eecAnalysis_ppref_2024-09-10/eecOOHistograms/crab_eecAnalysis_ppref_2024-09-10/260910_041527/0003/eecAnalysis_ppref_2024-09-10_3302.root
hadd Source file 271: /eos/cms/store/group/phys_heavyions/jvelazqu/energycorr/eecAnalysis_ppref_2024-09-10/eecOOHistograms/crab_eecAnalysis_ppref_2024-09-10/260910_041527/0002/eecAnalysis_ppref_2024-09-10_2411.root
hadd Source file 281: /eos/cms/store/group/phys_heavyions/jvelazqu/energycorr/eecAnalysis_ppref_2024-09-10/eecOOHistograms/crab_eecAnalysis_ppref_2024-09-10/260910_041527/0000/eecAnalysis_ppref_2024-09-10_281.root
hadd Source file 279: /eos/cms/store/group/phys_heavyions/jvelazqu/energycorr/eecAnalysis_ppref_2024-09-10/eecOOHistograms/crab_eecAnalysis_ppref_2024-09-10/260910_041527/0001/eecAnalysis_ppref_2024-09-10_1991.root
hadd Source file 288: /eos/cms/store/group/phys_heavyions/jvelazqu/energycorr/eecAnalysis_ppref_2024-09-10/eecOOHistograms/crab_eecAnalysis_ppref_2024-09-10/260910_041527/0000/eecAnalysis_ppref_2024-09-10_716.root
hadd Source file 272: /eos/cms/store/group/phys_heavyions/jvelazqu/energycorr/eecAnalysis_ppref_2024-09-10/eecOOHistograms/crab_eecAnalysis_ppref_2024-09-10/260910_041527/0002/eecAnalysis_ppref_2024-09-10_2412.root
hadd Source file 307: /eos/cms/store/group/phys_heavyions/jvelazqu/energycorr/eecAnalysis_ppref_2024-09-10/eecOOHistograms/crab_eecAnalysis_ppref_2024-09-10/260910_041527/0003/eecAnalysis_ppref_2024-09-10_3303.root
hadd Source file 278: /eos/cms/store/group/phys_heavyions/jvelazqu/energycorr/eecAnalysis_ppref_2024-09-10/eecOOHistograms/crab_eecAnalysis_ppref_2024-09-10/260910_041527/0002/eecAnalysis_ppref_2024-09-10_2846.root
hadd Source file 282: /eos/cms/store/group/phys_heavyions/jvelazqu/energycorr/eecAnalysis_ppref_2024-09-10/eecOOHistograms/crab_eecAnalysis_ppref_2024-09-10/260910_041527/0000/eecAnalysis_ppref_2024-09-10_282.root
hadd Source file 289: /eos/cms/store/group/phys_heavyions/jvelazqu/energycorr/eecAnalysis_ppref_2024-09-10/eecOOHistograms/crab_eecAnalysis_ppref_2024-09-10/260910_041527/0000/eecAnalysis_ppref_2024-09-10_717.root
hadd Source file 300: /eos/cms/store/group/phys_heavyions/jvelazqu/energycorr/eecAnalysis_ppref_2024-09-10/eecOOHistograms/crab_eecAnalysis_ppref_2024-09-10/260910_041527/0001/eecAnalysis_ppref_2024-09-10_1156.root
hadd Source file 280: /eos/cms/store/group/phys_heavyions/jvelazqu/energycorr/eecAnalysis_ppref_2024-09-10/eecOOHistograms/crab_eecAnalysis_ppref_2024-09-10/260910_041527/0001/eecAnalysis_ppref_2024-09-10_1992.root
hadd Source file 308: /eos/cms/store/group/phys_heavyions/jvelazqu/energycorr/eecAnalysis_ppref_2024-09-10/eecOOHistograms/crab_eecAnalysis_ppref_2024-09-10/260910_041527/0003/eecAnalysis_ppref_2024-09-10_3304.root
hadd Source file 273: /eos/cms/store/group/phys_heavyions/jvelazqu/energycorr/eecAnalysis_ppref_2024-09-10/eecOOHistograms/crab_eecAnalysis_ppref_2024-09-10/260910_041527/0002/eecAnalysis_ppref_2024-09-10_2413.root
hadd Source file 321: /eos/cms/store/group/phys_heavyions/jvelazqu/energycorr/eecAnalysis_ppref_2024-09-10/eecOOHistograms/crab_eecAnalysis_ppref_2024-09-10/260910_041527/0004/eecAnalysis_ppref_2024-09-10_4173.root
hadd Source file 281: /eos/cms/store/group/phys_heavyions/jvelazqu/energycorr/eecAnalysis_ppref_2024-09-10/eecOOHistograms/crab_eecAnalysis_ppref_2024-09-10/260910_041527/0001/eecAnalysis_ppref_2024-09-10_1993.root
hadd Source file 283: /eos/cms/store/group/phys_heavyions/jvelazqu/energycorr/eecAnalysis_ppref_2024-09-10/eecOOHistograms/crab_eecAnalysis_ppref_2024-09-10/260910_041527/0000/eecAnalysis_ppref_2024-09-10_283.root
hadd Source file 279: /eos/cms/store/group/phys_heavyions/jvelazqu/energycorr/eecAnalysis_ppref_2024-09-10/eecOOHistograms/crab_eecAnalysis_ppref_2024-09-10/260910_041527/0002/eecAnalysis_ppref_2024-09-10_2847.root
hadd Source file 274: /eos/cms/store/group/phys_heavyions/jvelazqu/energycorr/eecAnalysis_ppref_2024-09-10/eecOOHistograms/crab_eecAnalysis_ppref_2024-09-10/260910_041527/0002/eecAnalysis_ppref_2024-09-10_2414.root
hadd Source file 322: /eos/cms/store/group/phys_heavyions/jvelazqu/energycorr/eecAnalysis_ppref_2024-09-10/eecOOHistograms/crab_eecAnalysis_ppref_2024-09-10/260910_041527/0004/eecAnalysis_ppref_2024-09-10_4174.root
hadd Source file 272: /eos/cms/store/group/phys_heavyions/jvelazqu/energycorr/eecAnalysis_ppref_2024-09-10/eecOOHistograms/crab_eecAnalysis_ppref_2024-09-10/260910_041527/0003/eecAnalysis_ppref_2024-09-10_3696.root
hadd Source file 309: /eos/cms/store/group/phys_heavyions/jvelazqu/energycorr/eecAnalysis_ppref_2024-09-10/eecOOHistograms/crab_eecAnalysis_ppref_2024-09-10/260910_041527/0003/eecAnalysis_ppref_2024-09-10_3305.root
hadd Source file 282: /eos/cms/store/group/phys_heavyions/jvelazqu/energycorr/eecAnalysis_ppref_2024-09-10/eecOOHistograms/crab_eecAnalysis_ppref_2024-09-10/260910_041527/0001/eecAnalysis_ppref_2024-09-10_1994.root
hadd Source file 284: /eos/cms/store/group/phys_heavyions/jvelazqu/energycorr/eecAnalysis_ppref_2024-09-10/eecOOHistograms/crab_eecAnalysis_ppref_2024-09-10/260910_041527/0000/eecAnalysis_ppref_2024-09-10_284.root
hadd Source file 323: /eos/cms/store/group/phys_heavyions/jvelazqu/energycorr/eecAnalysis_ppref_2024-09-10/eecOOHistograms/crab_eecAnalysis_ppref_2024-09-10/260910_041527/0004/eecAnalysis_ppref_2024-09-10_4175.root
hadd Source file 290: /eos/cms/store/group/phys_heavyions/jvelazqu/energycorr/eecAnalysis_ppref_2024-09-10/eecOOHistograms/crab_eecAnalysis_ppref_2024-09-10/260910_041527/0000/eecAnalysis_ppref_2024-09-10_718.root
hadd Source file 280: /eos/cms/store/group/phys_heavyions/jvelazqu/energycorr/eecAnalysis_ppref_2024-09-10/eecOOHistograms/crab_eecAnalysis_ppref_2024-09-10/260910_041527/0002/eecAnalysis_ppref_2024-09-10_2848.root
hadd Source file 275: /eos/cms/store/group/phys_heavyions/jvelazqu/energycorr/eecAnalysis_ppref_2024-09-10/eecOOHistograms/crab_eecAnalysis_ppref_2024-09-10/260910_041527/0002/eecAnalysis_ppref_2024-09-10_2415.root
hadd Source file 273: /eos/cms/store/group/phys_heavyions/jvelazqu/energycorr/eecAnalysis_ppref_2024-09-10/eecOOHistograms/crab_eecAnalysis_ppref_2024-09-10/260910_041527/0003/eecAnalysis_ppref_2024-09-10_3697.root
hadd Source file 310: /eos/cms/store/group/phys_heavyions/jvelazqu/energycorr/eecAnalysis_ppref_2024-09-10/eecOOHistograms/crab_eecAnalysis_ppref_2024-09-10/260910_041527/0003/eecAnalysis_ppref_2024-09-10_3306.root
hadd Source file 285: /eos/cms/store/group/phys_heavyions/jvelazqu/energycorr/eecAnalysis_ppref_2024-09-10/eecOOHistograms/crab_eecAnalysis_ppref_2024-09-10/260910_041527/0000/eecAnalysis_ppref_2024-09-10_285.root
hadd Source file 281: /eos/cms/store/group/phys_heavyions/jvelazqu/energycorr/eecAnalysis_ppref_2024-09-10/eecOOHistograms/crab_eecAnalysis_ppref_2024-09-10/260910_041527/0002/eecAnalysis_ppref_2024-09-10_2849.root
hadd Source file 302: /eos/cms/store/group/phys_heavyions/jvelazqu/energycorr/eecAnalysis_ppref_2024-09-10/eecOOHistograms/crab_eecAnalysis_ppref_2024-09-10/260910_041527/0001/eecAnalysis_ppref_2024-09-10_1586.root
hadd Source file 283: /eos/cms/store/group/phys_heavyions/jvelazqu/energycorr/eecAnalysis_ppref_2024-09-10/eecOOHistograms/crab_eecAnalysis_ppref_2024-09-10/260910_041527/0001/eecAnalysis_ppref_2024-09-10_1995.root
hadd Source file 276: /eos/cms/store/group/phys_heavyions/jvelazqu/energycorr/eecAnalysis_ppref_2024-09-10/eecOOHistograms/crab_eecAnalysis_ppref_2024-09-10/260910_041527/0002/eecAnalysis_ppref_2024-09-10_2416.root
hadd Source file 301: /eos/cms/store/group/phys_heavyions/jvelazqu/energycorr/eecAnalysis_ppref_2024-09-10/eecOOHistograms/crab_eecAnalysis_ppref_2024-09-10/260910_041527/0001/eecAnalysis_ppref_2024-09-10_1157.root
hadd Source file 311: /eos/cms/store/group/phys_heavyions/jvelazqu/energycorr/eecAnalysis_ppref_2024-09-10/eecOOHistograms/crab_eecAnalysis_ppref_2024-09-10/260910_041527/0003/eecAnalysis_ppref_2024-09-10_3307.root
hadd Source file 291: /eos/cms/store/group/phys_heavyions/jvelazqu/energycorr/eecAnalysis_ppref_2024-09-10/eecOOHistograms/crab_eecAnalysis_ppref_2024-09-10/260910_041527/0000/eecAnalysis_ppref_2024-09-10_719.root
hadd Source file 282: /eos/cms/store/group/phys_heavyions/jvelazqu/energycorr/eecAnalysis_ppref_2024-09-10/eecOOHistograms/crab_eecAnalysis_ppref_2024-09-10/260910_041527/0002/eecAnalysis_ppref_2024-09-10_2850.root
hadd Source file 302: /eos/cms/store/group/phys_heavyions/jvelazqu/energycorr/eecAnalysis_ppref_2024-09-10/eecOOHistograms/crab_eecAnalysis_ppref_2024-09-10/260910_041527/0001/eecAnalysis_ppref_2024-09-10_1158.root
hadd Source file 274: /eos/cms/store/group/phys_heavyions/jvelazqu/energycorr/eecAnalysis_ppref_2024-09-10/eecOOHistograms/crab_eecAnalysis_ppref_2024-09-10/260910_041527/0003/eecAnalysis_ppref_2024-09-10_3698.root
hadd Source file 277: /eos/cms/store/group/phys_heavyions/jvelazqu/energycorr/eecAnalysis_ppref_2024-09-10/eecOOHistograms/crab_eecAnalysis_ppref_2024-09-10/260910_041527/0002/eecAnalysis_ppref_2024-09-10_2417.root
hadd Source file 284: /eos/cms/store/group/phys_heavyions/jvelazqu/energycorr/eecAnalysis_ppref_2024-09-10/eecOOHistograms/crab_eecAnalysis_ppref_2024-09-10/260910_041527/0001/eecAnalysis_ppref_2024-09-10_1996.root
hadd Source file 283: /eos/cms/store/group/phys_heavyions/jvelazqu/energycorr/eecAnalysis_ppref_2024-09-10/eecOOHistograms/crab_eecAnalysis_ppref_2024-09-10/260910_041527/0002/eecAnalysis_ppref_2024-09-10_2851.root
hadd Source file 292: /eos/cms/store/group/phys_heavyions/jvelazqu/energycorr/eecAnalysis_ppref_2024-09-10/eecOOHistograms/crab_eecAnalysis_ppref_2024-09-10/260910_041527/0000/eecAnalysis_ppref_2024-09-10_720.root
hadd Source file 275: /eos/cms/store/group/phys_heavyions/jvelazqu/energycorr/eecAnalysis_ppref_2024-09-10/eecOOHistograms/crab_eecAnalysis_ppref_2024-09-10/260910_041527/0003/eecAnalysis_ppref_2024-09-10_3699.root
hadd Source file 303: /eos/cms/store/group/phys_heavyions/jvelazqu/energycorr/eecAnalysis_ppref_2024-09-10/eecOOHistograms/crab_eecAnalysis_ppref_2024-09-10/260910_041527/0001/eecAnalysis_ppref_2024-09-10_1159.root
hadd Source file 284: /eos/cms/store/group/phys_heavyions/jvelazqu/energycorr/eecAnalysis_ppref_2024-09-10/eecOOHistograms/crab_eecAnalysis_ppref_2024-09-10/260910_041527/0002/eecAnalysis_ppref_2024-09-10_2852.root
hadd Source file 285: /eos/cms/store/group/phys_heavyions/jvelazqu/energycorr/eecAnalysis_ppref_2024-09-10/eecOOHistograms/crab_eecAnalysis_ppref_2024-09-10/260910_041527/0001/eecAnalysis_ppref_2024-09-10_1997.root
hadd Source file 278: /eos/cms/store/group/phys_heavyions/jvelazqu/energycorr/eecAnalysis_ppref_2024-09-10/eecOOHistograms/crab_eecAnalysis_ppref_2024-09-10/260910_041527/0002/eecAnalysis_ppref_2024-09-10_2418.root
hadd Source file 293: /eos/cms/store/group/phys_heavyions/jvelazqu/energycorr/eecAnalysis_ppref_2024-09-10/eecOOHistograms/crab_eecAnalysis_ppref_2024-09-10/260910_041527/0000/eecAnalysis_ppref_2024-09-10_721.root
hadd Source file 286: /eos/cms/store/group/phys_heavyions/jvelazqu/energycorr/eecAnalysis_ppref_2024-09-10/eecOOHistograms/crab_eecAnalysis_ppref_2024-09-10/260910_041527/0001/eecAnalysis_ppref_2024-09-10_1998.root
hadd Source file 276: /eos/cms/store/group/phys_heavyions/jvelazqu/energycorr/eecAnalysis_ppref_2024-09-10/eecOOHistograms/crab_eecAnalysis_ppref_2024-09-10/260910_041527/0003/eecAnalysis_ppref_2024-09-10_3700.root
hadd Source file 294: /eos/cms/store/group/phys_heavyions/jvelazqu/energycorr/eecAnalysis_ppref_2024-09-10/eecOOHistograms/crab_eecAnalysis_ppref_2024-09-10/260910_041527/0000/eecAnalysis_ppref_2024-09-10_722.root
hadd Source file 304: /eos/cms/store/group/phys_heavyions/jvelazqu/energycorr/eecAnalysis_ppref_2024-09-10/eecOOHistograms/crab_eecAnalysis_ppref_2024-09-10/260910_041527/0001/eecAnalysis_ppref_2024-09-10_1160.root
hadd Source file 279: /eos/cms/store/group/phys_heavyions/jvelazqu/energycorr/eecAnalysis_ppref_2024-09-10/eecOOHistograms/crab_eecAnalysis_ppref_2024-09-10/260910_041527/0002/eecAnalysis_ppref_2024-09-10_2419.root
hadd Source file 287: /eos/cms/store/group/phys_heavyions/jvelazqu/energycorr/eecAnalysis_ppref_2024-09-10/eecOOHistograms/crab_eecAnalysis_ppref_2024-09-10/260910_041527/0001/eecAnalysis_ppref_2024-09-10_1999.root
hadd Source file 303: /eos/cms/store/group/phys_heavyions/jvelazqu/energycorr/eecAnalysis_ppref_2024-09-10/eecOOHistograms/crab_eecAnalysis_ppref_2024-09-10/260910_041527/0001/eecAnalysis_ppref_2024-09-10_1587.root
hadd Source file 286: /eos/cms/store/group/phys_heavyions/jvelazqu/energycorr/eecAnalysis_ppref_2024-09-10/eecOOHistograms/crab_eecAnalysis_ppref_2024-09-10/260910_041527/0000/eecAnalysis_ppref_2024-09-10_286.root
hadd Source file 288: /eos/cms/store/group/phys_heavyions/jvelazqu/energycorr/eecAnalysis_ppref_2024-09-10/eecOOHistograms/crab_eecAnalysis_ppref_2024-09-10/260910_041527/0002/eecAnalysis_ppref_2024-09-10_2000.root
hadd Source file 312: /eos/cms/store/group/phys_heavyions/jvelazqu/energycorr/eecAnalysis_ppref_2024-09-10/eecOOHistograms/crab_eecAnalysis_ppref_2024-09-10/260910_041527/0003/eecAnalysis_ppref_2024-09-10_3308.root
hadd Source file 295: /eos/cms/store/group/phys_heavyions/jvelazqu/energycorr/eecAnalysis_ppref_2024-09-10/eecOOHistograms/crab_eecAnalysis_ppref_2024-09-10/260910_041527/0000/eecAnalysis_ppref_2024-09-10_723.root
hadd Source file 324: /eos/cms/store/group/phys_heavyions/jvelazqu/energycorr/eecAnalysis_ppref_2024-09-10/eecOOHistograms/crab_eecAnalysis_ppref_2024-09-10/260910_041527/0004/eecAnalysis_ppref_2024-09-10_4176.root
hadd Source file 280: /eos/cms/store/group/phys_heavyions/jvelazqu/energycorr/eecAnalysis_ppref_2024-09-10/eecOOHistograms/crab_eecAnalysis_ppref_2024-09-10/260910_041527/0002/eecAnalysis_ppref_2024-09-10_2420.root
hadd Source file 304: /eos/cms/store/group/phys_heavyions/jvelazqu/energycorr/eecAnalysis_ppref_2024-09-10/eecOOHistograms/crab_eecAnalysis_ppref_2024-09-10/260910_041527/0001/eecAnalysis_ppref_2024-09-10_1588.root
hadd Source file 305: /eos/cms/store/group/phys_heavyions/jvelazqu/energycorr/eecAnalysis_ppref_2024-09-10/eecOOHistograms/crab_eecAnalysis_ppref_2024-09-10/260910_041527/0001/eecAnalysis_ppref_2024-09-10_1161.root
hadd Source file 287: /eos/cms/store/group/phys_heavyions/jvelazqu/energycorr/eecAnalysis_ppref_2024-09-10/eecOOHistograms/crab_eecAnalysis_ppref_2024-09-10/260910_041527/0000/eecAnalysis_ppref_2024-09-10_287.root
hadd Source file 325: /eos/cms/store/group/phys_heavyions/jvelazqu/energycorr/eecAnalysis_ppref_2024-09-10/eecOOHistograms/crab_eecAnalysis_ppref_2024-09-10/260910_041527/0004/eecAnalysis_ppref_2024-09-10_4177.root
hadd Source file 289: /eos/cms/store/group/phys_heavyions/jvelazqu/energycorr/eecAnalysis_ppref_2024-09-10/eecOOHistograms/crab_eecAnalysis_ppref_2024-09-10/260910_041527/0002/eecAnalysis_ppref_2024-09-10_2001.root
hadd Source file 296: /eos/cms/store/group/phys_heavyions/jvelazqu/energycorr/eecAnalysis_ppref_2024-09-10/eecOOHistograms/crab_eecAnalysis_ppref_2024-09-10/260910_041527/0000/eecAnalysis_ppref_2024-09-10_724.root
hadd Source file 281: /eos/cms/store/group/phys_heavyions/jvelazqu/energycorr/eecAnalysis_ppref_2024-09-10/eecOOHistograms/crab_eecAnalysis_ppref_2024-09-10/260910_041527/0002/eecAnalysis_ppref_2024-09-10_2421.root
hadd Source file 305: /eos/cms/store/group/phys_heavyions/jvelazqu/energycorr/eecAnalysis_ppref_2024-09-10/eecOOHistograms/crab_eecAnalysis_ppref_2024-09-10/260910_041527/0001/eecAnalysis_ppref_2024-09-10_1589.root
hadd Source file 288: /eos/cms/store/group/phys_heavyions/jvelazqu/energycorr/eecAnalysis_ppref_2024-09-10/eecOOHistograms/crab_eecAnalysis_ppref_2024-09-10/260910_041527/0000/eecAnalysis_ppref_2024-09-10_288.root
hadd Source file 285: /eos/cms/store/group/phys_heavyions/jvelazqu/energycorr/eecAnalysis_ppref_2024-09-10/eecOOHistograms/crab_eecAnalysis_ppref_2024-09-10/260910_041527/0002/eecAnalysis_ppref_2024-09-10_2853.root
hadd Source file 326: /eos/cms/store/group/phys_heavyions/jvelazqu/energycorr/eecAnalysis_ppref_2024-09-10/eecOOHistograms/crab_eecAnalysis_ppref_2024-09-10/260910_041527/0004/eecAnalysis_ppref_2024-09-10_4178.root
hadd Source file 297: /eos/cms/store/group/phys_heavyions/jvelazqu/energycorr/eecAnalysis_ppref_2024-09-10/eecOOHistograms/crab_eecAnalysis_ppref_2024-09-10/260910_041527/0000/eecAnalysis_ppref_2024-09-10_725.root
hadd Source file 290: /eos/cms/store/group/phys_heavyions/jvelazqu/energycorr/eecAnalysis_ppref_2024-09-10/eecOOHistograms/crab_eecAnalysis_ppref_2024-09-10/260910_041527/0002/eecAnalysis_ppref_2024-09-10_2002.root
hadd Source file 277: /eos/cms/store/group/phys_heavyions/jvelazqu/energycorr/eecAnalysis_ppref_2024-09-10/eecOOHistograms/crab_eecAnalysis_ppref_2024-09-10/260910_041527/0003/eecAnalysis_ppref_2024-09-10_3701.root
hadd Source file 306: /eos/cms/store/group/phys_heavyions/jvelazqu/energycorr/eecAnalysis_ppref_2024-09-10/eecOOHistograms/crab_eecAnalysis_ppref_2024-09-10/260910_041527/0001/eecAnalysis_ppref_2024-09-10_1590.root
hadd Source file 289: /eos/cms/store/group/phys_heavyions/jvelazqu/energycorr/eecAnalysis_ppref_2024-09-10/eecOOHistograms/crab_eecAnalysis_ppref_2024-09-10/260910_041527/0000/eecAnalysis_ppref_2024-09-10_289.root
hadd Source file 286: /eos/cms/store/group/phys_heavyions/jvelazqu/energycorr/eecAnalysis_ppref_2024-09-10/eecOOHistograms/crab_eecAnalysis_ppref_2024-09-10/260910_041527/0002/eecAnalysis_ppref_2024-09-10_2854.root
hadd Source file 298: /eos/cms/store/group/phys_heavyions/jvelazqu/energycorr/eecAnalysis_ppref_2024-09-10/eecOOHistograms/crab_eecAnalysis_ppref_2024-09-10/260910_041527/0000/eecAnalysis_ppref_2024-09-10_726.root
hadd Source file 307: /eos/cms/store/group/phys_heavyions/jvelazqu/energycorr/eecAnalysis_ppref_2024-09-10/eecOOHistograms/crab_eecAnalysis_ppref_2024-09-10/260910_041527/0001/eecAnalysis_ppref_2024-09-10_1591.root
hadd Source file 327: /eos/cms/store/group/phys_heavyions/jvelazqu/energycorr/eecAnalysis_ppref_2024-09-10/eecOOHistograms/crab_eecAnalysis_ppref_2024-09-10/260910_041527/0004/eecAnalysis_ppref_2024-09-10_4179.root
hadd Source file 278: /eos/cms/store/group/phys_heavyions/jvelazqu/energycorr/eecAnalysis_ppref_2024-09-10/eecOOHistograms/crab_eecAnalysis_ppref_2024-09-10/260910_041527/0003/eecAnalysis_ppref_2024-09-10_3702.root
hadd Source file 299: /eos/cms/store/group/phys_heavyions/jvelazqu/energycorr/eecAnalysis_ppref_2024-09-10/eecOOHistograms/crab_eecAnalysis_ppref_2024-09-10/260910_041527/0000/eecAnalysis_ppref_2024-09-10_727.root
hadd Source file 291: /eos/cms/store/group/phys_heavyions/jvelazqu/energycorr/eecAnalysis_ppref_2024-09-10/eecOOHistograms/crab_eecAnalysis_ppref_2024-09-10/260910_041527/0002/eecAnalysis_ppref_2024-09-10_2003.root
hadd Source file 313: /eos/cms/store/group/phys_heavyions/jvelazqu/energycorr/eecAnalysis_ppref_2024-09-10/eecOOHistograms/crab_eecAnalysis_ppref_2024-09-10/260910_041527/0003/eecAnalysis_ppref_2024-09-10_3309.root
hadd Source file 290: /eos/cms/store/group/phys_heavyions/jvelazqu/energycorr/eecAnalysis_ppref_2024-09-10/eecOOHistograms/crab_eecAnalysis_ppref_2024-09-10/260910_041527/0000/eecAnalysis_ppref_2024-09-10_290.root
hadd Source file 292: /eos/cms/store/group/phys_heavyions/jvelazqu/energycorr/eecAnalysis_ppref_2024-09-10/eecOOHistograms/crab_eecAnalysis_ppref_2024-09-10/260910_041527/0002/eecAnalysis_ppref_2024-09-10_2004.root
hadd Source file 308: /eos/cms/store/group/phys_heavyions/jvelazqu/energycorr/eecAnalysis_ppref_2024-09-10/eecOOHistograms/crab_eecAnalysis_ppref_2024-09-10/260910_041527/0001/eecAnalysis_ppref_2024-09-10_1592.root
hadd Source file 328: /eos/cms/store/group/phys_heavyions/jvelazqu/energycorr/eecAnalysis_ppref_2024-09-10/eecOOHistograms/crab_eecAnalysis_ppref_2024-09-10/260910_041527/0004/eecAnalysis_ppref_2024-09-10_4180.root
hadd Source file 279: /eos/cms/store/group/phys_heavyions/jvelazqu/energycorr/eecAnalysis_ppref_2024-09-10/eecOOHistograms/crab_eecAnalysis_ppref_2024-09-10/260910_041527/0003/eecAnalysis_ppref_2024-09-10_3703.root
hadd Source file 291: /eos/cms/store/group/phys_heavyions/jvelazqu/energycorr/eecAnalysis_ppref_2024-09-10/eecOOHistograms/crab_eecAnalysis_ppref_2024-09-10/260910_041527/0000/eecAnalysis_ppref_2024-09-10_291.root
hadd Source file 287: /eos/cms/store/group/phys_heavyions/jvelazqu/energycorr/eecAnalysis_ppref_2024-09-10/eecOOHistograms/crab_eecAnalysis_ppref_2024-09-10/260910_041527/0002/eecAnalysis_ppref_2024-09-10_2855.root
hadd Source file 314: /eos/cms/store/group/phys_heavyions/jvelazqu/energycorr/eecAnalysis_ppref_2024-09-10/eecOOHistograms/crab_eecAnalysis_ppref_2024-09-10/260910_041527/0003/eecAnalysis_ppref_2024-09-10_3310.root
hadd Source file 309: /eos/cms/store/group/phys_heavyions/jvelazqu/energycorr/eecAnalysis_ppref_2024-09-10/eecOOHistograms/crab_eecAnalysis_ppref_2024-09-10/260910_041527/0001/eecAnalysis_ppref_2024-09-10_1593.root
hadd Source file 292: /eos/cms/store/group/phys_heavyions/jvelazqu/energycorr/eecAnalysis_ppref_2024-09-10/eecOOHistograms/crab_eecAnalysis_ppref_2024-09-10/260910_041527/0000/eecAnalysis_ppref_2024-09-10_292.root
hadd Source file 282: /eos/cms/store/group/phys_heavyions/jvelazqu/energycorr/eecAnalysis_ppref_2024-09-10/eecOOHistograms/crab_eecAnalysis_ppref_2024-09-10/260910_041527/0002/eecAnalysis_ppref_2024-09-10_2422.root
hadd Source file 280: /eos/cms/store/group/phys_heavyions/jvelazqu/energycorr/eecAnalysis_ppref_2024-09-10/eecOOHistograms/crab_eecAnalysis_ppref_2024-09-10/260910_041527/0003/eecAnalysis_ppref_2024-09-10_3704.root
hadd Source file 288: /eos/cms/store/group/phys_heavyions/jvelazqu/energycorr/eecAnalysis_ppref_2024-09-10/eecOOHistograms/crab_eecAnalysis_ppref_2024-09-10/260910_041527/0002/eecAnalysis_ppref_2024-09-10_2856.root
hadd Source file 329: /eos/cms/store/group/phys_heavyions/jvelazqu/energycorr/eecAnalysis_ppref_2024-09-10/eecOOHistograms/crab_eecAnalysis_ppref_2024-09-10/260910_041527/0004/eecAnalysis_ppref_2024-09-10_4181.root
hadd Source file 310: /eos/cms/store/group/phys_heavyions/jvelazqu/energycorr/eecAnalysis_ppref_2024-09-10/eecOOHistograms/crab_eecAnalysis_ppref_2024-09-10/260910_041527/0001/eecAnalysis_ppref_2024-09-10_1594.root
hadd Source file 315: /eos/cms/store/group/phys_heavyions/jvelazqu/energycorr/eecAnalysis_ppref_2024-09-10/eecOOHistograms/crab_eecAnalysis_ppref_2024-09-10/260910_041527/0003/eecAnalysis_ppref_2024-09-10_3311.root
hadd Source file 283: /eos/cms/store/group/phys_heavyions/jvelazqu/energycorr/eecAnalysis_ppref_2024-09-10/eecOOHistograms/crab_eecAnalysis_ppref_2024-09-10/260910_041527/0002/eecAnalysis_ppref_2024-09-10_2423.root
hadd Source file 293: /eos/cms/store/group/phys_heavyions/jvelazqu/energycorr/eecAnalysis_ppref_2024-09-10/eecOOHistograms/crab_eecAnalysis_ppref_2024-09-10/260910_041527/0002/eecAnalysis_ppref_2024-09-10_2005.root
hadd Source file 330: /eos/cms/store/group/phys_heavyions/jvelazqu/energycorr/eecAnalysis_ppref_2024-09-10/eecOOHistograms/crab_eecAnalysis_ppref_2024-09-10/260910_041527/0004/eecAnalysis_ppref_2024-09-10_4182.root
hadd Source file 289: /eos/cms/store/group/phys_heavyions/jvelazqu/energycorr/eecAnalysis_ppref_2024-09-10/eecOOHistograms/crab_eecAnalysis_ppref_2024-09-10/260910_041527/0002/eecAnalysis_ppref_2024-09-10_2857.root
hadd Source file 293: /eos/cms/store/group/phys_heavyions/jvelazqu/energycorr/eecAnalysis_ppref_2024-09-10/eecOOHistograms/crab_eecAnalysis_ppref_2024-09-10/260910_041527/0000/eecAnalysis_ppref_2024-09-10_293.root
hadd Source file 281: /eos/cms/store/group/phys_heavyions/jvelazqu/energycorr/eecAnalysis_ppref_2024-09-10/eecOOHistograms/crab_eecAnalysis_ppref_2024-09-10/260910_041527/0003/eecAnalysis_ppref_2024-09-10_3705.root
hadd Source file 311: /eos/cms/store/group/phys_heavyions/jvelazqu/energycorr/eecAnalysis_ppref_2024-09-10/eecOOHistograms/crab_eecAnalysis_ppref_2024-09-10/260910_041527/0001/eecAnalysis_ppref_2024-09-10_1595.root
hadd Source file 331: /eos/cms/store/group/phys_heavyions/jvelazqu/energycorr/eecAnalysis_ppref_2024-09-10/eecOOHistograms/crab_eecAnalysis_ppref_2024-09-10/260910_041527/0004/eecAnalysis_ppref_2024-09-10_4183.root
hadd Source file 316: /eos/cms/store/group/phys_heavyions/jvelazqu/energycorr/eecAnalysis_ppref_2024-09-10/eecOOHistograms/crab_eecAnalysis_ppref_2024-09-10/260910_041527/0003/eecAnalysis_ppref_2024-09-10_3312.root
hadd Source file 300: /eos/cms/store/group/phys_heavyions/jvelazqu/energycorr/eecAnalysis_ppref_2024-09-10/eecOOHistograms/crab_eecAnalysis_ppref_2024-09-10/260910_041527/0000/eecAnalysis_ppref_2024-09-10_728.root
hadd Source file 294: /eos/cms/store/group/phys_heavyions/jvelazqu/energycorr/eecAnalysis_ppref_2024-09-10/eecOOHistograms/crab_eecAnalysis_ppref_2024-09-10/260910_041527/0000/eecAnalysis_ppref_2024-09-10_294.root
hadd Source file 290: /eos/cms/store/group/phys_heavyions/jvelazqu/energycorr/eecAnalysis_ppref_2024-09-10/eecOOHistograms/crab_eecAnalysis_ppref_2024-09-10/260910_041527/0002/eecAnalysis_ppref_2024-09-10_2858.root
hadd Source file 282: /eos/cms/store/group/phys_heavyions/jvelazqu/energycorr/eecAnalysis_ppref_2024-09-10/eecOOHistograms/crab_eecAnalysis_ppref_2024-09-10/260910_041527/0003/eecAnalysis_ppref_2024-09-10_3706.root
hadd Source file 284: /eos/cms/store/group/phys_heavyions/jvelazqu/energycorr/eecAnalysis_ppref_2024-09-10/eecOOHistograms/crab_eecAnalysis_ppref_2024-09-10/260910_041527/0002/eecAnalysis_ppref_2024-09-10_2424.root
hadd Source file 312: /eos/cms/store/group/phys_heavyions/jvelazqu/energycorr/eecAnalysis_ppref_2024-09-10/eecOOHistograms/crab_eecAnalysis_ppref_2024-09-10/260910_041527/0001/eecAnalysis_ppref_2024-09-10_1596.root
hadd Source file 301: /eos/cms/store/group/phys_heavyions/jvelazqu/energycorr/eecAnalysis_ppref_2024-09-10/eecOOHistograms/crab_eecAnalysis_ppref_2024-09-10/260910_041527/0000/eecAnalysis_ppref_2024-09-10_729.root
hadd Source file 332: /eos/cms/store/group/phys_heavyions/jvelazqu/energycorr/eecAnalysis_ppref_2024-09-10/eecOOHistograms/crab_eecAnalysis_ppref_2024-09-10/260910_041527/0004/eecAnalysis_ppref_2024-09-10_4184.root
hadd Source file 317: /eos/cms/store/group/phys_heavyions/jvelazqu/energycorr/eecAnalysis_ppref_2024-09-10/eecOOHistograms/crab_eecAnalysis_ppref_2024-09-10/260910_041527/0003/eecAnalysis_ppref_2024-09-10_3313.root
hadd Source file 291: /eos/cms/store/group/phys_heavyions/jvelazqu/energycorr/eecAnalysis_ppref_2024-09-10/eecOOHistograms/crab_eecAnalysis_ppref_2024-09-10/260910_041527/0002/eecAnalysis_ppref_2024-09-10_2859.root
hadd Source file 313: /eos/cms/store/group/phys_heavyions/jvelazqu/energycorr/eecAnalysis_ppref_2024-09-10/eecOOHistograms/crab_eecAnalysis_ppref_2024-09-10/260910_041527/0001/eecAnalysis_ppref_2024-09-10_1597.root
hadd Source file 295: /eos/cms/store/group/phys_heavyions/jvelazqu/energycorr/eecAnalysis_ppref_2024-09-10/eecOOHistograms/crab_eecAnalysis_ppref_2024-09-10/260910_041527/0000/eecAnalysis_ppref_2024-09-10_295.root
hadd Source file 285: /eos/cms/store/group/phys_heavyions/jvelazqu/energycorr/eecAnalysis_ppref_2024-09-10/eecOOHistograms/crab_eecAnalysis_ppref_2024-09-10/260910_041527/0002/eecAnalysis_ppref_2024-09-10_2425.root
hadd Source file 333: /eos/cms/store/group/phys_heavyions/jvelazqu/energycorr/eecAnalysis_ppref_2024-09-10/eecOOHistograms/crab_eecAnalysis_ppref_2024-09-10/260910_041527/0004/eecAnalysis_ppref_2024-09-10_4185.root
hadd Source file 306: /eos/cms/store/group/phys_heavyions/jvelazqu/energycorr/eecAnalysis_ppref_2024-09-10/eecOOHistograms/crab_eecAnalysis_ppref_2024-09-10/260910_041527/0001/eecAnalysis_ppref_2024-09-10_1162.root
hadd Source file 292: /eos/cms/store/group/phys_heavyions/jvelazqu/energycorr/eecAnalysis_ppref_2024-09-10/eecOOHistograms/crab_eecAnalysis_ppref_2024-09-10/260910_041527/0002/eecAnalysis_ppref_2024-09-10_2860.root
hadd Source file 318: /eos/cms/store/group/phys_heavyions/jvelazqu/energycorr/eecAnalysis_ppref_2024-09-10/eecOOHistograms/crab_eecAnalysis_ppref_2024-09-10/260910_041527/0003/eecAnalysis_ppref_2024-09-10_3314.root
hadd Source file 302: /eos/cms/store/group/phys_heavyions/jvelazqu/energycorr/eecAnalysis_ppref_2024-09-10/eecOOHistograms/crab_eecAnalysis_ppref_2024-09-10/260910_041527/0000/eecAnalysis_ppref_2024-09-10_730.root
hadd Source file 314: /eos/cms/store/group/phys_heavyions/jvelazqu/energycorr/eecAnalysis_ppref_2024-09-10/eecOOHistograms/crab_eecAnalysis_ppref_2024-09-10/260910_041527/0001/eecAnalysis_ppref_2024-09-10_1598.root
hadd Source file 307: /eos/cms/store/group/phys_heavyions/jvelazqu/energycorr/eecAnalysis_ppref_2024-09-10/eecOOHistograms/crab_eecAnalysis_ppref_2024-09-10/260910_041527/0001/eecAnalysis_ppref_2024-09-10_1163.root
hadd Source file 296: /eos/cms/store/group/phys_heavyions/jvelazqu/energycorr/eecAnalysis_ppref_2024-09-10/eecOOHistograms/crab_eecAnalysis_ppref_2024-09-10/260910_041527/0000/eecAnalysis_ppref_2024-09-10_296.root
hadd Source file 319: /eos/cms/store/group/phys_heavyions/jvelazqu/energycorr/eecAnalysis_ppref_2024-09-10/eecOOHistograms/crab_eecAnalysis_ppref_2024-09-10/260910_041527/0003/eecAnalysis_ppref_2024-09-10_3315.root
hadd Source file 286: /eos/cms/store/group/phys_heavyions/jvelazqu/energycorr/eecAnalysis_ppref_2024-09-10/eecOOHistograms/crab_eecAnalysis_ppref_2024-09-10/260910_041527/0002/eecAnalysis_ppref_2024-09-10_2426.root
hadd Source file 334: /eos/cms/store/group/phys_heavyions/jvelazqu/energycorr/eecAnalysis_ppref_2024-09-10/eecOOHistograms/crab_eecAnalysis_ppref_2024-09-10/260910_041527/0004/eecAnalysis_ppref_2024-09-10_4186.root
hadd Source file 294: /eos/cms/store/group/phys_heavyions/jvelazqu/energycorr/eecAnalysis_ppref_2024-09-10/eecOOHistograms/crab_eecAnalysis_ppref_2024-09-10/260910_041527/0002/eecAnalysis_ppref_2024-09-10_2006.root
hadd Source file 293: /eos/cms/store/group/phys_heavyions/jvelazqu/energycorr/eecAnalysis_ppref_2024-09-10/eecOOHistograms/crab_eecAnalysis_ppref_2024-09-10/260910_041527/0002/eecAnalysis_ppref_2024-09-10_2861.root
hadd Source file 303: /eos/cms/store/group/phys_heavyions/jvelazqu/energycorr/eecAnalysis_ppref_2024-09-10/eecOOHistograms/crab_eecAnalysis_ppref_2024-09-10/260910_041527/0000/eecAnalysis_ppref_2024-09-10_731.root
hadd Source file 315: /eos/cms/store/group/phys_heavyions/jvelazqu/energycorr/eecAnalysis_ppref_2024-09-10/eecOOHistograms/crab_eecAnalysis_ppref_2024-09-10/260910_041527/0001/eecAnalysis_ppref_2024-09-10_1599.root
hadd Source file 320: /eos/cms/store/group/phys_heavyions/jvelazqu/energycorr/eecAnalysis_ppref_2024-09-10/eecOOHistograms/crab_eecAnalysis_ppref_2024-09-10/260910_041527/0003/eecAnalysis_ppref_2024-09-10_3316.root
hadd Source file 335: /eos/cms/store/group/phys_heavyions/jvelazqu/energycorr/eecAnalysis_ppref_2024-09-10/eecOOHistograms/crab_eecAnalysis_ppref_2024-09-10/260910_041527/0004/eecAnalysis_ppref_2024-09-10_4187.root
hadd Source file 294: /eos/cms/store/group/phys_heavyions/jvelazqu/energycorr/eecAnalysis_ppref_2024-09-10/eecOOHistograms/crab_eecAnalysis_ppref_2024-09-10/260910_041527/0002/eecAnalysis_ppref_2024-09-10_2862.root
hadd Source file 321: /eos/cms/store/group/phys_heavyions/jvelazqu/energycorr/eecAnalysis_ppref_2024-09-10/eecOOHistograms/crab_eecAnalysis_ppref_2024-09-10/260910_041527/0003/eecAnalysis_ppref_2024-09-10_3317.root
hadd Source file 283: /eos/cms/store/group/phys_heavyions/jvelazqu/energycorr/eecAnalysis_ppref_2024-09-10/eecOOHistograms/crab_eecAnalysis_ppref_2024-09-10/260910_041527/0003/eecAnalysis_ppref_2024-09-10_3707.root
hadd Source file 316: /eos/cms/store/group/phys_heavyions/jvelazqu/energycorr/eecAnalysis_ppref_2024-09-10/eecOOHistograms/crab_eecAnalysis_ppref_2024-09-10/260910_041527/0001/eecAnalysis_ppref_2024-09-10_1600.root
hadd Source file 336: /eos/cms/store/group/phys_heavyions/jvelazqu/energycorr/eecAnalysis_ppref_2024-09-10/eecOOHistograms/crab_eecAnalysis_ppref_2024-09-10/260910_041527/0004/eecAnalysis_ppref_2024-09-10_4188.root
hadd Source file 295: /eos/cms/store/group/phys_heavyions/jvelazqu/energycorr/eecAnalysis_ppref_2024-09-10/eecOOHistograms/crab_eecAnalysis_ppref_2024-09-10/260910_041527/0002/eecAnalysis_ppref_2024-09-10_2863.root
hadd Source file 284: /eos/cms/store/group/phys_heavyions/jvelazqu/energycorr/eecAnalysis_ppref_2024-09-10/eecOOHistograms/crab_eecAnalysis_ppref_2024-09-10/260910_041527/0003/eecAnalysis_ppref_2024-09-10_3708.root
hadd Source file 322: /eos/cms/store/group/phys_heavyions/jvelazqu/energycorr/eecAnalysis_ppref_2024-09-10/eecOOHistograms/crab_eecAnalysis_ppref_2024-09-10/260910_041527/0003/eecAnalysis_ppref_2024-09-10_3318.root
hadd Source file 337: /eos/cms/store/group/phys_heavyions/jvelazqu/energycorr/eecAnalysis_ppref_2024-09-10/eecOOHistograms/crab_eecAnalysis_ppref_2024-09-10/260910_041527/0004/eecAnalysis_ppref_2024-09-10_4189.root
hadd Source file 308: /eos/cms/store/group/phys_heavyions/jvelazqu/energycorr/eecAnalysis_ppref_2024-09-10/eecOOHistograms/crab_eecAnalysis_ppref_2024-09-10/260910_041527/0001/eecAnalysis_ppref_2024-09-10_1164.root
hadd Source file 296: /eos/cms/store/group/phys_heavyions/jvelazqu/energycorr/eecAnalysis_ppref_2024-09-10/eecOOHistograms/crab_eecAnalysis_ppref_2024-09-10/260910_041527/0002/eecAnalysis_ppref_2024-09-10_2864.root
hadd Source file 323: /eos/cms/store/group/phys_heavyions/jvelazqu/energycorr/eecAnalysis_ppref_2024-09-10/eecOOHistograms/crab_eecAnalysis_ppref_2024-09-10/260910_041527/0003/eecAnalysis_ppref_2024-09-10_3319.root
hadd Source file 295: /eos/cms/store/group/phys_heavyions/jvelazqu/energycorr/eecAnalysis_ppref_2024-09-10/eecOOHistograms/crab_eecAnalysis_ppref_2024-09-10/260910_041527/0002/eecAnalysis_ppref_2024-09-10_2007.root
hadd Source file 287: /eos/cms/store/group/phys_heavyions/jvelazqu/energycorr/eecAnalysis_ppref_2024-09-10/eecOOHistograms/crab_eecAnalysis_ppref_2024-09-10/260910_041527/0002/eecAnalysis_ppref_2024-09-10_2427.root
hadd Source file 297: /eos/cms/store/group/phys_heavyions/jvelazqu/energycorr/eecAnalysis_ppref_2024-09-10/eecOOHistograms/crab_eecAnalysis_ppref_2024-09-10/260910_041527/0002/eecAnalysis_ppref_2024-09-10_2865.root
hadd Source file 309: /eos/cms/store/group/phys_heavyions/jvelazqu/energycorr/eecAnalysis_ppref_2024-09-10/eecOOHistograms/crab_eecAnalysis_ppref_2024-09-10/260910_041527/0001/eecAnalysis_ppref_2024-09-10_1165.root
hadd Source file 298: /eos/cms/store/group/phys_heavyions/jvelazqu/energycorr/eecAnalysis_ppref_2024-09-10/eecOOHistograms/crab_eecAnalysis_ppref_2024-09-10/260910_041527/0002/eecAnalysis_ppref_2024-09-10_2866.root
hadd Source file 324: /eos/cms/store/group/phys_heavyions/jvelazqu/energycorr/eecAnalysis_ppref_2024-09-10/eecOOHistograms/crab_eecAnalysis_ppref_2024-09-10/260910_041527/0003/eecAnalysis_ppref_2024-09-10_3320.root
hadd Source file 288: /eos/cms/store/group/phys_heavyions/jvelazqu/energycorr/eecAnalysis_ppref_2024-09-10/eecOOHistograms/crab_eecAnalysis_ppref_2024-09-10/260910_041527/0002/eecAnalysis_ppref_2024-09-10_2428.root
hadd Source file 304: /eos/cms/store/group/phys_heavyions/jvelazqu/energycorr/eecAnalysis_ppref_2024-09-10/eecOOHistograms/crab_eecAnalysis_ppref_2024-09-10/260910_041527/0000/eecAnalysis_ppref_2024-09-10_732.root
hadd Source file 296: /eos/cms/store/group/phys_heavyions/jvelazqu/energycorr/eecAnalysis_ppref_2024-09-10/eecOOHistograms/crab_eecAnalysis_ppref_2024-09-10/260910_041527/0002/eecAnalysis_ppref_2024-09-10_2008.root
hadd Source file 305: /eos/cms/store/group/phys_heavyions/jvelazqu/energycorr/eecAnalysis_ppref_2024-09-10/eecOOHistograms/crab_eecAnalysis_ppref_2024-09-10/260910_041527/0000/eecAnalysis_ppref_2024-09-10_733.root
hadd Source file 325: /eos/cms/store/group/phys_heavyions/jvelazqu/energycorr/eecAnalysis_ppref_2024-09-10/eecOOHistograms/crab_eecAnalysis_ppref_2024-09-10/260910_041527/0003/eecAnalysis_ppref_2024-09-10_3321.root
hadd Source file 310: /eos/cms/store/group/phys_heavyions/jvelazqu/energycorr/eecAnalysis_ppref_2024-09-10/eecOOHistograms/crab_eecAnalysis_ppref_2024-09-10/260910_041527/0001/eecAnalysis_ppref_2024-09-10_1166.root
hadd Source file 289: /eos/cms/store/group/phys_heavyions/jvelazqu/energycorr/eecAnalysis_ppref_2024-09-10/eecOOHistograms/crab_eecAnalysis_ppref_2024-09-10/260910_041527/0002/eecAnalysis_ppref_2024-09-10_2429.root
hadd Source file 317: /eos/cms/store/group/phys_heavyions/jvelazqu/energycorr/eecAnalysis_ppref_2024-09-10/eecOOHistograms/crab_eecAnalysis_ppref_2024-09-10/260910_041527/0001/eecAnalysis_ppref_2024-09-10_1601.root
hadd Source file 306: /eos/cms/store/group/phys_heavyions/jvelazqu/energycorr/eecAnalysis_ppref_2024-09-10/eecOOHistograms/crab_eecAnalysis_ppref_2024-09-10/260910_041527/0000/eecAnalysis_ppref_2024-09-10_734.root
hadd Source file 326: /eos/cms/store/group/phys_heavyions/jvelazqu/energycorr/eecAnalysis_ppref_2024-09-10/eecOOHistograms/crab_eecAnalysis_ppref_2024-09-10/260910_041527/0003/eecAnalysis_ppref_2024-09-10_3322.root
hadd Source file 297: /eos/cms/store/group/phys_heavyions/jvelazqu/energycorr/eecAnalysis_ppref_2024-09-10/eecOOHistograms/crab_eecAnalysis_ppref_2024-09-10/260910_041527/0002/eecAnalysis_ppref_2024-09-10_2009.root
hadd Source file 311: /eos/cms/store/group/phys_heavyions/jvelazqu/energycorr/eecAnalysis_ppref_2024-09-10/eecOOHistograms/crab_eecAnalysis_ppref_2024-09-10/260910_041527/0001/eecAnalysis_ppref_2024-09-10_1167.root
hadd Source file 318: /eos/cms/store/group/phys_heavyions/jvelazqu/energycorr/eecAnalysis_ppref_2024-09-10/eecOOHistograms/crab_eecAnalysis_ppref_2024-09-10/260910_041527/0001/eecAnalysis_ppref_2024-09-10_1602.root
hadd Source file 290: /eos/cms/store/group/phys_heavyions/jvelazqu/energycorr/eecAnalysis_ppref_2024-09-10/eecOOHistograms/crab_eecAnalysis_ppref_2024-09-10/260910_041527/0002/eecAnalysis_ppref_2024-09-10_2430.root
hadd Source file 338: /eos/cms/store/group/phys_heavyions/jvelazqu/energycorr/eecAnalysis_ppref_2024-09-10/eecOOHistograms/crab_eecAnalysis_ppref_2024-09-10/260910_041527/0004/eecAnalysis_ppref_2024-09-10_4190.root
hadd Source file 307: /eos/cms/store/group/phys_heavyions/jvelazqu/energycorr/eecAnalysis_ppref_2024-09-10/eecOOHistograms/crab_eecAnalysis_ppref_2024-09-10/260910_041527/0000/eecAnalysis_ppref_2024-09-10_735.root
hadd Source file 298: /eos/cms/store/group/phys_heavyions/jvelazqu/energycorr/eecAnalysis_ppref_2024-09-10/eecOOHistograms/crab_eecAnalysis_ppref_2024-09-10/260910_041527/0002/eecAnalysis_ppref_2024-09-10_2010.root
hadd Source file 312: /eos/cms/store/group/phys_heavyions/jvelazqu/energycorr/eecAnalysis_ppref_2024-09-10/eecOOHistograms/crab_eecAnalysis_ppref_2024-09-10/260910_041527/0001/eecAnalysis_ppref_2024-09-10_1168.root
hadd Source file 327: /eos/cms/store/group/phys_heavyions/jvelazqu/energycorr/eecAnalysis_ppref_2024-09-10/eecOOHistograms/crab_eecAnalysis_ppref_2024-09-10/260910_041527/0003/eecAnalysis_ppref_2024-09-10_3323.root
hadd Source file 319: /eos/cms/store/group/phys_heavyions/jvelazqu/energycorr/eecAnalysis_ppref_2024-09-10/eecOOHistograms/crab_eecAnalysis_ppref_2024-09-10/260910_041527/0001/eecAnalysis_ppref_2024-09-10_1603.root
hadd Source file 291: /eos/cms/store/group/phys_heavyions/jvelazqu/energycorr/eecAnalysis_ppref_2024-09-10/eecOOHistograms/crab_eecAnalysis_ppref_2024-09-10/260910_041527/0002/eecAnalysis_ppref_2024-09-10_2431.root
hadd Source file 299: /eos/cms/store/group/phys_heavyions/jvelazqu/energycorr/eecAnalysis_ppref_2024-09-10/eecOOHistograms/crab_eecAnalysis_ppref_2024-09-10/260910_041527/0002/eecAnalysis_ppref_2024-09-10_2011.root
hadd Source file 339: /eos/cms/store/group/phys_heavyions/jvelazqu/energycorr/eecAnalysis_ppref_2024-09-10/eecOOHistograms/crab_eecAnalysis_ppref_2024-09-10/260910_041527/0004/eecAnalysis_ppref_2024-09-10_4191.root
hadd Source file 308: /eos/cms/store/group/phys_heavyions/jvelazqu/energycorr/eecAnalysis_ppref_2024-09-10/eecOOHistograms/crab_eecAnalysis_ppref_2024-09-10/260910_041527/0000/eecAnalysis_ppref_2024-09-10_736.root
hadd Source file 313: /eos/cms/store/group/phys_heavyions/jvelazqu/energycorr/eecAnalysis_ppref_2024-09-10/eecOOHistograms/crab_eecAnalysis_ppref_2024-09-10/260910_041527/0001/eecAnalysis_ppref_2024-09-10_1169.root
hadd Source file 299: /eos/cms/store/group/phys_heavyions/jvelazqu/energycorr/eecAnalysis_ppref_2024-09-10/eecOOHistograms/crab_eecAnalysis_ppref_2024-09-10/260910_041527/0002/eecAnalysis_ppref_2024-09-10_2867.root
hadd Source file 328: /eos/cms/store/group/phys_heavyions/jvelazqu/energycorr/eecAnalysis_ppref_2024-09-10/eecOOHistograms/crab_eecAnalysis_ppref_2024-09-10/260910_041527/0003/eecAnalysis_ppref_2024-09-10_3324.root
hadd Source file 320: /eos/cms/store/group/phys_heavyions/jvelazqu/energycorr/eecAnalysis_ppref_2024-09-10/eecOOHistograms/crab_eecAnalysis_ppref_2024-09-10/260910_041527/0001/eecAnalysis_ppref_2024-09-10_1604.root
hadd Source file 292: /eos/cms/store/group/phys_heavyions/jvelazqu/energycorr/eecAnalysis_ppref_2024-09-10/eecOOHistograms/crab_eecAnalysis_ppref_2024-09-10/260910_041527/0002/eecAnalysis_ppref_2024-09-10_2432.root
hadd Source file 300: /eos/cms/store/group/phys_heavyions/jvelazqu/energycorr/eecAnalysis_ppref_2024-09-10/eecOOHistograms/crab_eecAnalysis_ppref_2024-09-10/260910_041527/0002/eecAnalysis_ppref_2024-09-10_2012.root
hadd Source file 309: /eos/cms/store/group/phys_heavyions/jvelazqu/energycorr/eecAnalysis_ppref_2024-09-10/eecOOHistograms/crab_eecAnalysis_ppref_2024-09-10/260910_041527/0000/eecAnalysis_ppref_2024-09-10_737.root
hadd Source file 300: /eos/cms/store/group/phys_heavyions/jvelazqu/energycorr/eecAnalysis_ppref_2024-09-10/eecOOHistograms/crab_eecAnalysis_ppref_2024-09-10/260910_041527/0002/eecAnalysis_ppref_2024-09-10_2868.root
hadd Source file 340: /eos/cms/store/group/phys_heavyions/jvelazqu/energycorr/eecAnalysis_ppref_2024-09-10/eecOOHistograms/crab_eecAnalysis_ppref_2024-09-10/260910_041527/0004/eecAnalysis_ppref_2024-09-10_4192.root
hadd Source file 329: /eos/cms/store/group/phys_heavyions/jvelazqu/energycorr/eecAnalysis_ppref_2024-09-10/eecOOHistograms/crab_eecAnalysis_ppref_2024-09-10/260910_041527/0003/eecAnalysis_ppref_2024-09-10_3325.root
hadd Source file 293: /eos/cms/store/group/phys_heavyions/jvelazqu/energycorr/eecAnalysis_ppref_2024-09-10/eecOOHistograms/crab_eecAnalysis_ppref_2024-09-10/260910_041527/0002/eecAnalysis_ppref_2024-09-10_2433.root
hadd Source file 301: /eos/cms/store/group/phys_heavyions/jvelazqu/energycorr/eecAnalysis_ppref_2024-09-10/eecOOHistograms/crab_eecAnalysis_ppref_2024-09-10/260910_041527/0002/eecAnalysis_ppref_2024-09-10_2013.root
hadd Source file 341: /eos/cms/store/group/phys_heavyions/jvelazqu/energycorr/eecAnalysis_ppref_2024-09-10/eecOOHistograms/crab_eecAnalysis_ppref_2024-09-10/260910_041527/0004/eecAnalysis_ppref_2024-09-10_4193.root
hadd Source file 301: /eos/cms/store/group/phys_heavyions/jvelazqu/energycorr/eecAnalysis_ppref_2024-09-10/eecOOHistograms/crab_eecAnalysis_ppref_2024-09-10/260910_041527/0002/eecAnalysis_ppref_2024-09-10_2869.root
hadd Source file 310: /eos/cms/store/group/phys_heavyions/jvelazqu/energycorr/eecAnalysis_ppref_2024-09-10/eecOOHistograms/crab_eecAnalysis_ppref_2024-09-10/260910_041527/0000/eecAnalysis_ppref_2024-09-10_738.root
hadd Source file 330: /eos/cms/store/group/phys_heavyions/jvelazqu/energycorr/eecAnalysis_ppref_2024-09-10/eecOOHistograms/crab_eecAnalysis_ppref_2024-09-10/260910_041527/0003/eecAnalysis_ppref_2024-09-10_3326.root
hadd Source file 302: /eos/cms/store/group/phys_heavyions/jvelazqu/energycorr/eecAnalysis_ppref_2024-09-10/eecOOHistograms/crab_eecAnalysis_ppref_2024-09-10/260910_041527/0002/eecAnalysis_ppref_2024-09-10_2014.root
hadd Source file 297: /eos/cms/store/group/phys_heavyions/jvelazqu/energycorr/eecAnalysis_ppref_2024-09-10/eecOOHistograms/crab_eecAnalysis_ppref_2024-09-10/260910_041527/0000/eecAnalysis_ppref_2024-09-10_297.root
hadd Source file 294: /eos/cms/store/group/phys_heavyions/jvelazqu/energycorr/eecAnalysis_ppref_2024-09-10/eecOOHistograms/crab_eecAnalysis_ppref_2024-09-10/260910_041527/0002/eecAnalysis_ppref_2024-09-10_2434.root
hadd Source file 342: /eos/cms/store/group/phys_heavyions/jvelazqu/energycorr/eecAnalysis_ppref_2024-09-10/eecOOHistograms/crab_eecAnalysis_ppref_2024-09-10/260910_041527/0004/eecAnalysis_ppref_2024-09-10_4194.root
hadd Source file 302: /eos/cms/store/group/phys_heavyions/jvelazqu/energycorr/eecAnalysis_ppref_2024-09-10/eecOOHistograms/crab_eecAnalysis_ppref_2024-09-10/260910_041527/0002/eecAnalysis_ppref_2024-09-10_2870.root
hadd Source file 303: /eos/cms/store/group/phys_heavyions/jvelazqu/energycorr/eecAnalysis_ppref_2024-09-10/eecOOHistograms/crab_eecAnalysis_ppref_2024-09-10/260910_041527/0002/eecAnalysis_ppref_2024-09-10_2015.root
hadd Source file 298: /eos/cms/store/group/phys_heavyions/jvelazqu/energycorr/eecAnalysis_ppref_2024-09-10/eecOOHistograms/crab_eecAnalysis_ppref_2024-09-10/260910_041527/0000/eecAnalysis_ppref_2024-09-10_298.root
hadd Source file 331: /eos/cms/store/group/phys_heavyions/jvelazqu/energycorr/eecAnalysis_ppref_2024-09-10/eecOOHistograms/crab_eecAnalysis_ppref_2024-09-10/260910_041527/0003/eecAnalysis_ppref_2024-09-10_3327.root
hadd Source file 314: /eos/cms/store/group/phys_heavyions/jvelazqu/energycorr/eecAnalysis_ppref_2024-09-10/eecOOHistograms/crab_eecAnalysis_ppref_2024-09-10/260910_041527/0001/eecAnalysis_ppref_2024-09-10_1170.root
hadd Source file 295: /eos/cms/store/group/phys_heavyions/jvelazqu/energycorr/eecAnalysis_ppref_2024-09-10/eecOOHistograms/crab_eecAnalysis_ppref_2024-09-10/260910_041527/0002/eecAnalysis_ppref_2024-09-10_2435.root
hadd Source file 285: /eos/cms/store/group/phys_heavyions/jvelazqu/energycorr/eecAnalysis_ppref_2024-09-10/eecOOHistograms/crab_eecAnalysis_ppref_2024-09-10/260910_041527/0003/eecAnalysis_ppref_2024-09-10_3709.root
hadd Source file 304: /eos/cms/store/group/phys_heavyions/jvelazqu/energycorr/eecAnalysis_ppref_2024-09-10/eecOOHistograms/crab_eecAnalysis_ppref_2024-09-10/260910_041527/0002/eecAnalysis_ppref_2024-09-10_2016.root
hadd Source file 303: /eos/cms/store/group/phys_heavyions/jvelazqu/energycorr/eecAnalysis_ppref_2024-09-10/eecOOHistograms/crab_eecAnalysis_ppref_2024-09-10/260910_041527/0002/eecAnalysis_ppref_2024-09-10_2871.root
hadd Source file 321: /eos/cms/store/group/phys_heavyions/jvelazqu/energycorr/eecAnalysis_ppref_2024-09-10/eecOOHistograms/crab_eecAnalysis_ppref_2024-09-10/260910_041527/0001/eecAnalysis_ppref_2024-09-10_1605.root
hadd Source file 315: /eos/cms/store/group/phys_heavyions/jvelazqu/energycorr/eecAnalysis_ppref_2024-09-10/eecOOHistograms/crab_eecAnalysis_ppref_2024-09-10/260910_041527/0001/eecAnalysis_ppref_2024-09-10_1171.root
hadd Source file 332: /eos/cms/store/group/phys_heavyions/jvelazqu/energycorr/eecAnalysis_ppref_2024-09-10/eecOOHistograms/crab_eecAnalysis_ppref_2024-09-10/260910_041527/0003/eecAnalysis_ppref_2024-09-10_3328.root
hadd Source file 286: /eos/cms/store/group/phys_heavyions/jvelazqu/energycorr/eecAnalysis_ppref_2024-09-10/eecOOHistograms/crab_eecAnalysis_ppref_2024-09-10/260910_041527/0003/eecAnalysis_ppref_2024-09-10_3710.root
hadd Source file 296: /eos/cms/store/group/phys_heavyions/jvelazqu/energycorr/eecAnalysis_ppref_2024-09-10/eecOOHistograms/crab_eecAnalysis_ppref_2024-09-10/260910_041527/0002/eecAnalysis_ppref_2024-09-10_2436.root
hadd Source file 299: /eos/cms/store/group/phys_heavyions/jvelazqu/energycorr/eecAnalysis_ppref_2024-09-10/eecOOHistograms/crab_eecAnalysis_ppref_2024-09-10/260910_041527/0000/eecAnalysis_ppref_2024-09-10_299.root
hadd Source file 297: /eos/cms/store/group/phys_heavyions/jvelazqu/energycorr/eecAnalysis_ppref_2024-09-10/eecOOHistograms/crab_eecAnalysis_ppref_2024-09-10/260910_041527/0002/eecAnalysis_ppref_2024-09-10_2437.root
hadd Source file 322: /eos/cms/store/group/phys_heavyions/jvelazqu/energycorr/eecAnalysis_ppref_2024-09-10/eecOOHistograms/crab_eecAnalysis_ppref_2024-09-10/260910_041527/0001/eecAnalysis_ppref_2024-09-10_1606.root
hadd Source file 304: /eos/cms/store/group/phys_heavyions/jvelazqu/energycorr/eecAnalysis_ppref_2024-09-10/eecOOHistograms/crab_eecAnalysis_ppref_2024-09-10/260910_041527/0002/eecAnalysis_ppref_2024-09-10_2872.root
hadd Source file 305: /eos/cms/store/group/phys_heavyions/jvelazqu/energycorr/eecAnalysis_ppref_2024-09-10/eecOOHistograms/crab_eecAnalysis_ppref_2024-09-10/260910_041527/0002/eecAnalysis_ppref_2024-09-10_2017.root
hadd Source file 300: /eos/cms/store/group/phys_heavyions/jvelazqu/energycorr/eecAnalysis_ppref_2024-09-10/eecOOHistograms/crab_eecAnalysis_ppref_2024-09-10/260910_041527/0000/eecAnalysis_ppref_2024-09-10_300.root
hadd Source file 316: /eos/cms/store/group/phys_heavyions/jvelazqu/energycorr/eecAnalysis_ppref_2024-09-10/eecOOHistograms/crab_eecAnalysis_ppref_2024-09-10/260910_041527/0001/eecAnalysis_ppref_2024-09-10_1172.root
hadd Source file 287: /eos/cms/store/group/phys_heavyions/jvelazqu/energycorr/eecAnalysis_ppref_2024-09-10/eecOOHistograms/crab_eecAnalysis_ppref_2024-09-10/260910_041527/0003/eecAnalysis_ppref_2024-09-10_3711.root
hadd Source file 305: /eos/cms/store/group/phys_heavyions/jvelazqu/energycorr/eecAnalysis_ppref_2024-09-10/eecOOHistograms/crab_eecAnalysis_ppref_2024-09-10/260910_041527/0002/eecAnalysis_ppref_2024-09-10_2873.root
hadd Source file 306: /eos/cms/store/group/phys_heavyions/jvelazqu/energycorr/eecAnalysis_ppref_2024-09-10/eecOOHistograms/crab_eecAnalysis_ppref_2024-09-10/260910_041527/0002/eecAnalysis_ppref_2024-09-10_2018.root
hadd Source file 317: /eos/cms/store/group/phys_heavyions/jvelazqu/energycorr/eecAnalysis_ppref_2024-09-10/eecOOHistograms/crab_eecAnalysis_ppref_2024-09-10/260910_041527/0001/eecAnalysis_ppref_2024-09-10_1173.root
hadd Source file 311: /eos/cms/store/group/phys_heavyions/jvelazqu/energycorr/eecAnalysis_ppref_2024-09-10/eecOOHistograms/crab_eecAnalysis_ppref_2024-09-10/260910_041527/0000/eecAnalysis_ppref_2024-09-10_739.root
hadd Source file 343: /eos/cms/store/group/phys_heavyions/jvelazqu/energycorr/eecAnalysis_ppref_2024-09-10/eecOOHistograms/crab_eecAnalysis_ppref_2024-09-10/260910_041527/0004/eecAnalysis_ppref_2024-09-10_4195.root
hadd Source file 301: /eos/cms/store/group/phys_heavyions/jvelazqu/energycorr/eecAnalysis_ppref_2024-09-10/eecOOHistograms/crab_eecAnalysis_ppref_2024-09-10/260910_041527/0000/eecAnalysis_ppref_2024-09-10_301.root
hadd Source file 306: /eos/cms/store/group/phys_heavyions/jvelazqu/energycorr/eecAnalysis_ppref_2024-09-10/eecOOHistograms/crab_eecAnalysis_ppref_2024-09-10/260910_041527/0002/eecAnalysis_ppref_2024-09-10_2874.root
hadd Source file 298: /eos/cms/store/group/phys_heavyions/jvelazqu/energycorr/eecAnalysis_ppref_2024-09-10/eecOOHistograms/crab_eecAnalysis_ppref_2024-09-10/260910_041527/0002/eecAnalysis_ppref_2024-09-10_2438.root
hadd Source file 307: /eos/cms/store/group/phys_heavyions/jvelazqu/energycorr/eecAnalysis_ppref_2024-09-10/eecOOHistograms/crab_eecAnalysis_ppref_2024-09-10/260910_041527/0002/eecAnalysis_ppref_2024-09-10_2019.root
hadd Source file 312: /eos/cms/store/group/phys_heavyions/jvelazqu/energycorr/eecAnalysis_ppref_2024-09-10/eecOOHistograms/crab_eecAnalysis_ppref_2024-09-10/260910_041527/0000/eecAnalysis_ppref_2024-09-10_740.root
hadd Source file 318: /eos/cms/store/group/phys_heavyions/jvelazqu/energycorr/eecAnalysis_ppref_2024-09-10/eecOOHistograms/crab_eecAnalysis_ppref_2024-09-10/260910_041527/0001/eecAnalysis_ppref_2024-09-10_1174.root
hadd Source file 302: /eos/cms/store/group/phys_heavyions/jvelazqu/energycorr/eecAnalysis_ppref_2024-09-10/eecOOHistograms/crab_eecAnalysis_ppref_2024-09-10/260910_041527/0000/eecAnalysis_ppref_2024-09-10_302.root
hadd Source file 299: /eos/cms/store/group/phys_heavyions/jvelazqu/energycorr/eecAnalysis_ppref_2024-09-10/eecOOHistograms/crab_eecAnalysis_ppref_2024-09-10/260910_041527/0002/eecAnalysis_ppref_2024-09-10_2439.root
hadd Source file 307: /eos/cms/store/group/phys_heavyions/jvelazqu/energycorr/eecAnalysis_ppref_2024-09-10/eecOOHistograms/crab_eecAnalysis_ppref_2024-09-10/260910_041527/0002/eecAnalysis_ppref_2024-09-10_2875.root
hadd Source file 313: /eos/cms/store/group/phys_heavyions/jvelazqu/energycorr/eecAnalysis_ppref_2024-09-10/eecOOHistograms/crab_eecAnalysis_ppref_2024-09-10/260910_041527/0000/eecAnalysis_ppref_2024-09-10_741.root
hadd Source file 319: /eos/cms/store/group/phys_heavyions/jvelazqu/energycorr/eecAnalysis_ppref_2024-09-10/eecOOHistograms/crab_eecAnalysis_ppref_2024-09-10/260910_041527/0001/eecAnalysis_ppref_2024-09-10_1175.root
hadd Source file 308: /eos/cms/store/group/phys_heavyions/jvelazqu/energycorr/eecAnalysis_ppref_2024-09-10/eecOOHistograms/crab_eecAnalysis_ppref_2024-09-10/260910_041527/0002/eecAnalysis_ppref_2024-09-10_2020.root
hadd Source file 333: /eos/cms/store/group/phys_heavyions/jvelazqu/energycorr/eecAnalysis_ppref_2024-09-10/eecOOHistograms/crab_eecAnalysis_ppref_2024-09-10/260910_041527/0003/eecAnalysis_ppref_2024-09-10_3329.root
hadd Source file 303: /eos/cms/store/group/phys_heavyions/jvelazqu/energycorr/eecAnalysis_ppref_2024-09-10/eecOOHistograms/crab_eecAnalysis_ppref_2024-09-10/260910_041527/0000/eecAnalysis_ppref_2024-09-10_303.root
hadd Source file 308: /eos/cms/store/group/phys_heavyions/jvelazqu/energycorr/eecAnalysis_ppref_2024-09-10/eecOOHistograms/crab_eecAnalysis_ppref_2024-09-10/260910_041527/0002/eecAnalysis_ppref_2024-09-10_2876.root
hadd Source file 323: /eos/cms/store/group/phys_heavyions/jvelazqu/energycorr/eecAnalysis_ppref_2024-09-10/eecOOHistograms/crab_eecAnalysis_ppref_2024-09-10/260910_041527/0001/eecAnalysis_ppref_2024-09-10_1607.root
hadd Source file 309: /eos/cms/store/group/phys_heavyions/jvelazqu/energycorr/eecAnalysis_ppref_2024-09-10/eecOOHistograms/crab_eecAnalysis_ppref_2024-09-10/260910_041527/0002/eecAnalysis_ppref_2024-09-10_2021.root
hadd Source file 324: /eos/cms/store/group/phys_heavyions/jvelazqu/energycorr/eecAnalysis_ppref_2024-09-10/eecOOHistograms/crab_eecAnalysis_ppref_2024-09-10/260910_041527/0001/eecAnalysis_ppref_2024-09-10_1608.root
hadd Source file 304: /eos/cms/store/group/phys_heavyions/jvelazqu/energycorr/eecAnalysis_ppref_2024-09-10/eecOOHistograms/crab_eecAnalysis_ppref_2024-09-10/260910_041527/0000/eecAnalysis_ppref_2024-09-10_304.root
hadd Source file 309: /eos/cms/store/group/phys_heavyions/jvelazqu/energycorr/eecAnalysis_ppref_2024-09-10/eecOOHistograms/crab_eecAnalysis_ppref_2024-09-10/260910_041527/0002/eecAnalysis_ppref_2024-09-10_2877.root
hadd Source file 310: /eos/cms/store/group/phys_heavyions/jvelazqu/energycorr/eecAnalysis_ppref_2024-09-10/eecOOHistograms/crab_eecAnalysis_ppref_2024-09-10/260910_041527/0002/eecAnalysis_ppref_2024-09-10_2022.root
hadd Source file 344: /eos/cms/store/group/phys_heavyions/jvelazqu/energycorr/eecAnalysis_ppref_2024-09-10/eecOOHistograms/crab_eecAnalysis_ppref_2024-09-10/260910_041527/0004/eecAnalysis_ppref_2024-09-10_4196.root
hadd Source file 314: /eos/cms/store/group/phys_heavyions/jvelazqu/energycorr/eecAnalysis_ppref_2024-09-10/eecOOHistograms/crab_eecAnalysis_ppref_2024-09-10/260910_041527/0000/eecAnalysis_ppref_2024-09-10_742.root
hadd Source file 310: /eos/cms/store/group/phys_heavyions/jvelazqu/energycorr/eecAnalysis_ppref_2024-09-10/eecOOHistograms/crab_eecAnalysis_ppref_2024-09-10/260910_041527/0002/eecAnalysis_ppref_2024-09-10_2878.root
hadd Source file 325: /eos/cms/store/group/phys_heavyions/jvelazqu/energycorr/eecAnalysis_ppref_2024-09-10/eecOOHistograms/crab_eecAnalysis_ppref_2024-09-10/260910_041527/0001/eecAnalysis_ppref_2024-09-10_1609.root
hadd Source file 315: /eos/cms/store/group/phys_heavyions/jvelazqu/energycorr/eecAnalysis_ppref_2024-09-10/eecOOHistograms/crab_eecAnalysis_ppref_2024-09-10/260910_041527/0000/eecAnalysis_ppref_2024-09-10_743.root
hadd Source file 311: /eos/cms/store/group/phys_heavyions/jvelazqu/energycorr/eecAnalysis_ppref_2024-09-10/eecOOHistograms/crab_eecAnalysis_ppref_2024-09-10/260910_041527/0002/eecAnalysis_ppref_2024-09-10_2023.root
hadd Source file 311: /eos/cms/store/group/phys_heavyions/jvelazqu/energycorr/eecAnalysis_ppref_2024-09-10/eecOOHistograms/crab_eecAnalysis_ppref_2024-09-10/260910_041527/0002/eecAnalysis_ppref_2024-09-10_2879.root
hadd Source file 326: /eos/cms/store/group/phys_heavyions/jvelazqu/energycorr/eecAnalysis_ppref_2024-09-10/eecOOHistograms/crab_eecAnalysis_ppref_2024-09-10/260910_041527/0001/eecAnalysis_ppref_2024-09-10_1610.root
hadd Source file 288: /eos/cms/store/group/phys_heavyions/jvelazqu/energycorr/eecAnalysis_ppref_2024-09-10/eecOOHistograms/crab_eecAnalysis_ppref_2024-09-10/260910_041527/0003/eecAnalysis_ppref_2024-09-10_3712.root
hadd Source file 345: /eos/cms/store/group/phys_heavyions/jvelazqu/energycorr/eecAnalysis_ppref_2024-09-10/eecOOHistograms/crab_eecAnalysis_ppref_2024-09-10/260910_041527/0004/eecAnalysis_ppref_2024-09-10_4197.root
hadd Source file 316: /eos/cms/store/group/phys_heavyions/jvelazqu/energycorr/eecAnalysis_ppref_2024-09-10/eecOOHistograms/crab_eecAnalysis_ppref_2024-09-10/260910_041527/0000/eecAnalysis_ppref_2024-09-10_744.root
hadd Source file 300: /eos/cms/store/group/phys_heavyions/jvelazqu/energycorr/eecAnalysis_ppref_2024-09-10/eecOOHistograms/crab_eecAnalysis_ppref_2024-09-10/260910_041527/0002/eecAnalysis_ppref_2024-09-10_2440.root
hadd Source file 312: /eos/cms/store/group/phys_heavyions/jvelazqu/energycorr/eecAnalysis_ppref_2024-09-10/eecOOHistograms/crab_eecAnalysis_ppref_2024-09-10/260910_041527/0002/eecAnalysis_ppref_2024-09-10_2880.root
hadd Source file 320: /eos/cms/store/group/phys_heavyions/jvelazqu/energycorr/eecAnalysis_ppref_2024-09-10/eecOOHistograms/crab_eecAnalysis_ppref_2024-09-10/260910_041527/0001/eecAnalysis_ppref_2024-09-10_1176.root
hadd Source file 334: /eos/cms/store/group/phys_heavyions/jvelazqu/energycorr/eecAnalysis_ppref_2024-09-10/eecOOHistograms/crab_eecAnalysis_ppref_2024-09-10/260910_041527/0003/eecAnalysis_ppref_2024-09-10_3330.root
hadd Source file 312: /eos/cms/store/group/phys_heavyions/jvelazqu/energycorr/eecAnalysis_ppref_2024-09-10/eecOOHistograms/crab_eecAnalysis_ppref_2024-09-10/260910_041527/0002/eecAnalysis_ppref_2024-09-10_2024.root
hadd Source file 346: /eos/cms/store/group/phys_heavyions/jvelazqu/energycorr/eecAnalysis_ppref_2024-09-10/eecOOHistograms/crab_eecAnalysis_ppref_2024-09-10/260910_041527/0004/eecAnalysis_ppref_2024-09-10_4198.root
hadd Source file 289: /eos/cms/store/group/phys_heavyions/jvelazqu/energycorr/eecAnalysis_ppref_2024-09-10/eecOOHistograms/crab_eecAnalysis_ppref_2024-09-10/260910_041527/0003/eecAnalysis_ppref_2024-09-10_3713.root
hadd Source file 317: /eos/cms/store/group/phys_heavyions/jvelazqu/energycorr/eecAnalysis_ppref_2024-09-10/eecOOHistograms/crab_eecAnalysis_ppref_2024-09-10/260910_041527/0000/eecAnalysis_ppref_2024-09-10_745.root
hadd Source file 335: /eos/cms/store/group/phys_heavyions/jvelazqu/energycorr/eecAnalysis_ppref_2024-09-10/eecOOHistograms/crab_eecAnalysis_ppref_2024-09-10/260910_041527/0003/eecAnalysis_ppref_2024-09-10_3331.root
hadd Source file 301: /eos/cms/store/group/phys_heavyions/jvelazqu/energycorr/eecAnalysis_ppref_2024-09-10/eecOOHistograms/crab_eecAnalysis_ppref_2024-09-10/260910_041527/0002/eecAnalysis_ppref_2024-09-10_2441.root
hadd Source file 305: /eos/cms/store/group/phys_heavyions/jvelazqu/energycorr/eecAnalysis_ppref_2024-09-10/eecOOHistograms/crab_eecAnalysis_ppref_2024-09-10/260910_041527/0000/eecAnalysis_ppref_2024-09-10_305.root
hadd Source file 313: /eos/cms/store/group/phys_heavyions/jvelazqu/energycorr/eecAnalysis_ppref_2024-09-10/eecOOHistograms/crab_eecAnalysis_ppref_2024-09-10/260910_041527/0002/eecAnalysis_ppref_2024-09-10_2881.root
hadd Source file 321: /eos/cms/store/group/phys_heavyions/jvelazqu/energycorr/eecAnalysis_ppref_2024-09-10/eecOOHistograms/crab_eecAnalysis_ppref_2024-09-10/260910_041527/0001/eecAnalysis_ppref_2024-09-10_1177.root
hadd Source file 313: /eos/cms/store/group/phys_heavyions/jvelazqu/energycorr/eecAnalysis_ppref_2024-09-10/eecOOHistograms/crab_eecAnalysis_ppref_2024-09-10/260910_041527/0002/eecAnalysis_ppref_2024-09-10_2025.root
hadd Source file 302: /eos/cms/store/group/phys_heavyions/jvelazqu/energycorr/eecAnalysis_ppref_2024-09-10/eecOOHistograms/crab_eecAnalysis_ppref_2024-09-10/260910_041527/0002/eecAnalysis_ppref_2024-09-10_2442.root
hadd Source file 347: /eos/cms/store/group/phys_heavyions/jvelazqu/energycorr/eecAnalysis_ppref_2024-09-10/eecOOHistograms/crab_eecAnalysis_ppref_2024-09-10/260910_041527/0004/eecAnalysis_ppref_2024-09-10_4199.root
hadd Source file 336: /eos/cms/store/group/phys_heavyions/jvelazqu/energycorr/eecAnalysis_ppref_2024-09-10/eecOOHistograms/crab_eecAnalysis_ppref_2024-09-10/260910_041527/0003/eecAnalysis_ppref_2024-09-10_3332.root
hadd Source file 348: /eos/cms/store/group/phys_heavyions/jvelazqu/energycorr/eecAnalysis_ppref_2024-09-10/eecOOHistograms/crab_eecAnalysis_ppref_2024-09-10/260910_041527/0004/eecAnalysis_ppref_2024-09-10_4200.root
hadd Source file 327: /eos/cms/store/group/phys_heavyions/jvelazqu/energycorr/eecAnalysis_ppref_2024-09-10/eecOOHistograms/crab_eecAnalysis_ppref_2024-09-10/260910_041527/0001/eecAnalysis_ppref_2024-09-10_1611.root
hadd Source file 290: /eos/cms/store/group/phys_heavyions/jvelazqu/energycorr/eecAnalysis_ppref_2024-09-10/eecOOHistograms/crab_eecAnalysis_ppref_2024-09-10/260910_041527/0003/eecAnalysis_ppref_2024-09-10_3714.root
hadd Source file 314: /eos/cms/store/group/phys_heavyions/jvelazqu/energycorr/eecAnalysis_ppref_2024-09-10/eecOOHistograms/crab_eecAnalysis_ppref_2024-09-10/260910_041527/0002/eecAnalysis_ppref_2024-09-10_2882.root
hadd Source file 314: /eos/cms/store/group/phys_heavyions/jvelazqu/energycorr/eecAnalysis_ppref_2024-09-10/eecOOHistograms/crab_eecAnalysis_ppref_2024-09-10/260910_041527/0002/eecAnalysis_ppref_2024-09-10_2026.root
hadd Source file 315: /eos/cms/store/group/phys_heavyions/jvelazqu/energycorr/eecAnalysis_ppref_2024-09-10/eecOOHistograms/crab_eecAnalysis_ppref_2024-09-10/260910_041527/0002/eecAnalysis_ppref_2024-09-10_2883.root
hadd Source file 322: /eos/cms/store/group/phys_heavyions/jvelazqu/energycorr/eecAnalysis_ppref_2024-09-10/eecOOHistograms/crab_eecAnalysis_ppref_2024-09-10/260910_041527/0001/eecAnalysis_ppref_2024-09-10_1178.root
hadd Source file 306: /eos/cms/store/group/phys_heavyions/jvelazqu/energycorr/eecAnalysis_ppref_2024-09-10/eecOOHistograms/crab_eecAnalysis_ppref_2024-09-10/260910_041527/0000/eecAnalysis_ppref_2024-09-10_306.root
hadd Source file 328: /eos/cms/store/group/phys_heavyions/jvelazqu/energycorr/eecAnalysis_ppref_2024-09-10/eecOOHistograms/crab_eecAnalysis_ppref_2024-09-10/260910_041527/0001/eecAnalysis_ppref_2024-09-10_1612.root
hadd Source file 315: /eos/cms/store/group/phys_heavyions/jvelazqu/energycorr/eecAnalysis_ppref_2024-09-10/eecOOHistograms/crab_eecAnalysis_ppref_2024-09-10/260910_041527/0002/eecAnalysis_ppref_2024-09-10_2027.root
hadd Source file 316: /eos/cms/store/group/phys_heavyions/jvelazqu/energycorr/eecAnalysis_ppref_2024-09-10/eecOOHistograms/crab_eecAnalysis_ppref_2024-09-10/260910_041527/0002/eecAnalysis_ppref_2024-09-10_2884.root
hadd Source file 291: /eos/cms/store/group/phys_heavyions/jvelazqu/energycorr/eecAnalysis_ppref_2024-09-10/eecOOHistograms/crab_eecAnalysis_ppref_2024-09-10/260910_041527/0003/eecAnalysis_ppref_2024-09-10_3715.root
hadd Source file 307: /eos/cms/store/group/phys_heavyions/jvelazqu/energycorr/eecAnalysis_ppref_2024-09-10/eecOOHistograms/crab_eecAnalysis_ppref_2024-09-10/260910_041527/0000/eecAnalysis_ppref_2024-09-10_307.root
hadd Source file 329: /eos/cms/store/group/phys_heavyions/jvelazqu/energycorr/eecAnalysis_ppref_2024-09-10/eecOOHistograms/crab_eecAnalysis_ppref_2024-09-10/260910_041527/0001/eecAnalysis_ppref_2024-09-10_1613.root
hadd Source file 323: /eos/cms/store/group/phys_heavyions/jvelazqu/energycorr/eecAnalysis_ppref_2024-09-10/eecOOHistograms/crab_eecAnalysis_ppref_2024-09-10/260910_041527/0001/eecAnalysis_ppref_2024-09-10_1179.root
hadd Source file 316: /eos/cms/store/group/phys_heavyions/jvelazqu/energycorr/eecAnalysis_ppref_2024-09-10/eecOOHistograms/crab_eecAnalysis_ppref_2024-09-10/260910_041527/0002/eecAnalysis_ppref_2024-09-10_2028.root
hadd Source file 292: /eos/cms/store/group/phys_heavyions/jvelazqu/energycorr/eecAnalysis_ppref_2024-09-10/eecOOHistograms/crab_eecAnalysis_ppref_2024-09-10/260910_041527/0003/eecAnalysis_ppref_2024-09-10_3716.root
hadd Source file 317: /eos/cms/store/group/phys_heavyions/jvelazqu/energycorr/eecAnalysis_ppref_2024-09-10/eecOOHistograms/crab_eecAnalysis_ppref_2024-09-10/260910_041527/0002/eecAnalysis_ppref_2024-09-10_2885.root
hadd Source file 349: /eos/cms/store/group/phys_heavyions/jvelazqu/energycorr/eecAnalysis_ppref_2024-09-10/eecOOHistograms/crab_eecAnalysis_ppref_2024-09-10/260910_041527/0004/eecAnalysis_ppref_2024-09-10_4201.root
hadd Source file 318: /eos/cms/store/group/phys_heavyions/jvelazqu/energycorr/eecAnalysis_ppref_2024-09-10/eecOOHistograms/crab_eecAnalysis_ppref_2024-09-10/260910_041527/0000/eecAnalysis_ppref_2024-09-10_746.root
hadd Source file 330: /eos/cms/store/group/phys_heavyions/jvelazqu/energycorr/eecAnalysis_ppref_2024-09-10/eecOOHistograms/crab_eecAnalysis_ppref_2024-09-10/260910_041527/0001/eecAnalysis_ppref_2024-09-10_1614.root
hadd Source file 317: /eos/cms/store/group/phys_heavyions/jvelazqu/energycorr/eecAnalysis_ppref_2024-09-10/eecOOHistograms/crab_eecAnalysis_ppref_2024-09-10/260910_041527/0002/eecAnalysis_ppref_2024-09-10_2029.root
hadd Source file 324: /eos/cms/store/group/phys_heavyions/jvelazqu/energycorr/eecAnalysis_ppref_2024-09-10/eecOOHistograms/crab_eecAnalysis_ppref_2024-09-10/260910_041527/0001/eecAnalysis_ppref_2024-09-10_1180.root
hadd Source file 308: /eos/cms/store/group/phys_heavyions/jvelazqu/energycorr/eecAnalysis_ppref_2024-09-10/eecOOHistograms/crab_eecAnalysis_ppref_2024-09-10/260910_041527/0000/eecAnalysis_ppref_2024-09-10_308.root
hadd Source file 337: /eos/cms/store/group/phys_heavyions/jvelazqu/energycorr/eecAnalysis_ppref_2024-09-10/eecOOHistograms/crab_eecAnalysis_ppref_2024-09-10/260910_041527/0003/eecAnalysis_ppref_2024-09-10_3333.root
hadd Source file 303: /eos/cms/store/group/phys_heavyions/jvelazqu/energycorr/eecAnalysis_ppref_2024-09-10/eecOOHistograms/crab_eecAnalysis_ppref_2024-09-10/260910_041527/0002/eecAnalysis_ppref_2024-09-10_2443.root
hadd Source file 293: /eos/cms/store/group/phys_heavyions/jvelazqu/energycorr/eecAnalysis_ppref_2024-09-10/eecOOHistograms/crab_eecAnalysis_ppref_2024-09-10/260910_041527/0003/eecAnalysis_ppref_2024-09-10_3717.root
hadd Source file 338: /eos/cms/store/group/phys_heavyions/jvelazqu/energycorr/eecAnalysis_ppref_2024-09-10/eecOOHistograms/crab_eecAnalysis_ppref_2024-09-10/260910_041527/0003/eecAnalysis_ppref_2024-09-10_3334.root
hadd Source file 325: /eos/cms/store/group/phys_heavyions/jvelazqu/energycorr/eecAnalysis_ppref_2024-09-10/eecOOHistograms/crab_eecAnalysis_ppref_2024-09-10/260910_041527/0001/eecAnalysis_ppref_2024-09-10_1181.root
hadd Source file 319: /eos/cms/store/group/phys_heavyions/jvelazqu/energycorr/eecAnalysis_ppref_2024-09-10/eecOOHistograms/crab_eecAnalysis_ppref_2024-09-10/260910_041527/0000/eecAnalysis_ppref_2024-09-10_747.root
hadd Source file 304: /eos/cms/store/group/phys_heavyions/jvelazqu/energycorr/eecAnalysis_ppref_2024-09-10/eecOOHistograms/crab_eecAnalysis_ppref_2024-09-10/260910_041527/0002/eecAnalysis_ppref_2024-09-10_2444.root
hadd Source file 318: /eos/cms/store/group/phys_heavyions/jvelazqu/energycorr/eecAnalysis_ppref_2024-09-10/eecOOHistograms/crab_eecAnalysis_ppref_2024-09-10/260910_041527/0002/eecAnalysis_ppref_2024-09-10_2030.root
hadd Source file 331: /eos/cms/store/group/phys_heavyions/jvelazqu/energycorr/eecAnalysis_ppref_2024-09-10/eecOOHistograms/crab_eecAnalysis_ppref_2024-09-10/260910_041527/0001/eecAnalysis_ppref_2024-09-10_1615.root
hadd Source file 318: /eos/cms/store/group/phys_heavyions/jvelazqu/energycorr/eecAnalysis_ppref_2024-09-10/eecOOHistograms/crab_eecAnalysis_ppref_2024-09-10/260910_041527/0002/eecAnalysis_ppref_2024-09-10_2886.root
hadd Source file 350: /eos/cms/store/group/phys_heavyions/jvelazqu/energycorr/eecAnalysis_ppref_2024-09-10/eecOOHistograms/crab_eecAnalysis_ppref_2024-09-10/260910_041527/0004/eecAnalysis_ppref_2024-09-10_4202.root
hadd Source file 309: /eos/cms/store/group/phys_heavyions/jvelazqu/energycorr/eecAnalysis_ppref_2024-09-10/eecOOHistograms/crab_eecAnalysis_ppref_2024-09-10/260910_041527/0000/eecAnalysis_ppref_2024-09-10_309.root
hadd Source file 294: /eos/cms/store/group/phys_heavyions/jvelazqu/energycorr/eecAnalysis_ppref_2024-09-10/eecOOHistograms/crab_eecAnalysis_ppref_2024-09-10/260910_041527/0003/eecAnalysis_ppref_2024-09-10_3718.root
hadd Source file 339: /eos/cms/store/group/phys_heavyions/jvelazqu/energycorr/eecAnalysis_ppref_2024-09-10/eecOOHistograms/crab_eecAnalysis_ppref_2024-09-10/260910_041527/0003/eecAnalysis_ppref_2024-09-10_3335.root
hadd Source file 319: /eos/cms/store/group/phys_heavyions/jvelazqu/energycorr/eecAnalysis_ppref_2024-09-10/eecOOHistograms/crab_eecAnalysis_ppref_2024-09-10/260910_041527/0002/eecAnalysis_ppref_2024-09-10_2887.root
hadd Source file 351: /eos/cms/store/group/phys_heavyions/jvelazqu/energycorr/eecAnalysis_ppref_2024-09-10/eecOOHistograms/crab_eecAnalysis_ppref_2024-09-10/260910_041527/0004/eecAnalysis_ppref_2024-09-10_4203.root
hadd Source file 320: /eos/cms/store/group/phys_heavyions/jvelazqu/energycorr/eecAnalysis_ppref_2024-09-10/eecOOHistograms/crab_eecAnalysis_ppref_2024-09-10/260910_041527/0000/eecAnalysis_ppref_2024-09-10_748.root
hadd Source file 305: /eos/cms/store/group/phys_heavyions/jvelazqu/energycorr/eecAnalysis_ppref_2024-09-10/eecOOHistograms/crab_eecAnalysis_ppref_2024-09-10/260910_041527/0002/eecAnalysis_ppref_2024-09-10_2445.root
hadd Source file 319: /eos/cms/store/group/phys_heavyions/jvelazqu/energycorr/eecAnalysis_ppref_2024-09-10/eecOOHistograms/crab_eecAnalysis_ppref_2024-09-10/260910_041527/0002/eecAnalysis_ppref_2024-09-10_2031.root
hadd Source file 310: /eos/cms/store/group/phys_heavyions/jvelazqu/energycorr/eecAnalysis_ppref_2024-09-10/eecOOHistograms/crab_eecAnalysis_ppref_2024-09-10/260910_041527/0000/eecAnalysis_ppref_2024-09-10_310.root
hadd Source file 320: /eos/cms/store/group/phys_heavyions/jvelazqu/energycorr/eecAnalysis_ppref_2024-09-10/eecOOHistograms/crab_eecAnalysis_ppref_2024-09-10/260910_041527/0002/eecAnalysis_ppref_2024-09-10_2888.root
hadd Source file 326: /eos/cms/store/group/phys_heavyions/jvelazqu/energycorr/eecAnalysis_ppref_2024-09-10/eecOOHistograms/crab_eecAnalysis_ppref_2024-09-10/260910_041527/0001/eecAnalysis_ppref_2024-09-10_1182.root
hadd Source file 321: /eos/cms/store/group/phys_heavyions/jvelazqu/energycorr/eecAnalysis_ppref_2024-09-10/eecOOHistograms/crab_eecAnalysis_ppref_2024-09-10/260910_041527/0000/eecAnalysis_ppref_2024-09-10_749.root
hadd Source file 352: /eos/cms/store/group/phys_heavyions/jvelazqu/energycorr/eecAnalysis_ppref_2024-09-10/eecOOHistograms/crab_eecAnalysis_ppref_2024-09-10/260910_041527/0004/eecAnalysis_ppref_2024-09-10_4204.root
hadd Source file 340: /eos/cms/store/group/phys_heavyions/jvelazqu/energycorr/eecAnalysis_ppref_2024-09-10/eecOOHistograms/crab_eecAnalysis_ppref_2024-09-10/260910_041527/0003/eecAnalysis_ppref_2024-09-10_3336.root
hadd Source file 306: /eos/cms/store/group/phys_heavyions/jvelazqu/energycorr/eecAnalysis_ppref_2024-09-10/eecOOHistograms/crab_eecAnalysis_ppref_2024-09-10/260910_041527/0002/eecAnalysis_ppref_2024-09-10_2446.root
hadd Source file 321: /eos/cms/store/group/phys_heavyions/jvelazqu/energycorr/eecAnalysis_ppref_2024-09-10/eecOOHistograms/crab_eecAnalysis_ppref_2024-09-10/260910_041527/0002/eecAnalysis_ppref_2024-09-10_2889.root
hadd Source file 320: /eos/cms/store/group/phys_heavyions/jvelazqu/energycorr/eecAnalysis_ppref_2024-09-10/eecOOHistograms/crab_eecAnalysis_ppref_2024-09-10/260910_041527/0002/eecAnalysis_ppref_2024-09-10_2032.root
hadd Source file 311: /eos/cms/store/group/phys_heavyions/jvelazqu/energycorr/eecAnalysis_ppref_2024-09-10/eecOOHistograms/crab_eecAnalysis_ppref_2024-09-10/260910_041527/0000/eecAnalysis_ppref_2024-09-10_311.root
hadd Source file 353: /eos/cms/store/group/phys_heavyions/jvelazqu/energycorr/eecAnalysis_ppref_2024-09-10/eecOOHistograms/crab_eecAnalysis_ppref_2024-09-10/260910_041527/0004/eecAnalysis_ppref_2024-09-10_4205.root
hadd Source file 327: /eos/cms/store/group/phys_heavyions/jvelazqu/energycorr/eecAnalysis_ppref_2024-09-10/eecOOHistograms/crab_eecAnalysis_ppref_2024-09-10/260910_041527/0001/eecAnalysis_ppref_2024-09-10_1183.root
hadd Source file 307: /eos/cms/store/group/phys_heavyions/jvelazqu/energycorr/eecAnalysis_ppref_2024-09-10/eecOOHistograms/crab_eecAnalysis_ppref_2024-09-10/260910_041527/0002/eecAnalysis_ppref_2024-09-10_2447.root
hadd Source file 322: /eos/cms/store/group/phys_heavyions/jvelazqu/energycorr/eecAnalysis_ppref_2024-09-10/eecOOHistograms/crab_eecAnalysis_ppref_2024-09-10/260910_041527/0000/eecAnalysis_ppref_2024-09-10_750.root
hadd Source file 341: /eos/cms/store/group/phys_heavyions/jvelazqu/energycorr/eecAnalysis_ppref_2024-09-10/eecOOHistograms/crab_eecAnalysis_ppref_2024-09-10/260910_041527/0003/eecAnalysis_ppref_2024-09-10_3337.root
hadd Source file 312: /eos/cms/store/group/phys_heavyions/jvelazqu/energycorr/eecAnalysis_ppref_2024-09-10/eecOOHistograms/crab_eecAnalysis_ppref_2024-09-10/260910_041527/0000/eecAnalysis_ppref_2024-09-10_312.root
hadd Source file 321: /eos/cms/store/group/phys_heavyions/jvelazqu/energycorr/eecAnalysis_ppref_2024-09-10/eecOOHistograms/crab_eecAnalysis_ppref_2024-09-10/260910_041527/0002/eecAnalysis_ppref_2024-09-10_2033.root
hadd Source file 323: /eos/cms/store/group/phys_heavyions/jvelazqu/energycorr/eecAnalysis_ppref_2024-09-10/eecOOHistograms/crab_eecAnalysis_ppref_2024-09-10/260910_041527/0000/eecAnalysis_ppref_2024-09-10_751.root
hadd Source file 354: /eos/cms/store/group/phys_heavyions/jvelazqu/energycorr/eecAnalysis_ppref_2024-09-10/eecOOHistograms/crab_eecAnalysis_ppref_2024-09-10/260910_041527/0004/eecAnalysis_ppref_2024-09-10_4206.root
hadd Source file 295: /eos/cms/store/group/phys_heavyions/jvelazqu/energycorr/eecAnalysis_ppref_2024-09-10/eecOOHistograms/crab_eecAnalysis_ppref_2024-09-10/260910_041527/0003/eecAnalysis_ppref_2024-09-10_3719.root
hadd Source file 328: /eos/cms/store/group/phys_heavyions/jvelazqu/energycorr/eecAnalysis_ppref_2024-09-10/eecOOHistograms/crab_eecAnalysis_ppref_2024-09-10/260910_041527/0001/eecAnalysis_ppref_2024-09-10_1184.root
hadd Source file 332: /eos/cms/store/group/phys_heavyions/jvelazqu/energycorr/eecAnalysis_ppref_2024-09-10/eecOOHistograms/crab_eecAnalysis_ppref_2024-09-10/260910_041527/0001/eecAnalysis_ppref_2024-09-10_1616.root
hadd Source file 322: /eos/cms/store/group/phys_heavyions/jvelazqu/energycorr/eecAnalysis_ppref_2024-09-10/eecOOHistograms/crab_eecAnalysis_ppref_2024-09-10/260910_041527/0002/eecAnalysis_ppref_2024-09-10_2890.root
hadd Source file 342: /eos/cms/store/group/phys_heavyions/jvelazqu/energycorr/eecAnalysis_ppref_2024-09-10/eecOOHistograms/crab_eecAnalysis_ppref_2024-09-10/260910_041527/0003/eecAnalysis_ppref_2024-09-10_3338.root
hadd Source file 313: /eos/cms/store/group/phys_heavyions/jvelazqu/energycorr/eecAnalysis_ppref_2024-09-10/eecOOHistograms/crab_eecAnalysis_ppref_2024-09-10/260910_041527/0000/eecAnalysis_ppref_2024-09-10_313.root
hadd Source file 308: /eos/cms/store/group/phys_heavyions/jvelazqu/energycorr/eecAnalysis_ppref_2024-09-10/eecOOHistograms/crab_eecAnalysis_ppref_2024-09-10/260910_041527/0002/eecAnalysis_ppref_2024-09-10_2448.root
hadd Source file 322: /eos/cms/store/group/phys_heavyions/jvelazqu/energycorr/eecAnalysis_ppref_2024-09-10/eecOOHistograms/crab_eecAnalysis_ppref_2024-09-10/260910_041527/0002/eecAnalysis_ppref_2024-09-10_2034.root
hadd Source file 329: /eos/cms/store/group/phys_heavyions/jvelazqu/energycorr/eecAnalysis_ppref_2024-09-10/eecOOHistograms/crab_eecAnalysis_ppref_2024-09-10/260910_041527/0001/eecAnalysis_ppref_2024-09-10_1185.root
hadd Source file 333: /eos/cms/store/group/phys_heavyions/jvelazqu/energycorr/eecAnalysis_ppref_2024-09-10/eecOOHistograms/crab_eecAnalysis_ppref_2024-09-10/260910_041527/0001/eecAnalysis_ppref_2024-09-10_1617.root
hadd Source file 355: /eos/cms/store/group/phys_heavyions/jvelazqu/energycorr/eecAnalysis_ppref_2024-09-10/eecOOHistograms/crab_eecAnalysis_ppref_2024-09-10/260910_041527/0004/eecAnalysis_ppref_2024-09-10_4207.root
hadd Source file 323: /eos/cms/store/group/phys_heavyions/jvelazqu/energycorr/eecAnalysis_ppref_2024-09-10/eecOOHistograms/crab_eecAnalysis_ppref_2024-09-10/260910_041527/0002/eecAnalysis_ppref_2024-09-10_2891.root
hadd Source file 296: /eos/cms/store/group/phys_heavyions/jvelazqu/energycorr/eecAnalysis_ppref_2024-09-10/eecOOHistograms/crab_eecAnalysis_ppref_2024-09-10/260910_041527/0003/eecAnalysis_ppref_2024-09-10_3720.root
hadd Source file 323: /eos/cms/store/group/phys_heavyions/jvelazqu/energycorr/eecAnalysis_ppref_2024-09-10/eecOOHistograms/crab_eecAnalysis_ppref_2024-09-10/260910_041527/0002/eecAnalysis_ppref_2024-09-10_2035.root
hadd Source file 330: /eos/cms/store/group/phys_heavyions/jvelazqu/energycorr/eecAnalysis_ppref_2024-09-10/eecOOHistograms/crab_eecAnalysis_ppref_2024-09-10/260910_041527/0001/eecAnalysis_ppref_2024-09-10_1186.root
hadd Source file 334: /eos/cms/store/group/phys_heavyions/jvelazqu/energycorr/eecAnalysis_ppref_2024-09-10/eecOOHistograms/crab_eecAnalysis_ppref_2024-09-10/260910_041527/0001/eecAnalysis_ppref_2024-09-10_1618.root
hadd Source file 309: /eos/cms/store/group/phys_heavyions/jvelazqu/energycorr/eecAnalysis_ppref_2024-09-10/eecOOHistograms/crab_eecAnalysis_ppref_2024-09-10/260910_041527/0002/eecAnalysis_ppref_2024-09-10_2449.root
hadd Source file 324: /eos/cms/store/group/phys_heavyions/jvelazqu/energycorr/eecAnalysis_ppref_2024-09-10/eecOOHistograms/crab_eecAnalysis_ppref_2024-09-10/260910_041527/0002/eecAnalysis_ppref_2024-09-10_2036.root
hadd Source file 356: /eos/cms/store/group/phys_heavyions/jvelazqu/energycorr/eecAnalysis_ppref_2024-09-10/eecOOHistograms/crab_eecAnalysis_ppref_2024-09-10/260910_041527/0004/eecAnalysis_ppref_2024-09-10_4208.root
hadd Source file 297: /eos/cms/store/group/phys_heavyions/jvelazqu/energycorr/eecAnalysis_ppref_2024-09-10/eecOOHistograms/crab_eecAnalysis_ppref_2024-09-10/260910_041527/0003/eecAnalysis_ppref_2024-09-10_3721.root
hadd Source file 343: /eos/cms/store/group/phys_heavyions/jvelazqu/energycorr/eecAnalysis_ppref_2024-09-10/eecOOHistograms/crab_eecAnalysis_ppref_2024-09-10/260910_041527/0003/eecAnalysis_ppref_2024-09-10_3339.root
hadd Source file 335: /eos/cms/store/group/phys_heavyions/jvelazqu/energycorr/eecAnalysis_ppref_2024-09-10/eecOOHistograms/crab_eecAnalysis_ppref_2024-09-10/260910_041527/0001/eecAnalysis_ppref_2024-09-10_1619.root
hadd Source file 310: /eos/cms/store/group/phys_heavyions/jvelazqu/energycorr/eecAnalysis_ppref_2024-09-10/eecOOHistograms/crab_eecAnalysis_ppref_2024-09-10/260910_041527/0002/eecAnalysis_ppref_2024-09-10_2450.root
hadd Source file 325: /eos/cms/store/group/phys_heavyions/jvelazqu/energycorr/eecAnalysis_ppref_2024-09-10/eecOOHistograms/crab_eecAnalysis_ppref_2024-09-10/260910_041527/0002/eecAnalysis_ppref_2024-09-10_2037.root
hadd Source file 344: /eos/cms/store/group/phys_heavyions/jvelazqu/energycorr/eecAnalysis_ppref_2024-09-10/eecOOHistograms/crab_eecAnalysis_ppref_2024-09-10/260910_041527/0003/eecAnalysis_ppref_2024-09-10_3340.root
hadd Source file 336: /eos/cms/store/group/phys_heavyions/jvelazqu/energycorr/eecAnalysis_ppref_2024-09-10/eecOOHistograms/crab_eecAnalysis_ppref_2024-09-10/260910_041527/0001/eecAnalysis_ppref_2024-09-10_1620.root
hadd Source file 357: /eos/cms/store/group/phys_heavyions/jvelazqu/energycorr/eecAnalysis_ppref_2024-09-10/eecOOHistograms/crab_eecAnalysis_ppref_2024-09-10/260910_041527/0004/eecAnalysis_ppref_2024-09-10_4209.root
hadd Source file 345: /eos/cms/store/group/phys_heavyions/jvelazqu/energycorr/eecAnalysis_ppref_2024-09-10/eecOOHistograms/crab_eecAnalysis_ppref_2024-09-10/260910_041527/0003/eecAnalysis_ppref_2024-09-10_3341.root
hadd Source file 311: /eos/cms/store/group/phys_heavyions/jvelazqu/energycorr/eecAnalysis_ppref_2024-09-10/eecOOHistograms/crab_eecAnalysis_ppref_2024-09-10/260910_041527/0002/eecAnalysis_ppref_2024-09-10_2451.root
hadd Source file 324: /eos/cms/store/group/phys_heavyions/jvelazqu/energycorr/eecAnalysis_ppref_2024-09-10/eecOOHistograms/crab_eecAnalysis_ppref_2024-09-10/260910_041527/0000/eecAnalysis_ppref_2024-09-10_752.root
hadd Source file 298: /eos/cms/store/group/phys_heavyions/jvelazqu/energycorr/eecAnalysis_ppref_2024-09-10/eecOOHistograms/crab_eecAnalysis_ppref_2024-09-10/260910_041527/0003/eecAnalysis_ppref_2024-09-10_3722.root
hadd Source file 314: /eos/cms/store/group/phys_heavyions/jvelazqu/energycorr/eecAnalysis_ppref_2024-09-10/eecOOHistograms/crab_eecAnalysis_ppref_2024-09-10/260910_041527/0000/eecAnalysis_ppref_2024-09-10_314.root
hadd Source file 326: /eos/cms/store/group/phys_heavyions/jvelazqu/energycorr/eecAnalysis_ppref_2024-09-10/eecOOHistograms/crab_eecAnalysis_ppref_2024-09-10/260910_041527/0002/eecAnalysis_ppref_2024-09-10_2038.root
hadd Source file 358: /eos/cms/store/group/phys_heavyions/jvelazqu/energycorr/eecAnalysis_ppref_2024-09-10/eecOOHistograms/crab_eecAnalysis_ppref_2024-09-10/260910_041527/0004/eecAnalysis_ppref_2024-09-10_4210.root
hadd Source file 346: /eos/cms/store/group/phys_heavyions/jvelazqu/energycorr/eecAnalysis_ppref_2024-09-10/eecOOHistograms/crab_eecAnalysis_ppref_2024-09-10/260910_041527/0003/eecAnalysis_ppref_2024-09-10_3342.root
hadd Source file 312: /eos/cms/store/group/phys_heavyions/jvelazqu/energycorr/eecAnalysis_ppref_2024-09-10/eecOOHistograms/crab_eecAnalysis_ppref_2024-09-10/260910_041527/0002/eecAnalysis_ppref_2024-09-10_2452.root
hadd Source file 325: /eos/cms/store/group/phys_heavyions/jvelazqu/energycorr/eecAnalysis_ppref_2024-09-10/eecOOHistograms/crab_eecAnalysis_ppref_2024-09-10/260910_041527/0000/eecAnalysis_ppref_2024-09-10_753.root
hadd Source file 324: /eos/cms/store/group/phys_heavyions/jvelazqu/energycorr/eecAnalysis_ppref_2024-09-10/eecOOHistograms/crab_eecAnalysis_ppref_2024-09-10/260910_041527/0002/eecAnalysis_ppref_2024-09-10_2892.root
hadd Source file 315: /eos/cms/store/group/phys_heavyions/jvelazqu/energycorr/eecAnalysis_ppref_2024-09-10/eecOOHistograms/crab_eecAnalysis_ppref_2024-09-10/260910_041527/0000/eecAnalysis_ppref_2024-09-10_315.root
hadd Source file 299: /eos/cms/store/group/phys_heavyions/jvelazqu/energycorr/eecAnalysis_ppref_2024-09-10/eecOOHistograms/crab_eecAnalysis_ppref_2024-09-10/260910_041527/0003/eecAnalysis_ppref_2024-09-10_3723.root
hadd Source file 347: /eos/cms/store/group/phys_heavyions/jvelazqu/energycorr/eecAnalysis_ppref_2024-09-10/eecOOHistograms/crab_eecAnalysis_ppref_2024-09-10/260910_041527/0003/eecAnalysis_ppref_2024-09-10_3343.root
hadd Source file 331: /eos/cms/store/group/phys_heavyions/jvelazqu/energycorr/eecAnalysis_ppref_2024-09-10/eecOOHistograms/crab_eecAnalysis_ppref_2024-09-10/260910_041527/0001/eecAnalysis_ppref_2024-09-10_1187.root
hadd Source file 359: /eos/cms/store/group/phys_heavyions/jvelazqu/energycorr/eecAnalysis_ppref_2024-09-10/eecOOHistograms/crab_eecAnalysis_ppref_2024-09-10/260910_041527/0004/eecAnalysis_ppref_2024-09-10_4211.root
hadd Source file 326: /eos/cms/store/group/phys_heavyions/jvelazqu/energycorr/eecAnalysis_ppref_2024-09-10/eecOOHistograms/crab_eecAnalysis_ppref_2024-09-10/260910_041527/0000/eecAnalysis_ppref_2024-09-10_754.root
hadd Source file 327: /eos/cms/store/group/phys_heavyions/jvelazqu/energycorr/eecAnalysis_ppref_2024-09-10/eecOOHistograms/crab_eecAnalysis_ppref_2024-09-10/260910_041527/0002/eecAnalysis_ppref_2024-09-10_2039.root
hadd Source file 327: /eos/cms/store/group/phys_heavyions/jvelazqu/energycorr/eecAnalysis_ppref_2024-09-10/eecOOHistograms/crab_eecAnalysis_ppref_2024-09-10/260910_041527/0000/eecAnalysis_ppref_2024-09-10_755.root
hadd Source file 313: /eos/cms/store/group/phys_heavyions/jvelazqu/energycorr/eecAnalysis_ppref_2024-09-10/eecOOHistograms/crab_eecAnalysis_ppref_2024-09-10/260910_041527/0002/eecAnalysis_ppref_2024-09-10_2453.root
hadd Source file 316: /eos/cms/store/group/phys_heavyions/jvelazqu/energycorr/eecAnalysis_ppref_2024-09-10/eecOOHistograms/crab_eecAnalysis_ppref_2024-09-10/260910_041527/0000/eecAnalysis_ppref_2024-09-10_316.root
hadd Source file 332: /eos/cms/store/group/phys_heavyions/jvelazqu/energycorr/eecAnalysis_ppref_2024-09-10/eecOOHistograms/crab_eecAnalysis_ppref_2024-09-10/260910_041527/0001/eecAnalysis_ppref_2024-09-10_1188.root
hadd Source file 300: /eos/cms/store/group/phys_heavyions/jvelazqu/energycorr/eecAnalysis_ppref_2024-09-10/eecOOHistograms/crab_eecAnalysis_ppref_2024-09-10/260910_041527/0003/eecAnalysis_ppref_2024-09-10_3724.root
hadd Source file 325: /eos/cms/store/group/phys_heavyions/jvelazqu/energycorr/eecAnalysis_ppref_2024-09-10/eecOOHistograms/crab_eecAnalysis_ppref_2024-09-10/260910_041527/0002/eecAnalysis_ppref_2024-09-10_2893.root
hadd Source file 348: /eos/cms/store/group/phys_heavyions/jvelazqu/energycorr/eecAnalysis_ppref_2024-09-10/eecOOHistograms/crab_eecAnalysis_ppref_2024-09-10/260910_041527/0003/eecAnalysis_ppref_2024-09-10_3344.root
hadd Source file 328: /eos/cms/store/group/phys_heavyions/jvelazqu/energycorr/eecAnalysis_ppref_2024-09-10/eecOOHistograms/crab_eecAnalysis_ppref_2024-09-10/260910_041527/0000/eecAnalysis_ppref_2024-09-10_756.root
hadd Source file 360: /eos/cms/store/group/phys_heavyions/jvelazqu/energycorr/eecAnalysis_ppref_2024-09-10/eecOOHistograms/crab_eecAnalysis_ppref_2024-09-10/260910_041527/0004/eecAnalysis_ppref_2024-09-10_4212.root
hadd Source file 317: /eos/cms/store/group/phys_heavyions/jvelazqu/energycorr/eecAnalysis_ppref_2024-09-10/eecOOHistograms/crab_eecAnalysis_ppref_2024-09-10/260910_041527/0000/eecAnalysis_ppref_2024-09-10_317.root
hadd Source file 333: /eos/cms/store/group/phys_heavyions/jvelazqu/energycorr/eecAnalysis_ppref_2024-09-10/eecOOHistograms/crab_eecAnalysis_ppref_2024-09-10/260910_041527/0001/eecAnalysis_ppref_2024-09-10_1189.root
hadd Source file 329: /eos/cms/store/group/phys_heavyions/jvelazqu/energycorr/eecAnalysis_ppref_2024-09-10/eecOOHistograms/crab_eecAnalysis_ppref_2024-09-10/260910_041527/0000/eecAnalysis_ppref_2024-09-10_757.root
hadd Source file 337: /eos/cms/store/group/phys_heavyions/jvelazqu/energycorr/eecAnalysis_ppref_2024-09-10/eecOOHistograms/crab_eecAnalysis_ppref_2024-09-10/260910_041527/0001/eecAnalysis_ppref_2024-09-10_1621.root
hadd Source file 349: /eos/cms/store/group/phys_heavyions/jvelazqu/energycorr/eecAnalysis_ppref_2024-09-10/eecOOHistograms/crab_eecAnalysis_ppref_2024-09-10/260910_041527/0003/eecAnalysis_ppref_2024-09-10_3345.root
hadd Source file 361: /eos/cms/store/group/phys_heavyions/jvelazqu/energycorr/eecAnalysis_ppref_2024-09-10/eecOOHistograms/crab_eecAnalysis_ppref_2024-09-10/260910_041527/0004/eecAnalysis_ppref_2024-09-10_4213.root
hadd Source file 326: /eos/cms/store/group/phys_heavyions/jvelazqu/energycorr/eecAnalysis_ppref_2024-09-10/eecOOHistograms/crab_eecAnalysis_ppref_2024-09-10/260910_041527/0002/eecAnalysis_ppref_2024-09-10_2894.root
hadd Source file 318: /eos/cms/store/group/phys_heavyions/jvelazqu/energycorr/eecAnalysis_ppref_2024-09-10/eecOOHistograms/crab_eecAnalysis_ppref_2024-09-10/260910_041527/0000/eecAnalysis_ppref_2024-09-10_318.root
hadd Source file 301: /eos/cms/store/group/phys_heavyions/jvelazqu/energycorr/eecAnalysis_ppref_2024-09-10/eecOOHistograms/crab_eecAnalysis_ppref_2024-09-10/260910_041527/0003/eecAnalysis_ppref_2024-09-10_3725.root
hadd Source file 330: /eos/cms/store/group/phys_heavyions/jvelazqu/energycorr/eecAnalysis_ppref_2024-09-10/eecOOHistograms/crab_eecAnalysis_ppref_2024-09-10/260910_041527/0000/eecAnalysis_ppref_2024-09-10_758.root
hadd Source file 328: /eos/cms/store/group/phys_heavyions/jvelazqu/energycorr/eecAnalysis_ppref_2024-09-10/eecOOHistograms/crab_eecAnalysis_ppref_2024-09-10/260910_041527/0002/eecAnalysis_ppref_2024-09-10_2040.root
hadd Source file 334: /eos/cms/store/group/phys_heavyions/jvelazqu/energycorr/eecAnalysis_ppref_2024-09-10/eecOOHistograms/crab_eecAnalysis_ppref_2024-09-10/260910_041527/0001/eecAnalysis_ppref_2024-09-10_1190.root
hadd Source file 350: /eos/cms/store/group/phys_heavyions/jvelazqu/energycorr/eecAnalysis_ppref_2024-09-10/eecOOHistograms/crab_eecAnalysis_ppref_2024-09-10/260910_041527/0003/eecAnalysis_ppref_2024-09-10_3346.root
hadd Source file 327: /eos/cms/store/group/phys_heavyions/jvelazqu/energycorr/eecAnalysis_ppref_2024-09-10/eecOOHistograms/crab_eecAnalysis_ppref_2024-09-10/260910_041527/0002/eecAnalysis_ppref_2024-09-10_2895.root
hadd Source file 329: /eos/cms/store/group/phys_heavyions/jvelazqu/energycorr/eecAnalysis_ppref_2024-09-10/eecOOHistograms/crab_eecAnalysis_ppref_2024-09-10/260910_041527/0002/eecAnalysis_ppref_2024-09-10_2041.root
hadd Source file 319: /eos/cms/store/group/phys_heavyions/jvelazqu/energycorr/eecAnalysis_ppref_2024-09-10/eecOOHistograms/crab_eecAnalysis_ppref_2024-09-10/260910_041527/0000/eecAnalysis_ppref_2024-09-10_319.root
hadd Source file 335: /eos/cms/store/group/phys_heavyions/jvelazqu/energycorr/eecAnalysis_ppref_2024-09-10/eecOOHistograms/crab_eecAnalysis_ppref_2024-09-10/260910_041527/0001/eecAnalysis_ppref_2024-09-10_1191.root
hadd Source file 331: /eos/cms/store/group/phys_heavyions/jvelazqu/energycorr/eecAnalysis_ppref_2024-09-10/eecOOHistograms/crab_eecAnalysis_ppref_2024-09-10/260910_041527/0000/eecAnalysis_ppref_2024-09-10_759.root
hadd Source file 351: /eos/cms/store/group/phys_heavyions/jvelazqu/energycorr/eecAnalysis_ppref_2024-09-10/eecOOHistograms/crab_eecAnalysis_ppref_2024-09-10/260910_041527/0003/eecAnalysis_ppref_2024-09-10_3347.root
hadd Source file 328: /eos/cms/store/group/phys_heavyions/jvelazqu/energycorr/eecAnalysis_ppref_2024-09-10/eecOOHistograms/crab_eecAnalysis_ppref_2024-09-10/260910_041527/0002/eecAnalysis_ppref_2024-09-10_2896.root
hadd Source file 314: /eos/cms/store/group/phys_heavyions/jvelazqu/energycorr/eecAnalysis_ppref_2024-09-10/eecOOHistograms/crab_eecAnalysis_ppref_2024-09-10/260910_041527/0002/eecAnalysis_ppref_2024-09-10_2454.root
hadd Source file 320: /eos/cms/store/group/phys_heavyions/jvelazqu/energycorr/eecAnalysis_ppref_2024-09-10/eecOOHistograms/crab_eecAnalysis_ppref_2024-09-10/260910_041527/0000/eecAnalysis_ppref_2024-09-10_320.root
hadd Source file 330: /eos/cms/store/group/phys_heavyions/jvelazqu/energycorr/eecAnalysis_ppref_2024-09-10/eecOOHistograms/crab_eecAnalysis_ppref_2024-09-10/260910_041527/0002/eecAnalysis_ppref_2024-09-10_2042.root
hadd Source file 332: /eos/cms/store/group/phys_heavyions/jvelazqu/energycorr/eecAnalysis_ppref_2024-09-10/eecOOHistograms/crab_eecAnalysis_ppref_2024-09-10/260910_041527/0000/eecAnalysis_ppref_2024-09-10_760.root
hadd Source file 329: /eos/cms/store/group/phys_heavyions/jvelazqu/energycorr/eecAnalysis_ppref_2024-09-10/eecOOHistograms/crab_eecAnalysis_ppref_2024-09-10/260910_041527/0002/eecAnalysis_ppref_2024-09-10_2897.root
hadd Source file 315: /eos/cms/store/group/phys_heavyions/jvelazqu/energycorr/eecAnalysis_ppref_2024-09-10/eecOOHistograms/crab_eecAnalysis_ppref_2024-09-10/260910_041527/0002/eecAnalysis_ppref_2024-09-10_2455.root
hadd Source file 352: /eos/cms/store/group/phys_heavyions/jvelazqu/energycorr/eecAnalysis_ppref_2024-09-10/eecOOHistograms/crab_eecAnalysis_ppref_2024-09-10/260910_041527/0003/eecAnalysis_ppref_2024-09-10_3348.root
hadd Source file 321: /eos/cms/store/group/phys_heavyions/jvelazqu/energycorr/eecAnalysis_ppref_2024-09-10/eecOOHistograms/crab_eecAnalysis_ppref_2024-09-10/260910_041527/0000/eecAnalysis_ppref_2024-09-10_321.root
hadd Source file 331: /eos/cms/store/group/phys_heavyions/jvelazqu/energycorr/eecAnalysis_ppref_2024-09-10/eecOOHistograms/crab_eecAnalysis_ppref_2024-09-10/260910_041527/0002/eecAnalysis_ppref_2024-09-10_2043.root
hadd Source file 333: /eos/cms/store/group/phys_heavyions/jvelazqu/energycorr/eecAnalysis_ppref_2024-09-10/eecOOHistograms/crab_eecAnalysis_ppref_2024-09-10/260910_041527/0000/eecAnalysis_ppref_2024-09-10_761.root
hadd Source file 362: /eos/cms/store/group/phys_heavyions/jvelazqu/energycorr/eecAnalysis_ppref_2024-09-10/eecOOHistograms/crab_eecAnalysis_ppref_2024-09-10/260910_041527/0004/eecAnalysis_ppref_2024-09-10_4214.root
hadd Source file 338: /eos/cms/store/group/phys_heavyions/jvelazqu/energycorr/eecAnalysis_ppref_2024-09-10/eecOOHistograms/crab_eecAnalysis_ppref_2024-09-10/260910_041527/0001/eecAnalysis_ppref_2024-09-10_1622.root
hadd Source file 322: /eos/cms/store/group/phys_heavyions/jvelazqu/energycorr/eecAnalysis_ppref_2024-09-10/eecOOHistograms/crab_eecAnalysis_ppref_2024-09-10/260910_041527/0000/eecAnalysis_ppref_2024-09-10_322.root
hadd Source file 316: /eos/cms/store/group/phys_heavyions/jvelazqu/energycorr/eecAnalysis_ppref_2024-09-10/eecOOHistograms/crab_eecAnalysis_ppref_2024-09-10/260910_041527/0002/eecAnalysis_ppref_2024-09-10_2456.root
hadd Source file 332: /eos/cms/store/group/phys_heavyions/jvelazqu/energycorr/eecAnalysis_ppref_2024-09-10/eecOOHistograms/crab_eecAnalysis_ppref_2024-09-10/260910_041527/0002/eecAnalysis_ppref_2024-09-10_2044.root
hadd Source file 334: /eos/cms/store/group/phys_heavyions/jvelazqu/energycorr/eecAnalysis_ppref_2024-09-10/eecOOHistograms/crab_eecAnalysis_ppref_2024-09-10/260910_041527/0000/eecAnalysis_ppref_2024-09-10_762.root
hadd Source file 353: /eos/cms/store/group/phys_heavyions/jvelazqu/energycorr/eecAnalysis_ppref_2024-09-10/eecOOHistograms/crab_eecAnalysis_ppref_2024-09-10/260910_041527/0003/eecAnalysis_ppref_2024-09-10_3349.root
hadd Source file 363: /eos/cms/store/group/phys_heavyions/jvelazqu/energycorr/eecAnalysis_ppref_2024-09-10/eecOOHistograms/crab_eecAnalysis_ppref_2024-09-10/260910_041527/0004/eecAnalysis_ppref_2024-09-10_4215.root
hadd Source file 335: /eos/cms/store/group/phys_heavyions/jvelazqu/energycorr/eecAnalysis_ppref_2024-09-10/eecOOHistograms/crab_eecAnalysis_ppref_2024-09-10/260910_041527/0000/eecAnalysis_ppref_2024-09-10_763.root
hadd Source file 323: /eos/cms/store/group/phys_heavyions/jvelazqu/energycorr/eecAnalysis_ppref_2024-09-10/eecOOHistograms/crab_eecAnalysis_ppref_2024-09-10/260910_041527/0000/eecAnalysis_ppref_2024-09-10_323.root
hadd Source file 317: /eos/cms/store/group/phys_heavyions/jvelazqu/energycorr/eecAnalysis_ppref_2024-09-10/eecOOHistograms/crab_eecAnalysis_ppref_2024-09-10/260910_041527/0002/eecAnalysis_ppref_2024-09-10_2457.root
hadd Source file 339: /eos/cms/store/group/phys_heavyions/jvelazqu/energycorr/eecAnalysis_ppref_2024-09-10/eecOOHistograms/crab_eecAnalysis_ppref_2024-09-10/260910_041527/0001/eecAnalysis_ppref_2024-09-10_1623.root
hadd Source file 333: /eos/cms/store/group/phys_heavyions/jvelazqu/energycorr/eecAnalysis_ppref_2024-09-10/eecOOHistograms/crab_eecAnalysis_ppref_2024-09-10/260910_041527/0002/eecAnalysis_ppref_2024-09-10_2045.root
hadd Source file 340: /eos/cms/store/group/phys_heavyions/jvelazqu/energycorr/eecAnalysis_ppref_2024-09-10/eecOOHistograms/crab_eecAnalysis_ppref_2024-09-10/260910_041527/0001/eecAnalysis_ppref_2024-09-10_1624.root
hadd Source file 364: /eos/cms/store/group/phys_heavyions/jvelazqu/energycorr/eecAnalysis_ppref_2024-09-10/eecOOHistograms/crab_eecAnalysis_ppref_2024-09-10/260910_041527/0004/eecAnalysis_ppref_2024-09-10_4216.root
hadd Source file 336: /eos/cms/store/group/phys_heavyions/jvelazqu/energycorr/eecAnalysis_ppref_2024-09-10/eecOOHistograms/crab_eecAnalysis_ppref_2024-09-10/260910_041527/0001/eecAnalysis_ppref_2024-09-10_1192.root
hadd Source file 336: /eos/cms/store/group/phys_heavyions/jvelazqu/energycorr/eecAnalysis_ppref_2024-09-10/eecOOHistograms/crab_eecAnalysis_ppref_2024-09-10/260910_041527/0000/eecAnalysis_ppref_2024-09-10_764.root
hadd Source file 302: /eos/cms/store/group/phys_heavyions/jvelazqu/energycorr/eecAnalysis_ppref_2024-09-10/eecOOHistograms/crab_eecAnalysis_ppref_2024-09-10/260910_041527/0003/eecAnalysis_ppref_2024-09-10_3726.root
hadd Source file 324: /eos/cms/store/group/phys_heavyions/jvelazqu/energycorr/eecAnalysis_ppref_2024-09-10/eecOOHistograms/crab_eecAnalysis_ppref_2024-09-10/260910_041527/0000/eecAnalysis_ppref_2024-09-10_324.root
hadd Source file 318: /eos/cms/store/group/phys_heavyions/jvelazqu/energycorr/eecAnalysis_ppref_2024-09-10/eecOOHistograms/crab_eecAnalysis_ppref_2024-09-10/260910_041527/0002/eecAnalysis_ppref_2024-09-10_2458.root
hadd Source file 334: /eos/cms/store/group/phys_heavyions/jvelazqu/energycorr/eecAnalysis_ppref_2024-09-10/eecOOHistograms/crab_eecAnalysis_ppref_2024-09-10/260910_041527/0002/eecAnalysis_ppref_2024-09-10_2046.root
hadd Source file 303: /eos/cms/store/group/phys_heavyions/jvelazqu/energycorr/eecAnalysis_ppref_2024-09-10/eecOOHistograms/crab_eecAnalysis_ppref_2024-09-10/260910_041527/0003/eecAnalysis_ppref_2024-09-10_3727.root
hadd Source file 341: /eos/cms/store/group/phys_heavyions/jvelazqu/energycorr/eecAnalysis_ppref_2024-09-10/eecOOHistograms/crab_eecAnalysis_ppref_2024-09-10/260910_041527/0001/eecAnalysis_ppref_2024-09-10_1625.root
hadd Source file 365: /eos/cms/store/group/phys_heavyions/jvelazqu/energycorr/eecAnalysis_ppref_2024-09-10/eecOOHistograms/crab_eecAnalysis_ppref_2024-09-10/260910_041527/0004/eecAnalysis_ppref_2024-09-10_4217.root
hadd Source file 319: /eos/cms/store/group/phys_heavyions/jvelazqu/energycorr/eecAnalysis_ppref_2024-09-10/eecOOHistograms/crab_eecAnalysis_ppref_2024-09-10/260910_041527/0002/eecAnalysis_ppref_2024-09-10_2459.root
hadd Source file 335: /eos/cms/store/group/phys_heavyions/jvelazqu/energycorr/eecAnalysis_ppref_2024-09-10/eecOOHistograms/crab_eecAnalysis_ppref_2024-09-10/260910_041527/0002/eecAnalysis_ppref_2024-09-10_2047.root
hadd Source file 366: /eos/cms/store/group/phys_heavyions/jvelazqu/energycorr/eecAnalysis_ppref_2024-09-10/eecOOHistograms/crab_eecAnalysis_ppref_2024-09-10/260910_041527/0004/eecAnalysis_ppref_2024-09-10_4218.root
hadd Source file 304: /eos/cms/store/group/phys_heavyions/jvelazqu/energycorr/eecAnalysis_ppref_2024-09-10/eecOOHistograms/crab_eecAnalysis_ppref_2024-09-10/260910_041527/0003/eecAnalysis_ppref_2024-09-10_3728.root
hadd Source file 320: /eos/cms/store/group/phys_heavyions/jvelazqu/energycorr/eecAnalysis_ppref_2024-09-10/eecOOHistograms/crab_eecAnalysis_ppref_2024-09-10/260910_041527/0002/eecAnalysis_ppref_2024-09-10_2460.root
hadd Source file 354: /eos/cms/store/group/phys_heavyions/jvelazqu/energycorr/eecAnalysis_ppref_2024-09-10/eecOOHistograms/crab_eecAnalysis_ppref_2024-09-10/260910_041527/0003/eecAnalysis_ppref_2024-09-10_3350.root
hadd Source file 342: /eos/cms/store/group/phys_heavyions/jvelazqu/energycorr/eecAnalysis_ppref_2024-09-10/eecOOHistograms/crab_eecAnalysis_ppref_2024-09-10/260910_041527/0001/eecAnalysis_ppref_2024-09-10_1626.root
hadd Source file 336: /eos/cms/store/group/phys_heavyions/jvelazqu/energycorr/eecAnalysis_ppref_2024-09-10/eecOOHistograms/crab_eecAnalysis_ppref_2024-09-10/260910_041527/0002/eecAnalysis_ppref_2024-09-10_2048.root
hadd Source file 305: /eos/cms/store/group/phys_heavyions/jvelazqu/energycorr/eecAnalysis_ppref_2024-09-10/eecOOHistograms/crab_eecAnalysis_ppref_2024-09-10/260910_041527/0003/eecAnalysis_ppref_2024-09-10_3729.root
hadd Source file 367: /eos/cms/store/group/phys_heavyions/jvelazqu/energycorr/eecAnalysis_ppref_2024-09-10/eecOOHistograms/crab_eecAnalysis_ppref_2024-09-10/260910_041527/0004/eecAnalysis_ppref_2024-09-10_4219.root
hadd Source file 337: /eos/cms/store/group/phys_heavyions/jvelazqu/energycorr/eecAnalysis_ppref_2024-09-10/eecOOHistograms/crab_eecAnalysis_ppref_2024-09-10/260910_041527/0001/eecAnalysis_ppref_2024-09-10_1193.root
hadd Source file 330: /eos/cms/store/group/phys_heavyions/jvelazqu/energycorr/eecAnalysis_ppref_2024-09-10/eecOOHistograms/crab_eecAnalysis_ppref_2024-09-10/260910_041527/0002/eecAnalysis_ppref_2024-09-10_2898.root
hadd Source file 355: /eos/cms/store/group/phys_heavyions/jvelazqu/energycorr/eecAnalysis_ppref_2024-09-10/eecOOHistograms/crab_eecAnalysis_ppref_2024-09-10/260910_041527/0003/eecAnalysis_ppref_2024-09-10_3351.root
hadd Source file 321: /eos/cms/store/group/phys_heavyions/jvelazqu/energycorr/eecAnalysis_ppref_2024-09-10/eecOOHistograms/crab_eecAnalysis_ppref_2024-09-10/260910_041527/0002/eecAnalysis_ppref_2024-09-10_2461.root
hadd Source file 322: /eos/cms/store/group/phys_heavyions/jvelazqu/energycorr/eecAnalysis_ppref_2024-09-10/eecOOHistograms/crab_eecAnalysis_ppref_2024-09-10/260910_041527/0002/eecAnalysis_ppref_2024-09-10_2462.root
hadd Source file 338: /eos/cms/store/group/phys_heavyions/jvelazqu/energycorr/eecAnalysis_ppref_2024-09-10/eecOOHistograms/crab_eecAnalysis_ppref_2024-09-10/260910_041527/0001/eecAnalysis_ppref_2024-09-10_1194.root
hadd Source file 306: /eos/cms/store/group/phys_heavyions/jvelazqu/energycorr/eecAnalysis_ppref_2024-09-10/eecOOHistograms/crab_eecAnalysis_ppref_2024-09-10/260910_041527/0003/eecAnalysis_ppref_2024-09-10_3730.root
hadd Source file 368: /eos/cms/store/group/phys_heavyions/jvelazqu/energycorr/eecAnalysis_ppref_2024-09-10/eecOOHistograms/crab_eecAnalysis_ppref_2024-09-10/260910_041527/0004/eecAnalysis_ppref_2024-09-10_4220.root
hadd Source file 325: /eos/cms/store/group/phys_heavyions/jvelazqu/energycorr/eecAnalysis_ppref_2024-09-10/eecOOHistograms/crab_eecAnalysis_ppref_2024-09-10/260910_041527/0000/eecAnalysis_ppref_2024-09-10_325.root
hadd Source file 356: /eos/cms/store/group/phys_heavyions/jvelazqu/energycorr/eecAnalysis_ppref_2024-09-10/eecOOHistograms/crab_eecAnalysis_ppref_2024-09-10/260910_041527/0003/eecAnalysis_ppref_2024-09-10_3352.root
hadd Source file 307: /eos/cms/store/group/phys_heavyions/jvelazqu/energycorr/eecAnalysis_ppref_2024-09-10/eecOOHistograms/crab_eecAnalysis_ppref_2024-09-10/260910_041527/0003/eecAnalysis_ppref_2024-09-10_3731.root
hadd Source file 331: /eos/cms/store/group/phys_heavyions/jvelazqu/energycorr/eecAnalysis_ppref_2024-09-10/eecOOHistograms/crab_eecAnalysis_ppref_2024-09-10/260910_041527/0002/eecAnalysis_ppref_2024-09-10_2899.root
hadd Source file 357: /eos/cms/store/group/phys_heavyions/jvelazqu/energycorr/eecAnalysis_ppref_2024-09-10/eecOOHistograms/crab_eecAnalysis_ppref_2024-09-10/260910_041527/0003/eecAnalysis_ppref_2024-09-10_3353.root
hadd Source file 337: /eos/cms/store/group/phys_heavyions/jvelazqu/energycorr/eecAnalysis_ppref_2024-09-10/eecOOHistograms/crab_eecAnalysis_ppref_2024-09-10/260910_041527/0002/eecAnalysis_ppref_2024-09-10_2049.root
hadd Source file 326: /eos/cms/store/group/phys_heavyions/jvelazqu/energycorr/eecAnalysis_ppref_2024-09-10/eecOOHistograms/crab_eecAnalysis_ppref_2024-09-10/260910_041527/0000/eecAnalysis_ppref_2024-09-10_326.root
hadd Source file 323: /eos/cms/store/group/phys_heavyions/jvelazqu/energycorr/eecAnalysis_ppref_2024-09-10/eecOOHistograms/crab_eecAnalysis_ppref_2024-09-10/260910_041527/0002/eecAnalysis_ppref_2024-09-10_2463.root
hadd Source file 339: /eos/cms/store/group/phys_heavyions/jvelazqu/energycorr/eecAnalysis_ppref_2024-09-10/eecOOHistograms/crab_eecAnalysis_ppref_2024-09-10/260910_041527/0001/eecAnalysis_ppref_2024-09-10_1195.root
hadd Source file 332: /eos/cms/store/group/phys_heavyions/jvelazqu/energycorr/eecAnalysis_ppref_2024-09-10/eecOOHistograms/crab_eecAnalysis_ppref_2024-09-10/260910_041527/0002/eecAnalysis_ppref_2024-09-10_2900.root
hadd Source file 324: /eos/cms/store/group/phys_heavyions/jvelazqu/energycorr/eecAnalysis_ppref_2024-09-10/eecOOHistograms/crab_eecAnalysis_ppref_2024-09-10/260910_041527/0002/eecAnalysis_ppref_2024-09-10_2464.root
hadd Source file 369: /eos/cms/store/group/phys_heavyions/jvelazqu/energycorr/eecAnalysis_ppref_2024-09-10/eecOOHistograms/crab_eecAnalysis_ppref_2024-09-10/260910_041527/0004/eecAnalysis_ppref_2024-09-10_4221.root
hadd Source file 338: /eos/cms/store/group/phys_heavyions/jvelazqu/energycorr/eecAnalysis_ppref_2024-09-10/eecOOHistograms/crab_eecAnalysis_ppref_2024-09-10/260910_041527/0002/eecAnalysis_ppref_2024-09-10_2050.root
hadd Source file 308: /eos/cms/store/group/phys_heavyions/jvelazqu/energycorr/eecAnalysis_ppref_2024-09-10/eecOOHistograms/crab_eecAnalysis_ppref_2024-09-10/260910_041527/0003/eecAnalysis_ppref_2024-09-10_3732.root
hadd Source file 327: /eos/cms/store/group/phys_heavyions/jvelazqu/energycorr/eecAnalysis_ppref_2024-09-10/eecOOHistograms/crab_eecAnalysis_ppref_2024-09-10/260910_041527/0000/eecAnalysis_ppref_2024-09-10_327.root
hadd Source file 340: /eos/cms/store/group/phys_heavyions/jvelazqu/energycorr/eecAnalysis_ppref_2024-09-10/eecOOHistograms/crab_eecAnalysis_ppref_2024-09-10/260910_041527/0001/eecAnalysis_ppref_2024-09-10_1196.root
hadd Source file 343: /eos/cms/store/group/phys_heavyions/jvelazqu/energycorr/eecAnalysis_ppref_2024-09-10/eecOOHistograms/crab_eecAnalysis_ppref_2024-09-10/260910_041527/0001/eecAnalysis_ppref_2024-09-10_1627.root
hadd Source file 333: /eos/cms/store/group/phys_heavyions/jvelazqu/energycorr/eecAnalysis_ppref_2024-09-10/eecOOHistograms/crab_eecAnalysis_ppref_2024-09-10/260910_041527/0002/eecAnalysis_ppref_2024-09-10_2901.root
hadd Source file 309: /eos/cms/store/group/phys_heavyions/jvelazqu/energycorr/eecAnalysis_ppref_2024-09-10/eecOOHistograms/crab_eecAnalysis_ppref_2024-09-10/260910_041527/0003/eecAnalysis_ppref_2024-09-10_3733.root
hadd Source file 341: /eos/cms/store/group/phys_heavyions/jvelazqu/energycorr/eecAnalysis_ppref_2024-09-10/eecOOHistograms/crab_eecAnalysis_ppref_2024-09-10/260910_041527/0001/eecAnalysis_ppref_2024-09-10_1197.root
hadd Source file 328: /eos/cms/store/group/phys_heavyions/jvelazqu/energycorr/eecAnalysis_ppref_2024-09-10/eecOOHistograms/crab_eecAnalysis_ppref_2024-09-10/260910_041527/0000/eecAnalysis_ppref_2024-09-10_328.root
hadd Source file 339: /eos/cms/store/group/phys_heavyions/jvelazqu/energycorr/eecAnalysis_ppref_2024-09-10/eecOOHistograms/crab_eecAnalysis_ppref_2024-09-10/260910_041527/0002/eecAnalysis_ppref_2024-09-10_2051.root
hadd Source file 334: /eos/cms/store/group/phys_heavyions/jvelazqu/energycorr/eecAnalysis_ppref_2024-09-10/eecOOHistograms/crab_eecAnalysis_ppref_2024-09-10/260910_041527/0002/eecAnalysis_ppref_2024-09-10_2902.root
hadd Source file 344: /eos/cms/store/group/phys_heavyions/jvelazqu/energycorr/eecAnalysis_ppref_2024-09-10/eecOOHistograms/crab_eecAnalysis_ppref_2024-09-10/260910_041527/0001/eecAnalysis_ppref_2024-09-10_1628.root
hadd Source file 310: /eos/cms/store/group/phys_heavyions/jvelazqu/energycorr/eecAnalysis_ppref_2024-09-10/eecOOHistograms/crab_eecAnalysis_ppref_2024-09-10/260910_041527/0003/eecAnalysis_ppref_2024-09-10_3734.root
hadd Source file 340: /eos/cms/store/group/phys_heavyions/jvelazqu/energycorr/eecAnalysis_ppref_2024-09-10/eecOOHistograms/crab_eecAnalysis_ppref_2024-09-10/260910_041527/0002/eecAnalysis_ppref_2024-09-10_2052.root
hadd Source file 345: /eos/cms/store/group/phys_heavyions/jvelazqu/energycorr/eecAnalysis_ppref_2024-09-10/eecOOHistograms/crab_eecAnalysis_ppref_2024-09-10/260910_041527/0001/eecAnalysis_ppref_2024-09-10_1629.root
hadd Source file 325: /eos/cms/store/group/phys_heavyions/jvelazqu/energycorr/eecAnalysis_ppref_2024-09-10/eecOOHistograms/crab_eecAnalysis_ppref_2024-09-10/260910_041527/0002/eecAnalysis_ppref_2024-09-10_2465.root
hadd Source file 337: /eos/cms/store/group/phys_heavyions/jvelazqu/energycorr/eecAnalysis_ppref_2024-09-10/eecOOHistograms/crab_eecAnalysis_ppref_2024-09-10/260910_041527/0000/eecAnalysis_ppref_2024-09-10_765.root
hadd Source file 335: /eos/cms/store/group/phys_heavyions/jvelazqu/energycorr/eecAnalysis_ppref_2024-09-10/eecOOHistograms/crab_eecAnalysis_ppref_2024-09-10/260910_041527/0002/eecAnalysis_ppref_2024-09-10_2903.root
hadd Source file 311: /eos/cms/store/group/phys_heavyions/jvelazqu/energycorr/eecAnalysis_ppref_2024-09-10/eecOOHistograms/crab_eecAnalysis_ppref_2024-09-10/260910_041527/0003/eecAnalysis_ppref_2024-09-10_3735.root
hadd Source file 346: /eos/cms/store/group/phys_heavyions/jvelazqu/energycorr/eecAnalysis_ppref_2024-09-10/eecOOHistograms/crab_eecAnalysis_ppref_2024-09-10/260910_041527/0001/eecAnalysis_ppref_2024-09-10_1630.root
hadd Source file 326: /eos/cms/store/group/phys_heavyions/jvelazqu/energycorr/eecAnalysis_ppref_2024-09-10/eecOOHistograms/crab_eecAnalysis_ppref_2024-09-10/260910_041527/0002/eecAnalysis_ppref_2024-09-10_2466.root
hadd Source file 338: /eos/cms/store/group/phys_heavyions/jvelazqu/energycorr/eecAnalysis_ppref_2024-09-10/eecOOHistograms/crab_eecAnalysis_ppref_2024-09-10/260910_041527/0000/eecAnalysis_ppref_2024-09-10_766.root
hadd Source file 341: /eos/cms/store/group/phys_heavyions/jvelazqu/energycorr/eecAnalysis_ppref_2024-09-10/eecOOHistograms/crab_eecAnalysis_ppref_2024-09-10/260910_041527/0002/eecAnalysis_ppref_2024-09-10_2053.root
hadd Source file 336: /eos/cms/store/group/phys_heavyions/jvelazqu/energycorr/eecAnalysis_ppref_2024-09-10/eecOOHistograms/crab_eecAnalysis_ppref_2024-09-10/260910_041527/0002/eecAnalysis_ppref_2024-09-10_2904.root
hadd Source file 370: /eos/cms/store/group/phys_heavyions/jvelazqu/energycorr/eecAnalysis_ppref_2024-09-10/eecOOHistograms/crab_eecAnalysis_ppref_2024-09-10/260910_041527/0004/eecAnalysis_ppref_2024-09-10_4222.root
hadd Source file 347: /eos/cms/store/group/phys_heavyions/jvelazqu/energycorr/eecAnalysis_ppref_2024-09-10/eecOOHistograms/crab_eecAnalysis_ppref_2024-09-10/260910_041527/0001/eecAnalysis_ppref_2024-09-10_1631.root
hadd Source file 327: /eos/cms/store/group/phys_heavyions/jvelazqu/energycorr/eecAnalysis_ppref_2024-09-10/eecOOHistograms/crab_eecAnalysis_ppref_2024-09-10/260910_041527/0002/eecAnalysis_ppref_2024-09-10_2467.root
hadd Source file 337: /eos/cms/store/group/phys_heavyions/jvelazqu/energycorr/eecAnalysis_ppref_2024-09-10/eecOOHistograms/crab_eecAnalysis_ppref_2024-09-10/260910_041527/0002/eecAnalysis_ppref_2024-09-10_2905.root
hadd Source file 312: /eos/cms/store/group/phys_heavyions/jvelazqu/energycorr/eecAnalysis_ppref_2024-09-10/eecOOHistograms/crab_eecAnalysis_ppref_2024-09-10/260910_041527/0003/eecAnalysis_ppref_2024-09-10_3736.root
hadd Source file 339: /eos/cms/store/group/phys_heavyions/jvelazqu/energycorr/eecAnalysis_ppref_2024-09-10/eecOOHistograms/crab_eecAnalysis_ppref_2024-09-10/260910_041527/0000/eecAnalysis_ppref_2024-09-10_767.root
hadd Source file 342: /eos/cms/store/group/phys_heavyions/jvelazqu/energycorr/eecAnalysis_ppref_2024-09-10/eecOOHistograms/crab_eecAnalysis_ppref_2024-09-10/260910_041527/0002/eecAnalysis_ppref_2024-09-10_2054.root
hadd Source file 328: /eos/cms/store/group/phys_heavyions/jvelazqu/energycorr/eecAnalysis_ppref_2024-09-10/eecOOHistograms/crab_eecAnalysis_ppref_2024-09-10/260910_041527/0002/eecAnalysis_ppref_2024-09-10_2468.root
hadd Source file 371: /eos/cms/store/group/phys_heavyions/jvelazqu/energycorr/eecAnalysis_ppref_2024-09-10/eecOOHistograms/crab_eecAnalysis_ppref_2024-09-10/260910_041527/0004/eecAnalysis_ppref_2024-09-10_4223.root
hadd Source file 342: /eos/cms/store/group/phys_heavyions/jvelazqu/energycorr/eecAnalysis_ppref_2024-09-10/eecOOHistograms/crab_eecAnalysis_ppref_2024-09-10/260910_041527/0001/eecAnalysis_ppref_2024-09-10_1198.root
hadd Source file 313: /eos/cms/store/group/phys_heavyions/jvelazqu/energycorr/eecAnalysis_ppref_2024-09-10/eecOOHistograms/crab_eecAnalysis_ppref_2024-09-10/260910_041527/0003/eecAnalysis_ppref_2024-09-10_3737.root
hadd Source file 343: /eos/cms/store/group/phys_heavyions/jvelazqu/energycorr/eecAnalysis_ppref_2024-09-10/eecOOHistograms/crab_eecAnalysis_ppref_2024-09-10/260910_041527/0002/eecAnalysis_ppref_2024-09-10_2055.root
hadd Source file 338: /eos/cms/store/group/phys_heavyions/jvelazqu/energycorr/eecAnalysis_ppref_2024-09-10/eecOOHistograms/crab_eecAnalysis_ppref_2024-09-10/260910_041527/0002/eecAnalysis_ppref_2024-09-10_2906.root
hadd Source file 340: /eos/cms/store/group/phys_heavyions/jvelazqu/energycorr/eecAnalysis_ppref_2024-09-10/eecOOHistograms/crab_eecAnalysis_ppref_2024-09-10/260910_041527/0000/eecAnalysis_ppref_2024-09-10_768.root
hadd Source file 329: /eos/cms/store/group/phys_heavyions/jvelazqu/energycorr/eecAnalysis_ppref_2024-09-10/eecOOHistograms/crab_eecAnalysis_ppref_2024-09-10/260910_041527/0002/eecAnalysis_ppref_2024-09-10_2469.root
hadd Source file 343: /eos/cms/store/group/phys_heavyions/jvelazqu/energycorr/eecAnalysis_ppref_2024-09-10/eecOOHistograms/crab_eecAnalysis_ppref_2024-09-10/260910_041527/0001/eecAnalysis_ppref_2024-09-10_1199.root
hadd Source file 344: /eos/cms/store/group/phys_heavyions/jvelazqu/energycorr/eecAnalysis_ppref_2024-09-10/eecOOHistograms/crab_eecAnalysis_ppref_2024-09-10/260910_041527/0002/eecAnalysis_ppref_2024-09-10_2056.root
hadd Source file 329: /eos/cms/store/group/phys_heavyions/jvelazqu/energycorr/eecAnalysis_ppref_2024-09-10/eecOOHistograms/crab_eecAnalysis_ppref_2024-09-10/260910_041527/0000/eecAnalysis_ppref_2024-09-10_329.root
hadd Source file 341: /eos/cms/store/group/phys_heavyions/jvelazqu/energycorr/eecAnalysis_ppref_2024-09-10/eecOOHistograms/crab_eecAnalysis_ppref_2024-09-10/260910_041527/0000/eecAnalysis_ppref_2024-09-10_769.root
hadd Source file 330: /eos/cms/store/group/phys_heavyions/jvelazqu/energycorr/eecAnalysis_ppref_2024-09-10/eecOOHistograms/crab_eecAnalysis_ppref_2024-09-10/260910_041527/0002/eecAnalysis_ppref_2024-09-10_2470.root
hadd Source file 339: /eos/cms/store/group/phys_heavyions/jvelazqu/energycorr/eecAnalysis_ppref_2024-09-10/eecOOHistograms/crab_eecAnalysis_ppref_2024-09-10/260910_041527/0002/eecAnalysis_ppref_2024-09-10_2907.root
hadd Source file 314: /eos/cms/store/group/phys_heavyions/jvelazqu/energycorr/eecAnalysis_ppref_2024-09-10/eecOOHistograms/crab_eecAnalysis_ppref_2024-09-10/260910_041527/0003/eecAnalysis_ppref_2024-09-10_3738.root
hadd Source file 345: /eos/cms/store/group/phys_heavyions/jvelazqu/energycorr/eecAnalysis_ppref_2024-09-10/eecOOHistograms/crab_eecAnalysis_ppref_2024-09-10/260910_041527/0002/eecAnalysis_ppref_2024-09-10_2057.root
hadd Source file 344: /eos/cms/store/group/phys_heavyions/jvelazqu/energycorr/eecAnalysis_ppref_2024-09-10/eecOOHistograms/crab_eecAnalysis_ppref_2024-09-10/260910_041527/0001/eecAnalysis_ppref_2024-09-10_1200.root
hadd Source file 330: /eos/cms/store/group/phys_heavyions/jvelazqu/energycorr/eecAnalysis_ppref_2024-09-10/eecOOHistograms/crab_eecAnalysis_ppref_2024-09-10/260910_041527/0000/eecAnalysis_ppref_2024-09-10_330.root
hadd Source file 340: /eos/cms/store/group/phys_heavyions/jvelazqu/energycorr/eecAnalysis_ppref_2024-09-10/eecOOHistograms/crab_eecAnalysis_ppref_2024-09-10/260910_041527/0002/eecAnalysis_ppref_2024-09-10_2908.root
hadd Source file 358: /eos/cms/store/group/phys_heavyions/jvelazqu/energycorr/eecAnalysis_ppref_2024-09-10/eecOOHistograms/crab_eecAnalysis_ppref_2024-09-10/260910_041527/0003/eecAnalysis_ppref_2024-09-10_3354.root
hadd Source file 346: /eos/cms/store/group/phys_heavyions/jvelazqu/energycorr/eecAnalysis_ppref_2024-09-10/eecOOHistograms/crab_eecAnalysis_ppref_2024-09-10/260910_041527/0002/eecAnalysis_ppref_2024-09-10_2058.root
hadd Source file 345: /eos/cms/store/group/phys_heavyions/jvelazqu/energycorr/eecAnalysis_ppref_2024-09-10/eecOOHistograms/crab_eecAnalysis_ppref_2024-09-10/260910_041527/0001/eecAnalysis_ppref_2024-09-10_1201.root
hadd Source file 348: /eos/cms/store/group/phys_heavyions/jvelazqu/energycorr/eecAnalysis_ppref_2024-09-10/eecOOHistograms/crab_eecAnalysis_ppref_2024-09-10/260910_041527/0001/eecAnalysis_ppref_2024-09-10_1632.root
hadd Source file 341: /eos/cms/store/group/phys_heavyions/jvelazqu/energycorr/eecAnalysis_ppref_2024-09-10/eecOOHistograms/crab_eecAnalysis_ppref_2024-09-10/260910_041527/0002/eecAnalysis_ppref_2024-09-10_2909.root
hadd Source file 359: /eos/cms/store/group/phys_heavyions/jvelazqu/energycorr/eecAnalysis_ppref_2024-09-10/eecOOHistograms/crab_eecAnalysis_ppref_2024-09-10/260910_041527/0003/eecAnalysis_ppref_2024-09-10_3355.root
hadd Source file 342: /eos/cms/store/group/phys_heavyions/jvelazqu/energycorr/eecAnalysis_ppref_2024-09-10/eecOOHistograms/crab_eecAnalysis_ppref_2024-09-10/260910_041527/0000/eecAnalysis_ppref_2024-09-10_770.root
hadd Source file 346: /eos/cms/store/group/phys_heavyions/jvelazqu/energycorr/eecAnalysis_ppref_2024-09-10/eecOOHistograms/crab_eecAnalysis_ppref_2024-09-10/260910_041527/0001/eecAnalysis_ppref_2024-09-10_1202.root
hadd Source file 372: /eos/cms/store/group/phys_heavyions/jvelazqu/energycorr/eecAnalysis_ppref_2024-09-10/eecOOHistograms/crab_eecAnalysis_ppref_2024-09-10/260910_041527/0004/eecAnalysis_ppref_2024-09-10_4224.root
hadd Source file 347: /eos/cms/store/group/phys_heavyions/jvelazqu/energycorr/eecAnalysis_ppref_2024-09-10/eecOOHistograms/crab_eecAnalysis_ppref_2024-09-10/260910_041527/0001/eecAnalysis_ppref_2024-09-10_1203.root
hadd Source file 342: /eos/cms/store/group/phys_heavyions/jvelazqu/energycorr/eecAnalysis_ppref_2024-09-10/eecOOHistograms/crab_eecAnalysis_ppref_2024-09-10/260910_041527/0002/eecAnalysis_ppref_2024-09-10_2910.root
hadd Source file 349: /eos/cms/store/group/phys_heavyions/jvelazqu/energycorr/eecAnalysis_ppref_2024-09-10/eecOOHistograms/crab_eecAnalysis_ppref_2024-09-10/260910_041527/0001/eecAnalysis_ppref_2024-09-10_1633.root
hadd Source file 343: /eos/cms/store/group/phys_heavyions/jvelazqu/energycorr/eecAnalysis_ppref_2024-09-10/eecOOHistograms/crab_eecAnalysis_ppref_2024-09-10/260910_041527/0002/eecAnalysis_ppref_2024-09-10_2911.root
hadd Source file 348: /eos/cms/store/group/phys_heavyions/jvelazqu/energycorr/eecAnalysis_ppref_2024-09-10/eecOOHistograms/crab_eecAnalysis_ppref_2024-09-10/260910_041527/0001/eecAnalysis_ppref_2024-09-10_1204.root
hadd Source file 373: /eos/cms/store/group/phys_heavyions/jvelazqu/energycorr/eecAnalysis_ppref_2024-09-10/eecOOHistograms/crab_eecAnalysis_ppref_2024-09-10/260910_041527/0004/eecAnalysis_ppref_2024-09-10_4225.root
hadd Source file 360: /eos/cms/store/group/phys_heavyions/jvelazqu/energycorr/eecAnalysis_ppref_2024-09-10/eecOOHistograms/crab_eecAnalysis_ppref_2024-09-10/260910_041527/0003/eecAnalysis_ppref_2024-09-10_3356.root
hadd Source file 331: /eos/cms/store/group/phys_heavyions/jvelazqu/energycorr/eecAnalysis_ppref_2024-09-10/eecOOHistograms/crab_eecAnalysis_ppref_2024-09-10/260910_041527/0002/eecAnalysis_ppref_2024-09-10_2471.root
hadd Source file 343: /eos/cms/store/group/phys_heavyions/jvelazqu/energycorr/eecAnalysis_ppref_2024-09-10/eecOOHistograms/crab_eecAnalysis_ppref_2024-09-10/260910_041527/0000/eecAnalysis_ppref_2024-09-10_771.root
hadd Source file 350: /eos/cms/store/group/phys_heavyions/jvelazqu/energycorr/eecAnalysis_ppref_2024-09-10/eecOOHistograms/crab_eecAnalysis_ppref_2024-09-10/260910_041527/0001/eecAnalysis_ppref_2024-09-10_1634.root
hadd Source file 349: /eos/cms/store/group/phys_heavyions/jvelazqu/energycorr/eecAnalysis_ppref_2024-09-10/eecOOHistograms/crab_eecAnalysis_ppref_2024-09-10/260910_041527/0001/eecAnalysis_ppref_2024-09-10_1205.root
hadd Source file 374: /eos/cms/store/group/phys_heavyions/jvelazqu/energycorr/eecAnalysis_ppref_2024-09-10/eecOOHistograms/crab_eecAnalysis_ppref_2024-09-10/260910_041527/0004/eecAnalysis_ppref_2024-09-10_4226.root
hadd Source file 361: /eos/cms/store/group/phys_heavyions/jvelazqu/energycorr/eecAnalysis_ppref_2024-09-10/eecOOHistograms/crab_eecAnalysis_ppref_2024-09-10/260910_041527/0003/eecAnalysis_ppref_2024-09-10_3357.root
hadd Source file 344: /eos/cms/store/group/phys_heavyions/jvelazqu/energycorr/eecAnalysis_ppref_2024-09-10/eecOOHistograms/crab_eecAnalysis_ppref_2024-09-10/260910_041527/0002/eecAnalysis_ppref_2024-09-10_2912.root
hadd Source file 344: /eos/cms/store/group/phys_heavyions/jvelazqu/energycorr/eecAnalysis_ppref_2024-09-10/eecOOHistograms/crab_eecAnalysis_ppref_2024-09-10/260910_041527/0000/eecAnalysis_ppref_2024-09-10_772.root
hadd Source file 332: /eos/cms/store/group/phys_heavyions/jvelazqu/energycorr/eecAnalysis_ppref_2024-09-10/eecOOHistograms/crab_eecAnalysis_ppref_2024-09-10/260910_041527/0002/eecAnalysis_ppref_2024-09-10_2472.root
hadd Source file 351: /eos/cms/store/group/phys_heavyions/jvelazqu/energycorr/eecAnalysis_ppref_2024-09-10/eecOOHistograms/crab_eecAnalysis_ppref_2024-09-10/260910_041527/0001/eecAnalysis_ppref_2024-09-10_1635.root
hadd Source file 347: /eos/cms/store/group/phys_heavyions/jvelazqu/energycorr/eecAnalysis_ppref_2024-09-10/eecOOHistograms/crab_eecAnalysis_ppref_2024-09-10/260910_041527/0002/eecAnalysis_ppref_2024-09-10_2059.root
hadd Source file 333: /eos/cms/store/group/phys_heavyions/jvelazqu/energycorr/eecAnalysis_ppref_2024-09-10/eecOOHistograms/crab_eecAnalysis_ppref_2024-09-10/260910_041527/0002/eecAnalysis_ppref_2024-09-10_2473.root
hadd Source file 375: /eos/cms/store/group/phys_heavyions/jvelazqu/energycorr/eecAnalysis_ppref_2024-09-10/eecOOHistograms/crab_eecAnalysis_ppref_2024-09-10/260910_041527/0004/eecAnalysis_ppref_2024-09-10_4227.root
hadd Source file 362: /eos/cms/store/group/phys_heavyions/jvelazqu/energycorr/eecAnalysis_ppref_2024-09-10/eecOOHistograms/crab_eecAnalysis_ppref_2024-09-10/260910_041527/0003/eecAnalysis_ppref_2024-09-10_3358.root
hadd Source file 345: /eos/cms/store/group/phys_heavyions/jvelazqu/energycorr/eecAnalysis_ppref_2024-09-10/eecOOHistograms/crab_eecAnalysis_ppref_2024-09-10/260910_041527/0002/eecAnalysis_ppref_2024-09-10_2913.root
hadd Source file 348: /eos/cms/store/group/phys_heavyions/jvelazqu/energycorr/eecAnalysis_ppref_2024-09-10/eecOOHistograms/crab_eecAnalysis_ppref_2024-09-10/260910_041527/0002/eecAnalysis_ppref_2024-09-10_2060.root
hadd Source file 352: /eos/cms/store/group/phys_heavyions/jvelazqu/energycorr/eecAnalysis_ppref_2024-09-10/eecOOHistograms/crab_eecAnalysis_ppref_2024-09-10/260910_041527/0001/eecAnalysis_ppref_2024-09-10_1636.root
hadd Source file 334: /eos/cms/store/group/phys_heavyions/jvelazqu/energycorr/eecAnalysis_ppref_2024-09-10/eecOOHistograms/crab_eecAnalysis_ppref_2024-09-10/260910_041527/0002/eecAnalysis_ppref_2024-09-10_2474.root
hadd Source file 376: /eos/cms/store/group/phys_heavyions/jvelazqu/energycorr/eecAnalysis_ppref_2024-09-10/eecOOHistograms/crab_eecAnalysis_ppref_2024-09-10/260910_041527/0004/eecAnalysis_ppref_2024-09-10_4228.root
hadd Source file 346: /eos/cms/store/group/phys_heavyions/jvelazqu/energycorr/eecAnalysis_ppref_2024-09-10/eecOOHistograms/crab_eecAnalysis_ppref_2024-09-10/260910_041527/0002/eecAnalysis_ppref_2024-09-10_2914.root
hadd Source file 363: /eos/cms/store/group/phys_heavyions/jvelazqu/energycorr/eecAnalysis_ppref_2024-09-10/eecOOHistograms/crab_eecAnalysis_ppref_2024-09-10/260910_041527/0003/eecAnalysis_ppref_2024-09-10_3359.root
hadd Source file 349: /eos/cms/store/group/phys_heavyions/jvelazqu/energycorr/eecAnalysis_ppref_2024-09-10/eecOOHistograms/crab_eecAnalysis_ppref_2024-09-10/260910_041527/0002/eecAnalysis_ppref_2024-09-10_2061.root
hadd Source file 347: /eos/cms/store/group/phys_heavyions/jvelazqu/energycorr/eecAnalysis_ppref_2024-09-10/eecOOHistograms/crab_eecAnalysis_ppref_2024-09-10/260910_041527/0002/eecAnalysis_ppref_2024-09-10_2915.root
hadd Source file 364: /eos/cms/store/group/phys_heavyions/jvelazqu/energycorr/eecAnalysis_ppref_2024-09-10/eecOOHistograms/crab_eecAnalysis_ppref_2024-09-10/260910_041527/0003/eecAnalysis_ppref_2024-09-10_3360.root
hadd Source file 331: /eos/cms/store/group/phys_heavyions/jvelazqu/energycorr/eecAnalysis_ppref_2024-09-10/eecOOHistograms/crab_eecAnalysis_ppref_2024-09-10/260910_041527/0000/eecAnalysis_ppref_2024-09-10_331.root
hadd Source file 353: /eos/cms/store/group/phys_heavyions/jvelazqu/energycorr/eecAnalysis_ppref_2024-09-10/eecOOHistograms/crab_eecAnalysis_ppref_2024-09-10/260910_041527/0001/eecAnalysis_ppref_2024-09-10_1637.root
hadd Source file 350: /eos/cms/store/group/phys_heavyions/jvelazqu/energycorr/eecAnalysis_ppref_2024-09-10/eecOOHistograms/crab_eecAnalysis_ppref_2024-09-10/260910_041527/0001/eecAnalysis_ppref_2024-09-10_1206.root
hadd Source file 365: /eos/cms/store/group/phys_heavyions/jvelazqu/energycorr/eecAnalysis_ppref_2024-09-10/eecOOHistograms/crab_eecAnalysis_ppref_2024-09-10/260910_041527/0003/eecAnalysis_ppref_2024-09-10_3361.root
hadd Source file 345: /eos/cms/store/group/phys_heavyions/jvelazqu/energycorr/eecAnalysis_ppref_2024-09-10/eecOOHistograms/crab_eecAnalysis_ppref_2024-09-10/260910_041527/0000/eecAnalysis_ppref_2024-09-10_773.root
hadd Source file 332: /eos/cms/store/group/phys_heavyions/jvelazqu/energycorr/eecAnalysis_ppref_2024-09-10/eecOOHistograms/crab_eecAnalysis_ppref_2024-09-10/260910_041527/0000/eecAnalysis_ppref_2024-09-10_332.root
hadd Source file 351: /eos/cms/store/group/phys_heavyions/jvelazqu/energycorr/eecAnalysis_ppref_2024-09-10/eecOOHistograms/crab_eecAnalysis_ppref_2024-09-10/260910_041527/0001/eecAnalysis_ppref_2024-09-10_1207.root
hadd Source file 346: /eos/cms/store/group/phys_heavyions/jvelazqu/energycorr/eecAnalysis_ppref_2024-09-10/eecOOHistograms/crab_eecAnalysis_ppref_2024-09-10/260910_041527/0000/eecAnalysis_ppref_2024-09-10_774.root
hadd Source file 315: /eos/cms/store/group/phys_heavyions/jvelazqu/energycorr/eecAnalysis_ppref_2024-09-10/eecOOHistograms/crab_eecAnalysis_ppref_2024-09-10/260910_041527/0003/eecAnalysis_ppref_2024-09-10_3739.root
hadd Source file 354: /eos/cms/store/group/phys_heavyions/jvelazqu/energycorr/eecAnalysis_ppref_2024-09-10/eecOOHistograms/crab_eecAnalysis_ppref_2024-09-10/260910_041527/0001/eecAnalysis_ppref_2024-09-10_1638.root
hadd Source file 366: /eos/cms/store/group/phys_heavyions/jvelazqu/energycorr/eecAnalysis_ppref_2024-09-10/eecOOHistograms/crab_eecAnalysis_ppref_2024-09-10/260910_041527/0003/eecAnalysis_ppref_2024-09-10_3362.root
hadd Source file 316: /eos/cms/store/group/phys_heavyions/jvelazqu/energycorr/eecAnalysis_ppref_2024-09-10/eecOOHistograms/crab_eecAnalysis_ppref_2024-09-10/260910_041527/0003/eecAnalysis_ppref_2024-09-10_3740.root
hadd Source file 352: /eos/cms/store/group/phys_heavyions/jvelazqu/energycorr/eecAnalysis_ppref_2024-09-10/eecOOHistograms/crab_eecAnalysis_ppref_2024-09-10/260910_041527/0001/eecAnalysis_ppref_2024-09-10_1208.root
hadd Source file 335: /eos/cms/store/group/phys_heavyions/jvelazqu/energycorr/eecAnalysis_ppref_2024-09-10/eecOOHistograms/crab_eecAnalysis_ppref_2024-09-10/260910_041527/0002/eecAnalysis_ppref_2024-09-10_2475.root
hadd Source file 355: /eos/cms/store/group/phys_heavyions/jvelazqu/energycorr/eecAnalysis_ppref_2024-09-10/eecOOHistograms/crab_eecAnalysis_ppref_2024-09-10/260910_041527/0001/eecAnalysis_ppref_2024-09-10_1639.root
hadd Source file 348: /eos/cms/store/group/phys_heavyions/jvelazqu/energycorr/eecAnalysis_ppref_2024-09-10/eecOOHistograms/crab_eecAnalysis_ppref_2024-09-10/260910_041527/0002/eecAnalysis_ppref_2024-09-10_2916.root
hadd Source file 377: /eos/cms/store/group/phys_heavyions/jvelazqu/energycorr/eecAnalysis_ppref_2024-09-10/eecOOHistograms/crab_eecAnalysis_ppref_2024-09-10/260910_041527/0004/eecAnalysis_ppref_2024-09-10_4229.root
hadd Source file 350: /eos/cms/store/group/phys_heavyions/jvelazqu/energycorr/eecAnalysis_ppref_2024-09-10/eecOOHistograms/crab_eecAnalysis_ppref_2024-09-10/260910_041527/0002/eecAnalysis_ppref_2024-09-10_2062.root
hadd Source file 367: /eos/cms/store/group/phys_heavyions/jvelazqu/energycorr/eecAnalysis_ppref_2024-09-10/eecOOHistograms/crab_eecAnalysis_ppref_2024-09-10/260910_041527/0003/eecAnalysis_ppref_2024-09-10_3363.root
hadd Source file 347: /eos/cms/store/group/phys_heavyions/jvelazqu/energycorr/eecAnalysis_ppref_2024-09-10/eecOOHistograms/crab_eecAnalysis_ppref_2024-09-10/260910_041527/0000/eecAnalysis_ppref_2024-09-10_775.root
hadd Source file 349: /eos/cms/store/group/phys_heavyions/jvelazqu/energycorr/eecAnalysis_ppref_2024-09-10/eecOOHistograms/crab_eecAnalysis_ppref_2024-09-10/260910_041527/0002/eecAnalysis_ppref_2024-09-10_2917.root
hadd Source file 378: /eos/cms/store/group/phys_heavyions/jvelazqu/energycorr/eecAnalysis_ppref_2024-09-10/eecOOHistograms/crab_eecAnalysis_ppref_2024-09-10/260910_041527/0004/eecAnalysis_ppref_2024-09-10_4230.root
hadd Source file 353: /eos/cms/store/group/phys_heavyions/jvelazqu/energycorr/eecAnalysis_ppref_2024-09-10/eecOOHistograms/crab_eecAnalysis_ppref_2024-09-10/260910_041527/0001/eecAnalysis_ppref_2024-09-10_1209.root
hadd Source file 336: /eos/cms/store/group/phys_heavyions/jvelazqu/energycorr/eecAnalysis_ppref_2024-09-10/eecOOHistograms/crab_eecAnalysis_ppref_2024-09-10/260910_041527/0002/eecAnalysis_ppref_2024-09-10_2476.root
hadd Source file 333: /eos/cms/store/group/phys_heavyions/jvelazqu/energycorr/eecAnalysis_ppref_2024-09-10/eecOOHistograms/crab_eecAnalysis_ppref_2024-09-10/260910_041527/0000/eecAnalysis_ppref_2024-09-10_333.root
hadd Source file 368: /eos/cms/store/group/phys_heavyions/jvelazqu/energycorr/eecAnalysis_ppref_2024-09-10/eecOOHistograms/crab_eecAnalysis_ppref_2024-09-10/260910_041527/0003/eecAnalysis_ppref_2024-09-10_3364.root
hadd Source file 348: /eos/cms/store/group/phys_heavyions/jvelazqu/energycorr/eecAnalysis_ppref_2024-09-10/eecOOHistograms/crab_eecAnalysis_ppref_2024-09-10/260910_041527/0000/eecAnalysis_ppref_2024-09-10_776.root
hadd Source file 350: /eos/cms/store/group/phys_heavyions/jvelazqu/energycorr/eecAnalysis_ppref_2024-09-10/eecOOHistograms/crab_eecAnalysis_ppref_2024-09-10/260910_041527/0002/eecAnalysis_ppref_2024-09-10_2918.root
hadd Source file 379: /eos/cms/store/group/phys_heavyions/jvelazqu/energycorr/eecAnalysis_ppref_2024-09-10/eecOOHistograms/crab_eecAnalysis_ppref_2024-09-10/260910_041527/0004/eecAnalysis_ppref_2024-09-10_4231.root
hadd Source file 354: /eos/cms/store/group/phys_heavyions/jvelazqu/energycorr/eecAnalysis_ppref_2024-09-10/eecOOHistograms/crab_eecAnalysis_ppref_2024-09-10/260910_041527/0001/eecAnalysis_ppref_2024-09-10_1210.root
hadd Source file 369: /eos/cms/store/group/phys_heavyions/jvelazqu/energycorr/eecAnalysis_ppref_2024-09-10/eecOOHistograms/crab_eecAnalysis_ppref_2024-09-10/260910_041527/0003/eecAnalysis_ppref_2024-09-10_3365.root
hadd Source file 337: /eos/cms/store/group/phys_heavyions/jvelazqu/energycorr/eecAnalysis_ppref_2024-09-10/eecOOHistograms/crab_eecAnalysis_ppref_2024-09-10/260910_041527/0002/eecAnalysis_ppref_2024-09-10_2477.root
hadd Source file 334: /eos/cms/store/group/phys_heavyions/jvelazqu/energycorr/eecAnalysis_ppref_2024-09-10/eecOOHistograms/crab_eecAnalysis_ppref_2024-09-10/260910_041527/0000/eecAnalysis_ppref_2024-09-10_334.root
hadd Source file 351: /eos/cms/store/group/phys_heavyions/jvelazqu/energycorr/eecAnalysis_ppref_2024-09-10/eecOOHistograms/crab_eecAnalysis_ppref_2024-09-10/260910_041527/0002/eecAnalysis_ppref_2024-09-10_2919.root
hadd Source file 380: /eos/cms/store/group/phys_heavyions/jvelazqu/energycorr/eecAnalysis_ppref_2024-09-10/eecOOHistograms/crab_eecAnalysis_ppref_2024-09-10/260910_041527/0004/eecAnalysis_ppref_2024-09-10_4232.root
hadd Source file 370: /eos/cms/store/group/phys_heavyions/jvelazqu/energycorr/eecAnalysis_ppref_2024-09-10/eecOOHistograms/crab_eecAnalysis_ppref_2024-09-10/260910_041527/0003/eecAnalysis_ppref_2024-09-10_3366.root
hadd Source file 338: /eos/cms/store/group/phys_heavyions/jvelazqu/energycorr/eecAnalysis_ppref_2024-09-10/eecOOHistograms/crab_eecAnalysis_ppref_2024-09-10/260910_041527/0002/eecAnalysis_ppref_2024-09-10_2478.root
hadd Source file 335: /eos/cms/store/group/phys_heavyions/jvelazqu/energycorr/eecAnalysis_ppref_2024-09-10/eecOOHistograms/crab_eecAnalysis_ppref_2024-09-10/260910_041527/0000/eecAnalysis_ppref_2024-09-10_335.root
hadd Source file 317: /eos/cms/store/group/phys_heavyions/jvelazqu/energycorr/eecAnalysis_ppref_2024-09-10/eecOOHistograms/crab_eecAnalysis_ppref_2024-09-10/260910_041527/0003/eecAnalysis_ppref_2024-09-10_3741.root
hadd Source file 356: /eos/cms/store/group/phys_heavyions/jvelazqu/energycorr/eecAnalysis_ppref_2024-09-10/eecOOHistograms/crab_eecAnalysis_ppref_2024-09-10/260910_041527/0001/eecAnalysis_ppref_2024-09-10_1640.root
hadd Source file 381: /eos/cms/store/group/phys_heavyions/jvelazqu/energycorr/eecAnalysis_ppref_2024-09-10/eecOOHistograms/crab_eecAnalysis_ppref_2024-09-10/260910_041527/0004/eecAnalysis_ppref_2024-09-10_4233.root
hadd Source file 339: /eos/cms/store/group/phys_heavyions/jvelazqu/energycorr/eecAnalysis_ppref_2024-09-10/eecOOHistograms/crab_eecAnalysis_ppref_2024-09-10/260910_041527/0002/eecAnalysis_ppref_2024-09-10_2479.root
hadd Source file 357: /eos/cms/store/group/phys_heavyions/jvelazqu/energycorr/eecAnalysis_ppref_2024-09-10/eecOOHistograms/crab_eecAnalysis_ppref_2024-09-10/260910_041527/0001/eecAnalysis_ppref_2024-09-10_1641.root
hadd Source file 382: /eos/cms/store/group/phys_heavyions/jvelazqu/energycorr/eecAnalysis_ppref_2024-09-10/eecOOHistograms/crab_eecAnalysis_ppref_2024-09-10/260910_041527/0004/eecAnalysis_ppref_2024-09-10_4234.root
hadd Source file 336: /eos/cms/store/group/phys_heavyions/jvelazqu/energycorr/eecAnalysis_ppref_2024-09-10/eecOOHistograms/crab_eecAnalysis_ppref_2024-09-10/260910_041527/0000/eecAnalysis_ppref_2024-09-10_336.root
hadd Source file 340: /eos/cms/store/group/phys_heavyions/jvelazqu/energycorr/eecAnalysis_ppref_2024-09-10/eecOOHistograms/crab_eecAnalysis_ppref_2024-09-10/260910_041527/0002/eecAnalysis_ppref_2024-09-10_2480.root
hadd Source file 358: /eos/cms/store/group/phys_heavyions/jvelazqu/energycorr/eecAnalysis_ppref_2024-09-10/eecOOHistograms/crab_eecAnalysis_ppref_2024-09-10/260910_041527/0001/eecAnalysis_ppref_2024-09-10_1642.root
hadd Source file 352: /eos/cms/store/group/phys_heavyions/jvelazqu/energycorr/eecAnalysis_ppref_2024-09-10/eecOOHistograms/crab_eecAnalysis_ppref_2024-09-10/260910_041527/0002/eecAnalysis_ppref_2024-09-10_2920.root
hadd Source file 318: /eos/cms/store/group/phys_heavyions/jvelazqu/energycorr/eecAnalysis_ppref_2024-09-10/eecOOHistograms/crab_eecAnalysis_ppref_2024-09-10/260910_041527/0003/eecAnalysis_ppref_2024-09-10_3742.root
hadd Source file 341: /eos/cms/store/group/phys_heavyions/jvelazqu/energycorr/eecAnalysis_ppref_2024-09-10/eecOOHistograms/crab_eecAnalysis_ppref_2024-09-10/260910_041527/0002/eecAnalysis_ppref_2024-09-10_2481.root
hadd Source file 383: /eos/cms/store/group/phys_heavyions/jvelazqu/energycorr/eecAnalysis_ppref_2024-09-10/eecOOHistograms/crab_eecAnalysis_ppref_2024-09-10/260910_041527/0004/eecAnalysis_ppref_2024-09-10_4235.root
hadd Source file 337: /eos/cms/store/group/phys_heavyions/jvelazqu/energycorr/eecAnalysis_ppref_2024-09-10/eecOOHistograms/crab_eecAnalysis_ppref_2024-09-10/260910_041527/0000/eecAnalysis_ppref_2024-09-10_337.root
hadd Source file 353: /eos/cms/store/group/phys_heavyions/jvelazqu/energycorr/eecAnalysis_ppref_2024-09-10/eecOOHistograms/crab_eecAnalysis_ppref_2024-09-10/260910_041527/0002/eecAnalysis_ppref_2024-09-10_2921.root
hadd Source file 355: /eos/cms/store/group/phys_heavyions/jvelazqu/energycorr/eecAnalysis_ppref_2024-09-10/eecOOHistograms/crab_eecAnalysis_ppref_2024-09-10/260910_041527/0001/eecAnalysis_ppref_2024-09-10_1211.root
hadd Source file 351: /eos/cms/store/group/phys_heavyions/jvelazqu/energycorr/eecAnalysis_ppref_2024-09-10/eecOOHistograms/crab_eecAnalysis_ppref_2024-09-10/260910_041527/0002/eecAnalysis_ppref_2024-09-10_2063.root
hadd Source file 384: /eos/cms/store/group/phys_heavyions/jvelazqu/energycorr/eecAnalysis_ppref_2024-09-10/eecOOHistograms/crab_eecAnalysis_ppref_2024-09-10/260910_041527/0004/eecAnalysis_ppref_2024-09-10_4236.root
hadd Source file 349: /eos/cms/store/group/phys_heavyions/jvelazqu/energycorr/eecAnalysis_ppref_2024-09-10/eecOOHistograms/crab_eecAnalysis_ppref_2024-09-10/260910_041527/0000/eecAnalysis_ppref_2024-09-10_777.root
hadd Source file 338: /eos/cms/store/group/phys_heavyions/jvelazqu/energycorr/eecAnalysis_ppref_2024-09-10/eecOOHistograms/crab_eecAnalysis_ppref_2024-09-10/260910_041527/0000/eecAnalysis_ppref_2024-09-10_338.root
hadd Source file 359: /eos/cms/store/group/phys_heavyions/jvelazqu/energycorr/eecAnalysis_ppref_2024-09-10/eecOOHistograms/crab_eecAnalysis_ppref_2024-09-10/260910_041527/0001/eecAnalysis_ppref_2024-09-10_1643.root
hadd Source file 371: /eos/cms/store/group/phys_heavyions/jvelazqu/energycorr/eecAnalysis_ppref_2024-09-10/eecOOHistograms/crab_eecAnalysis_ppref_2024-09-10/260910_041527/0003/eecAnalysis_ppref_2024-09-10_3367.root
hadd Source file 385: /eos/cms/store/group/phys_heavyions/jvelazqu/energycorr/eecAnalysis_ppref_2024-09-10/eecOOHistograms/crab_eecAnalysis_ppref_2024-09-10/260910_041527/0004/eecAnalysis_ppref_2024-09-10_4237.root
hadd Source file 342: /eos/cms/store/group/phys_heavyions/jvelazqu/energycorr/eecAnalysis_ppref_2024-09-10/eecOOHistograms/crab_eecAnalysis_ppref_2024-09-10/260910_041527/0002/eecAnalysis_ppref_2024-09-10_2482.root
hadd Source file 356: /eos/cms/store/group/phys_heavyions/jvelazqu/energycorr/eecAnalysis_ppref_2024-09-10/eecOOHistograms/crab_eecAnalysis_ppref_2024-09-10/260910_041527/0001/eecAnalysis_ppref_2024-09-10_1212.root
hadd Source file 339: /eos/cms/store/group/phys_heavyions/jvelazqu/energycorr/eecAnalysis_ppref_2024-09-10/eecOOHistograms/crab_eecAnalysis_ppref_2024-09-10/260910_041527/0000/eecAnalysis_ppref_2024-09-10_339.root
hadd Source file 352: /eos/cms/store/group/phys_heavyions/jvelazqu/energycorr/eecAnalysis_ppref_2024-09-10/eecOOHistograms/crab_eecAnalysis_ppref_2024-09-10/260910_041527/0002/eecAnalysis_ppref_2024-09-10_2064.root
hadd Source file 372: /eos/cms/store/group/phys_heavyions/jvelazqu/energycorr/eecAnalysis_ppref_2024-09-10/eecOOHistograms/crab_eecAnalysis_ppref_2024-09-10/260910_041527/0003/eecAnalysis_ppref_2024-09-10_3368.root
hadd Source file 360: /eos/cms/store/group/phys_heavyions/jvelazqu/energycorr/eecAnalysis_ppref_2024-09-10/eecOOHistograms/crab_eecAnalysis_ppref_2024-09-10/260910_041527/0001/eecAnalysis_ppref_2024-09-10_1644.root
hadd Source file 343: /eos/cms/store/group/phys_heavyions/jvelazqu/energycorr/eecAnalysis_ppref_2024-09-10/eecOOHistograms/crab_eecAnalysis_ppref_2024-09-10/260910_041527/0002/eecAnalysis_ppref_2024-09-10_2483.root
hadd Source file 357: /eos/cms/store/group/phys_heavyions/jvelazqu/energycorr/eecAnalysis_ppref_2024-09-10/eecOOHistograms/crab_eecAnalysis_ppref_2024-09-10/260910_041527/0001/eecAnalysis_ppref_2024-09-10_1213.root
hadd Source file 373: /eos/cms/store/group/phys_heavyions/jvelazqu/energycorr/eecAnalysis_ppref_2024-09-10/eecOOHistograms/crab_eecAnalysis_ppref_2024-09-10/260910_041527/0003/eecAnalysis_ppref_2024-09-10_3369.root
hadd Source file 340: /eos/cms/store/group/phys_heavyions/jvelazqu/energycorr/eecAnalysis_ppref_2024-09-10/eecOOHistograms/crab_eecAnalysis_ppref_2024-09-10/260910_041527/0000/eecAnalysis_ppref_2024-09-10_340.root
hadd Source file 386: /eos/cms/store/group/phys_heavyions/jvelazqu/energycorr/eecAnalysis_ppref_2024-09-10/eecOOHistograms/crab_eecAnalysis_ppref_2024-09-10/260910_041527/0004/eecAnalysis_ppref_2024-09-10_4238.root
hadd Source file 353: /eos/cms/store/group/phys_heavyions/jvelazqu/energycorr/eecAnalysis_ppref_2024-09-10/eecOOHistograms/crab_eecAnalysis_ppref_2024-09-10/260910_041527/0002/eecAnalysis_ppref_2024-09-10_2065.root
hadd Source file 361: /eos/cms/store/group/phys_heavyions/jvelazqu/energycorr/eecAnalysis_ppref_2024-09-10/eecOOHistograms/crab_eecAnalysis_ppref_2024-09-10/260910_041527/0001/eecAnalysis_ppref_2024-09-10_1645.root
hadd Source file 374: /eos/cms/store/group/phys_heavyions/jvelazqu/energycorr/eecAnalysis_ppref_2024-09-10/eecOOHistograms/crab_eecAnalysis_ppref_2024-09-10/260910_041527/0003/eecAnalysis_ppref_2024-09-10_3370.root
hadd Source file 344: /eos/cms/store/group/phys_heavyions/jvelazqu/energycorr/eecAnalysis_ppref_2024-09-10/eecOOHistograms/crab_eecAnalysis_ppref_2024-09-10/260910_041527/0002/eecAnalysis_ppref_2024-09-10_2484.root
hadd Source file 341: /eos/cms/store/group/phys_heavyions/jvelazqu/energycorr/eecAnalysis_ppref_2024-09-10/eecOOHistograms/crab_eecAnalysis_ppref_2024-09-10/260910_041527/0000/eecAnalysis_ppref_2024-09-10_341.root
hadd Source file 350: /eos/cms/store/group/phys_heavyions/jvelazqu/energycorr/eecAnalysis_ppref_2024-09-10/eecOOHistograms/crab_eecAnalysis_ppref_2024-09-10/260910_041527/0000/eecAnalysis_ppref_2024-09-10_778.root
hadd Source file 362: /eos/cms/store/group/phys_heavyions/jvelazqu/energycorr/eecAnalysis_ppref_2024-09-10/eecOOHistograms/crab_eecAnalysis_ppref_2024-09-10/260910_041527/0001/eecAnalysis_ppref_2024-09-10_1646.root
hadd Source file 375: /eos/cms/store/group/phys_heavyions/jvelazqu/energycorr/eecAnalysis_ppref_2024-09-10/eecOOHistograms/crab_eecAnalysis_ppref_2024-09-10/260910_041527/0003/eecAnalysis_ppref_2024-09-10_3371.root
hadd Source file 319: /eos/cms/store/group/phys_heavyions/jvelazqu/energycorr/eecAnalysis_ppref_2024-09-10/eecOOHistograms/crab_eecAnalysis_ppref_2024-09-10/260910_041527/0003/eecAnalysis_ppref_2024-09-10_3743.root
hadd Source file 387: /eos/cms/store/group/phys_heavyions/jvelazqu/energycorr/eecAnalysis_ppref_2024-09-10/eecOOHistograms/crab_eecAnalysis_ppref_2024-09-10/260910_041527/0004/eecAnalysis_ppref_2024-09-10_4239.root
hadd Source file 354: /eos/cms/store/group/phys_heavyions/jvelazqu/energycorr/eecAnalysis_ppref_2024-09-10/eecOOHistograms/crab_eecAnalysis_ppref_2024-09-10/260910_041527/0002/eecAnalysis_ppref_2024-09-10_2066.root
hadd Source file 388: /eos/cms/store/group/phys_heavyions/jvelazqu/energycorr/eecAnalysis_ppref_2024-09-10/eecOOHistograms/crab_eecAnalysis_ppref_2024-09-10/260910_041527/0004/eecAnalysis_ppref_2024-09-10_4240.root
hadd Source file 358: /eos/cms/store/group/phys_heavyions/jvelazqu/energycorr/eecAnalysis_ppref_2024-09-10/eecOOHistograms/crab_eecAnalysis_ppref_2024-09-10/260910_041527/0001/eecAnalysis_ppref_2024-09-10_1214.root
hadd Source file 354: /eos/cms/store/group/phys_heavyions/jvelazqu/energycorr/eecAnalysis_ppref_2024-09-10/eecOOHistograms/crab_eecAnalysis_ppref_2024-09-10/260910_041527/0002/eecAnalysis_ppref_2024-09-10_2922.root
hadd Source file 351: /eos/cms/store/group/phys_heavyions/jvelazqu/energycorr/eecAnalysis_ppref_2024-09-10/eecOOHistograms/crab_eecAnalysis_ppref_2024-09-10/260910_041527/0000/eecAnalysis_ppref_2024-09-10_779.root
hadd Source file 376: /eos/cms/store/group/phys_heavyions/jvelazqu/energycorr/eecAnalysis_ppref_2024-09-10/eecOOHistograms/crab_eecAnalysis_ppref_2024-09-10/260910_041527/0003/eecAnalysis_ppref_2024-09-10_3372.root
hadd Source file 345: /eos/cms/store/group/phys_heavyions/jvelazqu/energycorr/eecAnalysis_ppref_2024-09-10/eecOOHistograms/crab_eecAnalysis_ppref_2024-09-10/260910_041527/0002/eecAnalysis_ppref_2024-09-10_2485.root
hadd Source file 359: /eos/cms/store/group/phys_heavyions/jvelazqu/energycorr/eecAnalysis_ppref_2024-09-10/eecOOHistograms/crab_eecAnalysis_ppref_2024-09-10/260910_041527/0001/eecAnalysis_ppref_2024-09-10_1215.root
hadd Source file 355: /eos/cms/store/group/phys_heavyions/jvelazqu/energycorr/eecAnalysis_ppref_2024-09-10/eecOOHistograms/crab_eecAnalysis_ppref_2024-09-10/260910_041527/0002/eecAnalysis_ppref_2024-09-10_2067.root
hadd Source file 320: /eos/cms/store/group/phys_heavyions/jvelazqu/energycorr/eecAnalysis_ppref_2024-09-10/eecOOHistograms/crab_eecAnalysis_ppref_2024-09-10/260910_041527/0003/eecAnalysis_ppref_2024-09-10_3744.root
hadd Source file 355: /eos/cms/store/group/phys_heavyions/jvelazqu/energycorr/eecAnalysis_ppref_2024-09-10/eecOOHistograms/crab_eecAnalysis_ppref_2024-09-10/260910_041527/0002/eecAnalysis_ppref_2024-09-10_2923.root
hadd Source file 389: /eos/cms/store/group/phys_heavyions/jvelazqu/energycorr/eecAnalysis_ppref_2024-09-10/eecOOHistograms/crab_eecAnalysis_ppref_2024-09-10/260910_041527/0004/eecAnalysis_ppref_2024-09-10_4241.root
hadd Source file 377: /eos/cms/store/group/phys_heavyions/jvelazqu/energycorr/eecAnalysis_ppref_2024-09-10/eecOOHistograms/crab_eecAnalysis_ppref_2024-09-10/260910_041527/0003/eecAnalysis_ppref_2024-09-10_3373.root
hadd Source file 346: /eos/cms/store/group/phys_heavyions/jvelazqu/energycorr/eecAnalysis_ppref_2024-09-10/eecOOHistograms/crab_eecAnalysis_ppref_2024-09-10/260910_041527/0002/eecAnalysis_ppref_2024-09-10_2486.root
hadd Source file 378: /eos/cms/store/group/phys_heavyions/jvelazqu/energycorr/eecAnalysis_ppref_2024-09-10/eecOOHistograms/crab_eecAnalysis_ppref_2024-09-10/260910_041527/0003/eecAnalysis_ppref_2024-09-10_3374.root
hadd Source file 356: /eos/cms/store/group/phys_heavyions/jvelazqu/energycorr/eecAnalysis_ppref_2024-09-10/eecOOHistograms/crab_eecAnalysis_ppref_2024-09-10/260910_041527/0002/eecAnalysis_ppref_2024-09-10_2924.root
hadd Source file 363: /eos/cms/store/group/phys_heavyions/jvelazqu/energycorr/eecAnalysis_ppref_2024-09-10/eecOOHistograms/crab_eecAnalysis_ppref_2024-09-10/260910_041527/0001/eecAnalysis_ppref_2024-09-10_1647.root
hadd Source file 379: /eos/cms/store/group/phys_heavyions/jvelazqu/energycorr/eecAnalysis_ppref_2024-09-10/eecOOHistograms/crab_eecAnalysis_ppref_2024-09-10/260910_041527/0003/eecAnalysis_ppref_2024-09-10_3375.root
hadd Source file 342: /eos/cms/store/group/phys_heavyions/jvelazqu/energycorr/eecAnalysis_ppref_2024-09-10/eecOOHistograms/crab_eecAnalysis_ppref_2024-09-10/260910_041527/0000/eecAnalysis_ppref_2024-09-10_342.root
hadd Source file 347: /eos/cms/store/group/phys_heavyions/jvelazqu/energycorr/eecAnalysis_ppref_2024-09-10/eecOOHistograms/crab_eecAnalysis_ppref_2024-09-10/260910_041527/0002/eecAnalysis_ppref_2024-09-10_2487.root
hadd Source file 356: /eos/cms/store/group/phys_heavyions/jvelazqu/energycorr/eecAnalysis_ppref_2024-09-10/eecOOHistograms/crab_eecAnalysis_ppref_2024-09-10/260910_041527/0002/eecAnalysis_ppref_2024-09-10_2068.root
hadd Source file 357: /eos/cms/store/group/phys_heavyions/jvelazqu/energycorr/eecAnalysis_ppref_2024-09-10/eecOOHistograms/crab_eecAnalysis_ppref_2024-09-10/260910_041527/0002/eecAnalysis_ppref_2024-09-10_2925.root
hadd Source file 380: /eos/cms/store/group/phys_heavyions/jvelazqu/energycorr/eecAnalysis_ppref_2024-09-10/eecOOHistograms/crab_eecAnalysis_ppref_2024-09-10/260910_041527/0003/eecAnalysis_ppref_2024-09-10_3376.root
hadd Source file 352: /eos/cms/store/group/phys_heavyions/jvelazqu/energycorr/eecAnalysis_ppref_2024-09-10/eecOOHistograms/crab_eecAnalysis_ppref_2024-09-10/260910_041527/0000/eecAnalysis_ppref_2024-09-10_780.root
hadd Source file 353: /eos/cms/store/group/phys_heavyions/jvelazqu/energycorr/eecAnalysis_ppref_2024-09-10/eecOOHistograms/crab_eecAnalysis_ppref_2024-09-10/260910_041527/0000/eecAnalysis_ppref_2024-09-10_781.root
hadd Source file 343: /eos/cms/store/group/phys_heavyions/jvelazqu/energycorr/eecAnalysis_ppref_2024-09-10/eecOOHistograms/crab_eecAnalysis_ppref_2024-09-10/260910_041527/0000/eecAnalysis_ppref_2024-09-10_343.root
hadd Source file 381: /eos/cms/store/group/phys_heavyions/jvelazqu/energycorr/eecAnalysis_ppref_2024-09-10/eecOOHistograms/crab_eecAnalysis_ppref_2024-09-10/260910_041527/0003/eecAnalysis_ppref_2024-09-10_3377.root
hadd Source file 357: /eos/cms/store/group/phys_heavyions/jvelazqu/energycorr/eecAnalysis_ppref_2024-09-10/eecOOHistograms/crab_eecAnalysis_ppref_2024-09-10/260910_041527/0002/eecAnalysis_ppref_2024-09-10_2069.root
hadd Source file 360: /eos/cms/store/group/phys_heavyions/jvelazqu/energycorr/eecAnalysis_ppref_2024-09-10/eecOOHistograms/crab_eecAnalysis_ppref_2024-09-10/260910_041527/0001/eecAnalysis_ppref_2024-09-10_1216.root
hadd Source file 382: /eos/cms/store/group/phys_heavyions/jvelazqu/energycorr/eecAnalysis_ppref_2024-09-10/eecOOHistograms/crab_eecAnalysis_ppref_2024-09-10/260910_041527/0003/eecAnalysis_ppref_2024-09-10_3378.root
hadd Source file 344: /eos/cms/store/group/phys_heavyions/jvelazqu/energycorr/eecAnalysis_ppref_2024-09-10/eecOOHistograms/crab_eecAnalysis_ppref_2024-09-10/260910_041527/0000/eecAnalysis_ppref_2024-09-10_344.root
hadd Source file 390: /eos/cms/store/group/phys_heavyions/jvelazqu/energycorr/eecAnalysis_ppref_2024-09-10/eecOOHistograms/crab_eecAnalysis_ppref_2024-09-10/260910_041527/0004/eecAnalysis_ppref_2024-09-10_4242.root
hadd Source file 358: /eos/cms/store/group/phys_heavyions/jvelazqu/energycorr/eecAnalysis_ppref_2024-09-10/eecOOHistograms/crab_eecAnalysis_ppref_2024-09-10/260910_041527/0002/eecAnalysis_ppref_2024-09-10_2070.root
hadd Source file 391: /eos/cms/store/group/phys_heavyions/jvelazqu/energycorr/eecAnalysis_ppref_2024-09-10/eecOOHistograms/crab_eecAnalysis_ppref_2024-09-10/260910_041527/0004/eecAnalysis_ppref_2024-09-10_4243.root
hadd Source file 383: /eos/cms/store/group/phys_heavyions/jvelazqu/energycorr/eecAnalysis_ppref_2024-09-10/eecOOHistograms/crab_eecAnalysis_ppref_2024-09-10/260910_041527/0003/eecAnalysis_ppref_2024-09-10_3379.root
hadd Source file 392: /eos/cms/store/group/phys_heavyions/jvelazqu/energycorr/eecAnalysis_ppref_2024-09-10/eecOOHistograms/crab_eecAnalysis_ppref_2024-09-10/260910_041527/0004/eecAnalysis_ppref_2024-09-10_4244.root
hadd Source file 359: /eos/cms/store/group/phys_heavyions/jvelazqu/energycorr/eecAnalysis_ppref_2024-09-10/eecOOHistograms/crab_eecAnalysis_ppref_2024-09-10/260910_041527/0002/eecAnalysis_ppref_2024-09-10_2071.root
hadd Source file 345: /eos/cms/store/group/phys_heavyions/jvelazqu/energycorr/eecAnalysis_ppref_2024-09-10/eecOOHistograms/crab_eecAnalysis_ppref_2024-09-10/260910_041527/0000/eecAnalysis_ppref_2024-09-10_345.root
hadd Source file 348: /eos/cms/store/group/phys_heavyions/jvelazqu/energycorr/eecAnalysis_ppref_2024-09-10/eecOOHistograms/crab_eecAnalysis_ppref_2024-09-10/260910_041527/0002/eecAnalysis_ppref_2024-09-10_2488.root
hadd Source file 393: /eos/cms/store/group/phys_heavyions/jvelazqu/energycorr/eecAnalysis_ppref_2024-09-10/eecOOHistograms/crab_eecAnalysis_ppref_2024-09-10/260910_041527/0004/eecAnalysis_ppref_2024-09-10_4245.root
hadd Source file 364: /eos/cms/store/group/phys_heavyions/jvelazqu/energycorr/eecAnalysis_ppref_2024-09-10/eecOOHistograms/crab_eecAnalysis_ppref_2024-09-10/260910_041527/0001/eecAnalysis_ppref_2024-09-10_1648.root
hadd Source file 384: /eos/cms/store/group/phys_heavyions/jvelazqu/energycorr/eecAnalysis_ppref_2024-09-10/eecOOHistograms/crab_eecAnalysis_ppref_2024-09-10/260910_041527/0003/eecAnalysis_ppref_2024-09-10_3380.root
hadd Source file 360: /eos/cms/store/group/phys_heavyions/jvelazqu/energycorr/eecAnalysis_ppref_2024-09-10/eecOOHistograms/crab_eecAnalysis_ppref_2024-09-10/260910_041527/0002/eecAnalysis_ppref_2024-09-10_2072.root
hadd Source file 321: /eos/cms/store/group/phys_heavyions/jvelazqu/energycorr/eecAnalysis_ppref_2024-09-10/eecOOHistograms/crab_eecAnalysis_ppref_2024-09-10/260910_041527/0003/eecAnalysis_ppref_2024-09-10_3745.root
hadd Source file 346: /eos/cms/store/group/phys_heavyions/jvelazqu/energycorr/eecAnalysis_ppref_2024-09-10/eecOOHistograms/crab_eecAnalysis_ppref_2024-09-10/260910_041527/0000/eecAnalysis_ppref_2024-09-10_346.root
hadd Source file 365: /eos/cms/store/group/phys_heavyions/jvelazqu/energycorr/eecAnalysis_ppref_2024-09-10/eecOOHistograms/crab_eecAnalysis_ppref_2024-09-10/260910_041527/0001/eecAnalysis_ppref_2024-09-10_1649.root
hadd Source file 349: /eos/cms/store/group/phys_heavyions/jvelazqu/energycorr/eecAnalysis_ppref_2024-09-10/eecOOHistograms/crab_eecAnalysis_ppref_2024-09-10/260910_041527/0002/eecAnalysis_ppref_2024-09-10_2489.root
hadd Source file 361: /eos/cms/store/group/phys_heavyions/jvelazqu/energycorr/eecAnalysis_ppref_2024-09-10/eecOOHistograms/crab_eecAnalysis_ppref_2024-09-10/260910_041527/0001/eecAnalysis_ppref_2024-09-10_1217.root
hadd Source file 394: /eos/cms/store/group/phys_heavyions/jvelazqu/energycorr/eecAnalysis_ppref_2024-09-10/eecOOHistograms/crab_eecAnalysis_ppref_2024-09-10/260910_041527/0004/eecAnalysis_ppref_2024-09-10_4246.root
hadd Source file 385: /eos/cms/store/group/phys_heavyions/jvelazqu/energycorr/eecAnalysis_ppref_2024-09-10/eecOOHistograms/crab_eecAnalysis_ppref_2024-09-10/260910_041527/0003/eecAnalysis_ppref_2024-09-10_3381.root
hadd Source file 322: /eos/cms/store/group/phys_heavyions/jvelazqu/energycorr/eecAnalysis_ppref_2024-09-10/eecOOHistograms/crab_eecAnalysis_ppref_2024-09-10/260910_041527/0003/eecAnalysis_ppref_2024-09-10_3746.root
hadd Source file 366: /eos/cms/store/group/phys_heavyions/jvelazqu/energycorr/eecAnalysis_ppref_2024-09-10/eecOOHistograms/crab_eecAnalysis_ppref_2024-09-10/260910_041527/0001/eecAnalysis_ppref_2024-09-10_1650.root
hadd Source file 347: /eos/cms/store/group/phys_heavyions/jvelazqu/energycorr/eecAnalysis_ppref_2024-09-10/eecOOHistograms/crab_eecAnalysis_ppref_2024-09-10/260910_041527/0000/eecAnalysis_ppref_2024-09-10_347.root
hadd Source file 358: /eos/cms/store/group/phys_heavyions/jvelazqu/energycorr/eecAnalysis_ppref_2024-09-10/eecOOHistograms/crab_eecAnalysis_ppref_2024-09-10/260910_041527/0002/eecAnalysis_ppref_2024-09-10_2926.root
hadd Source file 361: /eos/cms/store/group/phys_heavyions/jvelazqu/energycorr/eecAnalysis_ppref_2024-09-10/eecOOHistograms/crab_eecAnalysis_ppref_2024-09-10/260910_041527/0002/eecAnalysis_ppref_2024-09-10_2073.root
hadd Source file 350: /eos/cms/store/group/phys_heavyions/jvelazqu/energycorr/eecAnalysis_ppref_2024-09-10/eecOOHistograms/crab_eecAnalysis_ppref_2024-09-10/260910_041527/0002/eecAnalysis_ppref_2024-09-10_2490.root
hadd Source file 362: /eos/cms/store/group/phys_heavyions/jvelazqu/energycorr/eecAnalysis_ppref_2024-09-10/eecOOHistograms/crab_eecAnalysis_ppref_2024-09-10/260910_041527/0001/eecAnalysis_ppref_2024-09-10_1218.root
hadd Source file 395: /eos/cms/store/group/phys_heavyions/jvelazqu/energycorr/eecAnalysis_ppref_2024-09-10/eecOOHistograms/crab_eecAnalysis_ppref_2024-09-10/260910_041527/0004/eecAnalysis_ppref_2024-09-10_4247.root
hadd Source file 386: /eos/cms/store/group/phys_heavyions/jvelazqu/energycorr/eecAnalysis_ppref_2024-09-10/eecOOHistograms/crab_eecAnalysis_ppref_2024-09-10/260910_041527/0003/eecAnalysis_ppref_2024-09-10_3382.root
hadd Source file 359: /eos/cms/store/group/phys_heavyions/jvelazqu/energycorr/eecAnalysis_ppref_2024-09-10/eecOOHistograms/crab_eecAnalysis_ppref_2024-09-10/260910_041527/0002/eecAnalysis_ppref_2024-09-10_2927.root
hadd Source file 323: /eos/cms/store/group/phys_heavyions/jvelazqu/energycorr/eecAnalysis_ppref_2024-09-10/eecOOHistograms/crab_eecAnalysis_ppref_2024-09-10/260910_041527/0003/eecAnalysis_ppref_2024-09-10_3747.root
hadd Source file 348: /eos/cms/store/group/phys_heavyions/jvelazqu/energycorr/eecAnalysis_ppref_2024-09-10/eecOOHistograms/crab_eecAnalysis_ppref_2024-09-10/260910_041527/0000/eecAnalysis_ppref_2024-09-10_348.root
hadd Source file 351: /eos/cms/store/group/phys_heavyions/jvelazqu/energycorr/eecAnalysis_ppref_2024-09-10/eecOOHistograms/crab_eecAnalysis_ppref_2024-09-10/260910_041527/0002/eecAnalysis_ppref_2024-09-10_2491.root
hadd Source file 387: /eos/cms/store/group/phys_heavyions/jvelazqu/energycorr/eecAnalysis_ppref_2024-09-10/eecOOHistograms/crab_eecAnalysis_ppref_2024-09-10/260910_041527/0003/eecAnalysis_ppref_2024-09-10_3383.root
hadd Source file 360: /eos/cms/store/group/phys_heavyions/jvelazqu/energycorr/eecAnalysis_ppref_2024-09-10/eecOOHistograms/crab_eecAnalysis_ppref_2024-09-10/260910_041527/0002/eecAnalysis_ppref_2024-09-10_2928.root
hadd Source file 363: /eos/cms/store/group/phys_heavyions/jvelazqu/energycorr/eecAnalysis_ppref_2024-09-10/eecOOHistograms/crab_eecAnalysis_ppref_2024-09-10/260910_041527/0001/eecAnalysis_ppref_2024-09-10_1219.root
hadd Source file 362: /eos/cms/store/group/phys_heavyions/jvelazqu/energycorr/eecAnalysis_ppref_2024-09-10/eecOOHistograms/crab_eecAnalysis_ppref_2024-09-10/260910_041527/0002/eecAnalysis_ppref_2024-09-10_2074.root
hadd Source file 349: /eos/cms/store/group/phys_heavyions/jvelazqu/energycorr/eecAnalysis_ppref_2024-09-10/eecOOHistograms/crab_eecAnalysis_ppref_2024-09-10/260910_041527/0000/eecAnalysis_ppref_2024-09-10_349.root
hadd Source file 396: /eos/cms/store/group/phys_heavyions/jvelazqu/energycorr/eecAnalysis_ppref_2024-09-10/eecOOHistograms/crab_eecAnalysis_ppref_2024-09-10/260910_041527/0004/eecAnalysis_ppref_2024-09-10_4248.root
hadd Source file 352: /eos/cms/store/group/phys_heavyions/jvelazqu/energycorr/eecAnalysis_ppref_2024-09-10/eecOOHistograms/crab_eecAnalysis_ppref_2024-09-10/260910_041527/0002/eecAnalysis_ppref_2024-09-10_2492.root
hadd Source file 364: /eos/cms/store/group/phys_heavyions/jvelazqu/energycorr/eecAnalysis_ppref_2024-09-10/eecOOHistograms/crab_eecAnalysis_ppref_2024-09-10/260910_041527/0001/eecAnalysis_ppref_2024-09-10_1220.root
hadd Source file 324: /eos/cms/store/group/phys_heavyions/jvelazqu/energycorr/eecAnalysis_ppref_2024-09-10/eecOOHistograms/crab_eecAnalysis_ppref_2024-09-10/260910_041527/0003/eecAnalysis_ppref_2024-09-10_3748.root
hadd Source file 353: /eos/cms/store/group/phys_heavyions/jvelazqu/energycorr/eecAnalysis_ppref_2024-09-10/eecOOHistograms/crab_eecAnalysis_ppref_2024-09-10/260910_041527/0002/eecAnalysis_ppref_2024-09-10_2493.root
hadd Source file 365: /eos/cms/store/group/phys_heavyions/jvelazqu/energycorr/eecAnalysis_ppref_2024-09-10/eecOOHistograms/crab_eecAnalysis_ppref_2024-09-10/260910_041527/0001/eecAnalysis_ppref_2024-09-10_1221.root
hadd Source file 363: /eos/cms/store/group/phys_heavyions/jvelazqu/energycorr/eecAnalysis_ppref_2024-09-10/eecOOHistograms/crab_eecAnalysis_ppref_2024-09-10/260910_041527/0002/eecAnalysis_ppref_2024-09-10_2075.root
hadd Source file 361: /eos/cms/store/group/phys_heavyions/jvelazqu/energycorr/eecAnalysis_ppref_2024-09-10/eecOOHistograms/crab_eecAnalysis_ppref_2024-09-10/260910_041527/0002/eecAnalysis_ppref_2024-09-10_2929.root
hadd Source file 350: /eos/cms/store/group/phys_heavyions/jvelazqu/energycorr/eecAnalysis_ppref_2024-09-10/eecOOHistograms/crab_eecAnalysis_ppref_2024-09-10/260910_041527/0000/eecAnalysis_ppref_2024-09-10_350.root
hadd Source file 367: /eos/cms/store/group/phys_heavyions/jvelazqu/energycorr/eecAnalysis_ppref_2024-09-10/eecOOHistograms/crab_eecAnalysis_ppref_2024-09-10/260910_041527/0001/eecAnalysis_ppref_2024-09-10_1651.root
hadd Source file 397: /eos/cms/store/group/phys_heavyions/jvelazqu/energycorr/eecAnalysis_ppref_2024-09-10/eecOOHistograms/crab_eecAnalysis_ppref_2024-09-10/260910_041527/0004/eecAnalysis_ppref_2024-09-10_4249.root
hadd Source file 325: /eos/cms/store/group/phys_heavyions/jvelazqu/energycorr/eecAnalysis_ppref_2024-09-10/eecOOHistograms/crab_eecAnalysis_ppref_2024-09-10/260910_041527/0003/eecAnalysis_ppref_2024-09-10_3749.root
hadd Source file 354: /eos/cms/store/group/phys_heavyions/jvelazqu/energycorr/eecAnalysis_ppref_2024-09-10/eecOOHistograms/crab_eecAnalysis_ppref_2024-09-10/260910_041527/0002/eecAnalysis_ppref_2024-09-10_2494.root
hadd Source file 362: /eos/cms/store/group/phys_heavyions/jvelazqu/energycorr/eecAnalysis_ppref_2024-09-10/eecOOHistograms/crab_eecAnalysis_ppref_2024-09-10/260910_041527/0002/eecAnalysis_ppref_2024-09-10_2930.root
hadd Source file 398: /eos/cms/store/group/phys_heavyions/jvelazqu/energycorr/eecAnalysis_ppref_2024-09-10/eecOOHistograms/crab_eecAnalysis_ppref_2024-09-10/260910_041527/0004/eecAnalysis_ppref_2024-09-10_4250.root
hadd Source file 364: /eos/cms/store/group/phys_heavyions/jvelazqu/energycorr/eecAnalysis_ppref_2024-09-10/eecOOHistograms/crab_eecAnalysis_ppref_2024-09-10/260910_041527/0002/eecAnalysis_ppref_2024-09-10_2076.root
hadd Source file 351: /eos/cms/store/group/phys_heavyions/jvelazqu/energycorr/eecAnalysis_ppref_2024-09-10/eecOOHistograms/crab_eecAnalysis_ppref_2024-09-10/260910_041527/0000/eecAnalysis_ppref_2024-09-10_351.root
hadd Source file 368: /eos/cms/store/group/phys_heavyions/jvelazqu/energycorr/eecAnalysis_ppref_2024-09-10/eecOOHistograms/crab_eecAnalysis_ppref_2024-09-10/260910_041527/0001/eecAnalysis_ppref_2024-09-10_1652.root
hadd Source file 366: /eos/cms/store/group/phys_heavyions/jvelazqu/energycorr/eecAnalysis_ppref_2024-09-10/eecOOHistograms/crab_eecAnalysis_ppref_2024-09-10/260910_041527/0001/eecAnalysis_ppref_2024-09-10_1222.root
hadd Source file 363: /eos/cms/store/group/phys_heavyions/jvelazqu/energycorr/eecAnalysis_ppref_2024-09-10/eecOOHistograms/crab_eecAnalysis_ppref_2024-09-10/260910_041527/0002/eecAnalysis_ppref_2024-09-10_2931.root
hadd Source file 399: /eos/cms/store/group/phys_heavyions/jvelazqu/energycorr/eecAnalysis_ppref_2024-09-10/eecOOHistograms/crab_eecAnalysis_ppref_2024-09-10/260910_041527/0004/eecAnalysis_ppref_2024-09-10_4251.root
hadd Source file 326: /eos/cms/store/group/phys_heavyions/jvelazqu/energycorr/eecAnalysis_ppref_2024-09-10/eecOOHistograms/crab_eecAnalysis_ppref_2024-09-10/260910_041527/0003/eecAnalysis_ppref_2024-09-10_3750.root
hadd Source file 365: /eos/cms/store/group/phys_heavyions/jvelazqu/energycorr/eecAnalysis_ppref_2024-09-10/eecOOHistograms/crab_eecAnalysis_ppref_2024-09-10/260910_041527/0002/eecAnalysis_ppref_2024-09-10_2077.root
hadd Source file 369: /eos/cms/store/group/phys_heavyions/jvelazqu/energycorr/eecAnalysis_ppref_2024-09-10/eecOOHistograms/crab_eecAnalysis_ppref_2024-09-10/260910_041527/0001/eecAnalysis_ppref_2024-09-10_1653.root
hadd Source file 355: /eos/cms/store/group/phys_heavyions/jvelazqu/energycorr/eecAnalysis_ppref_2024-09-10/eecOOHistograms/crab_eecAnalysis_ppref_2024-09-10/260910_041527/0002/eecAnalysis_ppref_2024-09-10_2495.root
hadd Source file 352: /eos/cms/store/group/phys_heavyions/jvelazqu/energycorr/eecAnalysis_ppref_2024-09-10/eecOOHistograms/crab_eecAnalysis_ppref_2024-09-10/260910_041527/0000/eecAnalysis_ppref_2024-09-10_352.root
hadd Source file 364: /eos/cms/store/group/phys_heavyions/jvelazqu/energycorr/eecAnalysis_ppref_2024-09-10/eecOOHistograms/crab_eecAnalysis_ppref_2024-09-10/260910_041527/0002/eecAnalysis_ppref_2024-09-10_2932.root
hadd Source file 327: /eos/cms/store/group/phys_heavyions/jvelazqu/energycorr/eecAnalysis_ppref_2024-09-10/eecOOHistograms/crab_eecAnalysis_ppref_2024-09-10/260910_041527/0003/eecAnalysis_ppref_2024-09-10_3751.root
hadd Source file 367: /eos/cms/store/group/phys_heavyions/jvelazqu/energycorr/eecAnalysis_ppref_2024-09-10/eecOOHistograms/crab_eecAnalysis_ppref_2024-09-10/260910_041527/0001/eecAnalysis_ppref_2024-09-10_1223.root
hadd Source file 354: /eos/cms/store/group/phys_heavyions/jvelazqu/energycorr/eecAnalysis_ppref_2024-09-10/eecOOHistograms/crab_eecAnalysis_ppref_2024-09-10/260910_041527/0000/eecAnalysis_ppref_2024-09-10_782.root
hadd Source file 388: /eos/cms/store/group/phys_heavyions/jvelazqu/energycorr/eecAnalysis_ppref_2024-09-10/eecOOHistograms/crab_eecAnalysis_ppref_2024-09-10/260910_041527/0003/eecAnalysis_ppref_2024-09-10_3384.root
hadd Source file 366: /eos/cms/store/group/phys_heavyions/jvelazqu/energycorr/eecAnalysis_ppref_2024-09-10/eecOOHistograms/crab_eecAnalysis_ppref_2024-09-10/260910_041527/0002/eecAnalysis_ppref_2024-09-10_2078.root
hadd Source file 400: /eos/cms/store/group/phys_heavyions/jvelazqu/energycorr/eecAnalysis_ppref_2024-09-10/eecOOHistograms/crab_eecAnalysis_ppref_2024-09-10/260910_041527/0004/eecAnalysis_ppref_2024-09-10_4252.root
hadd Source file 370: /eos/cms/store/group/phys_heavyions/jvelazqu/energycorr/eecAnalysis_ppref_2024-09-10/eecOOHistograms/crab_eecAnalysis_ppref_2024-09-10/260910_041527/0001/eecAnalysis_ppref_2024-09-10_1654.root
hadd Source file 356: /eos/cms/store/group/phys_heavyions/jvelazqu/energycorr/eecAnalysis_ppref_2024-09-10/eecOOHistograms/crab_eecAnalysis_ppref_2024-09-10/260910_041527/0002/eecAnalysis_ppref_2024-09-10_2496.root
hadd Source file 355: /eos/cms/store/group/phys_heavyions/jvelazqu/energycorr/eecAnalysis_ppref_2024-09-10/eecOOHistograms/crab_eecAnalysis_ppref_2024-09-10/260910_041527/0000/eecAnalysis_ppref_2024-09-10_783.root
hadd Source file 365: /eos/cms/store/group/phys_heavyions/jvelazqu/energycorr/eecAnalysis_ppref_2024-09-10/eecOOHistograms/crab_eecAnalysis_ppref_2024-09-10/260910_041527/0002/eecAnalysis_ppref_2024-09-10_2933.root
hadd Source file 328: /eos/cms/store/group/phys_heavyions/jvelazqu/energycorr/eecAnalysis_ppref_2024-09-10/eecOOHistograms/crab_eecAnalysis_ppref_2024-09-10/260910_041527/0003/eecAnalysis_ppref_2024-09-10_3752.root
hadd Source file 366: /eos/cms/store/group/phys_heavyions/jvelazqu/energycorr/eecAnalysis_ppref_2024-09-10/eecOOHistograms/crab_eecAnalysis_ppref_2024-09-10/260910_041527/0002/eecAnalysis_ppref_2024-09-10_2934.root
hadd Source file 368: /eos/cms/store/group/phys_heavyions/jvelazqu/energycorr/eecAnalysis_ppref_2024-09-10/eecOOHistograms/crab_eecAnalysis_ppref_2024-09-10/260910_041527/0001/eecAnalysis_ppref_2024-09-10_1224.root
hadd Source file 389: /eos/cms/store/group/phys_heavyions/jvelazqu/energycorr/eecAnalysis_ppref_2024-09-10/eecOOHistograms/crab_eecAnalysis_ppref_2024-09-10/260910_041527/0003/eecAnalysis_ppref_2024-09-10_3385.root
hadd Source file 329: /eos/cms/store/group/phys_heavyions/jvelazqu/energycorr/eecAnalysis_ppref_2024-09-10/eecOOHistograms/crab_eecAnalysis_ppref_2024-09-10/260910_041527/0003/eecAnalysis_ppref_2024-09-10_3753.root
hadd Source file 367: /eos/cms/store/group/phys_heavyions/jvelazqu/energycorr/eecAnalysis_ppref_2024-09-10/eecOOHistograms/crab_eecAnalysis_ppref_2024-09-10/260910_041527/0002/eecAnalysis_ppref_2024-09-10_2935.root
hadd Source file 369: /eos/cms/store/group/phys_heavyions/jvelazqu/energycorr/eecAnalysis_ppref_2024-09-10/eecOOHistograms/crab_eecAnalysis_ppref_2024-09-10/260910_041527/0001/eecAnalysis_ppref_2024-09-10_1225.root
hadd Source file 390: /eos/cms/store/group/phys_heavyions/jvelazqu/energycorr/eecAnalysis_ppref_2024-09-10/eecOOHistograms/crab_eecAnalysis_ppref_2024-09-10/260910_041527/0003/eecAnalysis_ppref_2024-09-10_3386.root
hadd Source file 371: /eos/cms/store/group/phys_heavyions/jvelazqu/energycorr/eecAnalysis_ppref_2024-09-10/eecOOHistograms/crab_eecAnalysis_ppref_2024-09-10/260910_041527/0001/eecAnalysis_ppref_2024-09-10_1655.root
hadd Source file 368: /eos/cms/store/group/phys_heavyions/jvelazqu/energycorr/eecAnalysis_ppref_2024-09-10/eecOOHistograms/crab_eecAnalysis_ppref_2024-09-10/260910_041527/0002/eecAnalysis_ppref_2024-09-10_2936.root
hadd Source file 369: /eos/cms/store/group/phys_heavyions/jvelazqu/energycorr/eecAnalysis_ppref_2024-09-10/eecOOHistograms/crab_eecAnalysis_ppref_2024-09-10/260910_041527/0002/eecAnalysis_ppref_2024-09-10_2937.root
hadd Source file 372: /eos/cms/store/group/phys_heavyions/jvelazqu/energycorr/eecAnalysis_ppref_2024-09-10/eecOOHistograms/crab_eecAnalysis_ppref_2024-09-10/260910_041527/0001/eecAnalysis_ppref_2024-09-10_1656.root
hadd Source file 357: /eos/cms/store/group/phys_heavyions/jvelazqu/energycorr/eecAnalysis_ppref_2024-09-10/eecOOHistograms/crab_eecAnalysis_ppref_2024-09-10/260910_041527/0002/eecAnalysis_ppref_2024-09-10_2497.root
hadd Source file 391: /eos/cms/store/group/phys_heavyions/jvelazqu/energycorr/eecAnalysis_ppref_2024-09-10/eecOOHistograms/crab_eecAnalysis_ppref_2024-09-10/260910_041527/0003/eecAnalysis_ppref_2024-09-10_3387.root
hadd Source file 353: /eos/cms/store/group/phys_heavyions/jvelazqu/energycorr/eecAnalysis_ppref_2024-09-10/eecOOHistograms/crab_eecAnalysis_ppref_2024-09-10/260910_041527/0000/eecAnalysis_ppref_2024-09-10_353.root
hadd Source file 373: /eos/cms/store/group/phys_heavyions/jvelazqu/energycorr/eecAnalysis_ppref_2024-09-10/eecOOHistograms/crab_eecAnalysis_ppref_2024-09-10/260910_041527/0001/eecAnalysis_ppref_2024-09-10_1657.root
hadd Source file 370: /eos/cms/store/group/phys_heavyions/jvelazqu/energycorr/eecAnalysis_ppref_2024-09-10/eecOOHistograms/crab_eecAnalysis_ppref_2024-09-10/260910_041527/0002/eecAnalysis_ppref_2024-09-10_2938.root
hadd Source file 358: /eos/cms/store/group/phys_heavyions/jvelazqu/energycorr/eecAnalysis_ppref_2024-09-10/eecOOHistograms/crab_eecAnalysis_ppref_2024-09-10/260910_041527/0002/eecAnalysis_ppref_2024-09-10_2498.root
hadd Source file 367: /eos/cms/store/group/phys_heavyions/jvelazqu/energycorr/eecAnalysis_ppref_2024-09-10/eecOOHistograms/crab_eecAnalysis_ppref_2024-09-10/260910_041527/0002/eecAnalysis_ppref_2024-09-10_2079.root
hadd Source file 401: /eos/cms/store/group/phys_heavyions/jvelazqu/energycorr/eecAnalysis_ppref_2024-09-10/eecOOHistograms/crab_eecAnalysis_ppref_2024-09-10/260910_041527/0004/eecAnalysis_ppref_2024-09-10_4253.root
hadd Source file 392: /eos/cms/store/group/phys_heavyions/jvelazqu/energycorr/eecAnalysis_ppref_2024-09-10/eecOOHistograms/crab_eecAnalysis_ppref_2024-09-10/260910_041527/0003/eecAnalysis_ppref_2024-09-10_3388.root
hadd Source file 370: /eos/cms/store/group/phys_heavyions/jvelazqu/energycorr/eecAnalysis_ppref_2024-09-10/eecOOHistograms/crab_eecAnalysis_ppref_2024-09-10/260910_041527/0001/eecAnalysis_ppref_2024-09-10_1226.root
hadd Source file 359: /eos/cms/store/group/phys_heavyions/jvelazqu/energycorr/eecAnalysis_ppref_2024-09-10/eecOOHistograms/crab_eecAnalysis_ppref_2024-09-10/260910_041527/0002/eecAnalysis_ppref_2024-09-10_2499.root
hadd Source file 374: /eos/cms/store/group/phys_heavyions/jvelazqu/energycorr/eecAnalysis_ppref_2024-09-10/eecOOHistograms/crab_eecAnalysis_ppref_2024-09-10/260910_041527/0001/eecAnalysis_ppref_2024-09-10_1658.root
hadd Source file 393: /eos/cms/store/group/phys_heavyions/jvelazqu/energycorr/eecAnalysis_ppref_2024-09-10/eecOOHistograms/crab_eecAnalysis_ppref_2024-09-10/260910_041527/0003/eecAnalysis_ppref_2024-09-10_3389.root
hadd Source file 330: /eos/cms/store/group/phys_heavyions/jvelazqu/energycorr/eecAnalysis_ppref_2024-09-10/eecOOHistograms/crab_eecAnalysis_ppref_2024-09-10/260910_041527/0003/eecAnalysis_ppref_2024-09-10_3754.root
hadd Source file 371: /eos/cms/store/group/phys_heavyions/jvelazqu/energycorr/eecAnalysis_ppref_2024-09-10/eecOOHistograms/crab_eecAnalysis_ppref_2024-09-10/260910_041527/0002/eecAnalysis_ppref_2024-09-10_2939.root
hadd Source file 402: /eos/cms/store/group/phys_heavyions/jvelazqu/energycorr/eecAnalysis_ppref_2024-09-10/eecOOHistograms/crab_eecAnalysis_ppref_2024-09-10/260910_041527/0004/eecAnalysis_ppref_2024-09-10_4254.root
hadd Source file 368: /eos/cms/store/group/phys_heavyions/jvelazqu/energycorr/eecAnalysis_ppref_2024-09-10/eecOOHistograms/crab_eecAnalysis_ppref_2024-09-10/260910_041527/0002/eecAnalysis_ppref_2024-09-10_2080.root
hadd Source file 375: /eos/cms/store/group/phys_heavyions/jvelazqu/energycorr/eecAnalysis_ppref_2024-09-10/eecOOHistograms/crab_eecAnalysis_ppref_2024-09-10/260910_041527/0001/eecAnalysis_ppref_2024-09-10_1659.root
hadd Source file 360: /eos/cms/store/group/phys_heavyions/jvelazqu/energycorr/eecAnalysis_ppref_2024-09-10/eecOOHistograms/crab_eecAnalysis_ppref_2024-09-10/260910_041527/0002/eecAnalysis_ppref_2024-09-10_2500.root
hadd Source file 356: /eos/cms/store/group/phys_heavyions/jvelazqu/energycorr/eecAnalysis_ppref_2024-09-10/eecOOHistograms/crab_eecAnalysis_ppref_2024-09-10/260910_041527/0000/eecAnalysis_ppref_2024-09-10_784.root
hadd Source file 331: /eos/cms/store/group/phys_heavyions/jvelazqu/energycorr/eecAnalysis_ppref_2024-09-10/eecOOHistograms/crab_eecAnalysis_ppref_2024-09-10/260910_041527/0003/eecAnalysis_ppref_2024-09-10_3755.root
hadd Source file 403: /eos/cms/store/group/phys_heavyions/jvelazqu/energycorr/eecAnalysis_ppref_2024-09-10/eecOOHistograms/crab_eecAnalysis_ppref_2024-09-10/260910_041527/0004/eecAnalysis_ppref_2024-09-10_4255.root
hadd Source file 372: /eos/cms/store/group/phys_heavyions/jvelazqu/energycorr/eecAnalysis_ppref_2024-09-10/eecOOHistograms/crab_eecAnalysis_ppref_2024-09-10/260910_041527/0002/eecAnalysis_ppref_2024-09-10_2940.root
hadd Source file 361: /eos/cms/store/group/phys_heavyions/jvelazqu/energycorr/eecAnalysis_ppref_2024-09-10/eecOOHistograms/crab_eecAnalysis_ppref_2024-09-10/260910_041527/0002/eecAnalysis_ppref_2024-09-10_2501.root
hadd Source file 376: /eos/cms/store/group/phys_heavyions/jvelazqu/energycorr/eecAnalysis_ppref_2024-09-10/eecOOHistograms/crab_eecAnalysis_ppref_2024-09-10/260910_041527/0001/eecAnalysis_ppref_2024-09-10_1660.root
hadd Source file 394: /eos/cms/store/group/phys_heavyions/jvelazqu/energycorr/eecAnalysis_ppref_2024-09-10/eecOOHistograms/crab_eecAnalysis_ppref_2024-09-10/260910_041527/0003/eecAnalysis_ppref_2024-09-10_3390.root
hadd Source file 371: /eos/cms/store/group/phys_heavyions/jvelazqu/energycorr/eecAnalysis_ppref_2024-09-10/eecOOHistograms/crab_eecAnalysis_ppref_2024-09-10/260910_041527/0001/eecAnalysis_ppref_2024-09-10_1227.root
hadd Source file 369: /eos/cms/store/group/phys_heavyions/jvelazqu/energycorr/eecAnalysis_ppref_2024-09-10/eecOOHistograms/crab_eecAnalysis_ppref_2024-09-10/260910_041527/0002/eecAnalysis_ppref_2024-09-10_2081.root
hadd Source file 357: /eos/cms/store/group/phys_heavyions/jvelazqu/energycorr/eecAnalysis_ppref_2024-09-10/eecOOHistograms/crab_eecAnalysis_ppref_2024-09-10/260910_041527/0000/eecAnalysis_ppref_2024-09-10_785.root
hadd Source file 358: /eos/cms/store/group/phys_heavyions/jvelazqu/energycorr/eecAnalysis_ppref_2024-09-10/eecOOHistograms/crab_eecAnalysis_ppref_2024-09-10/260910_041527/0000/eecAnalysis_ppref_2024-09-10_786.root
hadd Source file 372: /eos/cms/store/group/phys_heavyions/jvelazqu/energycorr/eecAnalysis_ppref_2024-09-10/eecOOHistograms/crab_eecAnalysis_ppref_2024-09-10/260910_041527/0001/eecAnalysis_ppref_2024-09-10_1228.root
hadd Source file 395: /eos/cms/store/group/phys_heavyions/jvelazqu/energycorr/eecAnalysis_ppref_2024-09-10/eecOOHistograms/crab_eecAnalysis_ppref_2024-09-10/260910_041527/0003/eecAnalysis_ppref_2024-09-10_3391.root
hadd Source file 354: /eos/cms/store/group/phys_heavyions/jvelazqu/energycorr/eecAnalysis_ppref_2024-09-10/eecOOHistograms/crab_eecAnalysis_ppref_2024-09-10/260910_041527/0000/eecAnalysis_ppref_2024-09-10_354.root
hadd Source file 362: /eos/cms/store/group/phys_heavyions/jvelazqu/energycorr/eecAnalysis_ppref_2024-09-10/eecOOHistograms/crab_eecAnalysis_ppref_2024-09-10/260910_041527/0002/eecAnalysis_ppref_2024-09-10_2502.root
hadd Source file 373: /eos/cms/store/group/phys_heavyions/jvelazqu/energycorr/eecAnalysis_ppref_2024-09-10/eecOOHistograms/crab_eecAnalysis_ppref_2024-09-10/260910_041527/0002/eecAnalysis_ppref_2024-09-10_2941.root
hadd Source file 377: /eos/cms/store/group/phys_heavyions/jvelazqu/energycorr/eecAnalysis_ppref_2024-09-10/eecOOHistograms/crab_eecAnalysis_ppref_2024-09-10/260910_041527/0001/eecAnalysis_ppref_2024-09-10_1661.root
hadd Source file 359: /eos/cms/store/group/phys_heavyions/jvelazqu/energycorr/eecAnalysis_ppref_2024-09-10/eecOOHistograms/crab_eecAnalysis_ppref_2024-09-10/260910_041527/0000/eecAnalysis_ppref_2024-09-10_787.root
hadd Source file 370: /eos/cms/store/group/phys_heavyions/jvelazqu/energycorr/eecAnalysis_ppref_2024-09-10/eecOOHistograms/crab_eecAnalysis_ppref_2024-09-10/260910_041527/0002/eecAnalysis_ppref_2024-09-10_2082.root
hadd Source file 355: /eos/cms/store/group/phys_heavyions/jvelazqu/energycorr/eecAnalysis_ppref_2024-09-10/eecOOHistograms/crab_eecAnalysis_ppref_2024-09-10/260910_041527/0000/eecAnalysis_ppref_2024-09-10_355.root
hadd Source file 396: /eos/cms/store/group/phys_heavyions/jvelazqu/energycorr/eecAnalysis_ppref_2024-09-10/eecOOHistograms/crab_eecAnalysis_ppref_2024-09-10/260910_041527/0003/eecAnalysis_ppref_2024-09-10_3392.root
hadd Source file 363: /eos/cms/store/group/phys_heavyions/jvelazqu/energycorr/eecAnalysis_ppref_2024-09-10/eecOOHistograms/crab_eecAnalysis_ppref_2024-09-10/260910_041527/0002/eecAnalysis_ppref_2024-09-10_2503.root
hadd Source file 373: /eos/cms/store/group/phys_heavyions/jvelazqu/energycorr/eecAnalysis_ppref_2024-09-10/eecOOHistograms/crab_eecAnalysis_ppref_2024-09-10/260910_041527/0001/eecAnalysis_ppref_2024-09-10_1229.root
hadd Source file 374: /eos/cms/store/group/phys_heavyions/jvelazqu/energycorr/eecAnalysis_ppref_2024-09-10/eecOOHistograms/crab_eecAnalysis_ppref_2024-09-10/260910_041527/0002/eecAnalysis_ppref_2024-09-10_2942.root
hadd Source file 371: /eos/cms/store/group/phys_heavyions/jvelazqu/energycorr/eecAnalysis_ppref_2024-09-10/eecOOHistograms/crab_eecAnalysis_ppref_2024-09-10/260910_041527/0002/eecAnalysis_ppref_2024-09-10_2083.root
hadd Source file 378: /eos/cms/store/group/phys_heavyions/jvelazqu/energycorr/eecAnalysis_ppref_2024-09-10/eecOOHistograms/crab_eecAnalysis_ppref_2024-09-10/260910_041527/0001/eecAnalysis_ppref_2024-09-10_1662.root
hadd Source file 375: /eos/cms/store/group/phys_heavyions/jvelazqu/energycorr/eecAnalysis_ppref_2024-09-10/eecOOHistograms/crab_eecAnalysis_ppref_2024-09-10/260910_041527/0002/eecAnalysis_ppref_2024-09-10_2943.root
hadd Source file 364: /eos/cms/store/group/phys_heavyions/jvelazqu/energycorr/eecAnalysis_ppref_2024-09-10/eecOOHistograms/crab_eecAnalysis_ppref_2024-09-10/260910_041527/0002/eecAnalysis_ppref_2024-09-10_2504.root
hadd Source file 397: /eos/cms/store/group/phys_heavyions/jvelazqu/energycorr/eecAnalysis_ppref_2024-09-10/eecOOHistograms/crab_eecAnalysis_ppref_2024-09-10/260910_041527/0003/eecAnalysis_ppref_2024-09-10_3393.root
hadd Source file 372: /eos/cms/store/group/phys_heavyions/jvelazqu/energycorr/eecAnalysis_ppref_2024-09-10/eecOOHistograms/crab_eecAnalysis_ppref_2024-09-10/260910_041527/0002/eecAnalysis_ppref_2024-09-10_2084.root
hadd Source file 376: /eos/cms/store/group/phys_heavyions/jvelazqu/energycorr/eecAnalysis_ppref_2024-09-10/eecOOHistograms/crab_eecAnalysis_ppref_2024-09-10/260910_041527/0002/eecAnalysis_ppref_2024-09-10_2944.root
hadd Source file 374: /eos/cms/store/group/phys_heavyions/jvelazqu/energycorr/eecAnalysis_ppref_2024-09-10/eecOOHistograms/crab_eecAnalysis_ppref_2024-09-10/260910_041527/0001/eecAnalysis_ppref_2024-09-10_1230.root
hadd Source file 398: /eos/cms/store/group/phys_heavyions/jvelazqu/energycorr/eecAnalysis_ppref_2024-09-10/eecOOHistograms/crab_eecAnalysis_ppref_2024-09-10/260910_041527/0003/eecAnalysis_ppref_2024-09-10_3394.root
hadd Source file 356: /eos/cms/store/group/phys_heavyions/jvelazqu/energycorr/eecAnalysis_ppref_2024-09-10/eecOOHistograms/crab_eecAnalysis_ppref_2024-09-10/260910_041527/0000/eecAnalysis_ppref_2024-09-10_356.root
hadd Source file 379: /eos/cms/store/group/phys_heavyions/jvelazqu/energycorr/eecAnalysis_ppref_2024-09-10/eecOOHistograms/crab_eecAnalysis_ppref_2024-09-10/260910_041527/0001/eecAnalysis_ppref_2024-09-10_1663.root
hadd Source file 404: /eos/cms/store/group/phys_heavyions/jvelazqu/energycorr/eecAnalysis_ppref_2024-09-10/eecOOHistograms/crab_eecAnalysis_ppref_2024-09-10/260910_041527/0004/eecAnalysis_ppref_2024-09-10_4256.root
hadd Source file 365: /eos/cms/store/group/phys_heavyions/jvelazqu/energycorr/eecAnalysis_ppref_2024-09-10/eecOOHistograms/crab_eecAnalysis_ppref_2024-09-10/260910_041527/0002/eecAnalysis_ppref_2024-09-10_2505.root
hadd Source file 332: /eos/cms/store/group/phys_heavyions/jvelazqu/energycorr/eecAnalysis_ppref_2024-09-10/eecOOHistograms/crab_eecAnalysis_ppref_2024-09-10/260910_041527/0003/eecAnalysis_ppref_2024-09-10_3756.root
hadd Source file 357: /eos/cms/store/group/phys_heavyions/jvelazqu/energycorr/eecAnalysis_ppref_2024-09-10/eecOOHistograms/crab_eecAnalysis_ppref_2024-09-10/260910_041527/0000/eecAnalysis_ppref_2024-09-10_357.root
hadd Source file 373: /eos/cms/store/group/phys_heavyions/jvelazqu/energycorr/eecAnalysis_ppref_2024-09-10/eecOOHistograms/crab_eecAnalysis_ppref_2024-09-10/260910_041527/0002/eecAnalysis_ppref_2024-09-10_2085.root
hadd Source file 399: /eos/cms/store/group/phys_heavyions/jvelazqu/energycorr/eecAnalysis_ppref_2024-09-10/eecOOHistograms/crab_eecAnalysis_ppref_2024-09-10/260910_041527/0003/eecAnalysis_ppref_2024-09-10_3395.root
hadd Source file 380: /eos/cms/store/group/phys_heavyions/jvelazqu/energycorr/eecAnalysis_ppref_2024-09-10/eecOOHistograms/crab_eecAnalysis_ppref_2024-09-10/260910_041527/0001/eecAnalysis_ppref_2024-09-10_1664.root
hadd Source file 375: /eos/cms/store/group/phys_heavyions/jvelazqu/energycorr/eecAnalysis_ppref_2024-09-10/eecOOHistograms/crab_eecAnalysis_ppref_2024-09-10/260910_041527/0001/eecAnalysis_ppref_2024-09-10_1231.root
hadd Source file 381: /eos/cms/store/group/phys_heavyions/jvelazqu/energycorr/eecAnalysis_ppref_2024-09-10/eecOOHistograms/crab_eecAnalysis_ppref_2024-09-10/260910_041527/0001/eecAnalysis_ppref_2024-09-10_1665.root
hadd Source file 405: /eos/cms/store/group/phys_heavyions/jvelazqu/energycorr/eecAnalysis_ppref_2024-09-10/eecOOHistograms/crab_eecAnalysis_ppref_2024-09-10/260910_041527/0004/eecAnalysis_ppref_2024-09-10_4257.root
hadd Source file 360: /eos/cms/store/group/phys_heavyions/jvelazqu/energycorr/eecAnalysis_ppref_2024-09-10/eecOOHistograms/crab_eecAnalysis_ppref_2024-09-10/260910_041527/0000/eecAnalysis_ppref_2024-09-10_788.root
hadd Source file 333: /eos/cms/store/group/phys_heavyions/jvelazqu/energycorr/eecAnalysis_ppref_2024-09-10/eecOOHistograms/crab_eecAnalysis_ppref_2024-09-10/260910_041527/0003/eecAnalysis_ppref_2024-09-10_3757.root
hadd Source file 376: /eos/cms/store/group/phys_heavyions/jvelazqu/energycorr/eecAnalysis_ppref_2024-09-10/eecOOHistograms/crab_eecAnalysis_ppref_2024-09-10/260910_041527/0001/eecAnalysis_ppref_2024-09-10_1232.root
hadd Source file 358: /eos/cms/store/group/phys_heavyions/jvelazqu/energycorr/eecAnalysis_ppref_2024-09-10/eecOOHistograms/crab_eecAnalysis_ppref_2024-09-10/260910_041527/0000/eecAnalysis_ppref_2024-09-10_358.root
hadd Source file 377: /eos/cms/store/group/phys_heavyions/jvelazqu/energycorr/eecAnalysis_ppref_2024-09-10/eecOOHistograms/crab_eecAnalysis_ppref_2024-09-10/260910_041527/0002/eecAnalysis_ppref_2024-09-10_2945.root
hadd Source file 374: /eos/cms/store/group/phys_heavyions/jvelazqu/energycorr/eecAnalysis_ppref_2024-09-10/eecOOHistograms/crab_eecAnalysis_ppref_2024-09-10/260910_041527/0002/eecAnalysis_ppref_2024-09-10_2086.root
hadd Source file 382: /eos/cms/store/group/phys_heavyions/jvelazqu/energycorr/eecAnalysis_ppref_2024-09-10/eecOOHistograms/crab_eecAnalysis_ppref_2024-09-10/260910_041527/0001/eecAnalysis_ppref_2024-09-10_1666.root
hadd Source file 361: /eos/cms/store/group/phys_heavyions/jvelazqu/energycorr/eecAnalysis_ppref_2024-09-10/eecOOHistograms/crab_eecAnalysis_ppref_2024-09-10/260910_041527/0000/eecAnalysis_ppref_2024-09-10_789.root
hadd Source file 334: /eos/cms/store/group/phys_heavyions/jvelazqu/energycorr/eecAnalysis_ppref_2024-09-10/eecOOHistograms/crab_eecAnalysis_ppref_2024-09-10/260910_041527/0003/eecAnalysis_ppref_2024-09-10_3758.root
hadd Source file 377: /eos/cms/store/group/phys_heavyions/jvelazqu/energycorr/eecAnalysis_ppref_2024-09-10/eecOOHistograms/crab_eecAnalysis_ppref_2024-09-10/260910_041527/0001/eecAnalysis_ppref_2024-09-10_1233.root
hadd Source file 378: /eos/cms/store/group/phys_heavyions/jvelazqu/energycorr/eecAnalysis_ppref_2024-09-10/eecOOHistograms/crab_eecAnalysis_ppref_2024-09-10/260910_041527/0002/eecAnalysis_ppref_2024-09-10_2946.root
hadd Source file 359: /eos/cms/store/group/phys_heavyions/jvelazqu/energycorr/eecAnalysis_ppref_2024-09-10/eecOOHistograms/crab_eecAnalysis_ppref_2024-09-10/260910_041527/0000/eecAnalysis_ppref_2024-09-10_359.root
hadd Source file 383: /eos/cms/store/group/phys_heavyions/jvelazqu/energycorr/eecAnalysis_ppref_2024-09-10/eecOOHistograms/crab_eecAnalysis_ppref_2024-09-10/260910_041527/0001/eecAnalysis_ppref_2024-09-10_1667.root
hadd Source file 375: /eos/cms/store/group/phys_heavyions/jvelazqu/energycorr/eecAnalysis_ppref_2024-09-10/eecOOHistograms/crab_eecAnalysis_ppref_2024-09-10/260910_041527/0002/eecAnalysis_ppref_2024-09-10_2087.root
hadd Source file 362: /eos/cms/store/group/phys_heavyions/jvelazqu/energycorr/eecAnalysis_ppref_2024-09-10/eecOOHistograms/crab_eecAnalysis_ppref_2024-09-10/260910_041527/0000/eecAnalysis_ppref_2024-09-10_790.root
hadd Source file 335: /eos/cms/store/group/phys_heavyions/jvelazqu/energycorr/eecAnalysis_ppref_2024-09-10/eecOOHistograms/crab_eecAnalysis_ppref_2024-09-10/260910_041527/0003/eecAnalysis_ppref_2024-09-10_3759.root
hadd Source file 378: /eos/cms/store/group/phys_heavyions/jvelazqu/energycorr/eecAnalysis_ppref_2024-09-10/eecOOHistograms/crab_eecAnalysis_ppref_2024-09-10/260910_041527/0001/eecAnalysis_ppref_2024-09-10_1234.root
hadd Source file 360: /eos/cms/store/group/phys_heavyions/jvelazqu/energycorr/eecAnalysis_ppref_2024-09-10/eecOOHistograms/crab_eecAnalysis_ppref_2024-09-10/260910_041527/0000/eecAnalysis_ppref_2024-09-10_360.root
hadd Source file 384: /eos/cms/store/group/phys_heavyions/jvelazqu/energycorr/eecAnalysis_ppref_2024-09-10/eecOOHistograms/crab_eecAnalysis_ppref_2024-09-10/260910_041527/0001/eecAnalysis_ppref_2024-09-10_1668.root
hadd Source file 376: /eos/cms/store/group/phys_heavyions/jvelazqu/energycorr/eecAnalysis_ppref_2024-09-10/eecOOHistograms/crab_eecAnalysis_ppref_2024-09-10/260910_041527/0002/eecAnalysis_ppref_2024-09-10_2088.root
hadd Source file 363: /eos/cms/store/group/phys_heavyions/jvelazqu/energycorr/eecAnalysis_ppref_2024-09-10/eecOOHistograms/crab_eecAnalysis_ppref_2024-09-10/260910_041527/0000/eecAnalysis_ppref_2024-09-10_791.root
hadd Source file 379: /eos/cms/store/group/phys_heavyions/jvelazqu/energycorr/eecAnalysis_ppref_2024-09-10/eecOOHistograms/crab_eecAnalysis_ppref_2024-09-10/260910_041527/0001/eecAnalysis_ppref_2024-09-10_1235.root
hadd Source file 336: /eos/cms/store/group/phys_heavyions/jvelazqu/energycorr/eecAnalysis_ppref_2024-09-10/eecOOHistograms/crab_eecAnalysis_ppref_2024-09-10/260910_041527/0003/eecAnalysis_ppref_2024-09-10_3760.root
hadd Source file 385: /eos/cms/store/group/phys_heavyions/jvelazqu/energycorr/eecAnalysis_ppref_2024-09-10/eecOOHistograms/crab_eecAnalysis_ppref_2024-09-10/260910_041527/0001/eecAnalysis_ppref_2024-09-10_1669.root
hadd Source file 366: /eos/cms/store/group/phys_heavyions/jvelazqu/energycorr/eecAnalysis_ppref_2024-09-10/eecOOHistograms/crab_eecAnalysis_ppref_2024-09-10/260910_041527/0002/eecAnalysis_ppref_2024-09-10_2506.root
hadd Source file 400: /eos/cms/store/group/phys_heavyions/jvelazqu/energycorr/eecAnalysis_ppref_2024-09-10/eecOOHistograms/crab_eecAnalysis_ppref_2024-09-10/260910_041527/0003/eecAnalysis_ppref_2024-09-10_3396.root
hadd Source file 380: /eos/cms/store/group/phys_heavyions/jvelazqu/energycorr/eecAnalysis_ppref_2024-09-10/eecOOHistograms/crab_eecAnalysis_ppref_2024-09-10/260910_041527/0001/eecAnalysis_ppref_2024-09-10_1236.root
hadd Source file 377: /eos/cms/store/group/phys_heavyions/jvelazqu/energycorr/eecAnalysis_ppref_2024-09-10/eecOOHistograms/crab_eecAnalysis_ppref_2024-09-10/260910_041527/0002/eecAnalysis_ppref_2024-09-10_2089.root
hadd Source file 337: /eos/cms/store/group/phys_heavyions/jvelazqu/energycorr/eecAnalysis_ppref_2024-09-10/eecOOHistograms/crab_eecAnalysis_ppref_2024-09-10/260910_041527/0003/eecAnalysis_ppref_2024-09-10_3761.root
hadd Source file 364: /eos/cms/store/group/phys_heavyions/jvelazqu/energycorr/eecAnalysis_ppref_2024-09-10/eecOOHistograms/crab_eecAnalysis_ppref_2024-09-10/260910_041527/0000/eecAnalysis_ppref_2024-09-10_792.root
hadd Source file 386: /eos/cms/store/group/phys_heavyions/jvelazqu/energycorr/eecAnalysis_ppref_2024-09-10/eecOOHistograms/crab_eecAnalysis_ppref_2024-09-10/260910_041527/0001/eecAnalysis_ppref_2024-09-10_1670.root
hadd Source file 401: /eos/cms/store/group/phys_heavyions/jvelazqu/energycorr/eecAnalysis_ppref_2024-09-10/eecOOHistograms/crab_eecAnalysis_ppref_2024-09-10/260910_041527/0003/eecAnalysis_ppref_2024-09-10_3397.root
hadd Source file 367: /eos/cms/store/group/phys_heavyions/jvelazqu/energycorr/eecAnalysis_ppref_2024-09-10/eecOOHistograms/crab_eecAnalysis_ppref_2024-09-10/260910_041527/0002/eecAnalysis_ppref_2024-09-10_2507.root
hadd Source file 379: /eos/cms/store/group/phys_heavyions/jvelazqu/energycorr/eecAnalysis_ppref_2024-09-10/eecOOHistograms/crab_eecAnalysis_ppref_2024-09-10/260910_041527/0002/eecAnalysis_ppref_2024-09-10_2947.root
hadd Source file 381: /eos/cms/store/group/phys_heavyions/jvelazqu/energycorr/eecAnalysis_ppref_2024-09-10/eecOOHistograms/crab_eecAnalysis_ppref_2024-09-10/260910_041527/0001/eecAnalysis_ppref_2024-09-10_1237.root
hadd Source file 378: /eos/cms/store/group/phys_heavyions/jvelazqu/energycorr/eecAnalysis_ppref_2024-09-10/eecOOHistograms/crab_eecAnalysis_ppref_2024-09-10/260910_041527/0002/eecAnalysis_ppref_2024-09-10_2090.root
hadd Source file 365: /eos/cms/store/group/phys_heavyions/jvelazqu/energycorr/eecAnalysis_ppref_2024-09-10/eecOOHistograms/crab_eecAnalysis_ppref_2024-09-10/260910_041527/0000/eecAnalysis_ppref_2024-09-10_793.root
hadd Source file 368: /eos/cms/store/group/phys_heavyions/jvelazqu/energycorr/eecAnalysis_ppref_2024-09-10/eecOOHistograms/crab_eecAnalysis_ppref_2024-09-10/260910_041527/0002/eecAnalysis_ppref_2024-09-10_2508.root
hadd Source file 402: /eos/cms/store/group/phys_heavyions/jvelazqu/energycorr/eecAnalysis_ppref_2024-09-10/eecOOHistograms/crab_eecAnalysis_ppref_2024-09-10/260910_041527/0003/eecAnalysis_ppref_2024-09-10_3398.root
hadd Source file 387: /eos/cms/store/group/phys_heavyions/jvelazqu/energycorr/eecAnalysis_ppref_2024-09-10/eecOOHistograms/crab_eecAnalysis_ppref_2024-09-10/260910_041527/0001/eecAnalysis_ppref_2024-09-10_1671.root
hadd Source file 338: /eos/cms/store/group/phys_heavyions/jvelazqu/energycorr/eecAnalysis_ppref_2024-09-10/eecOOHistograms/crab_eecAnalysis_ppref_2024-09-10/260910_041527/0003/eecAnalysis_ppref_2024-09-10_3762.root
hadd Source file 382: /eos/cms/store/group/phys_heavyions/jvelazqu/energycorr/eecAnalysis_ppref_2024-09-10/eecOOHistograms/crab_eecAnalysis_ppref_2024-09-10/260910_041527/0001/eecAnalysis_ppref_2024-09-10_1238.root
hadd Source file 366: /eos/cms/store/group/phys_heavyions/jvelazqu/energycorr/eecAnalysis_ppref_2024-09-10/eecOOHistograms/crab_eecAnalysis_ppref_2024-09-10/260910_041527/0000/eecAnalysis_ppref_2024-09-10_794.root
hadd Source file 380: /eos/cms/store/group/phys_heavyions/jvelazqu/energycorr/eecAnalysis_ppref_2024-09-10/eecOOHistograms/crab_eecAnalysis_ppref_2024-09-10/260910_041527/0002/eecAnalysis_ppref_2024-09-10_2948.root
hadd Source file 361: /eos/cms/store/group/phys_heavyions/jvelazqu/energycorr/eecAnalysis_ppref_2024-09-10/eecOOHistograms/crab_eecAnalysis_ppref_2024-09-10/260910_041527/0000/eecAnalysis_ppref_2024-09-10_361.root
hadd Source file 369: /eos/cms/store/group/phys_heavyions/jvelazqu/energycorr/eecAnalysis_ppref_2024-09-10/eecOOHistograms/crab_eecAnalysis_ppref_2024-09-10/260910_041527/0002/eecAnalysis_ppref_2024-09-10_2509.root
hadd Source file 388: /eos/cms/store/group/phys_heavyions/jvelazqu/energycorr/eecAnalysis_ppref_2024-09-10/eecOOHistograms/crab_eecAnalysis_ppref_2024-09-10/260910_041527/0001/eecAnalysis_ppref_2024-09-10_1672.root
hadd Source file 339: /eos/cms/store/group/phys_heavyions/jvelazqu/energycorr/eecAnalysis_ppref_2024-09-10/eecOOHistograms/crab_eecAnalysis_ppref_2024-09-10/260910_041527/0003/eecAnalysis_ppref_2024-09-10_3763.root
hadd Source file 370: /eos/cms/store/group/phys_heavyions/jvelazqu/energycorr/eecAnalysis_ppref_2024-09-10/eecOOHistograms/crab_eecAnalysis_ppref_2024-09-10/260910_041527/0002/eecAnalysis_ppref_2024-09-10_2510.root
hadd Source file 383: /eos/cms/store/group/phys_heavyions/jvelazqu/energycorr/eecAnalysis_ppref_2024-09-10/eecOOHistograms/crab_eecAnalysis_ppref_2024-09-10/260910_041527/0001/eecAnalysis_ppref_2024-09-10_1239.root
hadd Source file 381: /eos/cms/store/group/phys_heavyions/jvelazqu/energycorr/eecAnalysis_ppref_2024-09-10/eecOOHistograms/crab_eecAnalysis_ppref_2024-09-10/260910_041527/0002/eecAnalysis_ppref_2024-09-10_2949.root
hadd Source file 406: /eos/cms/store/group/phys_heavyions/jvelazqu/energycorr/eecAnalysis_ppref_2024-09-10/eecOOHistograms/crab_eecAnalysis_ppref_2024-09-10/260910_041527/0004/eecAnalysis_ppref_2024-09-10_4258.root
hadd Source file 367: /eos/cms/store/group/phys_heavyions/jvelazqu/energycorr/eecAnalysis_ppref_2024-09-10/eecOOHistograms/crab_eecAnalysis_ppref_2024-09-10/260910_041527/0000/eecAnalysis_ppref_2024-09-10_795.root
hadd Source file 389: /eos/cms/store/group/phys_heavyions/jvelazqu/energycorr/eecAnalysis_ppref_2024-09-10/eecOOHistograms/crab_eecAnalysis_ppref_2024-09-10/260910_041527/0001/eecAnalysis_ppref_2024-09-10_1673.root
hadd Source file 371: /eos/cms/store/group/phys_heavyions/jvelazqu/energycorr/eecAnalysis_ppref_2024-09-10/eecOOHistograms/crab_eecAnalysis_ppref_2024-09-10/260910_041527/0002/eecAnalysis_ppref_2024-09-10_2511.root
hadd Source file 368: /eos/cms/store/group/phys_heavyions/jvelazqu/energycorr/eecAnalysis_ppref_2024-09-10/eecOOHistograms/crab_eecAnalysis_ppref_2024-09-10/260910_041527/0000/eecAnalysis_ppref_2024-09-10_796.root
hadd Source file 407: /eos/cms/store/group/phys_heavyions/jvelazqu/energycorr/eecAnalysis_ppref_2024-09-10/eecOOHistograms/crab_eecAnalysis_ppref_2024-09-10/260910_041527/0004/eecAnalysis_ppref_2024-09-10_4259.root
hadd Source file 384: /eos/cms/store/group/phys_heavyions/jvelazqu/energycorr/eecAnalysis_ppref_2024-09-10/eecOOHistograms/crab_eecAnalysis_ppref_2024-09-10/260910_041527/0001/eecAnalysis_ppref_2024-09-10_1240.root
hadd Source file 382: /eos/cms/store/group/phys_heavyions/jvelazqu/energycorr/eecAnalysis_ppref_2024-09-10/eecOOHistograms/crab_eecAnalysis_ppref_2024-09-10/260910_041527/0002/eecAnalysis_ppref_2024-09-10_2950.root
hadd Source file 390: /eos/cms/store/group/phys_heavyions/jvelazqu/energycorr/eecAnalysis_ppref_2024-09-10/eecOOHistograms/crab_eecAnalysis_ppref_2024-09-10/260910_041527/0001/eecAnalysis_ppref_2024-09-10_1674.root
hadd Source file 362: /eos/cms/store/group/phys_heavyions/jvelazqu/energycorr/eecAnalysis_ppref_2024-09-10/eecOOHistograms/crab_eecAnalysis_ppref_2024-09-10/260910_041527/0000/eecAnalysis_ppref_2024-09-10_362.root
hadd Source file 408: /eos/cms/store/group/phys_heavyions/jvelazqu/energycorr/eecAnalysis_ppref_2024-09-10/eecOOHistograms/crab_eecAnalysis_ppref_2024-09-10/260910_041527/0004/eecAnalysis_ppref_2024-09-10_4260.root
hadd Source file 385: /eos/cms/store/group/phys_heavyions/jvelazqu/energycorr/eecAnalysis_ppref_2024-09-10/eecOOHistograms/crab_eecAnalysis_ppref_2024-09-10/260910_041527/0001/eecAnalysis_ppref_2024-09-10_1241.root
hadd Source file 379: /eos/cms/store/group/phys_heavyions/jvelazqu/energycorr/eecAnalysis_ppref_2024-09-10/eecOOHistograms/crab_eecAnalysis_ppref_2024-09-10/260910_041527/0002/eecAnalysis_ppref_2024-09-10_2091.root
hadd Source file 340: /eos/cms/store/group/phys_heavyions/jvelazqu/energycorr/eecAnalysis_ppref_2024-09-10/eecOOHistograms/crab_eecAnalysis_ppref_2024-09-10/260910_041527/0003/eecAnalysis_ppref_2024-09-10_3764.root
hadd Source file 372: /eos/cms/store/group/phys_heavyions/jvelazqu/energycorr/eecAnalysis_ppref_2024-09-10/eecOOHistograms/crab_eecAnalysis_ppref_2024-09-10/260910_041527/0002/eecAnalysis_ppref_2024-09-10_2512.root
hadd Source file 383: /eos/cms/store/group/phys_heavyions/jvelazqu/energycorr/eecAnalysis_ppref_2024-09-10/eecOOHistograms/crab_eecAnalysis_ppref_2024-09-10/260910_041527/0002/eecAnalysis_ppref_2024-09-10_2951.root
hadd Source file 403: /eos/cms/store/group/phys_heavyions/jvelazqu/energycorr/eecAnalysis_ppref_2024-09-10/eecOOHistograms/crab_eecAnalysis_ppref_2024-09-10/260910_041527/0003/eecAnalysis_ppref_2024-09-10_3399.root
hadd Source file 369: /eos/cms/store/group/phys_heavyions/jvelazqu/energycorr/eecAnalysis_ppref_2024-09-10/eecOOHistograms/crab_eecAnalysis_ppref_2024-09-10/260910_041527/0000/eecAnalysis_ppref_2024-09-10_797.root
hadd Source file 409: /eos/cms/store/group/phys_heavyions/jvelazqu/energycorr/eecAnalysis_ppref_2024-09-10/eecOOHistograms/crab_eecAnalysis_ppref_2024-09-10/260910_041527/0004/eecAnalysis_ppref_2024-09-10_4261.root
hadd Source file 380: /eos/cms/store/group/phys_heavyions/jvelazqu/energycorr/eecAnalysis_ppref_2024-09-10/eecOOHistograms/crab_eecAnalysis_ppref_2024-09-10/260910_041527/0002/eecAnalysis_ppref_2024-09-10_2092.root
hadd Source file 386: /eos/cms/store/group/phys_heavyions/jvelazqu/energycorr/eecAnalysis_ppref_2024-09-10/eecOOHistograms/crab_eecAnalysis_ppref_2024-09-10/260910_041527/0001/eecAnalysis_ppref_2024-09-10_1242.root
hadd Source file 341: /eos/cms/store/group/phys_heavyions/jvelazqu/energycorr/eecAnalysis_ppref_2024-09-10/eecOOHistograms/crab_eecAnalysis_ppref_2024-09-10/260910_041527/0003/eecAnalysis_ppref_2024-09-10_3765.root
hadd Source file 384: /eos/cms/store/group/phys_heavyions/jvelazqu/energycorr/eecAnalysis_ppref_2024-09-10/eecOOHistograms/crab_eecAnalysis_ppref_2024-09-10/260910_041527/0002/eecAnalysis_ppref_2024-09-10_2952.root
hadd Source file 391: /eos/cms/store/group/phys_heavyions/jvelazqu/energycorr/eecAnalysis_ppref_2024-09-10/eecOOHistograms/crab_eecAnalysis_ppref_2024-09-10/260910_041527/0001/eecAnalysis_ppref_2024-09-10_1675.root
hadd Source file 370: /eos/cms/store/group/phys_heavyions/jvelazqu/energycorr/eecAnalysis_ppref_2024-09-10/eecOOHistograms/crab_eecAnalysis_ppref_2024-09-10/260910_041527/0000/eecAnalysis_ppref_2024-09-10_798.root
hadd Source file 373: /eos/cms/store/group/phys_heavyions/jvelazqu/energycorr/eecAnalysis_ppref_2024-09-10/eecOOHistograms/crab_eecAnalysis_ppref_2024-09-10/260910_041527/0002/eecAnalysis_ppref_2024-09-10_2513.root
hadd Source file 342: /eos/cms/store/group/phys_heavyions/jvelazqu/energycorr/eecAnalysis_ppref_2024-09-10/eecOOHistograms/crab_eecAnalysis_ppref_2024-09-10/260910_041527/0003/eecAnalysis_ppref_2024-09-10_3766.root
hadd Source file 363: /eos/cms/store/group/phys_heavyions/jvelazqu/energycorr/eecAnalysis_ppref_2024-09-10/eecOOHistograms/crab_eecAnalysis_ppref_2024-09-10/260910_041527/0000/eecAnalysis_ppref_2024-09-10_363.root
hadd Source file 410: /eos/cms/store/group/phys_heavyions/jvelazqu/energycorr/eecAnalysis_ppref_2024-09-10/eecOOHistograms/crab_eecAnalysis_ppref_2024-09-10/260910_041527/0004/eecAnalysis_ppref_2024-09-10_4262.root
hadd Source file 385: /eos/cms/store/group/phys_heavyions/jvelazqu/energycorr/eecAnalysis_ppref_2024-09-10/eecOOHistograms/crab_eecAnalysis_ppref_2024-09-10/260910_041527/0002/eecAnalysis_ppref_2024-09-10_2953.root
hadd Source file 411: /eos/cms/store/group/phys_heavyions/jvelazqu/energycorr/eecAnalysis_ppref_2024-09-10/eecOOHistograms/crab_eecAnalysis_ppref_2024-09-10/260910_041527/0004/eecAnalysis_ppref_2024-09-10_4263.root
hadd Source file 381: /eos/cms/store/group/phys_heavyions/jvelazqu/energycorr/eecAnalysis_ppref_2024-09-10/eecOOHistograms/crab_eecAnalysis_ppref_2024-09-10/260910_041527/0002/eecAnalysis_ppref_2024-09-10_2093.root
hadd Source file 386: /eos/cms/store/group/phys_heavyions/jvelazqu/energycorr/eecAnalysis_ppref_2024-09-10/eecOOHistograms/crab_eecAnalysis_ppref_2024-09-10/260910_041527/0002/eecAnalysis_ppref_2024-09-10_2954.root
hadd Source file 371: /eos/cms/store/group/phys_heavyions/jvelazqu/energycorr/eecAnalysis_ppref_2024-09-10/eecOOHistograms/crab_eecAnalysis_ppref_2024-09-10/260910_041527/0000/eecAnalysis_ppref_2024-09-10_799.root
hadd Source file 364: /eos/cms/store/group/phys_heavyions/jvelazqu/energycorr/eecAnalysis_ppref_2024-09-10/eecOOHistograms/crab_eecAnalysis_ppref_2024-09-10/260910_041527/0000/eecAnalysis_ppref_2024-09-10_364.root
hadd Source file 343: /eos/cms/store/group/phys_heavyions/jvelazqu/energycorr/eecAnalysis_ppref_2024-09-10/eecOOHistograms/crab_eecAnalysis_ppref_2024-09-10/260910_041527/0003/eecAnalysis_ppref_2024-09-10_3767.root
hadd Source file 387: /eos/cms/store/group/phys_heavyions/jvelazqu/energycorr/eecAnalysis_ppref_2024-09-10/eecOOHistograms/crab_eecAnalysis_ppref_2024-09-10/260910_041527/0002/eecAnalysis_ppref_2024-09-10_2955.root
hadd Source file 372: /eos/cms/store/group/phys_heavyions/jvelazqu/energycorr/eecAnalysis_ppref_2024-09-10/eecOOHistograms/crab_eecAnalysis_ppref_2024-09-10/260910_041527/0000/eecAnalysis_ppref_2024-09-10_800.root
hadd Source file 382: /eos/cms/store/group/phys_heavyions/jvelazqu/energycorr/eecAnalysis_ppref_2024-09-10/eecOOHistograms/crab_eecAnalysis_ppref_2024-09-10/260910_041527/0002/eecAnalysis_ppref_2024-09-10_2094.root
hadd Source file 412: /eos/cms/store/group/phys_heavyions/jvelazqu/energycorr/eecAnalysis_ppref_2024-09-10/eecOOHistograms/crab_eecAnalysis_ppref_2024-09-10/260910_041527/0004/eecAnalysis_ppref_2024-09-10_4264.root
hadd Source file 365: /eos/cms/store/group/phys_heavyions/jvelazqu/energycorr/eecAnalysis_ppref_2024-09-10/eecOOHistograms/crab_eecAnalysis_ppref_2024-09-10/260910_041527/0000/eecAnalysis_ppref_2024-09-10_365.root
hadd Source file 373: /eos/cms/store/group/phys_heavyions/jvelazqu/energycorr/eecAnalysis_ppref_2024-09-10/eecOOHistograms/crab_eecAnalysis_ppref_2024-09-10/260910_041527/0000/eecAnalysis_ppref_2024-09-10_801.root
hadd Source file 344: /eos/cms/store/group/phys_heavyions/jvelazqu/energycorr/eecAnalysis_ppref_2024-09-10/eecOOHistograms/crab_eecAnalysis_ppref_2024-09-10/260910_041527/0003/eecAnalysis_ppref_2024-09-10_3768.root
hadd Source file 404: /eos/cms/store/group/phys_heavyions/jvelazqu/energycorr/eecAnalysis_ppref_2024-09-10/eecOOHistograms/crab_eecAnalysis_ppref_2024-09-10/260910_041527/0003/eecAnalysis_ppref_2024-09-10_3400.root
hadd Source file 388: /eos/cms/store/group/phys_heavyions/jvelazqu/energycorr/eecAnalysis_ppref_2024-09-10/eecOOHistograms/crab_eecAnalysis_ppref_2024-09-10/260910_041527/0002/eecAnalysis_ppref_2024-09-10_2956.root
hadd Source file 392: /eos/cms/store/group/phys_heavyions/jvelazqu/energycorr/eecAnalysis_ppref_2024-09-10/eecOOHistograms/crab_eecAnalysis_ppref_2024-09-10/260910_041527/0001/eecAnalysis_ppref_2024-09-10_1676.root
hadd Source file 383: /eos/cms/store/group/phys_heavyions/jvelazqu/energycorr/eecAnalysis_ppref_2024-09-10/eecOOHistograms/crab_eecAnalysis_ppref_2024-09-10/260910_041527/0002/eecAnalysis_ppref_2024-09-10_2095.root
hadd Source file 366: /eos/cms/store/group/phys_heavyions/jvelazqu/energycorr/eecAnalysis_ppref_2024-09-10/eecOOHistograms/crab_eecAnalysis_ppref_2024-09-10/260910_041527/0000/eecAnalysis_ppref_2024-09-10_366.root
hadd Source file 413: /eos/cms/store/group/phys_heavyions/jvelazqu/energycorr/eecAnalysis_ppref_2024-09-10/eecOOHistograms/crab_eecAnalysis_ppref_2024-09-10/260910_041527/0004/eecAnalysis_ppref_2024-09-10_4265.root
hadd Source file 405: /eos/cms/store/group/phys_heavyions/jvelazqu/energycorr/eecAnalysis_ppref_2024-09-10/eecOOHistograms/crab_eecAnalysis_ppref_2024-09-10/260910_041527/0003/eecAnalysis_ppref_2024-09-10_3401.root
hadd Source file 387: /eos/cms/store/group/phys_heavyions/jvelazqu/energycorr/eecAnalysis_ppref_2024-09-10/eecOOHistograms/crab_eecAnalysis_ppref_2024-09-10/260910_041527/0001/eecAnalysis_ppref_2024-09-10_1243.root
hadd Source file 345: /eos/cms/store/group/phys_heavyions/jvelazqu/energycorr/eecAnalysis_ppref_2024-09-10/eecOOHistograms/crab_eecAnalysis_ppref_2024-09-10/260910_041527/0003/eecAnalysis_ppref_2024-09-10_3769.root
hadd Source file 389: /eos/cms/store/group/phys_heavyions/jvelazqu/energycorr/eecAnalysis_ppref_2024-09-10/eecOOHistograms/crab_eecAnalysis_ppref_2024-09-10/260910_041527/0002/eecAnalysis_ppref_2024-09-10_2957.root
hadd Source file 384: /eos/cms/store/group/phys_heavyions/jvelazqu/energycorr/eecAnalysis_ppref_2024-09-10/eecOOHistograms/crab_eecAnalysis_ppref_2024-09-10/260910_041527/0002/eecAnalysis_ppref_2024-09-10_2096.root
hadd Source file 374: /eos/cms/store/group/phys_heavyions/jvelazqu/energycorr/eecAnalysis_ppref_2024-09-10/eecOOHistograms/crab_eecAnalysis_ppref_2024-09-10/260910_041527/0002/eecAnalysis_ppref_2024-09-10_2514.root
hadd Source file 367: /eos/cms/store/group/phys_heavyions/jvelazqu/energycorr/eecAnalysis_ppref_2024-09-10/eecOOHistograms/crab_eecAnalysis_ppref_2024-09-10/260910_041527/0000/eecAnalysis_ppref_2024-09-10_367.root
hadd Source file 393: /eos/cms/store/group/phys_heavyions/jvelazqu/energycorr/eecAnalysis_ppref_2024-09-10/eecOOHistograms/crab_eecAnalysis_ppref_2024-09-10/260910_041527/0001/eecAnalysis_ppref_2024-09-10_1677.root
hadd Source file 374: /eos/cms/store/group/phys_heavyions/jvelazqu/energycorr/eecAnalysis_ppref_2024-09-10/eecOOHistograms/crab_eecAnalysis_ppref_2024-09-10/260910_041527/0000/eecAnalysis_ppref_2024-09-10_802.root
hadd Source file 390: /eos/cms/store/group/phys_heavyions/jvelazqu/energycorr/eecAnalysis_ppref_2024-09-10/eecOOHistograms/crab_eecAnalysis_ppref_2024-09-10/260910_041527/0002/eecAnalysis_ppref_2024-09-10_2958.root
hadd Source file 414: /eos/cms/store/group/phys_heavyions/jvelazqu/energycorr/eecAnalysis_ppref_2024-09-10/eecOOHistograms/crab_eecAnalysis_ppref_2024-09-10/260910_041527/0004/eecAnalysis_ppref_2024-09-10_4266.root
hadd Source file 406: /eos/cms/store/group/phys_heavyions/jvelazqu/energycorr/eecAnalysis_ppref_2024-09-10/eecOOHistograms/crab_eecAnalysis_ppref_2024-09-10/260910_041527/0003/eecAnalysis_ppref_2024-09-10_3402.root
hadd Source file 375: /eos/cms/store/group/phys_heavyions/jvelazqu/energycorr/eecAnalysis_ppref_2024-09-10/eecOOHistograms/crab_eecAnalysis_ppref_2024-09-10/260910_041527/0002/eecAnalysis_ppref_2024-09-10_2515.root
hadd Source file 388: /eos/cms/store/group/phys_heavyions/jvelazqu/energycorr/eecAnalysis_ppref_2024-09-10/eecOOHistograms/crab_eecAnalysis_ppref_2024-09-10/260910_041527/0001/eecAnalysis_ppref_2024-09-10_1244.root
hadd Source file 375: /eos/cms/store/group/phys_heavyions/jvelazqu/energycorr/eecAnalysis_ppref_2024-09-10/eecOOHistograms/crab_eecAnalysis_ppref_2024-09-10/260910_041527/0000/eecAnalysis_ppref_2024-09-10_803.root
hadd Source file 391: /eos/cms/store/group/phys_heavyions/jvelazqu/energycorr/eecAnalysis_ppref_2024-09-10/eecOOHistograms/crab_eecAnalysis_ppref_2024-09-10/260910_041527/0002/eecAnalysis_ppref_2024-09-10_2959.root
hadd Source file 376: /eos/cms/store/group/phys_heavyions/jvelazqu/energycorr/eecAnalysis_ppref_2024-09-10/eecOOHistograms/crab_eecAnalysis_ppref_2024-09-10/260910_041527/0002/eecAnalysis_ppref_2024-09-10_2516.root
hadd Source file 376: /eos/cms/store/group/phys_heavyions/jvelazqu/energycorr/eecAnalysis_ppref_2024-09-10/eecOOHistograms/crab_eecAnalysis_ppref_2024-09-10/260910_041527/0000/eecAnalysis_ppref_2024-09-10_804.root
hadd Source file 389: /eos/cms/store/group/phys_heavyions/jvelazqu/energycorr/eecAnalysis_ppref_2024-09-10/eecOOHistograms/crab_eecAnalysis_ppref_2024-09-10/260910_041527/0001/eecAnalysis_ppref_2024-09-10_1245.root
hadd Source file 392: /eos/cms/store/group/phys_heavyions/jvelazqu/energycorr/eecAnalysis_ppref_2024-09-10/eecOOHistograms/crab_eecAnalysis_ppref_2024-09-10/260910_041527/0002/eecAnalysis_ppref_2024-09-10_2960.root
hadd Source file 377: /eos/cms/store/group/phys_heavyions/jvelazqu/energycorr/eecAnalysis_ppref_2024-09-10/eecOOHistograms/crab_eecAnalysis_ppref_2024-09-10/260910_041527/0002/eecAnalysis_ppref_2024-09-10_2517.root
hadd Source file 377: /eos/cms/store/group/phys_heavyions/jvelazqu/energycorr/eecAnalysis_ppref_2024-09-10/eecOOHistograms/crab_eecAnalysis_ppref_2024-09-10/260910_041527/0000/eecAnalysis_ppref_2024-09-10_805.root
hadd Source file 378: /eos/cms/store/group/phys_heavyions/jvelazqu/energycorr/eecAnalysis_ppref_2024-09-10/eecOOHistograms/crab_eecAnalysis_ppref_2024-09-10/260910_041527/0002/eecAnalysis_ppref_2024-09-10_2518.root
hadd Source file 346: /eos/cms/store/group/phys_heavyions/jvelazqu/energycorr/eecAnalysis_ppref_2024-09-10/eecOOHistograms/crab_eecAnalysis_ppref_2024-09-10/260910_041527/0003/eecAnalysis_ppref_2024-09-10_3770.root
hadd Source file 407: /eos/cms/store/group/phys_heavyions/jvelazqu/energycorr/eecAnalysis_ppref_2024-09-10/eecOOHistograms/crab_eecAnalysis_ppref_2024-09-10/260910_041527/0003/eecAnalysis_ppref_2024-09-10_3403.root
hadd Source file 390: /eos/cms/store/group/phys_heavyions/jvelazqu/energycorr/eecAnalysis_ppref_2024-09-10/eecOOHistograms/crab_eecAnalysis_ppref_2024-09-10/260910_041527/0001/eecAnalysis_ppref_2024-09-10_1246.root
hadd Source file 378: /eos/cms/store/group/phys_heavyions/jvelazqu/energycorr/eecAnalysis_ppref_2024-09-10/eecOOHistograms/crab_eecAnalysis_ppref_2024-09-10/260910_041527/0000/eecAnalysis_ppref_2024-09-10_806.root
hadd Source file 368: /eos/cms/store/group/phys_heavyions/jvelazqu/energycorr/eecAnalysis_ppref_2024-09-10/eecOOHistograms/crab_eecAnalysis_ppref_2024-09-10/260910_041527/0000/eecAnalysis_ppref_2024-09-10_368.root
hadd Source file 394: /eos/cms/store/group/phys_heavyions/jvelazqu/energycorr/eecAnalysis_ppref_2024-09-10/eecOOHistograms/crab_eecAnalysis_ppref_2024-09-10/260910_041527/0001/eecAnalysis_ppref_2024-09-10_1678.root
hadd Source file 415: /eos/cms/store/group/phys_heavyions/jvelazqu/energycorr/eecAnalysis_ppref_2024-09-10/eecOOHistograms/crab_eecAnalysis_ppref_2024-09-10/260910_041527/0004/eecAnalysis_ppref_2024-09-10_4267.root
hadd Source file 379: /eos/cms/store/group/phys_heavyions/jvelazqu/energycorr/eecAnalysis_ppref_2024-09-10/eecOOHistograms/crab_eecAnalysis_ppref_2024-09-10/260910_041527/0002/eecAnalysis_ppref_2024-09-10_2519.root
hadd Source file 379: /eos/cms/store/group/phys_heavyions/jvelazqu/energycorr/eecAnalysis_ppref_2024-09-10/eecOOHistograms/crab_eecAnalysis_ppref_2024-09-10/260910_041527/0000/eecAnalysis_ppref_2024-09-10_807.root
hadd Source file 408: /eos/cms/store/group/phys_heavyions/jvelazqu/energycorr/eecAnalysis_ppref_2024-09-10/eecOOHistograms/crab_eecAnalysis_ppref_2024-09-10/260910_041527/0003/eecAnalysis_ppref_2024-09-10_3404.root
hadd Source file 369: /eos/cms/store/group/phys_heavyions/jvelazqu/energycorr/eecAnalysis_ppref_2024-09-10/eecOOHistograms/crab_eecAnalysis_ppref_2024-09-10/260910_041527/0000/eecAnalysis_ppref_2024-09-10_369.root
hadd Source file 393: /eos/cms/store/group/phys_heavyions/jvelazqu/energycorr/eecAnalysis_ppref_2024-09-10/eecOOHistograms/crab_eecAnalysis_ppref_2024-09-10/260910_041527/0002/eecAnalysis_ppref_2024-09-10_2961.root
hadd Source file 395: /eos/cms/store/group/phys_heavyions/jvelazqu/energycorr/eecAnalysis_ppref_2024-09-10/eecOOHistograms/crab_eecAnalysis_ppref_2024-09-10/260910_041527/0001/eecAnalysis_ppref_2024-09-10_1679.root
hadd Source file 416: /eos/cms/store/group/phys_heavyions/jvelazqu/energycorr/eecAnalysis_ppref_2024-09-10/eecOOHistograms/crab_eecAnalysis_ppref_2024-09-10/260910_041527/0004/eecAnalysis_ppref_2024-09-10_4268.root
hadd Source file 380: /eos/cms/store/group/phys_heavyions/jvelazqu/energycorr/eecAnalysis_ppref_2024-09-10/eecOOHistograms/crab_eecAnalysis_ppref_2024-09-10/260910_041527/0000/eecAnalysis_ppref_2024-09-10_808.root
hadd Source file 409: /eos/cms/store/group/phys_heavyions/jvelazqu/energycorr/eecAnalysis_ppref_2024-09-10/eecOOHistograms/crab_eecAnalysis_ppref_2024-09-10/260910_041527/0003/eecAnalysis_ppref_2024-09-10_3405.root
hadd Source file 370: /eos/cms/store/group/phys_heavyions/jvelazqu/energycorr/eecAnalysis_ppref_2024-09-10/eecOOHistograms/crab_eecAnalysis_ppref_2024-09-10/260910_041527/0000/eecAnalysis_ppref_2024-09-10_370.root
hadd Source file 380: /eos/cms/store/group/phys_heavyions/jvelazqu/energycorr/eecAnalysis_ppref_2024-09-10/eecOOHistograms/crab_eecAnalysis_ppref_2024-09-10/260910_041527/0002/eecAnalysis_ppref_2024-09-10_2520.root
hadd Source file 417: /eos/cms/store/group/phys_heavyions/jvelazqu/energycorr/eecAnalysis_ppref_2024-09-10/eecOOHistograms/crab_eecAnalysis_ppref_2024-09-10/260910_041527/0004/eecAnalysis_ppref_2024-09-10_4269.root
hadd Source file 396: /eos/cms/store/group/phys_heavyions/jvelazqu/energycorr/eecAnalysis_ppref_2024-09-10/eecOOHistograms/crab_eecAnalysis_ppref_2024-09-10/260910_041527/0001/eecAnalysis_ppref_2024-09-10_1680.root
hadd Source file 381: /eos/cms/store/group/phys_heavyions/jvelazqu/energycorr/eecAnalysis_ppref_2024-09-10/eecOOHistograms/crab_eecAnalysis_ppref_2024-09-10/260910_041527/0000/eecAnalysis_ppref_2024-09-10_809.root
hadd Source file 371: /eos/cms/store/group/phys_heavyions/jvelazqu/energycorr/eecAnalysis_ppref_2024-09-10/eecOOHistograms/crab_eecAnalysis_ppref_2024-09-10/260910_041527/0000/eecAnalysis_ppref_2024-09-10_371.root
hadd Source file 347: /eos/cms/store/group/phys_heavyions/jvelazqu/energycorr/eecAnalysis_ppref_2024-09-10/eecOOHistograms/crab_eecAnalysis_ppref_2024-09-10/260910_041527/0003/eecAnalysis_ppref_2024-09-10_3771.root
hadd Source file 391: /eos/cms/store/group/phys_heavyions/jvelazqu/energycorr/eecAnalysis_ppref_2024-09-10/eecOOHistograms/crab_eecAnalysis_ppref_2024-09-10/260910_041527/0001/eecAnalysis_ppref_2024-09-10_1247.root
hadd Source file 410: /eos/cms/store/group/phys_heavyions/jvelazqu/energycorr/eecAnalysis_ppref_2024-09-10/eecOOHistograms/crab_eecAnalysis_ppref_2024-09-10/260910_041527/0003/eecAnalysis_ppref_2024-09-10_3406.root
hadd Source file 382: /eos/cms/store/group/phys_heavyions/jvelazqu/energycorr/eecAnalysis_ppref_2024-09-10/eecOOHistograms/crab_eecAnalysis_ppref_2024-09-10/260910_041527/0000/eecAnalysis_ppref_2024-09-10_810.root
hadd Source file 385: /eos/cms/store/group/phys_heavyions/jvelazqu/energycorr/eecAnalysis_ppref_2024-09-10/eecOOHistograms/crab_eecAnalysis_ppref_2024-09-10/260910_041527/0002/eecAnalysis_ppref_2024-09-10_2097.root
hadd Source file 381: /eos/cms/store/group/phys_heavyions/jvelazqu/energycorr/eecAnalysis_ppref_2024-09-10/eecOOHistograms/crab_eecAnalysis_ppref_2024-09-10/260910_041527/0002/eecAnalysis_ppref_2024-09-10_2521.root
hadd Source file 411: /eos/cms/store/group/phys_heavyions/jvelazqu/energycorr/eecAnalysis_ppref_2024-09-10/eecOOHistograms/crab_eecAnalysis_ppref_2024-09-10/260910_041527/0003/eecAnalysis_ppref_2024-09-10_3407.root
hadd Source file 418: /eos/cms/store/group/phys_heavyions/jvelazqu/energycorr/eecAnalysis_ppref_2024-09-10/eecOOHistograms/crab_eecAnalysis_ppref_2024-09-10/260910_041527/0004/eecAnalysis_ppref_2024-09-10_4270.root
hadd Source file 397: /eos/cms/store/group/phys_heavyions/jvelazqu/energycorr/eecAnalysis_ppref_2024-09-10/eecOOHistograms/crab_eecAnalysis_ppref_2024-09-10/260910_041527/0001/eecAnalysis_ppref_2024-09-10_1681.root
hadd Source file 372: /eos/cms/store/group/phys_heavyions/jvelazqu/energycorr/eecAnalysis_ppref_2024-09-10/eecOOHistograms/crab_eecAnalysis_ppref_2024-09-10/260910_041527/0000/eecAnalysis_ppref_2024-09-10_372.root
hadd Source file 392: /eos/cms/store/group/phys_heavyions/jvelazqu/energycorr/eecAnalysis_ppref_2024-09-10/eecOOHistograms/crab_eecAnalysis_ppref_2024-09-10/260910_041527/0001/eecAnalysis_ppref_2024-09-10_1248.root
hadd Source file 383: /eos/cms/store/group/phys_heavyions/jvelazqu/energycorr/eecAnalysis_ppref_2024-09-10/eecOOHistograms/crab_eecAnalysis_ppref_2024-09-10/260910_041527/0000/eecAnalysis_ppref_2024-09-10_811.root
hadd Source file 419: /eos/cms/store/group/phys_heavyions/jvelazqu/energycorr/eecAnalysis_ppref_2024-09-10/eecOOHistograms/crab_eecAnalysis_ppref_2024-09-10/260910_041527/0004/eecAnalysis_ppref_2024-09-10_4271.root
hadd Source file 386: /eos/cms/store/group/phys_heavyions/jvelazqu/energycorr/eecAnalysis_ppref_2024-09-10/eecOOHistograms/crab_eecAnalysis_ppref_2024-09-10/260910_041527/0002/eecAnalysis_ppref_2024-09-10_2098.root
hadd Source file 373: /eos/cms/store/group/phys_heavyions/jvelazqu/energycorr/eecAnalysis_ppref_2024-09-10/eecOOHistograms/crab_eecAnalysis_ppref_2024-09-10/260910_041527/0000/eecAnalysis_ppref_2024-09-10_373.root
hadd Source file 393: /eos/cms/store/group/phys_heavyions/jvelazqu/energycorr/eecAnalysis_ppref_2024-09-10/eecOOHistograms/crab_eecAnalysis_ppref_2024-09-10/260910_041527/0001/eecAnalysis_ppref_2024-09-10_1249.root
hadd Source file 394: /eos/cms/store/group/phys_heavyions/jvelazqu/energycorr/eecAnalysis_ppref_2024-09-10/eecOOHistograms/crab_eecAnalysis_ppref_2024-09-10/260910_041527/0002/eecAnalysis_ppref_2024-09-10_2962.root
hadd Source file 398: /eos/cms/store/group/phys_heavyions/jvelazqu/energycorr/eecAnalysis_ppref_2024-09-10/eecOOHistograms/crab_eecAnalysis_ppref_2024-09-10/260910_041527/0001/eecAnalysis_ppref_2024-09-10_1682.root
hadd Source file 420: /eos/cms/store/group/phys_heavyions/jvelazqu/energycorr/eecAnalysis_ppref_2024-09-10/eecOOHistograms/crab_eecAnalysis_ppref_2024-09-10/260910_041527/0004/eecAnalysis_ppref_2024-09-10_4272.root
hadd Source file 384: /eos/cms/store/group/phys_heavyions/jvelazqu/energycorr/eecAnalysis_ppref_2024-09-10/eecOOHistograms/crab_eecAnalysis_ppref_2024-09-10/260910_041527/0000/eecAnalysis_ppref_2024-09-10_812.root
hadd Source file 412: /eos/cms/store/group/phys_heavyions/jvelazqu/energycorr/eecAnalysis_ppref_2024-09-10/eecOOHistograms/crab_eecAnalysis_ppref_2024-09-10/260910_041527/0003/eecAnalysis_ppref_2024-09-10_3408.root
hadd Source file 374: /eos/cms/store/group/phys_heavyions/jvelazqu/energycorr/eecAnalysis_ppref_2024-09-10/eecOOHistograms/crab_eecAnalysis_ppref_2024-09-10/260910_041527/0000/eecAnalysis_ppref_2024-09-10_374.root
hadd Source file 348: /eos/cms/store/group/phys_heavyions/jvelazqu/energycorr/eecAnalysis_ppref_2024-09-10/eecOOHistograms/crab_eecAnalysis_ppref_2024-09-10/260910_041527/0003/eecAnalysis_ppref_2024-09-10_3772.root
hadd Source file 387: /eos/cms/store/group/phys_heavyions/jvelazqu/energycorr/eecAnalysis_ppref_2024-09-10/eecOOHistograms/crab_eecAnalysis_ppref_2024-09-10/260910_041527/0002/eecAnalysis_ppref_2024-09-10_2099.root
hadd Source file 395: /eos/cms/store/group/phys_heavyions/jvelazqu/energycorr/eecAnalysis_ppref_2024-09-10/eecOOHistograms/crab_eecAnalysis_ppref_2024-09-10/260910_041527/0002/eecAnalysis_ppref_2024-09-10_2963.root
hadd Source file 394: /eos/cms/store/group/phys_heavyions/jvelazqu/energycorr/eecAnalysis_ppref_2024-09-10/eecOOHistograms/crab_eecAnalysis_ppref_2024-09-10/260910_041527/0001/eecAnalysis_ppref_2024-09-10_1250.root
hadd Source file 399: /eos/cms/store/group/phys_heavyions/jvelazqu/energycorr/eecAnalysis_ppref_2024-09-10/eecOOHistograms/crab_eecAnalysis_ppref_2024-09-10/260910_041527/0001/eecAnalysis_ppref_2024-09-10_1683.root
hadd Source file 349: /eos/cms/store/group/phys_heavyions/jvelazqu/energycorr/eecAnalysis_ppref_2024-09-10/eecOOHistograms/crab_eecAnalysis_ppref_2024-09-10/260910_041527/0003/eecAnalysis_ppref_2024-09-10_3773.root
hadd Source file 421: /eos/cms/store/group/phys_heavyions/jvelazqu/energycorr/eecAnalysis_ppref_2024-09-10/eecOOHistograms/crab_eecAnalysis_ppref_2024-09-10/260910_041527/0004/eecAnalysis_ppref_2024-09-10_4273.root
hadd Source file 388: /eos/cms/store/group/phys_heavyions/jvelazqu/energycorr/eecAnalysis_ppref_2024-09-10/eecOOHistograms/crab_eecAnalysis_ppref_2024-09-10/260910_041527/0002/eecAnalysis_ppref_2024-09-10_2100.root
hadd Source file 375: /eos/cms/store/group/phys_heavyions/jvelazqu/energycorr/eecAnalysis_ppref_2024-09-10/eecOOHistograms/crab_eecAnalysis_ppref_2024-09-10/260910_041527/0000/eecAnalysis_ppref_2024-09-10_375.root
hadd Source file 395: /eos/cms/store/group/phys_heavyions/jvelazqu/energycorr/eecAnalysis_ppref_2024-09-10/eecOOHistograms/crab_eecAnalysis_ppref_2024-09-10/260910_041527/0001/eecAnalysis_ppref_2024-09-10_1251.root
hadd Source file 422: /eos/cms/store/group/phys_heavyions/jvelazqu/energycorr/eecAnalysis_ppref_2024-09-10/eecOOHistograms/crab_eecAnalysis_ppref_2024-09-10/260910_041527/0004/eecAnalysis_ppref_2024-09-10_4274.root
hadd Source file 400: /eos/cms/store/group/phys_heavyions/jvelazqu/energycorr/eecAnalysis_ppref_2024-09-10/eecOOHistograms/crab_eecAnalysis_ppref_2024-09-10/260910_041527/0001/eecAnalysis_ppref_2024-09-10_1684.root
hadd Source file 385: /eos/cms/store/group/phys_heavyions/jvelazqu/energycorr/eecAnalysis_ppref_2024-09-10/eecOOHistograms/crab_eecAnalysis_ppref_2024-09-10/260910_041527/0000/eecAnalysis_ppref_2024-09-10_813.root
hadd Source file 396: /eos/cms/store/group/phys_heavyions/jvelazqu/energycorr/eecAnalysis_ppref_2024-09-10/eecOOHistograms/crab_eecAnalysis_ppref_2024-09-10/260910_041527/0002/eecAnalysis_ppref_2024-09-10_2964.root
hadd Source file 350: /eos/cms/store/group/phys_heavyions/jvelazqu/energycorr/eecAnalysis_ppref_2024-09-10/eecOOHistograms/crab_eecAnalysis_ppref_2024-09-10/260910_041527/0003/eecAnalysis_ppref_2024-09-10_3774.root
hadd Source file 389: /eos/cms/store/group/phys_heavyions/jvelazqu/energycorr/eecAnalysis_ppref_2024-09-10/eecOOHistograms/crab_eecAnalysis_ppref_2024-09-10/260910_041527/0002/eecAnalysis_ppref_2024-09-10_2101.root
hadd Source file 351: /eos/cms/store/group/phys_heavyions/jvelazqu/energycorr/eecAnalysis_ppref_2024-09-10/eecOOHistograms/crab_eecAnalysis_ppref_2024-09-10/260910_041527/0003/eecAnalysis_ppref_2024-09-10_3775.root
hadd Source file 376: /eos/cms/store/group/phys_heavyions/jvelazqu/energycorr/eecAnalysis_ppref_2024-09-10/eecOOHistograms/crab_eecAnalysis_ppref_2024-09-10/260910_041527/0000/eecAnalysis_ppref_2024-09-10_376.root
hadd Source file 396: /eos/cms/store/group/phys_heavyions/jvelazqu/energycorr/eecAnalysis_ppref_2024-09-10/eecOOHistograms/crab_eecAnalysis_ppref_2024-09-10/260910_041527/0001/eecAnalysis_ppref_2024-09-10_1252.root
hadd Source file 423: /eos/cms/store/group/phys_heavyions/jvelazqu/energycorr/eecAnalysis_ppref_2024-09-10/eecOOHistograms/crab_eecAnalysis_ppref_2024-09-10/260910_041527/0004/eecAnalysis_ppref_2024-09-10_4275.root
hadd Source file 386: /eos/cms/store/group/phys_heavyions/jvelazqu/energycorr/eecAnalysis_ppref_2024-09-10/eecOOHistograms/crab_eecAnalysis_ppref_2024-09-10/260910_041527/0000/eecAnalysis_ppref_2024-09-10_814.root
hadd Source file 401: /eos/cms/store/group/phys_heavyions/jvelazqu/energycorr/eecAnalysis_ppref_2024-09-10/eecOOHistograms/crab_eecAnalysis_ppref_2024-09-10/260910_041527/0001/eecAnalysis_ppref_2024-09-10_1685.root
hadd Source file 390: /eos/cms/store/group/phys_heavyions/jvelazqu/energycorr/eecAnalysis_ppref_2024-09-10/eecOOHistograms/crab_eecAnalysis_ppref_2024-09-10/260910_041527/0002/eecAnalysis_ppref_2024-09-10_2102.root
hadd Source file 397: /eos/cms/store/group/phys_heavyions/jvelazqu/energycorr/eecAnalysis_ppref_2024-09-10/eecOOHistograms/crab_eecAnalysis_ppref_2024-09-10/260910_041527/0002/eecAnalysis_ppref_2024-09-10_2965.root
hadd Source file 398: /eos/cms/store/group/phys_heavyions/jvelazqu/energycorr/eecAnalysis_ppref_2024-09-10/eecOOHistograms/crab_eecAnalysis_ppref_2024-09-10/260910_041527/0002/eecAnalysis_ppref_2024-09-10_2966.root
hadd Source file 352: /eos/cms/store/group/phys_heavyions/jvelazqu/energycorr/eecAnalysis_ppref_2024-09-10/eecOOHistograms/crab_eecAnalysis_ppref_2024-09-10/260910_041527/0003/eecAnalysis_ppref_2024-09-10_3776.root
hadd Source file 397: /eos/cms/store/group/phys_heavyions/jvelazqu/energycorr/eecAnalysis_ppref_2024-09-10/eecOOHistograms/crab_eecAnalysis_ppref_2024-09-10/260910_041527/0001/eecAnalysis_ppref_2024-09-10_1253.root
hadd Source file 402: /eos/cms/store/group/phys_heavyions/jvelazqu/energycorr/eecAnalysis_ppref_2024-09-10/eecOOHistograms/crab_eecAnalysis_ppref_2024-09-10/260910_041527/0001/eecAnalysis_ppref_2024-09-10_1686.root
hadd Source file 391: /eos/cms/store/group/phys_heavyions/jvelazqu/energycorr/eecAnalysis_ppref_2024-09-10/eecOOHistograms/crab_eecAnalysis_ppref_2024-09-10/260910_041527/0002/eecAnalysis_ppref_2024-09-10_2103.root
hadd Source file 353: /eos/cms/store/group/phys_heavyions/jvelazqu/energycorr/eecAnalysis_ppref_2024-09-10/eecOOHistograms/crab_eecAnalysis_ppref_2024-09-10/260910_041527/0003/eecAnalysis_ppref_2024-09-10_3777.root
hadd Source file 382: /eos/cms/store/group/phys_heavyions/jvelazqu/energycorr/eecAnalysis_ppref_2024-09-10/eecOOHistograms/crab_eecAnalysis_ppref_2024-09-10/260910_041527/0002/eecAnalysis_ppref_2024-09-10_2522.root
hadd Source file 377: /eos/cms/store/group/phys_heavyions/jvelazqu/energycorr/eecAnalysis_ppref_2024-09-10/eecOOHistograms/crab_eecAnalysis_ppref_2024-09-10/260910_041527/0000/eecAnalysis_ppref_2024-09-10_377.root
hadd Source file 398: /eos/cms/store/group/phys_heavyions/jvelazqu/energycorr/eecAnalysis_ppref_2024-09-10/eecOOHistograms/crab_eecAnalysis_ppref_2024-09-10/260910_041527/0001/eecAnalysis_ppref_2024-09-10_1254.root
hadd Source file 392: /eos/cms/store/group/phys_heavyions/jvelazqu/energycorr/eecAnalysis_ppref_2024-09-10/eecOOHistograms/crab_eecAnalysis_ppref_2024-09-10/260910_041527/0002/eecAnalysis_ppref_2024-09-10_2104.root
hadd Source file 383: /eos/cms/store/group/phys_heavyions/jvelazqu/energycorr/eecAnalysis_ppref_2024-09-10/eecOOHistograms/crab_eecAnalysis_ppref_2024-09-10/260910_041527/0002/eecAnalysis_ppref_2024-09-10_2523.root
hadd Source file 413: /eos/cms/store/group/phys_heavyions/jvelazqu/energycorr/eecAnalysis_ppref_2024-09-10/eecOOHistograms/crab_eecAnalysis_ppref_2024-09-10/260910_041527/0003/eecAnalysis_ppref_2024-09-10_3409.root
hadd Source file 378: /eos/cms/store/group/phys_heavyions/jvelazqu/energycorr/eecAnalysis_ppref_2024-09-10/eecOOHistograms/crab_eecAnalysis_ppref_2024-09-10/260910_041527/0000/eecAnalysis_ppref_2024-09-10_378.root
hadd Source file 399: /eos/cms/store/group/phys_heavyions/jvelazqu/energycorr/eecAnalysis_ppref_2024-09-10/eecOOHistograms/crab_eecAnalysis_ppref_2024-09-10/260910_041527/0001/eecAnalysis_ppref_2024-09-10_1255.root
hadd Source file 393: /eos/cms/store/group/phys_heavyions/jvelazqu/energycorr/eecAnalysis_ppref_2024-09-10/eecOOHistograms/crab_eecAnalysis_ppref_2024-09-10/260910_041527/0002/eecAnalysis_ppref_2024-09-10_2105.root
hadd Source file 379: /eos/cms/store/group/phys_heavyions/jvelazqu/energycorr/eecAnalysis_ppref_2024-09-10/eecOOHistograms/crab_eecAnalysis_ppref_2024-09-10/260910_041527/0000/eecAnalysis_ppref_2024-09-10_379.root
hadd Source file 384: /eos/cms/store/group/phys_heavyions/jvelazqu/energycorr/eecAnalysis_ppref_2024-09-10/eecOOHistograms/crab_eecAnalysis_ppref_2024-09-10/260910_041527/0002/eecAnalysis_ppref_2024-09-10_2524.root
hadd Source file 387: /eos/cms/store/group/phys_heavyions/jvelazqu/energycorr/eecAnalysis_ppref_2024-09-10/eecOOHistograms/crab_eecAnalysis_ppref_2024-09-10/260910_041527/0000/eecAnalysis_ppref_2024-09-10_815.root
hadd Source file 400: /eos/cms/store/group/phys_heavyions/jvelazqu/energycorr/eecAnalysis_ppref_2024-09-10/eecOOHistograms/crab_eecAnalysis_ppref_2024-09-10/260910_041527/0001/eecAnalysis_ppref_2024-09-10_1256.root
hadd Source file 414: /eos/cms/store/group/phys_heavyions/jvelazqu/energycorr/eecAnalysis_ppref_2024-09-10/eecOOHistograms/crab_eecAnalysis_ppref_2024-09-10/260910_041527/0003/eecAnalysis_ppref_2024-09-10_3410.root
hadd Target path: /pool/condor/dir_131294/tmp/partial9_5a6db7b0-ada2-11f1-af1f-09c0b9bcbeef.root:/
hadd Source file 394: /eos/cms/store/group/phys_heavyions/jvelazqu/energycorr/eecAnalysis_ppref_2024-09-10/eecOOHistograms/crab_eecAnalysis_ppref_2024-09-10/260910_041527/0002/eecAnalysis_ppref_2024-09-10_2106.root
hadd Source file 399: /eos/cms/store/group/phys_heavyions/jvelazqu/energycorr/eecAnalysis_ppref_2024-09-10/eecOOHistograms/crab_eecAnalysis_ppref_2024-09-10/260910_041527/0002/eecAnalysis_ppref_2024-09-10_2967.root
hadd Source file 388: /eos/cms/store/group/phys_heavyions/jvelazqu/energycorr/eecAnalysis_ppref_2024-09-10/eecOOHistograms/crab_eecAnalysis_ppref_2024-09-10/260910_041527/0000/eecAnalysis_ppref_2024-09-10_816.root
hadd Source file 385: /eos/cms/store/group/phys_heavyions/jvelazqu/energycorr/eecAnalysis_ppref_2024-09-10/eecOOHistograms/crab_eecAnalysis_ppref_2024-09-10/260910_041527/0002/eecAnalysis_ppref_2024-09-10_2525.root
hadd Source file 415: /eos/cms/store/group/phys_heavyions/jvelazqu/energycorr/eecAnalysis_ppref_2024-09-10/eecOOHistograms/crab_eecAnalysis_ppref_2024-09-10/260910_041527/0003/eecAnalysis_ppref_2024-09-10_3411.root
hadd Source file 401: /eos/cms/store/group/phys_heavyions/jvelazqu/energycorr/eecAnalysis_ppref_2024-09-10/eecOOHistograms/crab_eecAnalysis_ppref_2024-09-10/260910_041527/0001/eecAnalysis_ppref_2024-09-10_1257.root
hadd Source file 395: /eos/cms/store/group/phys_heavyions/jvelazqu/energycorr/eecAnalysis_ppref_2024-09-10/eecOOHistograms/crab_eecAnalysis_ppref_2024-09-10/260910_041527/0002/eecAnalysis_ppref_2024-09-10_2107.root
hadd Source file 403: /eos/cms/store/group/phys_heavyions/jvelazqu/energycorr/eecAnalysis_ppref_2024-09-10/eecOOHistograms/crab_eecAnalysis_ppref_2024-09-10/260910_041527/0001/eecAnalysis_ppref_2024-09-10_1687.root
hadd Source file 400: /eos/cms/store/group/phys_heavyions/jvelazqu/energycorr/eecAnalysis_ppref_2024-09-10/eecOOHistograms/crab_eecAnalysis_ppref_2024-09-10/260910_041527/0002/eecAnalysis_ppref_2024-09-10_2968.root
hadd Source file 416: /eos/cms/store/group/phys_heavyions/jvelazqu/energycorr/eecAnalysis_ppref_2024-09-10/eecOOHistograms/crab_eecAnalysis_ppref_2024-09-10/260910_041527/0003/eecAnalysis_ppref_2024-09-10_3412.root
hadd Source file 396: /eos/cms/store/group/phys_heavyions/jvelazqu/energycorr/eecAnalysis_ppref_2024-09-10/eecOOHistograms/crab_eecAnalysis_ppref_2024-09-10/260910_041527/0002/eecAnalysis_ppref_2024-09-10_2108.root
hadd Source file 389: /eos/cms/store/group/phys_heavyions/jvelazqu/energycorr/eecAnalysis_ppref_2024-09-10/eecOOHistograms/crab_eecAnalysis_ppref_2024-09-10/260910_041527/0000/eecAnalysis_ppref_2024-09-10_817.root
hadd Source file 402: /eos/cms/store/group/phys_heavyions/jvelazqu/energycorr/eecAnalysis_ppref_2024-09-10/eecOOHistograms/crab_eecAnalysis_ppref_2024-09-10/260910_041527/0001/eecAnalysis_ppref_2024-09-10_1258.root
hadd Source file 354: /eos/cms/store/group/phys_heavyions/jvelazqu/energycorr/eecAnalysis_ppref_2024-09-10/eecOOHistograms/crab_eecAnalysis_ppref_2024-09-10/260910_041527/0003/eecAnalysis_ppref_2024-09-10_3778.root
hadd Source file 404: /eos/cms/store/group/phys_heavyions/jvelazqu/energycorr/eecAnalysis_ppref_2024-09-10/eecOOHistograms/crab_eecAnalysis_ppref_2024-09-10/260910_041527/0001/eecAnalysis_ppref_2024-09-10_1688.root
hadd Source file 390: /eos/cms/store/group/phys_heavyions/jvelazqu/energycorr/eecAnalysis_ppref_2024-09-10/eecOOHistograms/crab_eecAnalysis_ppref_2024-09-10/260910_041527/0000/eecAnalysis_ppref_2024-09-10_818.root
hadd Source file 397: /eos/cms/store/group/phys_heavyions/jvelazqu/energycorr/eecAnalysis_ppref_2024-09-10/eecOOHistograms/crab_eecAnalysis_ppref_2024-09-10/260910_041527/0002/eecAnalysis_ppref_2024-09-10_2109.root
hadd Source file 380: /eos/cms/store/group/phys_heavyions/jvelazqu/energycorr/eecAnalysis_ppref_2024-09-10/eecOOHistograms/crab_eecAnalysis_ppref_2024-09-10/260910_041527/0000/eecAnalysis_ppref_2024-09-10_380.root
hadd Source file 403: /eos/cms/store/group/phys_heavyions/jvelazqu/energycorr/eecAnalysis_ppref_2024-09-10/eecOOHistograms/crab_eecAnalysis_ppref_2024-09-10/260910_041527/0001/eecAnalysis_ppref_2024-09-10_1259.root
hadd Source file 405: /eos/cms/store/group/phys_heavyions/jvelazqu/energycorr/eecAnalysis_ppref_2024-09-10/eecOOHistograms/crab_eecAnalysis_ppref_2024-09-10/260910_041527/0001/eecAnalysis_ppref_2024-09-10_1689.root
hadd Source file 355: /eos/cms/store/group/phys_heavyions/jvelazqu/energycorr/eecAnalysis_ppref_2024-09-10/eecOOHistograms/crab_eecAnalysis_ppref_2024-09-10/260910_041527/0003/eecAnalysis_ppref_2024-09-10_3779.root
hadd Source file 398: /eos/cms/store/group/phys_heavyions/jvelazqu/energycorr/eecAnalysis_ppref_2024-09-10/eecOOHistograms/crab_eecAnalysis_ppref_2024-09-10/260910_041527/0002/eecAnalysis_ppref_2024-09-10_2110.root
hadd Source file 391: /eos/cms/store/group/phys_heavyions/jvelazqu/energycorr/eecAnalysis_ppref_2024-09-10/eecOOHistograms/crab_eecAnalysis_ppref_2024-09-10/260910_041527/0000/eecAnalysis_ppref_2024-09-10_819.root
hadd Source file 417: /eos/cms/store/group/phys_heavyions/jvelazqu/energycorr/eecAnalysis_ppref_2024-09-10/eecOOHistograms/crab_eecAnalysis_ppref_2024-09-10/260910_041527/0003/eecAnalysis_ppref_2024-09-10_3413.root
hadd Source file 381: /eos/cms/store/group/phys_heavyions/jvelazqu/energycorr/eecAnalysis_ppref_2024-09-10/eecOOHistograms/crab_eecAnalysis_ppref_2024-09-10/260910_041527/0000/eecAnalysis_ppref_2024-09-10_381.root
hadd Source file 404: /eos/cms/store/group/phys_heavyions/jvelazqu/energycorr/eecAnalysis_ppref_2024-09-10/eecOOHistograms/crab_eecAnalysis_ppref_2024-09-10/260910_041527/0001/eecAnalysis_ppref_2024-09-10_1260.root
hadd Source file 406: /eos/cms/store/group/phys_heavyions/jvelazqu/energycorr/eecAnalysis_ppref_2024-09-10/eecOOHistograms/crab_eecAnalysis_ppref_2024-09-10/260910_041527/0001/eecAnalysis_ppref_2024-09-10_1690.root
hadd Source file 386: /eos/cms/store/group/phys_heavyions/jvelazqu/energycorr/eecAnalysis_ppref_2024-09-10/eecOOHistograms/crab_eecAnalysis_ppref_2024-09-10/260910_041527/0002/eecAnalysis_ppref_2024-09-10_2526.root
hadd Source file 356: /eos/cms/store/group/phys_heavyions/jvelazqu/energycorr/eecAnalysis_ppref_2024-09-10/eecOOHistograms/crab_eecAnalysis_ppref_2024-09-10/260910_041527/0003/eecAnalysis_ppref_2024-09-10_3780.root
hadd Source file 401: /eos/cms/store/group/phys_heavyions/jvelazqu/energycorr/eecAnalysis_ppref_2024-09-10/eecOOHistograms/crab_eecAnalysis_ppref_2024-09-10/260910_041527/0002/eecAnalysis_ppref_2024-09-10_2969.root
hadd Source file 399: /eos/cms/store/group/phys_heavyions/jvelazqu/energycorr/eecAnalysis_ppref_2024-09-10/eecOOHistograms/crab_eecAnalysis_ppref_2024-09-10/260910_041527/0002/eecAnalysis_ppref_2024-09-10_2111.root
hadd Source file 418: /eos/cms/store/group/phys_heavyions/jvelazqu/energycorr/eecAnalysis_ppref_2024-09-10/eecOOHistograms/crab_eecAnalysis_ppref_2024-09-10/260910_041527/0003/eecAnalysis_ppref_2024-09-10_3414.root
hadd Source file 405: /eos/cms/store/group/phys_heavyions/jvelazqu/energycorr/eecAnalysis_ppref_2024-09-10/eecOOHistograms/crab_eecAnalysis_ppref_2024-09-10/260910_041527/0001/eecAnalysis_ppref_2024-09-10_1261.root
hadd Source file 402: /eos/cms/store/group/phys_heavyions/jvelazqu/energycorr/eecAnalysis_ppref_2024-09-10/eecOOHistograms/crab_eecAnalysis_ppref_2024-09-10/260910_041527/0002/eecAnalysis_ppref_2024-09-10_2970.root
hadd Source file 357: /eos/cms/store/group/phys_heavyions/jvelazqu/energycorr/eecAnalysis_ppref_2024-09-10/eecOOHistograms/crab_eecAnalysis_ppref_2024-09-10/260910_041527/0003/eecAnalysis_ppref_2024-09-10_3781.root
hadd Source file 419: /eos/cms/store/group/phys_heavyions/jvelazqu/energycorr/eecAnalysis_ppref_2024-09-10/eecOOHistograms/crab_eecAnalysis_ppref_2024-09-10/260910_041527/0003/eecAnalysis_ppref_2024-09-10_3415.root
hadd Source file 406: /eos/cms/store/group/phys_heavyions/jvelazqu/energycorr/eecAnalysis_ppref_2024-09-10/eecOOHistograms/crab_eecAnalysis_ppref_2024-09-10/260910_041527/0001/eecAnalysis_ppref_2024-09-10_1262.root
hadd Source file 382: /eos/cms/store/group/phys_heavyions/jvelazqu/energycorr/eecAnalysis_ppref_2024-09-10/eecOOHistograms/crab_eecAnalysis_ppref_2024-09-10/260910_041527/0000/eecAnalysis_ppref_2024-09-10_382.root
hadd Source file 403: /eos/cms/store/group/phys_heavyions/jvelazqu/energycorr/eecAnalysis_ppref_2024-09-10/eecOOHistograms/crab_eecAnalysis_ppref_2024-09-10/260910_041527/0002/eecAnalysis_ppref_2024-09-10_2971.root
hadd Source file 358: /eos/cms/store/group/phys_heavyions/jvelazqu/energycorr/eecAnalysis_ppref_2024-09-10/eecOOHistograms/crab_eecAnalysis_ppref_2024-09-10/260910_041527/0003/eecAnalysis_ppref_2024-09-10_3782.root
hadd Source file 420: /eos/cms/store/group/phys_heavyions/jvelazqu/energycorr/eecAnalysis_ppref_2024-09-10/eecOOHistograms/crab_eecAnalysis_ppref_2024-09-10/260910_041527/0003/eecAnalysis_ppref_2024-09-10_3416.root
hadd Source file 407: /eos/cms/store/group/phys_heavyions/jvelazqu/energycorr/eecAnalysis_ppref_2024-09-10/eecOOHistograms/crab_eecAnalysis_ppref_2024-09-10/260910_041527/0001/eecAnalysis_ppref_2024-09-10_1263.root
hadd Source file 400: /eos/cms/store/group/phys_heavyions/jvelazqu/energycorr/eecAnalysis_ppref_2024-09-10/eecOOHistograms/crab_eecAnalysis_ppref_2024-09-10/260910_041527/0002/eecAnalysis_ppref_2024-09-10_2112.root
hadd Source file 383: /eos/cms/store/group/phys_heavyions/jvelazqu/energycorr/eecAnalysis_ppref_2024-09-10/eecOOHistograms/crab_eecAnalysis_ppref_2024-09-10/260910_041527/0000/eecAnalysis_ppref_2024-09-10_383.root
hadd Source file 421: /eos/cms/store/group/phys_heavyions/jvelazqu/energycorr/eecAnalysis_ppref_2024-09-10/eecOOHistograms/crab_eecAnalysis_ppref_2024-09-10/260910_041527/0003/eecAnalysis_ppref_2024-09-10_3417.root
hadd Source file 404: /eos/cms/store/group/phys_heavyions/jvelazqu/energycorr/eecAnalysis_ppref_2024-09-10/eecOOHistograms/crab_eecAnalysis_ppref_2024-09-10/260910_041527/0002/eecAnalysis_ppref_2024-09-10_2972.root
hadd Source file 408: /eos/cms/store/group/phys_heavyions/jvelazqu/energycorr/eecAnalysis_ppref_2024-09-10/eecOOHistograms/crab_eecAnalysis_ppref_2024-09-10/260910_041527/0001/eecAnalysis_ppref_2024-09-10_1264.root
hadd Source file 392: /eos/cms/store/group/phys_heavyions/jvelazqu/energycorr/eecAnalysis_ppref_2024-09-10/eecOOHistograms/crab_eecAnalysis_ppref_2024-09-10/260910_041527/0000/eecAnalysis_ppref_2024-09-10_820.root
hadd Source file 401: /eos/cms/store/group/phys_heavyions/jvelazqu/energycorr/eecAnalysis_ppref_2024-09-10/eecOOHistograms/crab_eecAnalysis_ppref_2024-09-10/260910_041527/0002/eecAnalysis_ppref_2024-09-10_2113.root
hadd Source file 359: /eos/cms/store/group/phys_heavyions/jvelazqu/energycorr/eecAnalysis_ppref_2024-09-10/eecOOHistograms/crab_eecAnalysis_ppref_2024-09-10/260910_041527/0003/eecAnalysis_ppref_2024-09-10_3783.root
hadd Source file 422: /eos/cms/store/group/phys_heavyions/jvelazqu/energycorr/eecAnalysis_ppref_2024-09-10/eecOOHistograms/crab_eecAnalysis_ppref_2024-09-10/260910_041527/0003/eecAnalysis_ppref_2024-09-10_3418.root
hadd Source file 407: /eos/cms/store/group/phys_heavyions/jvelazqu/energycorr/eecAnalysis_ppref_2024-09-10/eecOOHistograms/crab_eecAnalysis_ppref_2024-09-10/260910_041527/0001/eecAnalysis_ppref_2024-09-10_1691.root
hadd Source file 384: /eos/cms/store/group/phys_heavyions/jvelazqu/energycorr/eecAnalysis_ppref_2024-09-10/eecOOHistograms/crab_eecAnalysis_ppref_2024-09-10/260910_041527/0000/eecAnalysis_ppref_2024-09-10_384.root
hadd Source file 387: /eos/cms/store/group/phys_heavyions/jvelazqu/energycorr/eecAnalysis_ppref_2024-09-10/eecOOHistograms/crab_eecAnalysis_ppref_2024-09-10/260910_041527/0002/eecAnalysis_ppref_2024-09-10_2527.root
hadd Source file 423: /eos/cms/store/group/phys_heavyions/jvelazqu/energycorr/eecAnalysis_ppref_2024-09-10/eecOOHistograms/crab_eecAnalysis_ppref_2024-09-10/260910_041527/0003/eecAnalysis_ppref_2024-09-10_3419.root
hadd Source file 393: /eos/cms/store/group/phys_heavyions/jvelazqu/energycorr/eecAnalysis_ppref_2024-09-10/eecOOHistograms/crab_eecAnalysis_ppref_2024-09-10/260910_041527/0000/eecAnalysis_ppref_2024-09-10_821.root
hadd Source file 402: /eos/cms/store/group/phys_heavyions/jvelazqu/energycorr/eecAnalysis_ppref_2024-09-10/eecOOHistograms/crab_eecAnalysis_ppref_2024-09-10/260910_041527/0002/eecAnalysis_ppref_2024-09-10_2114.root
hadd Source file 408: /eos/cms/store/group/phys_heavyions/jvelazqu/energycorr/eecAnalysis_ppref_2024-09-10/eecOOHistograms/crab_eecAnalysis_ppref_2024-09-10/260910_041527/0001/eecAnalysis_ppref_2024-09-10_1692.root
hadd Source file 405: /eos/cms/store/group/phys_heavyions/jvelazqu/energycorr/eecAnalysis_ppref_2024-09-10/eecOOHistograms/crab_eecAnalysis_ppref_2024-09-10/260910_041527/0002/eecAnalysis_ppref_2024-09-10_2973.root
hadd Source file 424: /eos/cms/store/group/phys_heavyions/jvelazqu/energycorr/eecAnalysis_ppref_2024-09-10/eecOOHistograms/crab_eecAnalysis_ppref_2024-09-10/260910_041527/0003/eecAnalysis_ppref_2024-09-10_3420.root
hadd Source file 394: /eos/cms/store/group/phys_heavyions/jvelazqu/energycorr/eecAnalysis_ppref_2024-09-10/eecOOHistograms/crab_eecAnalysis_ppref_2024-09-10/260910_041527/0000/eecAnalysis_ppref_2024-09-10_822.root
hadd Source file 388: /eos/cms/store/group/phys_heavyions/jvelazqu/energycorr/eecAnalysis_ppref_2024-09-10/eecOOHistograms/crab_eecAnalysis_ppref_2024-09-10/260910_041527/0002/eecAnalysis_ppref_2024-09-10_2528.root
hadd Source file 403: /eos/cms/store/group/phys_heavyions/jvelazqu/energycorr/eecAnalysis_ppref_2024-09-10/eecOOHistograms/crab_eecAnalysis_ppref_2024-09-10/260910_041527/0002/eecAnalysis_ppref_2024-09-10_2115.root
hadd Source file 406: /eos/cms/store/group/phys_heavyions/jvelazqu/energycorr/eecAnalysis_ppref_2024-09-10/eecOOHistograms/crab_eecAnalysis_ppref_2024-09-10/260910_041527/0002/eecAnalysis_ppref_2024-09-10_2974.root
hadd Source file 389: /eos/cms/store/group/phys_heavyions/jvelazqu/energycorr/eecAnalysis_ppref_2024-09-10/eecOOHistograms/crab_eecAnalysis_ppref_2024-09-10/260910_041527/0002/eecAnalysis_ppref_2024-09-10_2529.root
hadd Source file 404: /eos/cms/store/group/phys_heavyions/jvelazqu/energycorr/eecAnalysis_ppref_2024-09-10/eecOOHistograms/crab_eecAnalysis_ppref_2024-09-10/260910_041527/0002/eecAnalysis_ppref_2024-09-10_2116.root
hadd Source file 395: /eos/cms/store/group/phys_heavyions/jvelazqu/energycorr/eecAnalysis_ppref_2024-09-10/eecOOHistograms/crab_eecAnalysis_ppref_2024-09-10/260910_041527/0000/eecAnalysis_ppref_2024-09-10_823.root
hadd Source file 390: /eos/cms/store/group/phys_heavyions/jvelazqu/energycorr/eecAnalysis_ppref_2024-09-10/eecOOHistograms/crab_eecAnalysis_ppref_2024-09-10/260910_041527/0002/eecAnalysis_ppref_2024-09-10_2530.root
hadd Source file 405: /eos/cms/store/group/phys_heavyions/jvelazqu/energycorr/eecAnalysis_ppref_2024-09-10/eecOOHistograms/crab_eecAnalysis_ppref_2024-09-10/260910_041527/0002/eecAnalysis_ppref_2024-09-10_2117.root
hadd Source file 385: /eos/cms/store/group/phys_heavyions/jvelazqu/energycorr/eecAnalysis_ppref_2024-09-10/eecOOHistograms/crab_eecAnalysis_ppref_2024-09-10/260910_041527/0000/eecAnalysis_ppref_2024-09-10_385.root
hadd Source file 396: /eos/cms/store/group/phys_heavyions/jvelazqu/energycorr/eecAnalysis_ppref_2024-09-10/eecOOHistograms/crab_eecAnalysis_ppref_2024-09-10/260910_041527/0000/eecAnalysis_ppref_2024-09-10_824.root
hadd Source file 409: /eos/cms/store/group/phys_heavyions/jvelazqu/energycorr/eecAnalysis_ppref_2024-09-10/eecOOHistograms/crab_eecAnalysis_ppref_2024-09-10/260910_041527/0001/eecAnalysis_ppref_2024-09-10_1265.root
hadd Source file 425: /eos/cms/store/group/phys_heavyions/jvelazqu/energycorr/eecAnalysis_ppref_2024-09-10/eecOOHistograms/crab_eecAnalysis_ppref_2024-09-10/260910_041527/0003/eecAnalysis_ppref_2024-09-10_3421.root
hadd Source file 391: /eos/cms/store/group/phys_heavyions/jvelazqu/energycorr/eecAnalysis_ppref_2024-09-10/eecOOHistograms/crab_eecAnalysis_ppref_2024-09-10/260910_041527/0002/eecAnalysis_ppref_2024-09-10_2531.root
hadd Source file 406: /eos/cms/store/group/phys_heavyions/jvelazqu/energycorr/eecAnalysis_ppref_2024-09-10/eecOOHistograms/crab_eecAnalysis_ppref_2024-09-10/260910_041527/0002/eecAnalysis_ppref_2024-09-10_2118.root
hadd Source file 360: /eos/cms/store/group/phys_heavyions/jvelazqu/energycorr/eecAnalysis_ppref_2024-09-10/eecOOHistograms/crab_eecAnalysis_ppref_2024-09-10/260910_041527/0003/eecAnalysis_ppref_2024-09-10_3784.root
hadd Source file 397: /eos/cms/store/group/phys_heavyions/jvelazqu/energycorr/eecAnalysis_ppref_2024-09-10/eecOOHistograms/crab_eecAnalysis_ppref_2024-09-10/260910_041527/0000/eecAnalysis_ppref_2024-09-10_825.root
hadd Source file 409: /eos/cms/store/group/phys_heavyions/jvelazqu/energycorr/eecAnalysis_ppref_2024-09-10/eecOOHistograms/crab_eecAnalysis_ppref_2024-09-10/260910_041527/0001/eecAnalysis_ppref_2024-09-10_1693.root
hadd Source file 407: /eos/cms/store/group/phys_heavyions/jvelazqu/energycorr/eecAnalysis_ppref_2024-09-10/eecOOHistograms/crab_eecAnalysis_ppref_2024-09-10/260910_041527/0002/eecAnalysis_ppref_2024-09-10_2119.root
hadd Source file 426: /eos/cms/store/group/phys_heavyions/jvelazqu/energycorr/eecAnalysis_ppref_2024-09-10/eecOOHistograms/crab_eecAnalysis_ppref_2024-09-10/260910_041527/0003/eecAnalysis_ppref_2024-09-10_3422.root
hadd Source file 392: /eos/cms/store/group/phys_heavyions/jvelazqu/energycorr/eecAnalysis_ppref_2024-09-10/eecOOHistograms/crab_eecAnalysis_ppref_2024-09-10/260910_041527/0002/eecAnalysis_ppref_2024-09-10_2532.root
hadd Source file 361: /eos/cms/store/group/phys_heavyions/jvelazqu/energycorr/eecAnalysis_ppref_2024-09-10/eecOOHistograms/crab_eecAnalysis_ppref_2024-09-10/260910_041527/0003/eecAnalysis_ppref_2024-09-10_3785.root
hadd Source file 408: /eos/cms/store/group/phys_heavyions/jvelazqu/energycorr/eecAnalysis_ppref_2024-09-10/eecOOHistograms/crab_eecAnalysis_ppref_2024-09-10/260910_041527/0002/eecAnalysis_ppref_2024-09-10_2120.root
hadd Source file 393: /eos/cms/store/group/phys_heavyions/jvelazqu/energycorr/eecAnalysis_ppref_2024-09-10/eecOOHistograms/crab_eecAnalysis_ppref_2024-09-10/260910_041527/0002/eecAnalysis_ppref_2024-09-10_2533.root
hadd Source file 398: /eos/cms/store/group/phys_heavyions/jvelazqu/energycorr/eecAnalysis_ppref_2024-09-10/eecOOHistograms/crab_eecAnalysis_ppref_2024-09-10/260910_041527/0000/eecAnalysis_ppref_2024-09-10_826.root
hadd Source file 407: /eos/cms/store/group/phys_heavyions/jvelazqu/energycorr/eecAnalysis_ppref_2024-09-10/eecOOHistograms/crab_eecAnalysis_ppref_2024-09-10/260910_041527/0002/eecAnalysis_ppref_2024-09-10_2975.root
hadd Source file 410: /eos/cms/store/group/phys_heavyions/jvelazqu/energycorr/eecAnalysis_ppref_2024-09-10/eecOOHistograms/crab_eecAnalysis_ppref_2024-09-10/260910_041527/0001/eecAnalysis_ppref_2024-09-10_1694.root
hadd Source file 427: /eos/cms/store/group/phys_heavyions/jvelazqu/energycorr/eecAnalysis_ppref_2024-09-10/eecOOHistograms/crab_eecAnalysis_ppref_2024-09-10/260910_041527/0003/eecAnalysis_ppref_2024-09-10_3423.root
hadd Source file 362: /eos/cms/store/group/phys_heavyions/jvelazqu/energycorr/eecAnalysis_ppref_2024-09-10/eecOOHistograms/crab_eecAnalysis_ppref_2024-09-10/260910_041527/0003/eecAnalysis_ppref_2024-09-10_3786.root
hadd Source file 409: /eos/cms/store/group/phys_heavyions/jvelazqu/energycorr/eecAnalysis_ppref_2024-09-10/eecOOHistograms/crab_eecAnalysis_ppref_2024-09-10/260910_041527/0002/eecAnalysis_ppref_2024-09-10_2121.root
hadd Source file 408: /eos/cms/store/group/phys_heavyions/jvelazqu/energycorr/eecAnalysis_ppref_2024-09-10/eecOOHistograms/crab_eecAnalysis_ppref_2024-09-10/260910_041527/0002/eecAnalysis_ppref_2024-09-10_2976.root
hadd Source file 399: /eos/cms/store/group/phys_heavyions/jvelazqu/energycorr/eecAnalysis_ppref_2024-09-10/eecOOHistograms/crab_eecAnalysis_ppref_2024-09-10/260910_041527/0000/eecAnalysis_ppref_2024-09-10_827.root
hadd Source file 394: /eos/cms/store/group/phys_heavyions/jvelazqu/energycorr/eecAnalysis_ppref_2024-09-10/eecOOHistograms/crab_eecAnalysis_ppref_2024-09-10/260910_041527/0002/eecAnalysis_ppref_2024-09-10_2534.root
hadd Source file 411: /eos/cms/store/group/phys_heavyions/jvelazqu/energycorr/eecAnalysis_ppref_2024-09-10/eecOOHistograms/crab_eecAnalysis_ppref_2024-09-10/260910_041527/0001/eecAnalysis_ppref_2024-09-10_1695.root
hadd Source file 428: /eos/cms/store/group/phys_heavyions/jvelazqu/energycorr/eecAnalysis_ppref_2024-09-10/eecOOHistograms/crab_eecAnalysis_ppref_2024-09-10/260910_041527/0003/eecAnalysis_ppref_2024-09-10_3424.root
hadd Source file 363: /eos/cms/store/group/phys_heavyions/jvelazqu/energycorr/eecAnalysis_ppref_2024-09-10/eecOOHistograms/crab_eecAnalysis_ppref_2024-09-10/260910_041527/0003/eecAnalysis_ppref_2024-09-10_3787.root
hadd Source file 386: /eos/cms/store/group/phys_heavyions/jvelazqu/energycorr/eecAnalysis_ppref_2024-09-10/eecOOHistograms/crab_eecAnalysis_ppref_2024-09-10/260910_041527/0000/eecAnalysis_ppref_2024-09-10_386.root
hadd Source file 409: /eos/cms/store/group/phys_heavyions/jvelazqu/energycorr/eecAnalysis_ppref_2024-09-10/eecOOHistograms/crab_eecAnalysis_ppref_2024-09-10/260910_041527/0002/eecAnalysis_ppref_2024-09-10_2977.root
hadd Source file 395: /eos/cms/store/group/phys_heavyions/jvelazqu/energycorr/eecAnalysis_ppref_2024-09-10/eecOOHistograms/crab_eecAnalysis_ppref_2024-09-10/260910_041527/0002/eecAnalysis_ppref_2024-09-10_2535.root
hadd Source file 410: /eos/cms/store/group/phys_heavyions/jvelazqu/energycorr/eecAnalysis_ppref_2024-09-10/eecOOHistograms/crab_eecAnalysis_ppref_2024-09-10/260910_041527/0001/eecAnalysis_ppref_2024-09-10_1266.root
hadd Target path: /pool/condor/dir_131294/tmp/partial7_5a6db7b0-ada2-11f1-af1f-09c0b9bcbeef.root:/
hadd Source file 412: /eos/cms/store/group/phys_heavyions/jvelazqu/energycorr/eecAnalysis_ppref_2024-09-10/eecOOHistograms/crab_eecAnalysis_ppref_2024-09-10/260910_041527/0001/eecAnalysis_ppref_2024-09-10_1696.root
hadd Source file 410: /eos/cms/store/group/phys_heavyions/jvelazqu/energycorr/eecAnalysis_ppref_2024-09-10/eecOOHistograms/crab_eecAnalysis_ppref_2024-09-10/260910_041527/0002/eecAnalysis_ppref_2024-09-10_2978.root
hadd Source file 387: /eos/cms/store/group/phys_heavyions/jvelazqu/energycorr/eecAnalysis_ppref_2024-09-10/eecOOHistograms/crab_eecAnalysis_ppref_2024-09-10/260910_041527/0000/eecAnalysis_ppref_2024-09-10_387.root
hadd Source file 400: /eos/cms/store/group/phys_heavyions/jvelazqu/energycorr/eecAnalysis_ppref_2024-09-10/eecOOHistograms/crab_eecAnalysis_ppref_2024-09-10/260910_041527/0000/eecAnalysis_ppref_2024-09-10_828.root
hadd Source file 413: /eos/cms/store/group/phys_heavyions/jvelazqu/energycorr/eecAnalysis_ppref_2024-09-10/eecOOHistograms/crab_eecAnalysis_ppref_2024-09-10/260910_041527/0001/eecAnalysis_ppref_2024-09-10_1697.root
hadd Source file 410: /eos/cms/store/group/phys_heavyions/jvelazqu/energycorr/eecAnalysis_ppref_2024-09-10/eecOOHistograms/crab_eecAnalysis_ppref_2024-09-10/260910_041527/0002/eecAnalysis_ppref_2024-09-10_2122.root
hadd Source file 411: /eos/cms/store/group/phys_heavyions/jvelazqu/energycorr/eecAnalysis_ppref_2024-09-10/eecOOHistograms/crab_eecAnalysis_ppref_2024-09-10/260910_041527/0001/eecAnalysis_ppref_2024-09-10_1267.root
hadd Source file 411: /eos/cms/store/group/phys_heavyions/jvelazqu/energycorr/eecAnalysis_ppref_2024-09-10/eecOOHistograms/crab_eecAnalysis_ppref_2024-09-10/260910_041527/0002/eecAnalysis_ppref_2024-09-10_2979.root
hadd Source file 412: /eos/cms/store/group/phys_heavyions/jvelazqu/energycorr/eecAnalysis_ppref_2024-09-10/eecOOHistograms/crab_eecAnalysis_ppref_2024-09-10/260910_041527/0002/eecAnalysis_ppref_2024-09-10_2980.root
hadd Source file 414: /eos/cms/store/group/phys_heavyions/jvelazqu/energycorr/eecAnalysis_ppref_2024-09-10/eecOOHistograms/crab_eecAnalysis_ppref_2024-09-10/260910_041527/0001/eecAnalysis_ppref_2024-09-10_1698.root
hadd Source file 401: /eos/cms/store/group/phys_heavyions/jvelazqu/energycorr/eecAnalysis_ppref_2024-09-10/eecOOHistograms/crab_eecAnalysis_ppref_2024-09-10/260910_041527/0000/eecAnalysis_ppref_2024-09-10_829.root
hadd Source file 411: /eos/cms/store/group/phys_heavyions/jvelazqu/energycorr/eecAnalysis_ppref_2024-09-10/eecOOHistograms/crab_eecAnalysis_ppref_2024-09-10/260910_041527/0002/eecAnalysis_ppref_2024-09-10_2123.root
hadd Source file 364: /eos/cms/store/group/phys_heavyions/jvelazqu/energycorr/eecAnalysis_ppref_2024-09-10/eecOOHistograms/crab_eecAnalysis_ppref_2024-09-10/260910_041527/0003/eecAnalysis_ppref_2024-09-10_3788.root
hadd Source file 412: /eos/cms/store/group/phys_heavyions/jvelazqu/energycorr/eecAnalysis_ppref_2024-09-10/eecOOHistograms/crab_eecAnalysis_ppref_2024-09-10/260910_041527/0001/eecAnalysis_ppref_2024-09-10_1268.root
hadd Source file 412: /eos/cms/store/group/phys_heavyions/jvelazqu/energycorr/eecAnalysis_ppref_2024-09-10/eecOOHistograms/crab_eecAnalysis_ppref_2024-09-10/260910_041527/0002/eecAnalysis_ppref_2024-09-10_2124.root
hadd Source file 402: /eos/cms/store/group/phys_heavyions/jvelazqu/energycorr/eecAnalysis_ppref_2024-09-10/eecOOHistograms/crab_eecAnalysis_ppref_2024-09-10/260910_041527/0000/eecAnalysis_ppref_2024-09-10_830.root
hadd Source file 413: /eos/cms/store/group/phys_heavyions/jvelazqu/energycorr/eecAnalysis_ppref_2024-09-10/eecOOHistograms/crab_eecAnalysis_ppref_2024-09-10/260910_041527/0002/eecAnalysis_ppref_2024-09-10_2125.root
hadd Source file 365: /eos/cms/store/group/phys_heavyions/jvelazqu/energycorr/eecAnalysis_ppref_2024-09-10/eecOOHistograms/crab_eecAnalysis_ppref_2024-09-10/260910_041527/0003/eecAnalysis_ppref_2024-09-10_3789.root
hadd Source file 396: /eos/cms/store/group/phys_heavyions/jvelazqu/energycorr/eecAnalysis_ppref_2024-09-10/eecOOHistograms/crab_eecAnalysis_ppref_2024-09-10/260910_041527/0002/eecAnalysis_ppref_2024-09-10_2536.root
hadd Source file 413: /eos/cms/store/group/phys_heavyions/jvelazqu/energycorr/eecAnalysis_ppref_2024-09-10/eecOOHistograms/crab_eecAnalysis_ppref_2024-09-10/260910_041527/0001/eecAnalysis_ppref_2024-09-10_1269.root
hadd Source file 388: /eos/cms/store/group/phys_heavyions/jvelazqu/energycorr/eecAnalysis_ppref_2024-09-10/eecOOHistograms/crab_eecAnalysis_ppref_2024-09-10/260910_041527/0000/eecAnalysis_ppref_2024-09-10_388.root
hadd Source file 366: /eos/cms/store/group/phys_heavyions/jvelazqu/energycorr/eecAnalysis_ppref_2024-09-10/eecOOHistograms/crab_eecAnalysis_ppref_2024-09-10/260910_041527/0003/eecAnalysis_ppref_2024-09-10_3790.root
hadd Source file 397: /eos/cms/store/group/phys_heavyions/jvelazqu/energycorr/eecAnalysis_ppref_2024-09-10/eecOOHistograms/crab_eecAnalysis_ppref_2024-09-10/260910_041527/0002/eecAnalysis_ppref_2024-09-10_2537.root
hadd Source file 414: /eos/cms/store/group/phys_heavyions/jvelazqu/energycorr/eecAnalysis_ppref_2024-09-10/eecOOHistograms/crab_eecAnalysis_ppref_2024-09-10/260910_041527/0001/eecAnalysis_ppref_2024-09-10_1270.root
hadd Source file 413: /eos/cms/store/group/phys_heavyions/jvelazqu/energycorr/eecAnalysis_ppref_2024-09-10/eecOOHistograms/crab_eecAnalysis_ppref_2024-09-10/260910_041527/0002/eecAnalysis_ppref_2024-09-10_2981.root
hadd Source file 389: /eos/cms/store/group/phys_heavyions/jvelazqu/energycorr/eecAnalysis_ppref_2024-09-10/eecOOHistograms/crab_eecAnalysis_ppref_2024-09-10/260910_041527/0000/eecAnalysis_ppref_2024-09-10_389.root
hadd Source file 415: /eos/cms/store/group/phys_heavyions/jvelazqu/energycorr/eecAnalysis_ppref_2024-09-10/eecOOHistograms/crab_eecAnalysis_ppref_2024-09-10/260910_041527/0001/eecAnalysis_ppref_2024-09-10_1271.root
hadd Source file 414: /eos/cms/store/group/phys_heavyions/jvelazqu/energycorr/eecAnalysis_ppref_2024-09-10/eecOOHistograms/crab_eecAnalysis_ppref_2024-09-10/260910_041527/0002/eecAnalysis_ppref_2024-09-10_2982.root
hadd Source file 415: /eos/cms/store/group/phys_heavyions/jvelazqu/energycorr/eecAnalysis_ppref_2024-09-10/eecOOHistograms/crab_eecAnalysis_ppref_2024-09-10/260910_041527/0001/eecAnalysis_ppref_2024-09-10_1699.root
hadd Source file 398: /eos/cms/store/group/phys_heavyions/jvelazqu/energycorr/eecAnalysis_ppref_2024-09-10/eecOOHistograms/crab_eecAnalysis_ppref_2024-09-10/260910_041527/0002/eecAnalysis_ppref_2024-09-10_2538.root
hadd Source file 403: /eos/cms/store/group/phys_heavyions/jvelazqu/energycorr/eecAnalysis_ppref_2024-09-10/eecOOHistograms/crab_eecAnalysis_ppref_2024-09-10/260910_041527/0000/eecAnalysis_ppref_2024-09-10_831.root
hadd Source file 415: /eos/cms/store/group/phys_heavyions/jvelazqu/energycorr/eecAnalysis_ppref_2024-09-10/eecOOHistograms/crab_eecAnalysis_ppref_2024-09-10/260910_041527/0002/eecAnalysis_ppref_2024-09-10_2983.root
hadd Source file 416: /eos/cms/store/group/phys_heavyions/jvelazqu/energycorr/eecAnalysis_ppref_2024-09-10/eecOOHistograms/crab_eecAnalysis_ppref_2024-09-10/260910_041527/0001/eecAnalysis_ppref_2024-09-10_1272.root
hadd Source file 414: /eos/cms/store/group/phys_heavyions/jvelazqu/energycorr/eecAnalysis_ppref_2024-09-10/eecOOHistograms/crab_eecAnalysis_ppref_2024-09-10/260910_041527/0002/eecAnalysis_ppref_2024-09-10_2126.root
hadd Source file 399: /eos/cms/store/group/phys_heavyions/jvelazqu/energycorr/eecAnalysis_ppref_2024-09-10/eecOOHistograms/crab_eecAnalysis_ppref_2024-09-10/260910_041527/0002/eecAnalysis_ppref_2024-09-10_2539.root
hadd Source file 404: /eos/cms/store/group/phys_heavyions/jvelazqu/energycorr/eecAnalysis_ppref_2024-09-10/eecOOHistograms/crab_eecAnalysis_ppref_2024-09-10/260910_041527/0000/eecAnalysis_ppref_2024-09-10_832.root
hadd Source file 416: /eos/cms/store/group/phys_heavyions/jvelazqu/energycorr/eecAnalysis_ppref_2024-09-10/eecOOHistograms/crab_eecAnalysis_ppref_2024-09-10/260910_041527/0001/eecAnalysis_ppref_2024-09-10_1700.root
hadd Source file 417: /eos/cms/store/group/phys_heavyions/jvelazqu/energycorr/eecAnalysis_ppref_2024-09-10/eecOOHistograms/crab_eecAnalysis_ppref_2024-09-10/260910_041527/0001/eecAnalysis_ppref_2024-09-10_1273.root
hadd Source file 415: /eos/cms/store/group/phys_heavyions/jvelazqu/energycorr/eecAnalysis_ppref_2024-09-10/eecOOHistograms/crab_eecAnalysis_ppref_2024-09-10/260910_041527/0002/eecAnalysis_ppref_2024-09-10_2127.root
hadd Source file 416: /eos/cms/store/group/phys_heavyions/jvelazqu/energycorr/eecAnalysis_ppref_2024-09-10/eecOOHistograms/crab_eecAnalysis_ppref_2024-09-10/260910_041527/0002/eecAnalysis_ppref_2024-09-10_2984.root
hadd Source file 417: /eos/cms/store/group/phys_heavyions/jvelazqu/energycorr/eecAnalysis_ppref_2024-09-10/eecOOHistograms/crab_eecAnalysis_ppref_2024-09-10/260910_041527/0001/eecAnalysis_ppref_2024-09-10_1701.root
hadd Source file 416: /eos/cms/store/group/phys_heavyions/jvelazqu/energycorr/eecAnalysis_ppref_2024-09-10/eecOOHistograms/crab_eecAnalysis_ppref_2024-09-10/260910_041527/0002/eecAnalysis_ppref_2024-09-10_2128.root
hadd Source file 418: /eos/cms/store/group/phys_heavyions/jvelazqu/energycorr/eecAnalysis_ppref_2024-09-10/eecOOHistograms/crab_eecAnalysis_ppref_2024-09-10/260910_041527/0001/eecAnalysis_ppref_2024-09-10_1274.root
hadd Source file 367: /eos/cms/store/group/phys_heavyions/jvelazqu/energycorr/eecAnalysis_ppref_2024-09-10/eecOOHistograms/crab_eecAnalysis_ppref_2024-09-10/260910_041527/0003/eecAnalysis_ppref_2024-09-10_3791.root
hadd Source file 417: /eos/cms/store/group/phys_heavyions/jvelazqu/energycorr/eecAnalysis_ppref_2024-09-10/eecOOHistograms/crab_eecAnalysis_ppref_2024-09-10/260910_041527/0002/eecAnalysis_ppref_2024-09-10_2985.root
hadd Source file 418: /eos/cms/store/group/phys_heavyions/jvelazqu/energycorr/eecAnalysis_ppref_2024-09-10/eecOOHistograms/crab_eecAnalysis_ppref_2024-09-10/260910_041527/0001/eecAnalysis_ppref_2024-09-10_1702.root
hadd Source file 417: /eos/cms/store/group/phys_heavyions/jvelazqu/energycorr/eecAnalysis_ppref_2024-09-10/eecOOHistograms/crab_eecAnalysis_ppref_2024-09-10/260910_041527/0002/eecAnalysis_ppref_2024-09-10_2129.root
hadd Source file 390: /eos/cms/store/group/phys_heavyions/jvelazqu/energycorr/eecAnalysis_ppref_2024-09-10/eecOOHistograms/crab_eecAnalysis_ppref_2024-09-10/260910_041527/0000/eecAnalysis_ppref_2024-09-10_390.root
hadd Source file 419: /eos/cms/store/group/phys_heavyions/jvelazqu/energycorr/eecAnalysis_ppref_2024-09-10/eecOOHistograms/crab_eecAnalysis_ppref_2024-09-10/260910_041527/0001/eecAnalysis_ppref_2024-09-10_1275.root
hadd Source file 368: /eos/cms/store/group/phys_heavyions/jvelazqu/energycorr/eecAnalysis_ppref_2024-09-10/eecOOHistograms/crab_eecAnalysis_ppref_2024-09-10/260910_041527/0003/eecAnalysis_ppref_2024-09-10_3792.root
hadd Source file 418: /eos/cms/store/group/phys_heavyions/jvelazqu/energycorr/eecAnalysis_ppref_2024-09-10/eecOOHistograms/crab_eecAnalysis_ppref_2024-09-10/260910_041527/0002/eecAnalysis_ppref_2024-09-10_2986.root
hadd Source file 420: /eos/cms/store/group/phys_heavyions/jvelazqu/energycorr/eecAnalysis_ppref_2024-09-10/eecOOHistograms/crab_eecAnalysis_ppref_2024-09-10/260910_041527/0001/eecAnalysis_ppref_2024-09-10_1276.root
hadd Source file 419: /eos/cms/store/group/phys_heavyions/jvelazqu/energycorr/eecAnalysis_ppref_2024-09-10/eecOOHistograms/crab_eecAnalysis_ppref_2024-09-10/260910_041527/0001/eecAnalysis_ppref_2024-09-10_1703.root
hadd Source file 391: /eos/cms/store/group/phys_heavyions/jvelazqu/energycorr/eecAnalysis_ppref_2024-09-10/eecOOHistograms/crab_eecAnalysis_ppref_2024-09-10/260910_041527/0000/eecAnalysis_ppref_2024-09-10_391.root
hadd Source file 418: /eos/cms/store/group/phys_heavyions/jvelazqu/energycorr/eecAnalysis_ppref_2024-09-10/eecOOHistograms/crab_eecAnalysis_ppref_2024-09-10/260910_041527/0002/eecAnalysis_ppref_2024-09-10_2130.root
hadd Source file 400: /eos/cms/store/group/phys_heavyions/jvelazqu/energycorr/eecAnalysis_ppref_2024-09-10/eecOOHistograms/crab_eecAnalysis_ppref_2024-09-10/260910_041527/0002/eecAnalysis_ppref_2024-09-10_2540.root
hadd Source file 421: /eos/cms/store/group/phys_heavyions/jvelazqu/energycorr/eecAnalysis_ppref_2024-09-10/eecOOHistograms/crab_eecAnalysis_ppref_2024-09-10/260910_041527/0001/eecAnalysis_ppref_2024-09-10_1277.root
hadd Source file 419: /eos/cms/store/group/phys_heavyions/jvelazqu/energycorr/eecAnalysis_ppref_2024-09-10/eecOOHistograms/crab_eecAnalysis_ppref_2024-09-10/260910_041527/0002/eecAnalysis_ppref_2024-09-10_2131.root
hadd Source file 420: /eos/cms/store/group/phys_heavyions/jvelazqu/energycorr/eecAnalysis_ppref_2024-09-10/eecOOHistograms/crab_eecAnalysis_ppref_2024-09-10/260910_041527/0001/eecAnalysis_ppref_2024-09-10_1704.root
hadd Source file 369: /eos/cms/store/group/phys_heavyions/jvelazqu/energycorr/eecAnalysis_ppref_2024-09-10/eecOOHistograms/crab_eecAnalysis_ppref_2024-09-10/260910_041527/0003/eecAnalysis_ppref_2024-09-10_3793.root
hadd Source file 422: /eos/cms/store/group/phys_heavyions/jvelazqu/energycorr/eecAnalysis_ppref_2024-09-10/eecOOHistograms/crab_eecAnalysis_ppref_2024-09-10/260910_041527/0001/eecAnalysis_ppref_2024-09-10_1278.root
hadd Source file 405: /eos/cms/store/group/phys_heavyions/jvelazqu/energycorr/eecAnalysis_ppref_2024-09-10/eecOOHistograms/crab_eecAnalysis_ppref_2024-09-10/260910_041527/0000/eecAnalysis_ppref_2024-09-10_833.root
hadd Source file 401: /eos/cms/store/group/phys_heavyions/jvelazqu/energycorr/eecAnalysis_ppref_2024-09-10/eecOOHistograms/crab_eecAnalysis_ppref_2024-09-10/260910_041527/0002/eecAnalysis_ppref_2024-09-10_2541.root
hadd Source file 420: /eos/cms/store/group/phys_heavyions/jvelazqu/energycorr/eecAnalysis_ppref_2024-09-10/eecOOHistograms/crab_eecAnalysis_ppref_2024-09-10/260910_041527/0002/eecAnalysis_ppref_2024-09-10_2132.root
hadd Source file 423: /eos/cms/store/group/phys_heavyions/jvelazqu/energycorr/eecAnalysis_ppref_2024-09-10/eecOOHistograms/crab_eecAnalysis_ppref_2024-09-10/260910_041527/0001/eecAnalysis_ppref_2024-09-10_1279.root
hadd Source file 370: /eos/cms/store/group/phys_heavyions/jvelazqu/energycorr/eecAnalysis_ppref_2024-09-10/eecOOHistograms/crab_eecAnalysis_ppref_2024-09-10/260910_041527/0003/eecAnalysis_ppref_2024-09-10_3794.root
hadd Source file 406: /eos/cms/store/group/phys_heavyions/jvelazqu/energycorr/eecAnalysis_ppref_2024-09-10/eecOOHistograms/crab_eecAnalysis_ppref_2024-09-10/260910_041527/0000/eecAnalysis_ppref_2024-09-10_834.root
hadd Source file 402: /eos/cms/store/group/phys_heavyions/jvelazqu/energycorr/eecAnalysis_ppref_2024-09-10/eecOOHistograms/crab_eecAnalysis_ppref_2024-09-10/260910_041527/0002/eecAnalysis_ppref_2024-09-10_2542.root
hadd Source file 421: /eos/cms/store/group/phys_heavyions/jvelazqu/energycorr/eecAnalysis_ppref_2024-09-10/eecOOHistograms/crab_eecAnalysis_ppref_2024-09-10/260910_041527/0002/eecAnalysis_ppref_2024-09-10_2133.root
hadd Source file 392: /eos/cms/store/group/phys_heavyions/jvelazqu/energycorr/eecAnalysis_ppref_2024-09-10/eecOOHistograms/crab_eecAnalysis_ppref_2024-09-10/260910_041527/0000/eecAnalysis_ppref_2024-09-10_392.root
hadd Source file 419: /eos/cms/store/group/phys_heavyions/jvelazqu/energycorr/eecAnalysis_ppref_2024-09-10/eecOOHistograms/crab_eecAnalysis_ppref_2024-09-10/260910_041527/0002/eecAnalysis_ppref_2024-09-10_2987.root
hadd Source file 407: /eos/cms/store/group/phys_heavyions/jvelazqu/energycorr/eecAnalysis_ppref_2024-09-10/eecOOHistograms/crab_eecAnalysis_ppref_2024-09-10/260910_041527/0000/eecAnalysis_ppref_2024-09-10_835.root
hadd Source file 403: /eos/cms/store/group/phys_heavyions/jvelazqu/energycorr/eecAnalysis_ppref_2024-09-10/eecOOHistograms/crab_eecAnalysis_ppref_2024-09-10/260910_041527/0002/eecAnalysis_ppref_2024-09-10_2543.root
hadd Source file 422: /eos/cms/store/group/phys_heavyions/jvelazqu/energycorr/eecAnalysis_ppref_2024-09-10/eecOOHistograms/crab_eecAnalysis_ppref_2024-09-10/260910_041527/0002/eecAnalysis_ppref_2024-09-10_2134.root
hadd Source file 404: /eos/cms/store/group/phys_heavyions/jvelazqu/energycorr/eecAnalysis_ppref_2024-09-10/eecOOHistograms/crab_eecAnalysis_ppref_2024-09-10/260910_041527/0002/eecAnalysis_ppref_2024-09-10_2544.root
hadd Source file 420: /eos/cms/store/group/phys_heavyions/jvelazqu/energycorr/eecAnalysis_ppref_2024-09-10/eecOOHistograms/crab_eecAnalysis_ppref_2024-09-10/260910_041527/0002/eecAnalysis_ppref_2024-09-10_2988.root
hadd Source file 421: /eos/cms/store/group/phys_heavyions/jvelazqu/energycorr/eecAnalysis_ppref_2024-09-10/eecOOHistograms/crab_eecAnalysis_ppref_2024-09-10/260910_041527/0001/eecAnalysis_ppref_2024-09-10_1705.root
hadd Source file 393: /eos/cms/store/group/phys_heavyions/jvelazqu/energycorr/eecAnalysis_ppref_2024-09-10/eecOOHistograms/crab_eecAnalysis_ppref_2024-09-10/260910_041527/0000/eecAnalysis_ppref_2024-09-10_393.root
hadd Source file 408: /eos/cms/store/group/phys_heavyions/jvelazqu/energycorr/eecAnalysis_ppref_2024-09-10/eecOOHistograms/crab_eecAnalysis_ppref_2024-09-10/260910_041527/0000/eecAnalysis_ppref_2024-09-10_836.root
hadd Source file 423: /eos/cms/store/group/phys_heavyions/jvelazqu/energycorr/eecAnalysis_ppref_2024-09-10/eecOOHistograms/crab_eecAnalysis_ppref_2024-09-10/260910_041527/0002/eecAnalysis_ppref_2024-09-10_2135.root
hadd Source file 405: /eos/cms/store/group/phys_heavyions/jvelazqu/energycorr/eecAnalysis_ppref_2024-09-10/eecOOHistograms/crab_eecAnalysis_ppref_2024-09-10/260910_041527/0002/eecAnalysis_ppref_2024-09-10_2545.root
hadd Source file 421: /eos/cms/store/group/phys_heavyions/jvelazqu/energycorr/eecAnalysis_ppref_2024-09-10/eecOOHistograms/crab_eecAnalysis_ppref_2024-09-10/260910_041527/0002/eecAnalysis_ppref_2024-09-10_2989.root
hadd Source file 371: /eos/cms/store/group/phys_heavyions/jvelazqu/energycorr/eecAnalysis_ppref_2024-09-10/eecOOHistograms/crab_eecAnalysis_ppref_2024-09-10/260910_041527/0003/eecAnalysis_ppref_2024-09-10_3795.root
hadd Source file 422: /eos/cms/store/group/phys_heavyions/jvelazqu/energycorr/eecAnalysis_ppref_2024-09-10/eecOOHistograms/crab_eecAnalysis_ppref_2024-09-10/260910_041527/0001/eecAnalysis_ppref_2024-09-10_1706.root
hadd Source file 409: /eos/cms/store/group/phys_heavyions/jvelazqu/energycorr/eecAnalysis_ppref_2024-09-10/eecOOHistograms/crab_eecAnalysis_ppref_2024-09-10/260910_041527/0000/eecAnalysis_ppref_2024-09-10_837.root
hadd Source file 394: /eos/cms/store/group/phys_heavyions/jvelazqu/energycorr/eecAnalysis_ppref_2024-09-10/eecOOHistograms/crab_eecAnalysis_ppref_2024-09-10/260910_041527/0000/eecAnalysis_ppref_2024-09-10_394.root
hadd Source file 423: /eos/cms/store/group/phys_heavyions/jvelazqu/energycorr/eecAnalysis_ppref_2024-09-10/eecOOHistograms/crab_eecAnalysis_ppref_2024-09-10/260910_041527/0001/eecAnalysis_ppref_2024-09-10_1707.root
hadd Source file 424: /eos/cms/store/group/phys_heavyions/jvelazqu/energycorr/eecAnalysis_ppref_2024-09-10/eecOOHistograms/crab_eecAnalysis_ppref_2024-09-10/260910_041527/0002/eecAnalysis_ppref_2024-09-10_2136.root
hadd Source file 424: /eos/cms/store/group/phys_heavyions/jvelazqu/energycorr/eecAnalysis_ppref_2024-09-10/eecOOHistograms/crab_eecAnalysis_ppref_2024-09-10/260910_041527/0001/eecAnalysis_ppref_2024-09-10_1280.root
hadd Source file 422: /eos/cms/store/group/phys_heavyions/jvelazqu/energycorr/eecAnalysis_ppref_2024-09-10/eecOOHistograms/crab_eecAnalysis_ppref_2024-09-10/260910_041527/0002/eecAnalysis_ppref_2024-09-10_2990.root
hadd Source file 372: /eos/cms/store/group/phys_heavyions/jvelazqu/energycorr/eecAnalysis_ppref_2024-09-10/eecOOHistograms/crab_eecAnalysis_ppref_2024-09-10/260910_041527/0003/eecAnalysis_ppref_2024-09-10_3796.root
hadd Source file 395: /eos/cms/store/group/phys_heavyions/jvelazqu/energycorr/eecAnalysis_ppref_2024-09-10/eecOOHistograms/crab_eecAnalysis_ppref_2024-09-10/260910_041527/0000/eecAnalysis_ppref_2024-09-10_395.root
hadd Source file 410: /eos/cms/store/group/phys_heavyions/jvelazqu/energycorr/eecAnalysis_ppref_2024-09-10/eecOOHistograms/crab_eecAnalysis_ppref_2024-09-10/260910_041527/0000/eecAnalysis_ppref_2024-09-10_838.root
hadd Source file 406: /eos/cms/store/group/phys_heavyions/jvelazqu/energycorr/eecAnalysis_ppref_2024-09-10/eecOOHistograms/crab_eecAnalysis_ppref_2024-09-10/260910_041527/0002/eecAnalysis_ppref_2024-09-10_2546.root
hadd Source file 425: /eos/cms/store/group/phys_heavyions/jvelazqu/energycorr/eecAnalysis_ppref_2024-09-10/eecOOHistograms/crab_eecAnalysis_ppref_2024-09-10/260910_041527/0002/eecAnalysis_ppref_2024-09-10_2137.root
hadd Source file 424: /eos/cms/store/group/phys_heavyions/jvelazqu/energycorr/eecAnalysis_ppref_2024-09-10/eecOOHistograms/crab_eecAnalysis_ppref_2024-09-10/260910_041527/0001/eecAnalysis_ppref_2024-09-10_1708.root
hadd Source file 425: /eos/cms/store/group/phys_heavyions/jvelazqu/energycorr/eecAnalysis_ppref_2024-09-10/eecOOHistograms/crab_eecAnalysis_ppref_2024-09-10/260910_041527/0001/eecAnalysis_ppref_2024-09-10_1281.root
hadd Source file 373: /eos/cms/store/group/phys_heavyions/jvelazqu/energycorr/eecAnalysis_ppref_2024-09-10/eecOOHistograms/crab_eecAnalysis_ppref_2024-09-10/260910_041527/0003/eecAnalysis_ppref_2024-09-10_3797.root
hadd Source file 396: /eos/cms/store/group/phys_heavyions/jvelazqu/energycorr/eecAnalysis_ppref_2024-09-10/eecOOHistograms/crab_eecAnalysis_ppref_2024-09-10/260910_041527/0000/eecAnalysis_ppref_2024-09-10_396.root
hadd Source file 407: /eos/cms/store/group/phys_heavyions/jvelazqu/energycorr/eecAnalysis_ppref_2024-09-10/eecOOHistograms/crab_eecAnalysis_ppref_2024-09-10/260910_041527/0002/eecAnalysis_ppref_2024-09-10_2547.root
hadd Source file 423: /eos/cms/store/group/phys_heavyions/jvelazqu/energycorr/eecAnalysis_ppref_2024-09-10/eecOOHistograms/crab_eecAnalysis_ppref_2024-09-10/260910_041527/0002/eecAnalysis_ppref_2024-09-10_2991.root
hadd Source file 425: /eos/cms/store/group/phys_heavyions/jvelazqu/energycorr/eecAnalysis_ppref_2024-09-10/eecOOHistograms/crab_eecAnalysis_ppref_2024-09-10/260910_041527/0001/eecAnalysis_ppref_2024-09-10_1709.root
hadd Source file 411: /eos/cms/store/group/phys_heavyions/jvelazqu/energycorr/eecAnalysis_ppref_2024-09-10/eecOOHistograms/crab_eecAnalysis_ppref_2024-09-10/260910_041527/0000/eecAnalysis_ppref_2024-09-10_839.root
hadd Source file 426: /eos/cms/store/group/phys_heavyions/jvelazqu/energycorr/eecAnalysis_ppref_2024-09-10/eecOOHistograms/crab_eecAnalysis_ppref_2024-09-10/260910_041527/0002/eecAnalysis_ppref_2024-09-10_2138.root
hadd Source file 426: /eos/cms/store/group/phys_heavyions/jvelazqu/energycorr/eecAnalysis_ppref_2024-09-10/eecOOHistograms/crab_eecAnalysis_ppref_2024-09-10/260910_041527/0001/eecAnalysis_ppref_2024-09-10_1282.root
hadd Source file 408: /eos/cms/store/group/phys_heavyions/jvelazqu/energycorr/eecAnalysis_ppref_2024-09-10/eecOOHistograms/crab_eecAnalysis_ppref_2024-09-10/260910_041527/0002/eecAnalysis_ppref_2024-09-10_2548.root
hadd Source file 424: /eos/cms/store/group/phys_heavyions/jvelazqu/energycorr/eecAnalysis_ppref_2024-09-10/eecOOHistograms/crab_eecAnalysis_ppref_2024-09-10/260910_041527/0002/eecAnalysis_ppref_2024-09-10_2992.root
hadd Source file 427: /eos/cms/store/group/phys_heavyions/jvelazqu/energycorr/eecAnalysis_ppref_2024-09-10/eecOOHistograms/crab_eecAnalysis_ppref_2024-09-10/260910_041527/0002/eecAnalysis_ppref_2024-09-10_2139.root
hadd Source file 426: /eos/cms/store/group/phys_heavyions/jvelazqu/energycorr/eecAnalysis_ppref_2024-09-10/eecOOHistograms/crab_eecAnalysis_ppref_2024-09-10/260910_041527/0001/eecAnalysis_ppref_2024-09-10_1710.root
hadd Source file 412: /eos/cms/store/group/phys_heavyions/jvelazqu/energycorr/eecAnalysis_ppref_2024-09-10/eecOOHistograms/crab_eecAnalysis_ppref_2024-09-10/260910_041527/0000/eecAnalysis_ppref_2024-09-10_840.root
hadd Source file 409: /eos/cms/store/group/phys_heavyions/jvelazqu/energycorr/eecAnalysis_ppref_2024-09-10/eecOOHistograms/crab_eecAnalysis_ppref_2024-09-10/260910_041527/0002/eecAnalysis_ppref_2024-09-10_2549.root
hadd Source file 425: /eos/cms/store/group/phys_heavyions/jvelazqu/energycorr/eecAnalysis_ppref_2024-09-10/eecOOHistograms/crab_eecAnalysis_ppref_2024-09-10/260910_041527/0002/eecAnalysis_ppref_2024-09-10_2993.root
hadd Source file 427: /eos/cms/store/group/phys_heavyions/jvelazqu/energycorr/eecAnalysis_ppref_2024-09-10/eecOOHistograms/crab_eecAnalysis_ppref_2024-09-10/260910_041527/0001/eecAnalysis_ppref_2024-09-10_1711.root
hadd Source file 428: /eos/cms/store/group/phys_heavyions/jvelazqu/energycorr/eecAnalysis_ppref_2024-09-10/eecOOHistograms/crab_eecAnalysis_ppref_2024-09-10/260910_041527/0002/eecAnalysis_ppref_2024-09-10_2140.root
hadd Source file 413: /eos/cms/store/group/phys_heavyions/jvelazqu/energycorr/eecAnalysis_ppref_2024-09-10/eecOOHistograms/crab_eecAnalysis_ppref_2024-09-10/260910_041527/0000/eecAnalysis_ppref_2024-09-10_841.root
hadd Source file 410: /eos/cms/store/group/phys_heavyions/jvelazqu/energycorr/eecAnalysis_ppref_2024-09-10/eecOOHistograms/crab_eecAnalysis_ppref_2024-09-10/260910_041527/0002/eecAnalysis_ppref_2024-09-10_2550.root
hadd Source file 428: /eos/cms/store/group/phys_heavyions/jvelazqu/energycorr/eecAnalysis_ppref_2024-09-10/eecOOHistograms/crab_eecAnalysis_ppref_2024-09-10/260910_041527/0001/eecAnalysis_ppref_2024-09-10_1712.root
hadd Target path: /pool/condor/dir_131294/tmp/partial4_5a6db7b0-ada2-11f1-af1f-09c0b9bcbeef.root:/
hadd Source file 414: /eos/cms/store/group/phys_heavyions/jvelazqu/energycorr/eecAnalysis_ppref_2024-09-10/eecOOHistograms/crab_eecAnalysis_ppref_2024-09-10/260910_041527/0000/eecAnalysis_ppref_2024-09-10_842.root
hadd Target path: /pool/condor/dir_131294/tmp/partial3_5a6db7b0-ada2-11f1-af1f-09c0b9bcbeef.root:/
hadd Source file 426: /eos/cms/store/group/phys_heavyions/jvelazqu/energycorr/eecAnalysis_ppref_2024-09-10/eecOOHistograms/crab_eecAnalysis_ppref_2024-09-10/260910_041527/0002/eecAnalysis_ppref_2024-09-10_2994.root
hadd Source file 374: /eos/cms/store/group/phys_heavyions/jvelazqu/energycorr/eecAnalysis_ppref_2024-09-10/eecOOHistograms/crab_eecAnalysis_ppref_2024-09-10/260910_041527/0003/eecAnalysis_ppref_2024-09-10_3798.root
hadd Source file 411: /eos/cms/store/group/phys_heavyions/jvelazqu/energycorr/eecAnalysis_ppref_2024-09-10/eecOOHistograms/crab_eecAnalysis_ppref_2024-09-10/260910_041527/0002/eecAnalysis_ppref_2024-09-10_2551.root
hadd Source file 397: /eos/cms/store/group/phys_heavyions/jvelazqu/energycorr/eecAnalysis_ppref_2024-09-10/eecOOHistograms/crab_eecAnalysis_ppref_2024-09-10/260910_041527/0000/eecAnalysis_ppref_2024-09-10_397.root
hadd Source file 375: /eos/cms/store/group/phys_heavyions/jvelazqu/energycorr/eecAnalysis_ppref_2024-09-10/eecOOHistograms/crab_eecAnalysis_ppref_2024-09-10/260910_041527/0003/eecAnalysis_ppref_2024-09-10_3799.root
hadd Source file 427: /eos/cms/store/group/phys_heavyions/jvelazqu/energycorr/eecAnalysis_ppref_2024-09-10/eecOOHistograms/crab_eecAnalysis_ppref_2024-09-10/260910_041527/0002/eecAnalysis_ppref_2024-09-10_2995.root
hadd Source file 427: /eos/cms/store/group/phys_heavyions/jvelazqu/energycorr/eecAnalysis_ppref_2024-09-10/eecOOHistograms/crab_eecAnalysis_ppref_2024-09-10/260910_041527/0001/eecAnalysis_ppref_2024-09-10_1283.root
hadd Source file 412: /eos/cms/store/group/phys_heavyions/jvelazqu/energycorr/eecAnalysis_ppref_2024-09-10/eecOOHistograms/crab_eecAnalysis_ppref_2024-09-10/260910_041527/0002/eecAnalysis_ppref_2024-09-10_2552.root
hadd Source file 398: /eos/cms/store/group/phys_heavyions/jvelazqu/energycorr/eecAnalysis_ppref_2024-09-10/eecOOHistograms/crab_eecAnalysis_ppref_2024-09-10/260910_041527/0000/eecAnalysis_ppref_2024-09-10_398.root
hadd Source file 376: /eos/cms/store/group/phys_heavyions/jvelazqu/energycorr/eecAnalysis_ppref_2024-09-10/eecOOHistograms/crab_eecAnalysis_ppref_2024-09-10/260910_041527/0003/eecAnalysis_ppref_2024-09-10_3800.root
hadd Source file 428: /eos/cms/store/group/phys_heavyions/jvelazqu/energycorr/eecAnalysis_ppref_2024-09-10/eecOOHistograms/crab_eecAnalysis_ppref_2024-09-10/260910_041527/0001/eecAnalysis_ppref_2024-09-10_1284.root
hadd Source file 413: /eos/cms/store/group/phys_heavyions/jvelazqu/energycorr/eecAnalysis_ppref_2024-09-10/eecOOHistograms/crab_eecAnalysis_ppref_2024-09-10/260910_041527/0002/eecAnalysis_ppref_2024-09-10_2553.root
hadd Source file 399: /eos/cms/store/group/phys_heavyions/jvelazqu/energycorr/eecAnalysis_ppref_2024-09-10/eecOOHistograms/crab_eecAnalysis_ppref_2024-09-10/260910_041527/0000/eecAnalysis_ppref_2024-09-10_399.root
hadd Source file 377: /eos/cms/store/group/phys_heavyions/jvelazqu/energycorr/eecAnalysis_ppref_2024-09-10/eecOOHistograms/crab_eecAnalysis_ppref_2024-09-10/260910_041527/0003/eecAnalysis_ppref_2024-09-10_3801.root
hadd Source file 414: /eos/cms/store/group/phys_heavyions/jvelazqu/energycorr/eecAnalysis_ppref_2024-09-10/eecOOHistograms/crab_eecAnalysis_ppref_2024-09-10/260910_041527/0002/eecAnalysis_ppref_2024-09-10_2554.root
hadd Target path: /pool/condor/dir_131294/tmp/partial2_5a6db7b0-ada2-11f1-af1f-09c0b9bcbeef.root:/
hadd Source file 400: /eos/cms/store/group/phys_heavyions/jvelazqu/energycorr/eecAnalysis_ppref_2024-09-10/eecOOHistograms/crab_eecAnalysis_ppref_2024-09-10/260910_041527/0000/eecAnalysis_ppref_2024-09-10_400.root
hadd Source file 378: /eos/cms/store/group/phys_heavyions/jvelazqu/energycorr/eecAnalysis_ppref_2024-09-10/eecOOHistograms/crab_eecAnalysis_ppref_2024-09-10/260910_041527/0003/eecAnalysis_ppref_2024-09-10_3802.root
hadd Source file 415: /eos/cms/store/group/phys_heavyions/jvelazqu/energycorr/eecAnalysis_ppref_2024-09-10/eecOOHistograms/crab_eecAnalysis_ppref_2024-09-10/260910_041527/0002/eecAnalysis_ppref_2024-09-10_2555.root
hadd Source file 379: /eos/cms/store/group/phys_heavyions/jvelazqu/energycorr/eecAnalysis_ppref_2024-09-10/eecOOHistograms/crab_eecAnalysis_ppref_2024-09-10/260910_041527/0003/eecAnalysis_ppref_2024-09-10_3803.root
hadd Source file 380: /eos/cms/store/group/phys_heavyions/jvelazqu/energycorr/eecAnalysis_ppref_2024-09-10/eecOOHistograms/crab_eecAnalysis_ppref_2024-09-10/260910_041527/0003/eecAnalysis_ppref_2024-09-10_3804.root
hadd Source file 381: /eos/cms/store/group/phys_heavyions/jvelazqu/energycorr/eecAnalysis_ppref_2024-09-10/eecOOHistograms/crab_eecAnalysis_ppref_2024-09-10/260910_041527/0003/eecAnalysis_ppref_2024-09-10_3805.root
hadd Source file 428: /eos/cms/store/group/phys_heavyions/jvelazqu/energycorr/eecAnalysis_ppref_2024-09-10/eecOOHistograms/crab_eecAnalysis_ppref_2024-09-10/260910_041527/0002/eecAnalysis_ppref_2024-09-10_2996.root
hadd Source file 382: /eos/cms/store/group/phys_heavyions/jvelazqu/energycorr/eecAnalysis_ppref_2024-09-10/eecOOHistograms/crab_eecAnalysis_ppref_2024-09-10/260910_041527/0003/eecAnalysis_ppref_2024-09-10_3806.root
hadd Source file 401: /eos/cms/store/group/phys_heavyions/jvelazqu/energycorr/eecAnalysis_ppref_2024-09-10/eecOOHistograms/crab_eecAnalysis_ppref_2024-09-10/260910_041527/0000/eecAnalysis_ppref_2024-09-10_401.root
hadd Target path: /pool/condor/dir_131294/tmp/partial6_5a6db7b0-ada2-11f1-af1f-09c0b9bcbeef.root:/
hadd Source file 383: /eos/cms/store/group/phys_heavyions/jvelazqu/energycorr/eecAnalysis_ppref_2024-09-10/eecOOHistograms/crab_eecAnalysis_ppref_2024-09-10/260910_041527/0003/eecAnalysis_ppref_2024-09-10_3807.root
hadd Source file 402: /eos/cms/store/group/phys_heavyions/jvelazqu/energycorr/eecAnalysis_ppref_2024-09-10/eecOOHistograms/crab_eecAnalysis_ppref_2024-09-10/260910_041527/0000/eecAnalysis_ppref_2024-09-10_402.root
hadd Source file 415: /eos/cms/store/group/phys_heavyions/jvelazqu/energycorr/eecAnalysis_ppref_2024-09-10/eecOOHistograms/crab_eecAnalysis_ppref_2024-09-10/260910_041527/0000/eecAnalysis_ppref_2024-09-10_843.root
hadd Source file 416: /eos/cms/store/group/phys_heavyions/jvelazqu/energycorr/eecAnalysis_ppref_2024-09-10/eecOOHistograms/crab_eecAnalysis_ppref_2024-09-10/260910_041527/0002/eecAnalysis_ppref_2024-09-10_2556.root
hadd Source file 384: /eos/cms/store/group/phys_heavyions/jvelazqu/energycorr/eecAnalysis_ppref_2024-09-10/eecOOHistograms/crab_eecAnalysis_ppref_2024-09-10/260910_041527/0003/eecAnalysis_ppref_2024-09-10_3808.root
hadd Source file 403: /eos/cms/store/group/phys_heavyions/jvelazqu/energycorr/eecAnalysis_ppref_2024-09-10/eecOOHistograms/crab_eecAnalysis_ppref_2024-09-10/260910_041527/0000/eecAnalysis_ppref_2024-09-10_403.root
hadd Source file 416: /eos/cms/store/group/phys_heavyions/jvelazqu/energycorr/eecAnalysis_ppref_2024-09-10/eecOOHistograms/crab_eecAnalysis_ppref_2024-09-10/260910_041527/0000/eecAnalysis_ppref_2024-09-10_844.root
hadd Source file 404: /eos/cms/store/group/phys_heavyions/jvelazqu/energycorr/eecAnalysis_ppref_2024-09-10/eecOOHistograms/crab_eecAnalysis_ppref_2024-09-10/260910_041527/0000/eecAnalysis_ppref_2024-09-10_404.root
hadd Source file 417: /eos/cms/store/group/phys_heavyions/jvelazqu/energycorr/eecAnalysis_ppref_2024-09-10/eecOOHistograms/crab_eecAnalysis_ppref_2024-09-10/260910_041527/0002/eecAnalysis_ppref_2024-09-10_2557.root
hadd Source file 417: /eos/cms/store/group/phys_heavyions/jvelazqu/energycorr/eecAnalysis_ppref_2024-09-10/eecOOHistograms/crab_eecAnalysis_ppref_2024-09-10/260910_041527/0000/eecAnalysis_ppref_2024-09-10_845.root
hadd Source file 405: /eos/cms/store/group/phys_heavyions/jvelazqu/energycorr/eecAnalysis_ppref_2024-09-10/eecOOHistograms/crab_eecAnalysis_ppref_2024-09-10/260910_041527/0000/eecAnalysis_ppref_2024-09-10_405.root
hadd Source file 418: /eos/cms/store/group/phys_heavyions/jvelazqu/energycorr/eecAnalysis_ppref_2024-09-10/eecOOHistograms/crab_eecAnalysis_ppref_2024-09-10/260910_041527/0002/eecAnalysis_ppref_2024-09-10_2558.root
hadd Source file 406: /eos/cms/store/group/phys_heavyions/jvelazqu/energycorr/eecAnalysis_ppref_2024-09-10/eecOOHistograms/crab_eecAnalysis_ppref_2024-09-10/260910_041527/0000/eecAnalysis_ppref_2024-09-10_406.root
hadd Source file 419: /eos/cms/store/group/phys_heavyions/jvelazqu/energycorr/eecAnalysis_ppref_2024-09-10/eecOOHistograms/crab_eecAnalysis_ppref_2024-09-10/260910_041527/0002/eecAnalysis_ppref_2024-09-10_2559.root
hadd Source file 407: /eos/cms/store/group/phys_heavyions/jvelazqu/energycorr/eecAnalysis_ppref_2024-09-10/eecOOHistograms/crab_eecAnalysis_ppref_2024-09-10/260910_041527/0000/eecAnalysis_ppref_2024-09-10_407.root
hadd Source file 385: /eos/cms/store/group/phys_heavyions/jvelazqu/energycorr/eecAnalysis_ppref_2024-09-10/eecOOHistograms/crab_eecAnalysis_ppref_2024-09-10/260910_041527/0003/eecAnalysis_ppref_2024-09-10_3809.root
hadd Source file 386: /eos/cms/store/group/phys_heavyions/jvelazqu/energycorr/eecAnalysis_ppref_2024-09-10/eecOOHistograms/crab_eecAnalysis_ppref_2024-09-10/260910_041527/0003/eecAnalysis_ppref_2024-09-10_3810.root
hadd Source file 387: /eos/cms/store/group/phys_heavyions/jvelazqu/energycorr/eecAnalysis_ppref_2024-09-10/eecOOHistograms/crab_eecAnalysis_ppref_2024-09-10/260910_041527/0003/eecAnalysis_ppref_2024-09-10_3811.root
hadd Source file 418: /eos/cms/store/group/phys_heavyions/jvelazqu/energycorr/eecAnalysis_ppref_2024-09-10/eecOOHistograms/crab_eecAnalysis_ppref_2024-09-10/260910_041527/0000/eecAnalysis_ppref_2024-09-10_846.root
hadd Source file 388: /eos/cms/store/group/phys_heavyions/jvelazqu/energycorr/eecAnalysis_ppref_2024-09-10/eecOOHistograms/crab_eecAnalysis_ppref_2024-09-10/260910_041527/0003/eecAnalysis_ppref_2024-09-10_3812.root
hadd Source file 419: /eos/cms/store/group/phys_heavyions/jvelazqu/energycorr/eecAnalysis_ppref_2024-09-10/eecOOHistograms/crab_eecAnalysis_ppref_2024-09-10/260910_041527/0000/eecAnalysis_ppref_2024-09-10_847.root
hadd Source file 389: /eos/cms/store/group/phys_heavyions/jvelazqu/energycorr/eecAnalysis_ppref_2024-09-10/eecOOHistograms/crab_eecAnalysis_ppref_2024-09-10/260910_041527/0003/eecAnalysis_ppref_2024-09-10_3813.root
hadd Source file 420: /eos/cms/store/group/phys_heavyions/jvelazqu/energycorr/eecAnalysis_ppref_2024-09-10/eecOOHistograms/crab_eecAnalysis_ppref_2024-09-10/260910_041527/0000/eecAnalysis_ppref_2024-09-10_848.root
hadd Source file 390: /eos/cms/store/group/phys_heavyions/jvelazqu/energycorr/eecAnalysis_ppref_2024-09-10/eecOOHistograms/crab_eecAnalysis_ppref_2024-09-10/260910_041527/0003/eecAnalysis_ppref_2024-09-10_3814.root
hadd Source file 421: /eos/cms/store/group/phys_heavyions/jvelazqu/energycorr/eecAnalysis_ppref_2024-09-10/eecOOHistograms/crab_eecAnalysis_ppref_2024-09-10/260910_041527/0000/eecAnalysis_ppref_2024-09-10_849.root
hadd Source file 391: /eos/cms/store/group/phys_heavyions/jvelazqu/energycorr/eecAnalysis_ppref_2024-09-10/eecOOHistograms/crab_eecAnalysis_ppref_2024-09-10/260910_041527/0003/eecAnalysis_ppref_2024-09-10_3815.root
hadd Source file 422: /eos/cms/store/group/phys_heavyions/jvelazqu/energycorr/eecAnalysis_ppref_2024-09-10/eecOOHistograms/crab_eecAnalysis_ppref_2024-09-10/260910_041527/0000/eecAnalysis_ppref_2024-09-10_850.root
hadd Source file 420: /eos/cms/store/group/phys_heavyions/jvelazqu/energycorr/eecAnalysis_ppref_2024-09-10/eecOOHistograms/crab_eecAnalysis_ppref_2024-09-10/260910_041527/0002/eecAnalysis_ppref_2024-09-10_2560.root
hadd Source file 392: /eos/cms/store/group/phys_heavyions/jvelazqu/energycorr/eecAnalysis_ppref_2024-09-10/eecOOHistograms/crab_eecAnalysis_ppref_2024-09-10/260910_041527/0003/eecAnalysis_ppref_2024-09-10_3816.root
hadd Source file 393: /eos/cms/store/group/phys_heavyions/jvelazqu/energycorr/eecAnalysis_ppref_2024-09-10/eecOOHistograms/crab_eecAnalysis_ppref_2024-09-10/260910_041527/0003/eecAnalysis_ppref_2024-09-10_3817.root
hadd Source file 421: /eos/cms/store/group/phys_heavyions/jvelazqu/energycorr/eecAnalysis_ppref_2024-09-10/eecOOHistograms/crab_eecAnalysis_ppref_2024-09-10/260910_041527/0002/eecAnalysis_ppref_2024-09-10_2561.root
hadd Source file 394: /eos/cms/store/group/phys_heavyions/jvelazqu/energycorr/eecAnalysis_ppref_2024-09-10/eecOOHistograms/crab_eecAnalysis_ppref_2024-09-10/260910_041527/0003/eecAnalysis_ppref_2024-09-10_3818.root
hadd Source file 395: /eos/cms/store/group/phys_heavyions/jvelazqu/energycorr/eecAnalysis_ppref_2024-09-10/eecOOHistograms/crab_eecAnalysis_ppref_2024-09-10/260910_041527/0003/eecAnalysis_ppref_2024-09-10_3819.root
hadd Source file 422: /eos/cms/store/group/phys_heavyions/jvelazqu/energycorr/eecAnalysis_ppref_2024-09-10/eecOOHistograms/crab_eecAnalysis_ppref_2024-09-10/260910_041527/0002/eecAnalysis_ppref_2024-09-10_2562.root
hadd Source file 396: /eos/cms/store/group/phys_heavyions/jvelazqu/energycorr/eecAnalysis_ppref_2024-09-10/eecOOHistograms/crab_eecAnalysis_ppref_2024-09-10/260910_041527/0003/eecAnalysis_ppref_2024-09-10_3820.root
hadd Source file 423: /eos/cms/store/group/phys_heavyions/jvelazqu/energycorr/eecAnalysis_ppref_2024-09-10/eecOOHistograms/crab_eecAnalysis_ppref_2024-09-10/260910_041527/0002/eecAnalysis_ppref_2024-09-10_2563.root
hadd Source file 423: /eos/cms/store/group/phys_heavyions/jvelazqu/energycorr/eecAnalysis_ppref_2024-09-10/eecOOHistograms/crab_eecAnalysis_ppref_2024-09-10/260910_041527/0000/eecAnalysis_ppref_2024-09-10_851.root
hadd Source file 424: /eos/cms/store/group/phys_heavyions/jvelazqu/energycorr/eecAnalysis_ppref_2024-09-10/eecOOHistograms/crab_eecAnalysis_ppref_2024-09-10/260910_041527/0000/eecAnalysis_ppref_2024-09-10_852.root
hadd Source file 408: /eos/cms/store/group/phys_heavyions/jvelazqu/energycorr/eecAnalysis_ppref_2024-09-10/eecOOHistograms/crab_eecAnalysis_ppref_2024-09-10/260910_041527/0000/eecAnalysis_ppref_2024-09-10_408.root
hadd Source file 425: /eos/cms/store/group/phys_heavyions/jvelazqu/energycorr/eecAnalysis_ppref_2024-09-10/eecOOHistograms/crab_eecAnalysis_ppref_2024-09-10/260910_041527/0000/eecAnalysis_ppref_2024-09-10_853.root
hadd Source file 409: /eos/cms/store/group/phys_heavyions/jvelazqu/energycorr/eecAnalysis_ppref_2024-09-10/eecOOHistograms/crab_eecAnalysis_ppref_2024-09-10/260910_041527/0000/eecAnalysis_ppref_2024-09-10_409.root
hadd Source file 397: /eos/cms/store/group/phys_heavyions/jvelazqu/energycorr/eecAnalysis_ppref_2024-09-10/eecOOHistograms/crab_eecAnalysis_ppref_2024-09-10/260910_041527/0003/eecAnalysis_ppref_2024-09-10_3821.root
hadd Source file 410: /eos/cms/store/group/phys_heavyions/jvelazqu/energycorr/eecAnalysis_ppref_2024-09-10/eecOOHistograms/crab_eecAnalysis_ppref_2024-09-10/260910_041527/0000/eecAnalysis_ppref_2024-09-10_410.root
hadd Source file 398: /eos/cms/store/group/phys_heavyions/jvelazqu/energycorr/eecAnalysis_ppref_2024-09-10/eecOOHistograms/crab_eecAnalysis_ppref_2024-09-10/260910_041527/0003/eecAnalysis_ppref_2024-09-10_3822.root
hadd Source file 424: /eos/cms/store/group/phys_heavyions/jvelazqu/energycorr/eecAnalysis_ppref_2024-09-10/eecOOHistograms/crab_eecAnalysis_ppref_2024-09-10/260910_041527/0002/eecAnalysis_ppref_2024-09-10_2564.root
hadd Source file 399: /eos/cms/store/group/phys_heavyions/jvelazqu/energycorr/eecAnalysis_ppref_2024-09-10/eecOOHistograms/crab_eecAnalysis_ppref_2024-09-10/260910_041527/0003/eecAnalysis_ppref_2024-09-10_3823.root
hadd Source file 425: /eos/cms/store/group/phys_heavyions/jvelazqu/energycorr/eecAnalysis_ppref_2024-09-10/eecOOHistograms/crab_eecAnalysis_ppref_2024-09-10/260910_041527/0002/eecAnalysis_ppref_2024-09-10_2565.root
hadd Source file 426: /eos/cms/store/group/phys_heavyions/jvelazqu/energycorr/eecAnalysis_ppref_2024-09-10/eecOOHistograms/crab_eecAnalysis_ppref_2024-09-10/260910_041527/0000/eecAnalysis_ppref_2024-09-10_854.root
hadd Source file 400: /eos/cms/store/group/phys_heavyions/jvelazqu/energycorr/eecAnalysis_ppref_2024-09-10/eecOOHistograms/crab_eecAnalysis_ppref_2024-09-10/260910_041527/0003/eecAnalysis_ppref_2024-09-10_3824.root
hadd Source file 426: /eos/cms/store/group/phys_heavyions/jvelazqu/energycorr/eecAnalysis_ppref_2024-09-10/eecOOHistograms/crab_eecAnalysis_ppref_2024-09-10/260910_041527/0002/eecAnalysis_ppref_2024-09-10_2566.root
hadd Source file 427: /eos/cms/store/group/phys_heavyions/jvelazqu/energycorr/eecAnalysis_ppref_2024-09-10/eecOOHistograms/crab_eecAnalysis_ppref_2024-09-10/260910_041527/0002/eecAnalysis_ppref_2024-09-10_2567.root
hadd Source file 411: /eos/cms/store/group/phys_heavyions/jvelazqu/energycorr/eecAnalysis_ppref_2024-09-10/eecOOHistograms/crab_eecAnalysis_ppref_2024-09-10/260910_041527/0000/eecAnalysis_ppref_2024-09-10_411.root
hadd Source file 401: /eos/cms/store/group/phys_heavyions/jvelazqu/energycorr/eecAnalysis_ppref_2024-09-10/eecOOHistograms/crab_eecAnalysis_ppref_2024-09-10/260910_041527/0003/eecAnalysis_ppref_2024-09-10_3825.root
hadd Source file 427: /eos/cms/store/group/phys_heavyions/jvelazqu/energycorr/eecAnalysis_ppref_2024-09-10/eecOOHistograms/crab_eecAnalysis_ppref_2024-09-10/260910_041527/0000/eecAnalysis_ppref_2024-09-10_855.root
hadd Source file 402: /eos/cms/store/group/phys_heavyions/jvelazqu/energycorr/eecAnalysis_ppref_2024-09-10/eecOOHistograms/crab_eecAnalysis_ppref_2024-09-10/260910_041527/0003/eecAnalysis_ppref_2024-09-10_3826.root
hadd Source file 428: /eos/cms/store/group/phys_heavyions/jvelazqu/energycorr/eecAnalysis_ppref_2024-09-10/eecOOHistograms/crab_eecAnalysis_ppref_2024-09-10/260910_041527/0002/eecAnalysis_ppref_2024-09-10_2568.root
hadd Source file 428: /eos/cms/store/group/phys_heavyions/jvelazqu/energycorr/eecAnalysis_ppref_2024-09-10/eecOOHistograms/crab_eecAnalysis_ppref_2024-09-10/260910_041527/0000/eecAnalysis_ppref_2024-09-10_856.root
hadd Target path: /pool/condor/dir_131294/tmp/partial5_5a6db7b0-ada2-11f1-af1f-09c0b9bcbeef.root:/
hadd Source file 403: /eos/cms/store/group/phys_heavyions/jvelazqu/energycorr/eecAnalysis_ppref_2024-09-10/eecOOHistograms/crab_eecAnalysis_ppref_2024-09-10/260910_041527/0003/eecAnalysis_ppref_2024-09-10_3827.root
hadd Target path: /pool/condor/dir_131294/tmp/partial1_5a6db7b0-ada2-11f1-af1f-09c0b9bcbeef.root:/
hadd Source file 404: /eos/cms/store/group/phys_heavyions/jvelazqu/energycorr/eecAnalysis_ppref_2024-09-10/eecOOHistograms/crab_eecAnalysis_ppref_2024-09-10/260910_041527/0003/eecAnalysis_ppref_2024-09-10_3828.root
hadd Source file 405: /eos/cms/store/group/phys_heavyions/jvelazqu/energycorr/eecAnalysis_ppref_2024-09-10/eecOOHistograms/crab_eecAnalysis_ppref_2024-09-10/260910_041527/0003/eecAnalysis_ppref_2024-09-10_3829.root
hadd Source file 412: /eos/cms/store/group/phys_heavyions/jvelazqu/energycorr/eecAnalysis_ppref_2024-09-10/eecOOHistograms/crab_eecAnalysis_ppref_2024-09-10/260910_041527/0000/eecAnalysis_ppref_2024-09-10_412.root
hadd Source file 406: /eos/cms/store/group/phys_heavyions/jvelazqu/energycorr/eecAnalysis_ppref_2024-09-10/eecOOHistograms/crab_eecAnalysis_ppref_2024-09-10/260910_041527/0003/eecAnalysis_ppref_2024-09-10_3830.root
hadd Source file 413: /eos/cms/store/group/phys_heavyions/jvelazqu/energycorr/eecAnalysis_ppref_2024-09-10/eecOOHistograms/crab_eecAnalysis_ppref_2024-09-10/260910_041527/0000/eecAnalysis_ppref_2024-09-10_413.root
hadd Source file 407: /eos/cms/store/group/phys_heavyions/jvelazqu/energycorr/eecAnalysis_ppref_2024-09-10/eecOOHistograms/crab_eecAnalysis_ppref_2024-09-10/260910_041527/0003/eecAnalysis_ppref_2024-09-10_3831.root
hadd Source file 408: /eos/cms/store/group/phys_heavyions/jvelazqu/energycorr/eecAnalysis_ppref_2024-09-10/eecOOHistograms/crab_eecAnalysis_ppref_2024-09-10/260910_041527/0003/eecAnalysis_ppref_2024-09-10_3832.root
hadd Source file 414: /eos/cms/store/group/phys_heavyions/jvelazqu/energycorr/eecAnalysis_ppref_2024-09-10/eecOOHistograms/crab_eecAnalysis_ppref_2024-09-10/260910_041527/0000/eecAnalysis_ppref_2024-09-10_414.root
hadd Source file 409: /eos/cms/store/group/phys_heavyions/jvelazqu/energycorr/eecAnalysis_ppref_2024-09-10/eecOOHistograms/crab_eecAnalysis_ppref_2024-09-10/260910_041527/0003/eecAnalysis_ppref_2024-09-10_3833.root
hadd Source file 410: /eos/cms/store/group/phys_heavyions/jvelazqu/energycorr/eecAnalysis_ppref_2024-09-10/eecOOHistograms/crab_eecAnalysis_ppref_2024-09-10/260910_041527/0003/eecAnalysis_ppref_2024-09-10_3834.root
hadd Source file 415: /eos/cms/store/group/phys_heavyions/jvelazqu/energycorr/eecAnalysis_ppref_2024-09-10/eecOOHistograms/crab_eecAnalysis_ppref_2024-09-10/260910_041527/0000/eecAnalysis_ppref_2024-09-10_415.root
hadd Source file 416: /eos/cms/store/group/phys_heavyions/jvelazqu/energycorr/eecAnalysis_ppref_2024-09-10/eecOOHistograms/crab_eecAnalysis_ppref_2024-09-10/260910_041527/0000/eecAnalysis_ppref_2024-09-10_416.root
hadd Source file 411: /eos/cms/store/group/phys_heavyions/jvelazqu/energycorr/eecAnalysis_ppref_2024-09-10/eecOOHistograms/crab_eecAnalysis_ppref_2024-09-10/260910_041527/0003/eecAnalysis_ppref_2024-09-10_3835.root
hadd Source file 417: /eos/cms/store/group/phys_heavyions/jvelazqu/energycorr/eecAnalysis_ppref_2024-09-10/eecOOHistograms/crab_eecAnalysis_ppref_2024-09-10/260910_041527/0000/eecAnalysis_ppref_2024-09-10_417.root
hadd Source file 412: /eos/cms/store/group/phys_heavyions/jvelazqu/energycorr/eecAnalysis_ppref_2024-09-10/eecOOHistograms/crab_eecAnalysis_ppref_2024-09-10/260910_041527/0003/eecAnalysis_ppref_2024-09-10_3836.root
hadd Source file 418: /eos/cms/store/group/phys_heavyions/jvelazqu/energycorr/eecAnalysis_ppref_2024-09-10/eecOOHistograms/crab_eecAnalysis_ppref_2024-09-10/260910_041527/0000/eecAnalysis_ppref_2024-09-10_418.root
hadd Source file 413: /eos/cms/store/group/phys_heavyions/jvelazqu/energycorr/eecAnalysis_ppref_2024-09-10/eecOOHistograms/crab_eecAnalysis_ppref_2024-09-10/260910_041527/0003/eecAnalysis_ppref_2024-09-10_3837.root
hadd Source file 419: /eos/cms/store/group/phys_heavyions/jvelazqu/energycorr/eecAnalysis_ppref_2024-09-10/eecOOHistograms/crab_eecAnalysis_ppref_2024-09-10/260910_041527/0000/eecAnalysis_ppref_2024-09-10_419.root
hadd Source file 414: /eos/cms/store/group/phys_heavyions/jvelazqu/energycorr/eecAnalysis_ppref_2024-09-10/eecOOHistograms/crab_eecAnalysis_ppref_2024-09-10/260910_041527/0003/eecAnalysis_ppref_2024-09-10_3838.root
hadd Source file 415: /eos/cms/store/group/phys_heavyions/jvelazqu/energycorr/eecAnalysis_ppref_2024-09-10/eecOOHistograms/crab_eecAnalysis_ppref_2024-09-10/260910_041527/0003/eecAnalysis_ppref_2024-09-10_3839.root
hadd Source file 420: /eos/cms/store/group/phys_heavyions/jvelazqu/energycorr/eecAnalysis_ppref_2024-09-10/eecOOHistograms/crab_eecAnalysis_ppref_2024-09-10/260910_041527/0000/eecAnalysis_ppref_2024-09-10_420.root
hadd Source file 421: /eos/cms/store/group/phys_heavyions/jvelazqu/energycorr/eecAnalysis_ppref_2024-09-10/eecOOHistograms/crab_eecAnalysis_ppref_2024-09-10/260910_041527/0000/eecAnalysis_ppref_2024-09-10_421.root
hadd Source file 422: /eos/cms/store/group/phys_heavyions/jvelazqu/energycorr/eecAnalysis_ppref_2024-09-10/eecOOHistograms/crab_eecAnalysis_ppref_2024-09-10/260910_041527/0000/eecAnalysis_ppref_2024-09-10_422.root
hadd Source file 423: /eos/cms/store/group/phys_heavyions/jvelazqu/energycorr/eecAnalysis_ppref_2024-09-10/eecOOHistograms/crab_eecAnalysis_ppref_2024-09-10/260910_041527/0000/eecAnalysis_ppref_2024-09-10_423.root
hadd Source file 416: /eos/cms/store/group/phys_heavyions/jvelazqu/energycorr/eecAnalysis_ppref_2024-09-10/eecOOHistograms/crab_eecAnalysis_ppref_2024-09-10/260910_041527/0003/eecAnalysis_ppref_2024-09-10_3840.root
hadd Source file 424: /eos/cms/store/group/phys_heavyions/jvelazqu/energycorr/eecAnalysis_ppref_2024-09-10/eecOOHistograms/crab_eecAnalysis_ppref_2024-09-10/260910_041527/0000/eecAnalysis_ppref_2024-09-10_424.root
hadd Source file 417: /eos/cms/store/group/phys_heavyions/jvelazqu/energycorr/eecAnalysis_ppref_2024-09-10/eecOOHistograms/crab_eecAnalysis_ppref_2024-09-10/260910_041527/0003/eecAnalysis_ppref_2024-09-10_3841.root
hadd Source file 425: /eos/cms/store/group/phys_heavyions/jvelazqu/energycorr/eecAnalysis_ppref_2024-09-10/eecOOHistograms/crab_eecAnalysis_ppref_2024-09-10/260910_041527/0000/eecAnalysis_ppref_2024-09-10_425.root
hadd Source file 418: /eos/cms/store/group/phys_heavyions/jvelazqu/energycorr/eecAnalysis_ppref_2024-09-10/eecOOHistograms/crab_eecAnalysis_ppref_2024-09-10/260910_041527/0003/eecAnalysis_ppref_2024-09-10_3842.root
hadd Source file 426: /eos/cms/store/group/phys_heavyions/jvelazqu/energycorr/eecAnalysis_ppref_2024-09-10/eecOOHistograms/crab_eecAnalysis_ppref_2024-09-10/260910_041527/0000/eecAnalysis_ppref_2024-09-10_426.root
hadd Source file 419: /eos/cms/store/group/phys_heavyions/jvelazqu/energycorr/eecAnalysis_ppref_2024-09-10/eecOOHistograms/crab_eecAnalysis_ppref_2024-09-10/260910_041527/0003/eecAnalysis_ppref_2024-09-10_3843.root
hadd Source file 420: /eos/cms/store/group/phys_heavyions/jvelazqu/energycorr/eecAnalysis_ppref_2024-09-10/eecOOHistograms/crab_eecAnalysis_ppref_2024-09-10/260910_041527/0003/eecAnalysis_ppref_2024-09-10_3844.root
hadd Source file 421: /eos/cms/store/group/phys_heavyions/jvelazqu/energycorr/eecAnalysis_ppref_2024-09-10/eecOOHistograms/crab_eecAnalysis_ppref_2024-09-10/260910_041527/0003/eecAnalysis_ppref_2024-09-10_3845.root
hadd Source file 427: /eos/cms/store/group/phys_heavyions/jvelazqu/energycorr/eecAnalysis_ppref_2024-09-10/eecOOHistograms/crab_eecAnalysis_ppref_2024-09-10/260910_041527/0000/eecAnalysis_ppref_2024-09-10_427.root
hadd Source file 428: /eos/cms/store/group/phys_heavyions/jvelazqu/energycorr/eecAnalysis_ppref_2024-09-10/eecOOHistograms/crab_eecAnalysis_ppref_2024-09-10/260910_041527/0000/eecAnalysis_ppref_2024-09-10_428.root
hadd Source file 422: /eos/cms/store/group/phys_heavyions/jvelazqu/energycorr/eecAnalysis_ppref_2024-09-10/eecOOHistograms/crab_eecAnalysis_ppref_2024-09-10/260910_041527/0003/eecAnalysis_ppref_2024-09-10_3846.root
hadd Target path: /pool/condor/dir_131294/tmp/partial0_5a6db7b0-ada2-11f1-af1f-09c0b9bcbeef.root:/
hadd Source file 423: /eos/cms/store/group/phys_heavyions/jvelazqu/energycorr/eecAnalysis_ppref_2024-09-10/eecOOHistograms/crab_eecAnalysis_ppref_2024-09-10/260910_041527/0003/eecAnalysis_ppref_2024-09-10_3847.root
hadd Source file 424: /eos/cms/store/group/phys_heavyions/jvelazqu/energycorr/eecAnalysis_ppref_2024-09-10/eecOOHistograms/crab_eecAnalysis_ppref_2024-09-10/260910_041527/0003/eecAnalysis_ppref_2024-09-10_3848.root
hadd Source file 425: /eos/cms/store/group/phys_heavyions/jvelazqu/energycorr/eecAnalysis_ppref_2024-09-10/eecOOHistograms/crab_eecAnalysis_ppref_2024-09-10/260910_041527/0003/eecAnalysis_ppref_2024-09-10_3849.root
hadd Source file 426: /eos/cms/store/group/phys_heavyions/jvelazqu/energycorr/eecAnalysis_ppref_2024-09-10/eecOOHistograms/crab_eecAnalysis_ppref_2024-09-10/260910_041527/0003/eecAnalysis_ppref_2024-09-10_3850.root
hadd Source file 427: /eos/cms/store/group/phys_heavyions/jvelazqu/energycorr/eecAnalysis_ppref_2024-09-10/eecOOHistograms/crab_eecAnalysis_ppref_2024-09-10/260910_041527/0003/eecAnalysis_ppref_2024-09-10_3851.root
hadd Source file 428: /eos/cms/store/group/phys_heavyions/jvelazqu/energycorr/eecAnalysis_ppref_2024-09-10/eecOOHistograms/crab_eecAnalysis_ppref_2024-09-10/260910_041527/0003/eecAnalysis_ppref_2024-09-10_3852.root
hadd Target path: /pool/condor/dir_131294/tmp/partial8_5a6db7b0-ada2-11f1-af1f-09c0b9bcbeef.root:/
hadd Target path: /pool/condor/dir_131294/tmp/partial6_5a6db7b0-ada2-11f1-af1f-09c0b9bcbeef.root:/JCard
hadd Target path: /pool/condor/dir_131294/tmp/partial9_5a6db7b0-ada2-11f1-af1f-09c0b9bcbeef.root:/JCard
hadd Target path: /pool/condor/dir_131294/tmp/partial7_5a6db7b0-ada2-11f1-af1f-09c0b9bcbeef.root:/JCard
hadd Target path: /pool/condor/dir_131294/tmp/partial1_5a6db7b0-ada2-11f1-af1f-09c0b9bcbeef.root:/JCard
hadd Target path: /pool/condor/dir_131294/tmp/partial5_5a6db7b0-ada2-11f1-af1f-09c0b9bcbeef.root:/JCard
hadd Target path: /pool/condor/dir_131294/tmp/partial2_5a6db7b0-ada2-11f1-af1f-09c0b9bcbeef.root:/JCard
hadd Target path: /pool/condor/dir_131294/tmp/partial4_5a6db7b0-ada2-11f1-af1f-09c0b9bcbeef.root:/JCard
hadd Target path: /pool/condor/dir_131294/tmp/partial3_5a6db7b0-ada2-11f1-af1f-09c0b9bcbeef.root:/JCard
hadd Target path: /pool/condor/dir_131294/tmp/partial0_5a6db7b0-ada2-11f1-af1f-09c0b9bcbeef.root:/JCard
hadd Target path: /pool/condor/dir_131294/tmp/partial8_5a6db7b0-ada2-11f1-af1f-09c0b9bcbeef.root:/JCard
hadd Source file 1: /pool/condor/dir_131294/tmp/partial0_5a6db7b0-ada2-11f1-af1f-09c0b9bcbeef.root
hadd Source file 2: /pool/condor/dir_131294/tmp/partial1_5a6db7b0-ada2-11f1-af1f-09c0b9bcbeef.root
hadd Source file 3: /pool/condor/dir_131294/tmp/partial2_5a6db7b0-ada2-11f1-af1f-09c0b9bcbeef.root
hadd Source file 4: /pool/condor/dir_131294/tmp/partial3_5a6db7b0-ada2-11f1-af1f-09c0b9bcbeef.root
hadd Source file 5: /pool/condor/dir_131294/tmp/partial4_5a6db7b0-ada2-11f1-af1f-09c0b9bcbeef.root
hadd Source file 6: /pool/condor/dir_131294/tmp/partial5_5a6db7b0-ada2-11f1-af1f-09c0b9bcbeef.root
hadd Source file 7: /pool/condor/dir_131294/tmp/partial6_5a6db7b0-ada2-11f1-af1f-09c0b9bcbeef.root
hadd Source file 8: /pool/condor/dir_131294/tmp/partial7_5a6db7b0-ada2-11f1-af1f-09c0b9bcbeef.root
hadd Source file 9: /pool/condor/dir_131294/tmp/partial8_5a6db7b0-ada2-11f1-af1f-09c0b9bcbeef.root
hadd Source file 10: /pool/condor/dir_131294/tmp/partial9_5a6db7b0-ada2-11f1-af1f-09c0b9bcbeef.root
hadd Target path: /eos/cms/store/group/phys_heavyions/jvelazqu/energycorr/merged//merged_eecppRef_2024-09-10.root:/
hadd Target path: /eos/cms/store/group/phys_heavyions/jvelazqu/energycorr/merged//merged_eecppRef_2024-09-10.root:/JCard
=========================================================
Merge completado: /eos/cms/store/group/phys_heavyions/jvelazqu/energycorr/merged//merged_eecppRef_2024-09-10.root
=========================================================
