==> Buscando archivos en /eos/cms/store/group/phys_heavyions/jvelazqu/energycorr/event_sel_studies/primeryvertex/000*
==> Encontrados 1000 archivos candidatos
==> Validando integridad (zombies y TTree truncados)...
==> Válidos: 1000 | Malos: 0
==> Mergeando 1000 archivos válidos...
Parallelizing  with 10 processes.
hadd Target file: /eos/cms/store/group/phys_heavyions/jvelazqu/energycorr/merged//merged_R4_axisWTA_cen_primaryvertex.root
hadd compression setting for all output: 101
hadd Source file 1: /eos/cms/store/group/phys_heavyions/jvelazqu/energycorr/event_sel_studies/primeryvertex/0005/L1_object_data_5300_processed.root
hadd Source file 1: /eos/cms/store/group/phys_heavyions/jvelazqu/energycorr/event_sel_studies/primeryvertex/0005/L1_object_data_5700_processed.root
hadd Source file 1: /eos/cms/store/group/phys_heavyions/jvelazqu/energycorr/event_sel_studies/primeryvertex/0005/L1_object_data_5000_processed.root
hadd Source file 1: /eos/cms/store/group/phys_heavyions/jvelazqu/energycorr/event_sel_studies/primeryvertex/0005/L1_object_data_5100_processed.root
hadd Source file 1: /eos/cms/store/group/phys_heavyions/jvelazqu/energycorr/event_sel_studies/primeryvertex/0005/L1_object_data_5400_processed.root
hadd Source file 1: /eos/cms/store/group/phys_heavyions/jvelazqu/energycorr/event_sel_studies/primeryvertex/0005/L1_object_data_5500_processed.root
hadd Source file 1: /eos/cms/store/group/phys_heavyions/jvelazqu/energycorr/event_sel_studies/primeryvertex/0005/L1_object_data_5200_processed.root
hadd Source file 1: /eos/cms/store/group/phys_heavyions/jvelazqu/energycorr/event_sel_studies/primeryvertex/0005/L1_object_data_5600_processed.root
hadd Source file 1: /eos/cms/store/group/phys_heavyions/jvelazqu/energycorr/event_sel_studies/primeryvertex/0005/L1_object_data_5800_processed.root
hadd Source file 1: /eos/cms/store/group/phys_heavyions/jvelazqu/energycorr/event_sel_studies/primeryvertex/0005/L1_object_data_5900_processed.root
hadd Source file 2: /eos/cms/store/group/phys_heavyions/jvelazqu/energycorr/event_sel_studies/primeryvertex/0005/L1_object_data_5801_processed.root
hadd Source file 2: /eos/cms/store/group/phys_heavyions/jvelazqu/energycorr/event_sel_studies/primeryvertex/0005/L1_object_data_5901_processed.root
hadd Source file 2: /eos/cms/store/group/phys_heavyions/jvelazqu/energycorr/event_sel_studies/primeryvertex/0005/L1_object_data_5001_processed.root
hadd Source file 3: /eos/cms/store/group/phys_heavyions/jvelazqu/energycorr/event_sel_studies/primeryvertex/0005/L1_object_data_5802_processed.root
hadd Source file 2: /eos/cms/store/group/phys_heavyions/jvelazqu/energycorr/event_sel_studies/primeryvertex/0005/L1_object_data_5301_processed.root
hadd Source file 2: /eos/cms/store/group/phys_heavyions/jvelazqu/energycorr/event_sel_studies/primeryvertex/0005/L1_object_data_5201_processed.root
hadd Source file 2: /eos/cms/store/group/phys_heavyions/jvelazqu/energycorr/event_sel_studies/primeryvertex/0005/L1_object_data_5101_processed.root
hadd Source file 2: /eos/cms/store/group/phys_heavyions/jvelazqu/energycorr/event_sel_studies/primeryvertex/0005/L1_object_data_5501_processed.root
hadd Source file 2: /eos/cms/store/group/phys_heavyions/jvelazqu/energycorr/event_sel_studies/primeryvertex/0005/L1_object_data_5401_processed.root
hadd Source file 2: /eos/cms/store/group/phys_heavyions/jvelazqu/energycorr/event_sel_studies/primeryvertex/0005/L1_object_data_5701_processed.root
hadd Source file 3: /eos/cms/store/group/phys_heavyions/jvelazqu/energycorr/event_sel_studies/primeryvertex/0005/L1_object_data_5902_processed.root
hadd Source file 3: /eos/cms/store/group/phys_heavyions/jvelazqu/energycorr/event_sel_studies/primeryvertex/0005/L1_object_data_5002_processed.root
hadd Source file 3: /eos/cms/store/group/phys_heavyions/jvelazqu/energycorr/event_sel_studies/primeryvertex/0005/L1_object_data_5302_processed.root
hadd Source file 4: /eos/cms/store/group/phys_heavyions/jvelazqu/energycorr/event_sel_studies/primeryvertex/0005/L1_object_data_5803_processed.root
hadd Source file 3: /eos/cms/store/group/phys_heavyions/jvelazqu/energycorr/event_sel_studies/primeryvertex/0005/L1_object_data_5202_processed.root
hadd Source file 4: /eos/cms/store/group/phys_heavyions/jvelazqu/energycorr/event_sel_studies/primeryvertex/0005/L1_object_data_5903_processed.root
hadd Source file 3: /eos/cms/store/group/phys_heavyions/jvelazqu/energycorr/event_sel_studies/primeryvertex/0005/L1_object_data_5402_processed.root
hadd Source file 2: /eos/cms/store/group/phys_heavyions/jvelazqu/energycorr/event_sel_studies/primeryvertex/0005/L1_object_data_5601_processed.root
hadd Source file 4: /eos/cms/store/group/phys_heavyions/jvelazqu/energycorr/event_sel_studies/primeryvertex/0005/L1_object_data_5303_processed.root
hadd Source file 4: /eos/cms/store/group/phys_heavyions/jvelazqu/energycorr/event_sel_studies/primeryvertex/0005/L1_object_data_5003_processed.root
hadd Source file 3: /eos/cms/store/group/phys_heavyions/jvelazqu/energycorr/event_sel_studies/primeryvertex/0005/L1_object_data_5702_processed.root
hadd Source file 3: /eos/cms/store/group/phys_heavyions/jvelazqu/energycorr/event_sel_studies/primeryvertex/0005/L1_object_data_5602_processed.root
hadd Source file 4: /eos/cms/store/group/phys_heavyions/jvelazqu/energycorr/event_sel_studies/primeryvertex/0005/L1_object_data_5203_processed.root
hadd Source file 5: /eos/cms/store/group/phys_heavyions/jvelazqu/energycorr/event_sel_studies/primeryvertex/0005/L1_object_data_5004_processed.root
hadd Source file 5: /eos/cms/store/group/phys_heavyions/jvelazqu/energycorr/event_sel_studies/primeryvertex/0005/L1_object_data_5904_processed.root
hadd Source file 5: /eos/cms/store/group/phys_heavyions/jvelazqu/energycorr/event_sel_studies/primeryvertex/0005/L1_object_data_5804_processed.root
hadd Source file 4: /eos/cms/store/group/phys_heavyions/jvelazqu/energycorr/event_sel_studies/primeryvertex/0005/L1_object_data_5603_processed.root
hadd Source file 6: /eos/cms/store/group/phys_heavyions/jvelazqu/energycorr/event_sel_studies/primeryvertex/0005/L1_object_data_5905_processed.root
hadd Source file 6: /eos/cms/store/group/phys_heavyions/jvelazqu/energycorr/event_sel_studies/primeryvertex/0005/L1_object_data_5805_processed.root
hadd Source file 3: /eos/cms/store/group/phys_heavyions/jvelazqu/energycorr/event_sel_studies/primeryvertex/0005/L1_object_data_5102_processed.root
hadd Source file 5: /eos/cms/store/group/phys_heavyions/jvelazqu/energycorr/event_sel_studies/primeryvertex/0005/L1_object_data_5604_processed.root
hadd Source file 3: /eos/cms/store/group/phys_heavyions/jvelazqu/energycorr/event_sel_studies/primeryvertex/0005/L1_object_data_5502_processed.root
hadd Source file 7: /eos/cms/store/group/phys_heavyions/jvelazqu/energycorr/event_sel_studies/primeryvertex/0005/L1_object_data_5906_processed.root
hadd Source file 6: /eos/cms/store/group/phys_heavyions/jvelazqu/energycorr/event_sel_studies/primeryvertex/0005/L1_object_data_5605_processed.root
hadd Source file 4: /eos/cms/store/group/phys_heavyions/jvelazqu/energycorr/event_sel_studies/primeryvertex/0005/L1_object_data_5703_processed.root
hadd Source file 4: /eos/cms/store/group/phys_heavyions/jvelazqu/energycorr/event_sel_studies/primeryvertex/0005/L1_object_data_5103_processed.root
hadd Source file 8: /eos/cms/store/group/phys_heavyions/jvelazqu/energycorr/event_sel_studies/primeryvertex/0005/L1_object_data_5907_processed.root
hadd Source file 7: /eos/cms/store/group/phys_heavyions/jvelazqu/energycorr/event_sel_studies/primeryvertex/0005/L1_object_data_5606_processed.root
hadd Source file 5: /eos/cms/store/group/phys_heavyions/jvelazqu/energycorr/event_sel_studies/primeryvertex/0005/L1_object_data_5304_processed.root
hadd Source file 4: /eos/cms/store/group/phys_heavyions/jvelazqu/energycorr/event_sel_studies/primeryvertex/0005/L1_object_data_5403_processed.root
hadd Source file 7: /eos/cms/store/group/phys_heavyions/jvelazqu/energycorr/event_sel_studies/primeryvertex/0005/L1_object_data_5806_processed.root
hadd Source file 5: /eos/cms/store/group/phys_heavyions/jvelazqu/energycorr/event_sel_studies/primeryvertex/0005/L1_object_data_5704_processed.root
hadd Source file 5: /eos/cms/store/group/phys_heavyions/jvelazqu/energycorr/event_sel_studies/primeryvertex/0005/L1_object_data_5204_processed.root
hadd Source file 6: /eos/cms/store/group/phys_heavyions/jvelazqu/energycorr/event_sel_studies/primeryvertex/0005/L1_object_data_5005_processed.root
hadd Source file 8: /eos/cms/store/group/phys_heavyions/jvelazqu/energycorr/event_sel_studies/primeryvertex/0005/L1_object_data_5607_processed.root
hadd Source file 4: /eos/cms/store/group/phys_heavyions/jvelazqu/energycorr/event_sel_studies/primeryvertex/0005/L1_object_data_5503_processed.root
hadd Source file 6: /eos/cms/store/group/phys_heavyions/jvelazqu/energycorr/event_sel_studies/primeryvertex/0005/L1_object_data_5305_processed.root
hadd Source file 5: /eos/cms/store/group/phys_heavyions/jvelazqu/energycorr/event_sel_studies/primeryvertex/0005/L1_object_data_5404_processed.root
hadd Source file 6: /eos/cms/store/group/phys_heavyions/jvelazqu/energycorr/event_sel_studies/primeryvertex/0005/L1_object_data_5205_processed.root
hadd Source file 9: /eos/cms/store/group/phys_heavyions/jvelazqu/energycorr/event_sel_studies/primeryvertex/0005/L1_object_data_5608_processed.root
hadd Source file 7: /eos/cms/store/group/phys_heavyions/jvelazqu/energycorr/event_sel_studies/primeryvertex/0005/L1_object_data_5006_processed.root
hadd Source file 6: /eos/cms/store/group/phys_heavyions/jvelazqu/energycorr/event_sel_studies/primeryvertex/0005/L1_object_data_5705_processed.root
hadd Source file 7: /eos/cms/store/group/phys_heavyions/jvelazqu/energycorr/event_sel_studies/primeryvertex/0005/L1_object_data_5306_processed.root
hadd Source file 5: /eos/cms/store/group/phys_heavyions/jvelazqu/energycorr/event_sel_studies/primeryvertex/0005/L1_object_data_5104_processed.root
hadd Source file 8: /eos/cms/store/group/phys_heavyions/jvelazqu/energycorr/event_sel_studies/primeryvertex/0005/L1_object_data_5307_processed.root
hadd Source file 8: /eos/cms/store/group/phys_heavyions/jvelazqu/energycorr/event_sel_studies/primeryvertex/0005/L1_object_data_5807_processed.root
hadd Source file 6: /eos/cms/store/group/phys_heavyions/jvelazqu/energycorr/event_sel_studies/primeryvertex/0005/L1_object_data_5405_processed.root
hadd Source file 5: /eos/cms/store/group/phys_heavyions/jvelazqu/energycorr/event_sel_studies/primeryvertex/0005/L1_object_data_5504_processed.root
hadd Source file 8: /eos/cms/store/group/phys_heavyions/jvelazqu/energycorr/event_sel_studies/primeryvertex/0005/L1_object_data_5007_processed.root
hadd Source file 6: /eos/cms/store/group/phys_heavyions/jvelazqu/energycorr/event_sel_studies/primeryvertex/0005/L1_object_data_5105_processed.root
hadd Source file 10: /eos/cms/store/group/phys_heavyions/jvelazqu/energycorr/event_sel_studies/primeryvertex/0005/L1_object_data_5609_processed.root
hadd Source file 7: /eos/cms/store/group/phys_heavyions/jvelazqu/energycorr/event_sel_studies/primeryvertex/0005/L1_object_data_5706_processed.root
hadd Source file 7: /eos/cms/store/group/phys_heavyions/jvelazqu/energycorr/event_sel_studies/primeryvertex/0005/L1_object_data_5206_processed.root
hadd Source file 9: /eos/cms/store/group/phys_heavyions/jvelazqu/energycorr/event_sel_studies/primeryvertex/0005/L1_object_data_5808_processed.root
hadd Source file 9: /eos/cms/store/group/phys_heavyions/jvelazqu/energycorr/event_sel_studies/primeryvertex/0005/L1_object_data_5308_processed.root
hadd Source file 7: /eos/cms/store/group/phys_heavyions/jvelazqu/energycorr/event_sel_studies/primeryvertex/0005/L1_object_data_5406_processed.root
hadd Source file 6: /eos/cms/store/group/phys_heavyions/jvelazqu/energycorr/event_sel_studies/primeryvertex/0005/L1_object_data_5505_processed.root
hadd Source file 9: /eos/cms/store/group/phys_heavyions/jvelazqu/energycorr/event_sel_studies/primeryvertex/0005/L1_object_data_5008_processed.root
hadd Source file 9: /eos/cms/store/group/phys_heavyions/jvelazqu/energycorr/event_sel_studies/primeryvertex/0005/L1_object_data_5908_processed.root
hadd Source file 8: /eos/cms/store/group/phys_heavyions/jvelazqu/energycorr/event_sel_studies/primeryvertex/0005/L1_object_data_5207_processed.root
hadd Source file 8: /eos/cms/store/group/phys_heavyions/jvelazqu/energycorr/event_sel_studies/primeryvertex/0005/L1_object_data_5707_processed.root
hadd Source file 7: /eos/cms/store/group/phys_heavyions/jvelazqu/energycorr/event_sel_studies/primeryvertex/0005/L1_object_data_5106_processed.root
hadd Source file 10: /eos/cms/store/group/phys_heavyions/jvelazqu/energycorr/event_sel_studies/primeryvertex/0005/L1_object_data_5309_processed.root
hadd Source file 11: /eos/cms/store/group/phys_heavyions/jvelazqu/energycorr/event_sel_studies/primeryvertex/0005/L1_object_data_5610_processed.root
hadd Source file 8: /eos/cms/store/group/phys_heavyions/jvelazqu/energycorr/event_sel_studies/primeryvertex/0005/L1_object_data_5407_processed.root
hadd Source file 10: /eos/cms/store/group/phys_heavyions/jvelazqu/energycorr/event_sel_studies/primeryvertex/0005/L1_object_data_5809_processed.root
hadd Source file 11: /eos/cms/store/group/phys_heavyions/jvelazqu/energycorr/event_sel_studies/primeryvertex/0005/L1_object_data_5310_processed.root
hadd Source file 7: /eos/cms/store/group/phys_heavyions/jvelazqu/energycorr/event_sel_studies/primeryvertex/0005/L1_object_data_5506_processed.root
hadd Source file 12: /eos/cms/store/group/phys_heavyions/jvelazqu/energycorr/event_sel_studies/primeryvertex/0005/L1_object_data_5611_processed.root
hadd Source file 8: /eos/cms/store/group/phys_heavyions/jvelazqu/energycorr/event_sel_studies/primeryvertex/0005/L1_object_data_5107_processed.root
hadd Source file 9: /eos/cms/store/group/phys_heavyions/jvelazqu/energycorr/event_sel_studies/primeryvertex/0005/L1_object_data_5708_processed.root
hadd Source file 10: /eos/cms/store/group/phys_heavyions/jvelazqu/energycorr/event_sel_studies/primeryvertex/0005/L1_object_data_5009_processed.root
hadd Source file 9: /eos/cms/store/group/phys_heavyions/jvelazqu/energycorr/event_sel_studies/primeryvertex/0005/L1_object_data_5208_processed.root
hadd Source file 9: /eos/cms/store/group/phys_heavyions/jvelazqu/energycorr/event_sel_studies/primeryvertex/0005/L1_object_data_5408_processed.root
hadd Source file 10: /eos/cms/store/group/phys_heavyions/jvelazqu/energycorr/event_sel_studies/primeryvertex/0005/L1_object_data_5709_processed.root
hadd Source file 13: /eos/cms/store/group/phys_heavyions/jvelazqu/energycorr/event_sel_studies/primeryvertex/0005/L1_object_data_5612_processed.root
hadd Source file 12: /eos/cms/store/group/phys_heavyions/jvelazqu/energycorr/event_sel_studies/primeryvertex/0005/L1_object_data_5311_processed.root
hadd Source file 11: /eos/cms/store/group/phys_heavyions/jvelazqu/energycorr/event_sel_studies/primeryvertex/0005/L1_object_data_5710_processed.root
hadd Source file 9: /eos/cms/store/group/phys_heavyions/jvelazqu/energycorr/event_sel_studies/primeryvertex/0005/L1_object_data_5108_processed.root
hadd Source file 8: /eos/cms/store/group/phys_heavyions/jvelazqu/energycorr/event_sel_studies/primeryvertex/0005/L1_object_data_5507_processed.root
hadd Source file 11: /eos/cms/store/group/phys_heavyions/jvelazqu/energycorr/event_sel_studies/primeryvertex/0005/L1_object_data_5810_processed.root
hadd Source file 10: /eos/cms/store/group/phys_heavyions/jvelazqu/energycorr/event_sel_studies/primeryvertex/0005/L1_object_data_5209_processed.root
hadd Source file 11: /eos/cms/store/group/phys_heavyions/jvelazqu/energycorr/event_sel_studies/primeryvertex/0005/L1_object_data_5010_processed.root
hadd Source file 14: /eos/cms/store/group/phys_heavyions/jvelazqu/energycorr/event_sel_studies/primeryvertex/0005/L1_object_data_5613_processed.root
hadd Source file 13: /eos/cms/store/group/phys_heavyions/jvelazqu/energycorr/event_sel_studies/primeryvertex/0005/L1_object_data_5312_processed.root
hadd Source file 9: /eos/cms/store/group/phys_heavyions/jvelazqu/energycorr/event_sel_studies/primeryvertex/0005/L1_object_data_5508_processed.root
hadd Source file 12: /eos/cms/store/group/phys_heavyions/jvelazqu/energycorr/event_sel_studies/primeryvertex/0005/L1_object_data_5711_processed.root
hadd Source file 12: /eos/cms/store/group/phys_heavyions/jvelazqu/energycorr/event_sel_studies/primeryvertex/0005/L1_object_data_5811_processed.root
hadd Source file 10: /eos/cms/store/group/phys_heavyions/jvelazqu/energycorr/event_sel_studies/primeryvertex/0005/L1_object_data_5109_processed.root
hadd Source file 12: /eos/cms/store/group/phys_heavyions/jvelazqu/energycorr/event_sel_studies/primeryvertex/0005/L1_object_data_5011_processed.root
hadd Source file 10: /eos/cms/store/group/phys_heavyions/jvelazqu/energycorr/event_sel_studies/primeryvertex/0005/L1_object_data_5909_processed.root
hadd Source file 10: /eos/cms/store/group/phys_heavyions/jvelazqu/energycorr/event_sel_studies/primeryvertex/0005/L1_object_data_5409_processed.root
hadd Source file 10: /eos/cms/store/group/phys_heavyions/jvelazqu/energycorr/event_sel_studies/primeryvertex/0005/L1_object_data_5509_processed.root
hadd Source file 13: /eos/cms/store/group/phys_heavyions/jvelazqu/energycorr/event_sel_studies/primeryvertex/0005/L1_object_data_5812_processed.root
hadd Source file 14: /eos/cms/store/group/phys_heavyions/jvelazqu/energycorr/event_sel_studies/primeryvertex/0005/L1_object_data_5313_processed.root
hadd Source file 13: /eos/cms/store/group/phys_heavyions/jvelazqu/energycorr/event_sel_studies/primeryvertex/0005/L1_object_data_5712_processed.root
hadd Source file 13: /eos/cms/store/group/phys_heavyions/jvelazqu/energycorr/event_sel_studies/primeryvertex/0005/L1_object_data_5012_processed.root
hadd Source file 11: /eos/cms/store/group/phys_heavyions/jvelazqu/energycorr/event_sel_studies/primeryvertex/0005/L1_object_data_5110_processed.root
hadd Source file 11: /eos/cms/store/group/phys_heavyions/jvelazqu/energycorr/event_sel_studies/primeryvertex/0005/L1_object_data_5510_processed.root
hadd Source file 11: /eos/cms/store/group/phys_heavyions/jvelazqu/energycorr/event_sel_studies/primeryvertex/0005/L1_object_data_5410_processed.root
hadd Source file 14: /eos/cms/store/group/phys_heavyions/jvelazqu/energycorr/event_sel_studies/primeryvertex/0005/L1_object_data_5813_processed.root
hadd Source file 15: /eos/cms/store/group/phys_heavyions/jvelazqu/energycorr/event_sel_studies/primeryvertex/0005/L1_object_data_5314_processed.root
hadd Source file 14: /eos/cms/store/group/phys_heavyions/jvelazqu/energycorr/event_sel_studies/primeryvertex/0005/L1_object_data_5013_processed.root
hadd Source file 11: /eos/cms/store/group/phys_heavyions/jvelazqu/energycorr/event_sel_studies/primeryvertex/0005/L1_object_data_5910_processed.root
hadd Source file 15: /eos/cms/store/group/phys_heavyions/jvelazqu/energycorr/event_sel_studies/primeryvertex/0005/L1_object_data_5814_processed.root
hadd Source file 12: /eos/cms/store/group/phys_heavyions/jvelazqu/energycorr/event_sel_studies/primeryvertex/0005/L1_object_data_5911_processed.root
hadd Source file 11: /eos/cms/store/group/phys_heavyions/jvelazqu/energycorr/event_sel_studies/primeryvertex/0005/L1_object_data_5210_processed.root
hadd Source file 16: /eos/cms/store/group/phys_heavyions/jvelazqu/energycorr/event_sel_studies/primeryvertex/0005/L1_object_data_5815_processed.root
hadd Source file 12: /eos/cms/store/group/phys_heavyions/jvelazqu/energycorr/event_sel_studies/primeryvertex/0005/L1_object_data_5511_processed.root
hadd Source file 13: /eos/cms/store/group/phys_heavyions/jvelazqu/energycorr/event_sel_studies/primeryvertex/0005/L1_object_data_5912_processed.root
hadd Source file 15: /eos/cms/store/group/phys_heavyions/jvelazqu/energycorr/event_sel_studies/primeryvertex/0005/L1_object_data_5014_processed.root
hadd Source file 12: /eos/cms/store/group/phys_heavyions/jvelazqu/energycorr/event_sel_studies/primeryvertex/0005/L1_object_data_5111_processed.root
hadd Source file 13: /eos/cms/store/group/phys_heavyions/jvelazqu/energycorr/event_sel_studies/primeryvertex/0005/L1_object_data_5512_processed.root
hadd Source file 12: /eos/cms/store/group/phys_heavyions/jvelazqu/energycorr/event_sel_studies/primeryvertex/0005/L1_object_data_5411_processed.root
hadd Source file 12: /eos/cms/store/group/phys_heavyions/jvelazqu/energycorr/event_sel_studies/primeryvertex/0005/L1_object_data_5211_processed.root
hadd Source file 15: /eos/cms/store/group/phys_heavyions/jvelazqu/energycorr/event_sel_studies/primeryvertex/0005/L1_object_data_5614_processed.root
hadd Source file 16: /eos/cms/store/group/phys_heavyions/jvelazqu/energycorr/event_sel_studies/primeryvertex/0005/L1_object_data_5315_processed.root
hadd Source file 14: /eos/cms/store/group/phys_heavyions/jvelazqu/energycorr/event_sel_studies/primeryvertex/0005/L1_object_data_5713_processed.root
hadd Source file 17: /eos/cms/store/group/phys_heavyions/jvelazqu/energycorr/event_sel_studies/primeryvertex/0005/L1_object_data_5816_processed.root
hadd Source file 14: /eos/cms/store/group/phys_heavyions/jvelazqu/energycorr/event_sel_studies/primeryvertex/0005/L1_object_data_5513_processed.root
hadd Source file 13: /eos/cms/store/group/phys_heavyions/jvelazqu/energycorr/event_sel_studies/primeryvertex/0005/L1_object_data_5112_processed.root
hadd Source file 17: /eos/cms/store/group/phys_heavyions/jvelazqu/energycorr/event_sel_studies/primeryvertex/0005/L1_object_data_5316_processed.root
hadd Source file 16: /eos/cms/store/group/phys_heavyions/jvelazqu/energycorr/event_sel_studies/primeryvertex/0005/L1_object_data_5015_processed.root
hadd Source file 13: /eos/cms/store/group/phys_heavyions/jvelazqu/energycorr/event_sel_studies/primeryvertex/0005/L1_object_data_5212_processed.root
hadd Source file 16: /eos/cms/store/group/phys_heavyions/jvelazqu/energycorr/event_sel_studies/primeryvertex/0005/L1_object_data_5615_processed.root
hadd Source file 14: /eos/cms/store/group/phys_heavyions/jvelazqu/energycorr/event_sel_studies/primeryvertex/0005/L1_object_data_5913_processed.root
hadd Source file 13: /eos/cms/store/group/phys_heavyions/jvelazqu/energycorr/event_sel_studies/primeryvertex/0005/L1_object_data_5412_processed.root
hadd Source file 15: /eos/cms/store/group/phys_heavyions/jvelazqu/energycorr/event_sel_studies/primeryvertex/0005/L1_object_data_5514_processed.root
hadd Source file 18: /eos/cms/store/group/phys_heavyions/jvelazqu/energycorr/event_sel_studies/primeryvertex/0005/L1_object_data_5317_processed.root
hadd Source file 14: /eos/cms/store/group/phys_heavyions/jvelazqu/energycorr/event_sel_studies/primeryvertex/0005/L1_object_data_5113_processed.root
hadd Source file 18: /eos/cms/store/group/phys_heavyions/jvelazqu/energycorr/event_sel_studies/primeryvertex/0005/L1_object_data_5817_processed.root
hadd Source file 17: /eos/cms/store/group/phys_heavyions/jvelazqu/energycorr/event_sel_studies/primeryvertex/0005/L1_object_data_5016_processed.root
hadd Source file 14: /eos/cms/store/group/phys_heavyions/jvelazqu/energycorr/event_sel_studies/primeryvertex/0005/L1_object_data_5213_processed.root
hadd Source file 15: /eos/cms/store/group/phys_heavyions/jvelazqu/energycorr/event_sel_studies/primeryvertex/0005/L1_object_data_5914_processed.root
hadd Source file 17: /eos/cms/store/group/phys_heavyions/jvelazqu/energycorr/event_sel_studies/primeryvertex/0005/L1_object_data_5616_processed.root
hadd Source file 14: /eos/cms/store/group/phys_heavyions/jvelazqu/energycorr/event_sel_studies/primeryvertex/0005/L1_object_data_5413_processed.root
hadd Source file 15: /eos/cms/store/group/phys_heavyions/jvelazqu/energycorr/event_sel_studies/primeryvertex/0005/L1_object_data_5114_processed.root
hadd Source file 19: /eos/cms/store/group/phys_heavyions/jvelazqu/energycorr/event_sel_studies/primeryvertex/0005/L1_object_data_5818_processed.root
hadd Source file 16: /eos/cms/store/group/phys_heavyions/jvelazqu/energycorr/event_sel_studies/primeryvertex/0005/L1_object_data_5915_processed.root
hadd Source file 18: /eos/cms/store/group/phys_heavyions/jvelazqu/energycorr/event_sel_studies/primeryvertex/0005/L1_object_data_5017_processed.root
hadd Source file 19: /eos/cms/store/group/phys_heavyions/jvelazqu/energycorr/event_sel_studies/primeryvertex/0005/L1_object_data_5318_processed.root
hadd Source file 18: /eos/cms/store/group/phys_heavyions/jvelazqu/energycorr/event_sel_studies/primeryvertex/0005/L1_object_data_5617_processed.root
hadd Source file 15: /eos/cms/store/group/phys_heavyions/jvelazqu/energycorr/event_sel_studies/primeryvertex/0005/L1_object_data_5214_processed.root
hadd Source file 16: /eos/cms/store/group/phys_heavyions/jvelazqu/energycorr/event_sel_studies/primeryvertex/0005/L1_object_data_5115_processed.root
hadd Source file 17: /eos/cms/store/group/phys_heavyions/jvelazqu/energycorr/event_sel_studies/primeryvertex/0005/L1_object_data_5916_processed.root
hadd Source file 20: /eos/cms/store/group/phys_heavyions/jvelazqu/energycorr/event_sel_studies/primeryvertex/0005/L1_object_data_5819_processed.root
hadd Source file 15: /eos/cms/store/group/phys_heavyions/jvelazqu/energycorr/event_sel_studies/primeryvertex/0005/L1_object_data_5414_processed.root
hadd Source file 19: /eos/cms/store/group/phys_heavyions/jvelazqu/energycorr/event_sel_studies/primeryvertex/0005/L1_object_data_5618_processed.root
hadd Source file 19: /eos/cms/store/group/phys_heavyions/jvelazqu/energycorr/event_sel_studies/primeryvertex/0005/L1_object_data_5018_processed.root
hadd Source file 16: /eos/cms/store/group/phys_heavyions/jvelazqu/energycorr/event_sel_studies/primeryvertex/0005/L1_object_data_5215_processed.root
hadd Source file 18: /eos/cms/store/group/phys_heavyions/jvelazqu/energycorr/event_sel_studies/primeryvertex/0005/L1_object_data_5917_processed.root
hadd Source file 20: /eos/cms/store/group/phys_heavyions/jvelazqu/energycorr/event_sel_studies/primeryvertex/0005/L1_object_data_5319_processed.root
hadd Source file 17: /eos/cms/store/group/phys_heavyions/jvelazqu/energycorr/event_sel_studies/primeryvertex/0005/L1_object_data_5116_processed.root
hadd Source file 15: /eos/cms/store/group/phys_heavyions/jvelazqu/energycorr/event_sel_studies/primeryvertex/0005/L1_object_data_5714_processed.root
hadd Source file 17: /eos/cms/store/group/phys_heavyions/jvelazqu/energycorr/event_sel_studies/primeryvertex/0005/L1_object_data_5216_processed.root
hadd Source file 16: /eos/cms/store/group/phys_heavyions/jvelazqu/energycorr/event_sel_studies/primeryvertex/0005/L1_object_data_5415_processed.root
hadd Source file 21: /eos/cms/store/group/phys_heavyions/jvelazqu/energycorr/event_sel_studies/primeryvertex/0005/L1_object_data_5820_processed.root
hadd Source file 21: /eos/cms/store/group/phys_heavyions/jvelazqu/energycorr/event_sel_studies/primeryvertex/0005/L1_object_data_5320_processed.root
hadd Source file 16: /eos/cms/store/group/phys_heavyions/jvelazqu/energycorr/event_sel_studies/primeryvertex/0005/L1_object_data_5515_processed.root
hadd Source file 20: /eos/cms/store/group/phys_heavyions/jvelazqu/energycorr/event_sel_studies/primeryvertex/0005/L1_object_data_5619_processed.root
hadd Source file 20: /eos/cms/store/group/phys_heavyions/jvelazqu/energycorr/event_sel_studies/primeryvertex/0005/L1_object_data_5019_processed.root
hadd Source file 16: /eos/cms/store/group/phys_heavyions/jvelazqu/energycorr/event_sel_studies/primeryvertex/0005/L1_object_data_5715_processed.root
hadd Source file 17: /eos/cms/store/group/phys_heavyions/jvelazqu/energycorr/event_sel_studies/primeryvertex/0005/L1_object_data_5416_processed.root
hadd Source file 22: /eos/cms/store/group/phys_heavyions/jvelazqu/energycorr/event_sel_studies/primeryvertex/0005/L1_object_data_5821_processed.root
hadd Source file 18: /eos/cms/store/group/phys_heavyions/jvelazqu/energycorr/event_sel_studies/primeryvertex/0005/L1_object_data_5117_processed.root
hadd Source file 17: /eos/cms/store/group/phys_heavyions/jvelazqu/energycorr/event_sel_studies/primeryvertex/0005/L1_object_data_5516_processed.root
hadd Source file 17: /eos/cms/store/group/phys_heavyions/jvelazqu/energycorr/event_sel_studies/primeryvertex/0005/L1_object_data_5716_processed.root
hadd Source file 22: /eos/cms/store/group/phys_heavyions/jvelazqu/energycorr/event_sel_studies/primeryvertex/0005/L1_object_data_5321_processed.root
hadd Source file 21: /eos/cms/store/group/phys_heavyions/jvelazqu/energycorr/event_sel_studies/primeryvertex/0005/L1_object_data_5620_processed.root
hadd Source file 19: /eos/cms/store/group/phys_heavyions/jvelazqu/energycorr/event_sel_studies/primeryvertex/0005/L1_object_data_5118_processed.root
hadd Source file 23: /eos/cms/store/group/phys_heavyions/jvelazqu/energycorr/event_sel_studies/primeryvertex/0005/L1_object_data_5822_processed.root
hadd Source file 18: /eos/cms/store/group/phys_heavyions/jvelazqu/energycorr/event_sel_studies/primeryvertex/0005/L1_object_data_5417_processed.root
hadd Source file 18: /eos/cms/store/group/phys_heavyions/jvelazqu/energycorr/event_sel_studies/primeryvertex/0005/L1_object_data_5717_processed.root
hadd Source file 19: /eos/cms/store/group/phys_heavyions/jvelazqu/energycorr/event_sel_studies/primeryvertex/0005/L1_object_data_5418_processed.root
hadd Source file 23: /eos/cms/store/group/phys_heavyions/jvelazqu/energycorr/event_sel_studies/primeryvertex/0005/L1_object_data_5322_processed.root
hadd Source file 18: /eos/cms/store/group/phys_heavyions/jvelazqu/energycorr/event_sel_studies/primeryvertex/0005/L1_object_data_5517_processed.root
hadd Source file 18: /eos/cms/store/group/phys_heavyions/jvelazqu/energycorr/event_sel_studies/primeryvertex/0005/L1_object_data_5217_processed.root
hadd Source file 24: /eos/cms/store/group/phys_heavyions/jvelazqu/energycorr/event_sel_studies/primeryvertex/0005/L1_object_data_5823_processed.root
hadd Source file 19: /eos/cms/store/group/phys_heavyions/jvelazqu/energycorr/event_sel_studies/primeryvertex/0005/L1_object_data_5918_processed.root
hadd Source file 20: /eos/cms/store/group/phys_heavyions/jvelazqu/energycorr/event_sel_studies/primeryvertex/0005/L1_object_data_5119_processed.root
hadd Source file 22: /eos/cms/store/group/phys_heavyions/jvelazqu/energycorr/event_sel_studies/primeryvertex/0005/L1_object_data_5621_processed.root
hadd Source file 19: /eos/cms/store/group/phys_heavyions/jvelazqu/energycorr/event_sel_studies/primeryvertex/0005/L1_object_data_5218_processed.root
hadd Source file 20: /eos/cms/store/group/phys_heavyions/jvelazqu/energycorr/event_sel_studies/primeryvertex/0005/L1_object_data_5919_processed.root
hadd Source file 19: /eos/cms/store/group/phys_heavyions/jvelazqu/energycorr/event_sel_studies/primeryvertex/0005/L1_object_data_5718_processed.root
hadd Source file 20: /eos/cms/store/group/phys_heavyions/jvelazqu/energycorr/event_sel_studies/primeryvertex/0005/L1_object_data_5419_processed.root
hadd Source file 19: /eos/cms/store/group/phys_heavyions/jvelazqu/energycorr/event_sel_studies/primeryvertex/0005/L1_object_data_5518_processed.root
hadd Source file 23: /eos/cms/store/group/phys_heavyions/jvelazqu/energycorr/event_sel_studies/primeryvertex/0005/L1_object_data_5622_processed.root
hadd Source file 25: /eos/cms/store/group/phys_heavyions/jvelazqu/energycorr/event_sel_studies/primeryvertex/0005/L1_object_data_5824_processed.root
hadd Source file 21: /eos/cms/store/group/phys_heavyions/jvelazqu/energycorr/event_sel_studies/primeryvertex/0005/L1_object_data_5120_processed.root
hadd Source file 20: /eos/cms/store/group/phys_heavyions/jvelazqu/energycorr/event_sel_studies/primeryvertex/0005/L1_object_data_5219_processed.root
hadd Source file 21: /eos/cms/store/group/phys_heavyions/jvelazqu/energycorr/event_sel_studies/primeryvertex/0005/L1_object_data_5020_processed.root
hadd Source file 20: /eos/cms/store/group/phys_heavyions/jvelazqu/energycorr/event_sel_studies/primeryvertex/0005/L1_object_data_5519_processed.root
hadd Source file 20: /eos/cms/store/group/phys_heavyions/jvelazqu/energycorr/event_sel_studies/primeryvertex/0005/L1_object_data_5719_processed.root
hadd Source file 21: /eos/cms/store/group/phys_heavyions/jvelazqu/energycorr/event_sel_studies/primeryvertex/0005/L1_object_data_5720_processed.root
hadd Source file 22: /eos/cms/store/group/phys_heavyions/jvelazqu/energycorr/event_sel_studies/primeryvertex/0005/L1_object_data_5121_processed.root
hadd Source file 26: /eos/cms/store/group/phys_heavyions/jvelazqu/energycorr/event_sel_studies/primeryvertex/0005/L1_object_data_5825_processed.root
hadd Source file 21: /eos/cms/store/group/phys_heavyions/jvelazqu/energycorr/event_sel_studies/primeryvertex/0005/L1_object_data_5420_processed.root
hadd Source file 24: /eos/cms/store/group/phys_heavyions/jvelazqu/energycorr/event_sel_studies/primeryvertex/0005/L1_object_data_5623_processed.root
hadd Source file 22: /eos/cms/store/group/phys_heavyions/jvelazqu/energycorr/event_sel_studies/primeryvertex/0005/L1_object_data_5421_processed.root
hadd Source file 21: /eos/cms/store/group/phys_heavyions/jvelazqu/energycorr/event_sel_studies/primeryvertex/0005/L1_object_data_5220_processed.root
hadd Source file 27: /eos/cms/store/group/phys_heavyions/jvelazqu/energycorr/event_sel_studies/primeryvertex/0005/L1_object_data_5826_processed.root
hadd Source file 24: /eos/cms/store/group/phys_heavyions/jvelazqu/energycorr/event_sel_studies/primeryvertex/0005/L1_object_data_5323_processed.root
hadd Source file 21: /eos/cms/store/group/phys_heavyions/jvelazqu/energycorr/event_sel_studies/primeryvertex/0005/L1_object_data_5520_processed.root
hadd Source file 22: /eos/cms/store/group/phys_heavyions/jvelazqu/energycorr/event_sel_studies/primeryvertex/0005/L1_object_data_5721_processed.root
hadd Source file 25: /eos/cms/store/group/phys_heavyions/jvelazqu/energycorr/event_sel_studies/primeryvertex/0005/L1_object_data_5624_processed.root
hadd Source file 23: /eos/cms/store/group/phys_heavyions/jvelazqu/energycorr/event_sel_studies/primeryvertex/0005/L1_object_data_5122_processed.root
hadd Source file 22: /eos/cms/store/group/phys_heavyions/jvelazqu/energycorr/event_sel_studies/primeryvertex/0005/L1_object_data_5021_processed.root
hadd Source file 22: /eos/cms/store/group/phys_heavyions/jvelazqu/energycorr/event_sel_studies/primeryvertex/0005/L1_object_data_5221_processed.root
hadd Source file 28: /eos/cms/store/group/phys_heavyions/jvelazqu/energycorr/event_sel_studies/primeryvertex/0005/L1_object_data_5827_processed.root
hadd Source file 23: /eos/cms/store/group/phys_heavyions/jvelazqu/energycorr/event_sel_studies/primeryvertex/0005/L1_object_data_5422_processed.root
hadd Source file 25: /eos/cms/store/group/phys_heavyions/jvelazqu/energycorr/event_sel_studies/primeryvertex/0005/L1_object_data_5324_processed.root
hadd Source file 22: /eos/cms/store/group/phys_heavyions/jvelazqu/energycorr/event_sel_studies/primeryvertex/0005/L1_object_data_5521_processed.root
hadd Source file 26: /eos/cms/store/group/phys_heavyions/jvelazqu/energycorr/event_sel_studies/primeryvertex/0005/L1_object_data_5625_processed.root
hadd Source file 21: /eos/cms/store/group/phys_heavyions/jvelazqu/energycorr/event_sel_studies/primeryvertex/0005/L1_object_data_5920_processed.root
hadd Source file 23: /eos/cms/store/group/phys_heavyions/jvelazqu/energycorr/event_sel_studies/primeryvertex/0005/L1_object_data_5722_processed.root
hadd Source file 24: /eos/cms/store/group/phys_heavyions/jvelazqu/energycorr/event_sel_studies/primeryvertex/0005/L1_object_data_5123_processed.root
hadd Source file 23: /eos/cms/store/group/phys_heavyions/jvelazqu/energycorr/event_sel_studies/primeryvertex/0005/L1_object_data_5222_processed.root
hadd Source file 24: /eos/cms/store/group/phys_heavyions/jvelazqu/energycorr/event_sel_studies/primeryvertex/0005/L1_object_data_5423_processed.root
hadd Source file 23: /eos/cms/store/group/phys_heavyions/jvelazqu/energycorr/event_sel_studies/primeryvertex/0005/L1_object_data_5522_processed.root
hadd Source file 25: /eos/cms/store/group/phys_heavyions/jvelazqu/energycorr/event_sel_studies/primeryvertex/0005/L1_object_data_5124_processed.root
hadd Source file 23: /eos/cms/store/group/phys_heavyions/jvelazqu/energycorr/event_sel_studies/primeryvertex/0005/L1_object_data_5022_processed.root
hadd Source file 26: /eos/cms/store/group/phys_heavyions/jvelazqu/energycorr/event_sel_studies/primeryvertex/0005/L1_object_data_5325_processed.root
hadd Source file 24: /eos/cms/store/group/phys_heavyions/jvelazqu/energycorr/event_sel_studies/primeryvertex/0005/L1_object_data_5223_processed.root
hadd Source file 29: /eos/cms/store/group/phys_heavyions/jvelazqu/energycorr/event_sel_studies/primeryvertex/0005/L1_object_data_5828_processed.root
hadd Source file 25: /eos/cms/store/group/phys_heavyions/jvelazqu/energycorr/event_sel_studies/primeryvertex/0005/L1_object_data_5424_processed.root
hadd Source file 24: /eos/cms/store/group/phys_heavyions/jvelazqu/energycorr/event_sel_studies/primeryvertex/0005/L1_object_data_5723_processed.root
hadd Source file 22: /eos/cms/store/group/phys_heavyions/jvelazqu/energycorr/event_sel_studies/primeryvertex/0005/L1_object_data_5921_processed.root
hadd Source file 24: /eos/cms/store/group/phys_heavyions/jvelazqu/energycorr/event_sel_studies/primeryvertex/0005/L1_object_data_5523_processed.root
hadd Source file 24: /eos/cms/store/group/phys_heavyions/jvelazqu/energycorr/event_sel_studies/primeryvertex/0005/L1_object_data_5023_processed.root
hadd Source file 27: /eos/cms/store/group/phys_heavyions/jvelazqu/energycorr/event_sel_studies/primeryvertex/0005/L1_object_data_5326_processed.root
hadd Source file 30: /eos/cms/store/group/phys_heavyions/jvelazqu/energycorr/event_sel_studies/primeryvertex/0005/L1_object_data_5829_processed.root
hadd Source file 26: /eos/cms/store/group/phys_heavyions/jvelazqu/energycorr/event_sel_studies/primeryvertex/0005/L1_object_data_5425_processed.root
hadd Source file 23: /eos/cms/store/group/phys_heavyions/jvelazqu/energycorr/event_sel_studies/primeryvertex/0005/L1_object_data_5922_processed.root
hadd Source file 25: /eos/cms/store/group/phys_heavyions/jvelazqu/energycorr/event_sel_studies/primeryvertex/0005/L1_object_data_5724_processed.root
hadd Source file 25: /eos/cms/store/group/phys_heavyions/jvelazqu/energycorr/event_sel_studies/primeryvertex/0005/L1_object_data_5224_processed.root
hadd Source file 28: /eos/cms/store/group/phys_heavyions/jvelazqu/energycorr/event_sel_studies/primeryvertex/0005/L1_object_data_5327_processed.root
hadd Source file 31: /eos/cms/store/group/phys_heavyions/jvelazqu/energycorr/event_sel_studies/primeryvertex/0005/L1_object_data_5830_processed.root
hadd Source file 24: /eos/cms/store/group/phys_heavyions/jvelazqu/energycorr/event_sel_studies/primeryvertex/0005/L1_object_data_5923_processed.root
hadd Source file 25: /eos/cms/store/group/phys_heavyions/jvelazqu/energycorr/event_sel_studies/primeryvertex/0005/L1_object_data_5024_processed.root
hadd Source file 26: /eos/cms/store/group/phys_heavyions/jvelazqu/energycorr/event_sel_studies/primeryvertex/0005/L1_object_data_5125_processed.root
hadd Source file 27: /eos/cms/store/group/phys_heavyions/jvelazqu/energycorr/event_sel_studies/primeryvertex/0005/L1_object_data_5426_processed.root
hadd Source file 26: /eos/cms/store/group/phys_heavyions/jvelazqu/energycorr/event_sel_studies/primeryvertex/0005/L1_object_data_5225_processed.root
hadd Source file 29: /eos/cms/store/group/phys_heavyions/jvelazqu/energycorr/event_sel_studies/primeryvertex/0005/L1_object_data_5328_processed.root
hadd Source file 32: /eos/cms/store/group/phys_heavyions/jvelazqu/energycorr/event_sel_studies/primeryvertex/0005/L1_object_data_5831_processed.root
hadd Source file 25: /eos/cms/store/group/phys_heavyions/jvelazqu/energycorr/event_sel_studies/primeryvertex/0005/L1_object_data_5524_processed.root
hadd Source file 26: /eos/cms/store/group/phys_heavyions/jvelazqu/energycorr/event_sel_studies/primeryvertex/0005/L1_object_data_5725_processed.root
hadd Source file 25: /eos/cms/store/group/phys_heavyions/jvelazqu/energycorr/event_sel_studies/primeryvertex/0005/L1_object_data_5924_processed.root
hadd Source file 27: /eos/cms/store/group/phys_heavyions/jvelazqu/energycorr/event_sel_studies/primeryvertex/0005/L1_object_data_5226_processed.root
hadd Source file 27: /eos/cms/store/group/phys_heavyions/jvelazqu/energycorr/event_sel_studies/primeryvertex/0005/L1_object_data_5126_processed.root
hadd Source file 26: /eos/cms/store/group/phys_heavyions/jvelazqu/energycorr/event_sel_studies/primeryvertex/0005/L1_object_data_5925_processed.root
hadd Source file 26: /eos/cms/store/group/phys_heavyions/jvelazqu/energycorr/event_sel_studies/primeryvertex/0005/L1_object_data_5025_processed.root
hadd Source file 33: /eos/cms/store/group/phys_heavyions/jvelazqu/energycorr/event_sel_studies/primeryvertex/0005/L1_object_data_5832_processed.root
hadd Source file 27: /eos/cms/store/group/phys_heavyions/jvelazqu/energycorr/event_sel_studies/primeryvertex/0005/L1_object_data_5726_processed.root
hadd Source file 26: /eos/cms/store/group/phys_heavyions/jvelazqu/energycorr/event_sel_studies/primeryvertex/0005/L1_object_data_5525_processed.root
hadd Source file 28: /eos/cms/store/group/phys_heavyions/jvelazqu/energycorr/event_sel_studies/primeryvertex/0005/L1_object_data_5227_processed.root
hadd Source file 34: /eos/cms/store/group/phys_heavyions/jvelazqu/energycorr/event_sel_studies/primeryvertex/0005/L1_object_data_5833_processed.root
hadd Source file 27: /eos/cms/store/group/phys_heavyions/jvelazqu/energycorr/event_sel_studies/primeryvertex/0005/L1_object_data_5526_processed.root
hadd Source file 27: /eos/cms/store/group/phys_heavyions/jvelazqu/energycorr/event_sel_studies/primeryvertex/0005/L1_object_data_5926_processed.root
hadd Source file 29: /eos/cms/store/group/phys_heavyions/jvelazqu/energycorr/event_sel_studies/primeryvertex/0005/L1_object_data_5228_processed.root
hadd Source file 28: /eos/cms/store/group/phys_heavyions/jvelazqu/energycorr/event_sel_studies/primeryvertex/0005/L1_object_data_5527_processed.root
hadd Source file 35: /eos/cms/store/group/phys_heavyions/jvelazqu/energycorr/event_sel_studies/primeryvertex/0005/L1_object_data_5834_processed.root
hadd Source file 28: /eos/cms/store/group/phys_heavyions/jvelazqu/energycorr/event_sel_studies/primeryvertex/0005/L1_object_data_5727_processed.root
hadd Source file 27: /eos/cms/store/group/phys_heavyions/jvelazqu/energycorr/event_sel_studies/primeryvertex/0005/L1_object_data_5026_processed.root
hadd Source file 28: /eos/cms/store/group/phys_heavyions/jvelazqu/energycorr/event_sel_studies/primeryvertex/0005/L1_object_data_5927_processed.root
hadd Source file 30: /eos/cms/store/group/phys_heavyions/jvelazqu/energycorr/event_sel_studies/primeryvertex/0005/L1_object_data_5329_processed.root
hadd Source file 28: /eos/cms/store/group/phys_heavyions/jvelazqu/energycorr/event_sel_studies/primeryvertex/0005/L1_object_data_5427_processed.root
hadd Source file 29: /eos/cms/store/group/phys_heavyions/jvelazqu/energycorr/event_sel_studies/primeryvertex/0005/L1_object_data_5528_processed.root
hadd Source file 29: /eos/cms/store/group/phys_heavyions/jvelazqu/energycorr/event_sel_studies/primeryvertex/0005/L1_object_data_5928_processed.root
hadd Source file 30: /eos/cms/store/group/phys_heavyions/jvelazqu/energycorr/event_sel_studies/primeryvertex/0005/L1_object_data_5229_processed.root
hadd Source file 36: /eos/cms/store/group/phys_heavyions/jvelazqu/energycorr/event_sel_studies/primeryvertex/0005/L1_object_data_5835_processed.root
hadd Source file 30: /eos/cms/store/group/phys_heavyions/jvelazqu/energycorr/event_sel_studies/primeryvertex/0005/L1_object_data_5929_processed.root
hadd Source file 28: /eos/cms/store/group/phys_heavyions/jvelazqu/energycorr/event_sel_studies/primeryvertex/0005/L1_object_data_5127_processed.root
hadd Source file 30: /eos/cms/store/group/phys_heavyions/jvelazqu/energycorr/event_sel_studies/primeryvertex/0005/L1_object_data_5529_processed.root
hadd Source file 29: /eos/cms/store/group/phys_heavyions/jvelazqu/energycorr/event_sel_studies/primeryvertex/0005/L1_object_data_5428_processed.root
hadd Source file 28: /eos/cms/store/group/phys_heavyions/jvelazqu/energycorr/event_sel_studies/primeryvertex/0005/L1_object_data_5027_processed.root
hadd Source file 37: /eos/cms/store/group/phys_heavyions/jvelazqu/energycorr/event_sel_studies/primeryvertex/0005/L1_object_data_5836_processed.root
hadd Source file 31: /eos/cms/store/group/phys_heavyions/jvelazqu/energycorr/event_sel_studies/primeryvertex/0005/L1_object_data_5330_processed.root
hadd Source file 27: /eos/cms/store/group/phys_heavyions/jvelazqu/energycorr/event_sel_studies/primeryvertex/0005/L1_object_data_5626_processed.root
hadd Source file 31: /eos/cms/store/group/phys_heavyions/jvelazqu/energycorr/event_sel_studies/primeryvertex/0005/L1_object_data_5230_processed.root
hadd Source file 29: /eos/cms/store/group/phys_heavyions/jvelazqu/energycorr/event_sel_studies/primeryvertex/0005/L1_object_data_5128_processed.root
hadd Source file 31: /eos/cms/store/group/phys_heavyions/jvelazqu/energycorr/event_sel_studies/primeryvertex/0005/L1_object_data_5530_processed.root
hadd Source file 32: /eos/cms/store/group/phys_heavyions/jvelazqu/energycorr/event_sel_studies/primeryvertex/0005/L1_object_data_5331_processed.root
hadd Source file 29: /eos/cms/store/group/phys_heavyions/jvelazqu/energycorr/event_sel_studies/primeryvertex/0005/L1_object_data_5028_processed.root
hadd Source file 31: /eos/cms/store/group/phys_heavyions/jvelazqu/energycorr/event_sel_studies/primeryvertex/0005/L1_object_data_5930_processed.root
hadd Source file 32: /eos/cms/store/group/phys_heavyions/jvelazqu/energycorr/event_sel_studies/primeryvertex/0005/L1_object_data_5231_processed.root
hadd Source file 28: /eos/cms/store/group/phys_heavyions/jvelazqu/energycorr/event_sel_studies/primeryvertex/0005/L1_object_data_5627_processed.root
hadd Source file 33: /eos/cms/store/group/phys_heavyions/jvelazqu/energycorr/event_sel_studies/primeryvertex/0005/L1_object_data_5332_processed.root
hadd Source file 30: /eos/cms/store/group/phys_heavyions/jvelazqu/energycorr/event_sel_studies/primeryvertex/0005/L1_object_data_5029_processed.root
hadd Source file 32: /eos/cms/store/group/phys_heavyions/jvelazqu/energycorr/event_sel_studies/primeryvertex/0005/L1_object_data_5531_processed.root
hadd Source file 30: /eos/cms/store/group/phys_heavyions/jvelazqu/energycorr/event_sel_studies/primeryvertex/0005/L1_object_data_5129_processed.root
hadd Source file 32: /eos/cms/store/group/phys_heavyions/jvelazqu/energycorr/event_sel_studies/primeryvertex/0005/L1_object_data_5931_processed.root
hadd Source file 29: /eos/cms/store/group/phys_heavyions/jvelazqu/energycorr/event_sel_studies/primeryvertex/0005/L1_object_data_5728_processed.root
hadd Source file 33: /eos/cms/store/group/phys_heavyions/jvelazqu/energycorr/event_sel_studies/primeryvertex/0005/L1_object_data_5232_processed.root
hadd Source file 29: /eos/cms/store/group/phys_heavyions/jvelazqu/energycorr/event_sel_studies/primeryvertex/0005/L1_object_data_5628_processed.root
hadd Source file 31: /eos/cms/store/group/phys_heavyions/jvelazqu/energycorr/event_sel_studies/primeryvertex/0005/L1_object_data_5130_processed.root
hadd Source file 34: /eos/cms/store/group/phys_heavyions/jvelazqu/energycorr/event_sel_studies/primeryvertex/0005/L1_object_data_5333_processed.root
hadd Source file 31: /eos/cms/store/group/phys_heavyions/jvelazqu/energycorr/event_sel_studies/primeryvertex/0005/L1_object_data_5030_processed.root
hadd Source file 33: /eos/cms/store/group/phys_heavyions/jvelazqu/energycorr/event_sel_studies/primeryvertex/0005/L1_object_data_5932_processed.root
hadd Source file 30: /eos/cms/store/group/phys_heavyions/jvelazqu/energycorr/event_sel_studies/primeryvertex/0005/L1_object_data_5729_processed.root
hadd Source file 38: /eos/cms/store/group/phys_heavyions/jvelazqu/energycorr/event_sel_studies/primeryvertex/0005/L1_object_data_5837_processed.root
hadd Source file 30: /eos/cms/store/group/phys_heavyions/jvelazqu/energycorr/event_sel_studies/primeryvertex/0005/L1_object_data_5629_processed.root
hadd Source file 33: /eos/cms/store/group/phys_heavyions/jvelazqu/energycorr/event_sel_studies/primeryvertex/0005/L1_object_data_5532_processed.root
hadd Source file 34: /eos/cms/store/group/phys_heavyions/jvelazqu/energycorr/event_sel_studies/primeryvertex/0005/L1_object_data_5233_processed.root
hadd Source file 30: /eos/cms/store/group/phys_heavyions/jvelazqu/energycorr/event_sel_studies/primeryvertex/0005/L1_object_data_5429_processed.root
hadd Source file 32: /eos/cms/store/group/phys_heavyions/jvelazqu/energycorr/event_sel_studies/primeryvertex/0005/L1_object_data_5031_processed.root
hadd Source file 39: /eos/cms/store/group/phys_heavyions/jvelazqu/energycorr/event_sel_studies/primeryvertex/0005/L1_object_data_5838_processed.root
hadd Source file 35: /eos/cms/store/group/phys_heavyions/jvelazqu/energycorr/event_sel_studies/primeryvertex/0005/L1_object_data_5234_processed.root
hadd Source file 34: /eos/cms/store/group/phys_heavyions/jvelazqu/energycorr/event_sel_studies/primeryvertex/0005/L1_object_data_5933_processed.root
hadd Source file 34: /eos/cms/store/group/phys_heavyions/jvelazqu/energycorr/event_sel_studies/primeryvertex/0005/L1_object_data_5533_processed.root
hadd Source file 31: /eos/cms/store/group/phys_heavyions/jvelazqu/energycorr/event_sel_studies/primeryvertex/0005/L1_object_data_5630_processed.root
hadd Source file 31: /eos/cms/store/group/phys_heavyions/jvelazqu/energycorr/event_sel_studies/primeryvertex/0005/L1_object_data_5430_processed.root
hadd Source file 31: /eos/cms/store/group/phys_heavyions/jvelazqu/energycorr/event_sel_studies/primeryvertex/0005/L1_object_data_5730_processed.root
hadd Source file 33: /eos/cms/store/group/phys_heavyions/jvelazqu/energycorr/event_sel_studies/primeryvertex/0005/L1_object_data_5032_processed.root
hadd Source file 32: /eos/cms/store/group/phys_heavyions/jvelazqu/energycorr/event_sel_studies/primeryvertex/0005/L1_object_data_5631_processed.root
hadd Source file 34: /eos/cms/store/group/phys_heavyions/jvelazqu/energycorr/event_sel_studies/primeryvertex/0005/L1_object_data_5033_processed.root
hadd Source file 36: /eos/cms/store/group/phys_heavyions/jvelazqu/energycorr/event_sel_studies/primeryvertex/0005/L1_object_data_5235_processed.root
hadd Source file 32: /eos/cms/store/group/phys_heavyions/jvelazqu/energycorr/event_sel_studies/primeryvertex/0005/L1_object_data_5731_processed.root
hadd Source file 35: /eos/cms/store/group/phys_heavyions/jvelazqu/energycorr/event_sel_studies/primeryvertex/0005/L1_object_data_5534_processed.root
hadd Source file 40: /eos/cms/store/group/phys_heavyions/jvelazqu/energycorr/event_sel_studies/primeryvertex/0005/L1_object_data_5839_processed.root
hadd Source file 35: /eos/cms/store/group/phys_heavyions/jvelazqu/energycorr/event_sel_studies/primeryvertex/0005/L1_object_data_5934_processed.root
hadd Source file 33: /eos/cms/store/group/phys_heavyions/jvelazqu/energycorr/event_sel_studies/primeryvertex/0005/L1_object_data_5732_processed.root
hadd Source file 37: /eos/cms/store/group/phys_heavyions/jvelazqu/energycorr/event_sel_studies/primeryvertex/0005/L1_object_data_5236_processed.root
hadd Source file 35: /eos/cms/store/group/phys_heavyions/jvelazqu/energycorr/event_sel_studies/primeryvertex/0005/L1_object_data_5034_processed.root
hadd Source file 32: /eos/cms/store/group/phys_heavyions/jvelazqu/energycorr/event_sel_studies/primeryvertex/0005/L1_object_data_5131_processed.root
hadd Source file 36: /eos/cms/store/group/phys_heavyions/jvelazqu/energycorr/event_sel_studies/primeryvertex/0005/L1_object_data_5535_processed.root
hadd Source file 35: /eos/cms/store/group/phys_heavyions/jvelazqu/energycorr/event_sel_studies/primeryvertex/0005/L1_object_data_5334_processed.root
hadd Source file 41: /eos/cms/store/group/phys_heavyions/jvelazqu/energycorr/event_sel_studies/primeryvertex/0005/L1_object_data_5840_processed.root
hadd Source file 36: /eos/cms/store/group/phys_heavyions/jvelazqu/energycorr/event_sel_studies/primeryvertex/0005/L1_object_data_5935_processed.root
hadd Source file 34: /eos/cms/store/group/phys_heavyions/jvelazqu/energycorr/event_sel_studies/primeryvertex/0005/L1_object_data_5733_processed.root
hadd Source file 38: /eos/cms/store/group/phys_heavyions/jvelazqu/energycorr/event_sel_studies/primeryvertex/0005/L1_object_data_5237_processed.root
hadd Source file 36: /eos/cms/store/group/phys_heavyions/jvelazqu/energycorr/event_sel_studies/primeryvertex/0005/L1_object_data_5335_processed.root
hadd Source file 33: /eos/cms/store/group/phys_heavyions/jvelazqu/energycorr/event_sel_studies/primeryvertex/0005/L1_object_data_5132_processed.root
hadd Source file 36: /eos/cms/store/group/phys_heavyions/jvelazqu/energycorr/event_sel_studies/primeryvertex/0005/L1_object_data_5035_processed.root
hadd Source file 37: /eos/cms/store/group/phys_heavyions/jvelazqu/energycorr/event_sel_studies/primeryvertex/0005/L1_object_data_5936_processed.root
hadd Source file 37: /eos/cms/store/group/phys_heavyions/jvelazqu/energycorr/event_sel_studies/primeryvertex/0005/L1_object_data_5536_processed.root
hadd Source file 42: /eos/cms/store/group/phys_heavyions/jvelazqu/energycorr/event_sel_studies/primeryvertex/0005/L1_object_data_5841_processed.root
hadd Source file 32: /eos/cms/store/group/phys_heavyions/jvelazqu/energycorr/event_sel_studies/primeryvertex/0005/L1_object_data_5431_processed.root
hadd Source file 35: /eos/cms/store/group/phys_heavyions/jvelazqu/energycorr/event_sel_studies/primeryvertex/0005/L1_object_data_5734_processed.root
hadd Source file 33: /eos/cms/store/group/phys_heavyions/jvelazqu/energycorr/event_sel_studies/primeryvertex/0005/L1_object_data_5632_processed.root
hadd Source file 36: /eos/cms/store/group/phys_heavyions/jvelazqu/energycorr/event_sel_studies/primeryvertex/0005/L1_object_data_5735_processed.root
hadd Source file 37: /eos/cms/store/group/phys_heavyions/jvelazqu/energycorr/event_sel_studies/primeryvertex/0005/L1_object_data_5336_processed.root
hadd Source file 43: /eos/cms/store/group/phys_heavyions/jvelazqu/energycorr/event_sel_studies/primeryvertex/0005/L1_object_data_5842_processed.root
hadd Source file 38: /eos/cms/store/group/phys_heavyions/jvelazqu/energycorr/event_sel_studies/primeryvertex/0005/L1_object_data_5937_processed.root
hadd Source file 38: /eos/cms/store/group/phys_heavyions/jvelazqu/energycorr/event_sel_studies/primeryvertex/0005/L1_object_data_5537_processed.root
hadd Source file 34: /eos/cms/store/group/phys_heavyions/jvelazqu/energycorr/event_sel_studies/primeryvertex/0005/L1_object_data_5133_processed.root
hadd Source file 34: /eos/cms/store/group/phys_heavyions/jvelazqu/energycorr/event_sel_studies/primeryvertex/0005/L1_object_data_5633_processed.root
hadd Source file 37: /eos/cms/store/group/phys_heavyions/jvelazqu/energycorr/event_sel_studies/primeryvertex/0005/L1_object_data_5736_processed.root
hadd Source file 39: /eos/cms/store/group/phys_heavyions/jvelazqu/energycorr/event_sel_studies/primeryvertex/0005/L1_object_data_5938_processed.root
hadd Source file 38: /eos/cms/store/group/phys_heavyions/jvelazqu/energycorr/event_sel_studies/primeryvertex/0005/L1_object_data_5337_processed.root
hadd Source file 44: /eos/cms/store/group/phys_heavyions/jvelazqu/energycorr/event_sel_studies/primeryvertex/0005/L1_object_data_5843_processed.root
hadd Source file 35: /eos/cms/store/group/phys_heavyions/jvelazqu/energycorr/event_sel_studies/primeryvertex/0005/L1_object_data_5134_processed.root
hadd Source file 39: /eos/cms/store/group/phys_heavyions/jvelazqu/energycorr/event_sel_studies/primeryvertex/0005/L1_object_data_5538_processed.root
hadd Source file 35: /eos/cms/store/group/phys_heavyions/jvelazqu/energycorr/event_sel_studies/primeryvertex/0005/L1_object_data_5634_processed.root
hadd Source file 38: /eos/cms/store/group/phys_heavyions/jvelazqu/energycorr/event_sel_studies/primeryvertex/0005/L1_object_data_5737_processed.root
hadd Source file 40: /eos/cms/store/group/phys_heavyions/jvelazqu/energycorr/event_sel_studies/primeryvertex/0005/L1_object_data_5939_processed.root
hadd Source file 39: /eos/cms/store/group/phys_heavyions/jvelazqu/energycorr/event_sel_studies/primeryvertex/0005/L1_object_data_5338_processed.root
hadd Source file 45: /eos/cms/store/group/phys_heavyions/jvelazqu/energycorr/event_sel_studies/primeryvertex/0005/L1_object_data_5844_processed.root
hadd Source file 36: /eos/cms/store/group/phys_heavyions/jvelazqu/energycorr/event_sel_studies/primeryvertex/0005/L1_object_data_5135_processed.root
hadd Source file 39: /eos/cms/store/group/phys_heavyions/jvelazqu/energycorr/event_sel_studies/primeryvertex/0005/L1_object_data_5238_processed.root
hadd Source file 39: /eos/cms/store/group/phys_heavyions/jvelazqu/energycorr/event_sel_studies/primeryvertex/0005/L1_object_data_5738_processed.root
hadd Source file 37: /eos/cms/store/group/phys_heavyions/jvelazqu/energycorr/event_sel_studies/primeryvertex/0005/L1_object_data_5036_processed.root
hadd Source file 46: /eos/cms/store/group/phys_heavyions/jvelazqu/energycorr/event_sel_studies/primeryvertex/0005/L1_object_data_5845_processed.root
hadd Source file 40: /eos/cms/store/group/phys_heavyions/jvelazqu/energycorr/event_sel_studies/primeryvertex/0005/L1_object_data_5539_processed.root
hadd Source file 37: /eos/cms/store/group/phys_heavyions/jvelazqu/energycorr/event_sel_studies/primeryvertex/0005/L1_object_data_5136_processed.root
hadd Source file 41: /eos/cms/store/group/phys_heavyions/jvelazqu/energycorr/event_sel_studies/primeryvertex/0005/L1_object_data_5940_processed.root
hadd Source file 36: /eos/cms/store/group/phys_heavyions/jvelazqu/energycorr/event_sel_studies/primeryvertex/0005/L1_object_data_5635_processed.root
hadd Source file 33: /eos/cms/store/group/phys_heavyions/jvelazqu/energycorr/event_sel_studies/primeryvertex/0005/L1_object_data_5432_processed.root
hadd Source file 38: /eos/cms/store/group/phys_heavyions/jvelazqu/energycorr/event_sel_studies/primeryvertex/0005/L1_object_data_5137_processed.root
hadd Source file 40: /eos/cms/store/group/phys_heavyions/jvelazqu/energycorr/event_sel_studies/primeryvertex/0005/L1_object_data_5739_processed.root
hadd Source file 40: /eos/cms/store/group/phys_heavyions/jvelazqu/energycorr/event_sel_studies/primeryvertex/0005/L1_object_data_5239_processed.root
hadd Source file 41: /eos/cms/store/group/phys_heavyions/jvelazqu/energycorr/event_sel_studies/primeryvertex/0005/L1_object_data_5540_processed.root
hadd Source file 34: /eos/cms/store/group/phys_heavyions/jvelazqu/energycorr/event_sel_studies/primeryvertex/0005/L1_object_data_5433_processed.root
hadd Source file 42: /eos/cms/store/group/phys_heavyions/jvelazqu/energycorr/event_sel_studies/primeryvertex/0005/L1_object_data_5941_processed.root
hadd Source file 39: /eos/cms/store/group/phys_heavyions/jvelazqu/energycorr/event_sel_studies/primeryvertex/0005/L1_object_data_5138_processed.root
hadd Source file 47: /eos/cms/store/group/phys_heavyions/jvelazqu/energycorr/event_sel_studies/primeryvertex/0005/L1_object_data_5846_processed.root
hadd Source file 35: /eos/cms/store/group/phys_heavyions/jvelazqu/energycorr/event_sel_studies/primeryvertex/0005/L1_object_data_5434_processed.root
hadd Source file 37: /eos/cms/store/group/phys_heavyions/jvelazqu/energycorr/event_sel_studies/primeryvertex/0005/L1_object_data_5636_processed.root
hadd Source file 41: /eos/cms/store/group/phys_heavyions/jvelazqu/energycorr/event_sel_studies/primeryvertex/0005/L1_object_data_5740_processed.root
hadd Source file 41: /eos/cms/store/group/phys_heavyions/jvelazqu/energycorr/event_sel_studies/primeryvertex/0005/L1_object_data_5240_processed.root
hadd Source file 42: /eos/cms/store/group/phys_heavyions/jvelazqu/energycorr/event_sel_studies/primeryvertex/0005/L1_object_data_5541_processed.root
hadd Source file 48: /eos/cms/store/group/phys_heavyions/jvelazqu/energycorr/event_sel_studies/primeryvertex/0005/L1_object_data_5847_processed.root
hadd Source file 40: /eos/cms/store/group/phys_heavyions/jvelazqu/energycorr/event_sel_studies/primeryvertex/0005/L1_object_data_5339_processed.root
hadd Source file 38: /eos/cms/store/group/phys_heavyions/jvelazqu/energycorr/event_sel_studies/primeryvertex/0005/L1_object_data_5637_processed.root
hadd Source file 42: /eos/cms/store/group/phys_heavyions/jvelazqu/energycorr/event_sel_studies/primeryvertex/0005/L1_object_data_5741_processed.root
hadd Source file 42: /eos/cms/store/group/phys_heavyions/jvelazqu/energycorr/event_sel_studies/primeryvertex/0005/L1_object_data_5241_processed.root
hadd Source file 36: /eos/cms/store/group/phys_heavyions/jvelazqu/energycorr/event_sel_studies/primeryvertex/0005/L1_object_data_5435_processed.root
hadd Source file 43: /eos/cms/store/group/phys_heavyions/jvelazqu/energycorr/event_sel_studies/primeryvertex/0005/L1_object_data_5942_processed.root
hadd Source file 38: /eos/cms/store/group/phys_heavyions/jvelazqu/energycorr/event_sel_studies/primeryvertex/0005/L1_object_data_5037_processed.root
hadd Source file 40: /eos/cms/store/group/phys_heavyions/jvelazqu/energycorr/event_sel_studies/primeryvertex/0005/L1_object_data_5139_processed.root
hadd Source file 41: /eos/cms/store/group/phys_heavyions/jvelazqu/energycorr/event_sel_studies/primeryvertex/0005/L1_object_data_5340_processed.root
hadd Source file 43: /eos/cms/store/group/phys_heavyions/jvelazqu/energycorr/event_sel_studies/primeryvertex/0005/L1_object_data_5542_processed.root
hadd Source file 49: /eos/cms/store/group/phys_heavyions/jvelazqu/energycorr/event_sel_studies/primeryvertex/0005/L1_object_data_5848_processed.root
hadd Source file 37: /eos/cms/store/group/phys_heavyions/jvelazqu/energycorr/event_sel_studies/primeryvertex/0005/L1_object_data_5436_processed.root
hadd Source file 43: /eos/cms/store/group/phys_heavyions/jvelazqu/energycorr/event_sel_studies/primeryvertex/0005/L1_object_data_5742_processed.root
hadd Source file 43: /eos/cms/store/group/phys_heavyions/jvelazqu/energycorr/event_sel_studies/primeryvertex/0005/L1_object_data_5242_processed.root
hadd Source file 39: /eos/cms/store/group/phys_heavyions/jvelazqu/energycorr/event_sel_studies/primeryvertex/0005/L1_object_data_5638_processed.root
hadd Source file 42: /eos/cms/store/group/phys_heavyions/jvelazqu/energycorr/event_sel_studies/primeryvertex/0005/L1_object_data_5341_processed.root
hadd Source file 41: /eos/cms/store/group/phys_heavyions/jvelazqu/energycorr/event_sel_studies/primeryvertex/0005/L1_object_data_5140_processed.root
hadd Source file 44: /eos/cms/store/group/phys_heavyions/jvelazqu/energycorr/event_sel_studies/primeryvertex/0005/L1_object_data_5943_processed.root
hadd Source file 39: /eos/cms/store/group/phys_heavyions/jvelazqu/energycorr/event_sel_studies/primeryvertex/0005/L1_object_data_5038_processed.root
hadd Source file 44: /eos/cms/store/group/phys_heavyions/jvelazqu/energycorr/event_sel_studies/primeryvertex/0005/L1_object_data_5543_processed.root
hadd Source file 50: /eos/cms/store/group/phys_heavyions/jvelazqu/energycorr/event_sel_studies/primeryvertex/0005/L1_object_data_5849_processed.root
hadd Source file 44: /eos/cms/store/group/phys_heavyions/jvelazqu/energycorr/event_sel_studies/primeryvertex/0005/L1_object_data_5743_processed.root
hadd Source file 38: /eos/cms/store/group/phys_heavyions/jvelazqu/energycorr/event_sel_studies/primeryvertex/0005/L1_object_data_5437_processed.root
hadd Source file 42: /eos/cms/store/group/phys_heavyions/jvelazqu/energycorr/event_sel_studies/primeryvertex/0005/L1_object_data_5141_processed.root
hadd Source file 39: /eos/cms/store/group/phys_heavyions/jvelazqu/energycorr/event_sel_studies/primeryvertex/0005/L1_object_data_5438_processed.root
hadd Source file 43: /eos/cms/store/group/phys_heavyions/jvelazqu/energycorr/event_sel_studies/primeryvertex/0005/L1_object_data_5342_processed.root
hadd Source file 40: /eos/cms/store/group/phys_heavyions/jvelazqu/energycorr/event_sel_studies/primeryvertex/0005/L1_object_data_5039_processed.root
hadd Source file 40: /eos/cms/store/group/phys_heavyions/jvelazqu/energycorr/event_sel_studies/primeryvertex/0005/L1_object_data_5439_processed.root
hadd Source file 45: /eos/cms/store/group/phys_heavyions/jvelazqu/energycorr/event_sel_studies/primeryvertex/0005/L1_object_data_5744_processed.root
hadd Source file 51: /eos/cms/store/group/phys_heavyions/jvelazqu/energycorr/event_sel_studies/primeryvertex/0005/L1_object_data_5850_processed.root
hadd Source file 41: /eos/cms/store/group/phys_heavyions/jvelazqu/energycorr/event_sel_studies/primeryvertex/0005/L1_object_data_5040_processed.root
hadd Source file 45: /eos/cms/store/group/phys_heavyions/jvelazqu/energycorr/event_sel_studies/primeryvertex/0005/L1_object_data_5944_processed.root
hadd Source file 43: /eos/cms/store/group/phys_heavyions/jvelazqu/energycorr/event_sel_studies/primeryvertex/0005/L1_object_data_5142_processed.root
hadd Source file 40: /eos/cms/store/group/phys_heavyions/jvelazqu/energycorr/event_sel_studies/primeryvertex/0005/L1_object_data_5639_processed.root
hadd Source file 44: /eos/cms/store/group/phys_heavyions/jvelazqu/energycorr/event_sel_studies/primeryvertex/0005/L1_object_data_5343_processed.root
hadd Source file 45: /eos/cms/store/group/phys_heavyions/jvelazqu/energycorr/event_sel_studies/primeryvertex/0005/L1_object_data_5544_processed.root
hadd Source file 44: /eos/cms/store/group/phys_heavyions/jvelazqu/energycorr/event_sel_studies/primeryvertex/0005/L1_object_data_5143_processed.root
hadd Source file 42: /eos/cms/store/group/phys_heavyions/jvelazqu/energycorr/event_sel_studies/primeryvertex/0005/L1_object_data_5041_processed.root
hadd Source file 52: /eos/cms/store/group/phys_heavyions/jvelazqu/energycorr/event_sel_studies/primeryvertex/0005/L1_object_data_5851_processed.root
hadd Source file 46: /eos/cms/store/group/phys_heavyions/jvelazqu/energycorr/event_sel_studies/primeryvertex/0005/L1_object_data_5945_processed.root
hadd Source file 46: /eos/cms/store/group/phys_heavyions/jvelazqu/energycorr/event_sel_studies/primeryvertex/0005/L1_object_data_5545_processed.root
hadd Source file 44: /eos/cms/store/group/phys_heavyions/jvelazqu/energycorr/event_sel_studies/primeryvertex/0005/L1_object_data_5243_processed.root
hadd Source file 45: /eos/cms/store/group/phys_heavyions/jvelazqu/energycorr/event_sel_studies/primeryvertex/0005/L1_object_data_5344_processed.root
hadd Source file 45: /eos/cms/store/group/phys_heavyions/jvelazqu/energycorr/event_sel_studies/primeryvertex/0005/L1_object_data_5144_processed.root
hadd Source file 47: /eos/cms/store/group/phys_heavyions/jvelazqu/energycorr/event_sel_studies/primeryvertex/0005/L1_object_data_5946_processed.root
hadd Source file 46: /eos/cms/store/group/phys_heavyions/jvelazqu/energycorr/event_sel_studies/primeryvertex/0005/L1_object_data_5345_processed.root
hadd Source file 47: /eos/cms/store/group/phys_heavyions/jvelazqu/energycorr/event_sel_studies/primeryvertex/0005/L1_object_data_5546_processed.root
hadd Source file 48: /eos/cms/store/group/phys_heavyions/jvelazqu/energycorr/event_sel_studies/primeryvertex/0005/L1_object_data_5547_processed.root
hadd Source file 45: /eos/cms/store/group/phys_heavyions/jvelazqu/energycorr/event_sel_studies/primeryvertex/0005/L1_object_data_5244_processed.root
hadd Source file 46: /eos/cms/store/group/phys_heavyions/jvelazqu/energycorr/event_sel_studies/primeryvertex/0005/L1_object_data_5145_processed.root
hadd Source file 48: /eos/cms/store/group/phys_heavyions/jvelazqu/energycorr/event_sel_studies/primeryvertex/0005/L1_object_data_5947_processed.root
hadd Source file 41: /eos/cms/store/group/phys_heavyions/jvelazqu/energycorr/event_sel_studies/primeryvertex/0005/L1_object_data_5640_processed.root
hadd Source file 46: /eos/cms/store/group/phys_heavyions/jvelazqu/energycorr/event_sel_studies/primeryvertex/0005/L1_object_data_5245_processed.root
hadd Source file 49: /eos/cms/store/group/phys_heavyions/jvelazqu/energycorr/event_sel_studies/primeryvertex/0005/L1_object_data_5548_processed.root
hadd Source file 46: /eos/cms/store/group/phys_heavyions/jvelazqu/energycorr/event_sel_studies/primeryvertex/0005/L1_object_data_5745_processed.root
hadd Source file 47: /eos/cms/store/group/phys_heavyions/jvelazqu/energycorr/event_sel_studies/primeryvertex/0005/L1_object_data_5146_processed.root
hadd Source file 41: /eos/cms/store/group/phys_heavyions/jvelazqu/energycorr/event_sel_studies/primeryvertex/0005/L1_object_data_5440_processed.root
hadd Source file 49: /eos/cms/store/group/phys_heavyions/jvelazqu/energycorr/event_sel_studies/primeryvertex/0005/L1_object_data_5948_processed.root
hadd Source file 42: /eos/cms/store/group/phys_heavyions/jvelazqu/energycorr/event_sel_studies/primeryvertex/0005/L1_object_data_5641_processed.root
hadd Source file 50: /eos/cms/store/group/phys_heavyions/jvelazqu/energycorr/event_sel_studies/primeryvertex/0005/L1_object_data_5549_processed.root
hadd Source file 47: /eos/cms/store/group/phys_heavyions/jvelazqu/energycorr/event_sel_studies/primeryvertex/0005/L1_object_data_5246_processed.root
hadd Source file 42: /eos/cms/store/group/phys_heavyions/jvelazqu/energycorr/event_sel_studies/primeryvertex/0005/L1_object_data_5441_processed.root
hadd Source file 50: /eos/cms/store/group/phys_heavyions/jvelazqu/energycorr/event_sel_studies/primeryvertex/0005/L1_object_data_5949_processed.root
hadd Source file 47: /eos/cms/store/group/phys_heavyions/jvelazqu/energycorr/event_sel_studies/primeryvertex/0005/L1_object_data_5746_processed.root
hadd Source file 53: /eos/cms/store/group/phys_heavyions/jvelazqu/energycorr/event_sel_studies/primeryvertex/0005/L1_object_data_5852_processed.root
hadd Source file 51: /eos/cms/store/group/phys_heavyions/jvelazqu/energycorr/event_sel_studies/primeryvertex/0005/L1_object_data_5550_processed.root
hadd Source file 47: /eos/cms/store/group/phys_heavyions/jvelazqu/energycorr/event_sel_studies/primeryvertex/0005/L1_object_data_5346_processed.root
hadd Source file 43: /eos/cms/store/group/phys_heavyions/jvelazqu/energycorr/event_sel_studies/primeryvertex/0005/L1_object_data_5642_processed.root
hadd Source file 54: /eos/cms/store/group/phys_heavyions/jvelazqu/energycorr/event_sel_studies/primeryvertex/0005/L1_object_data_5853_processed.root
hadd Source file 48: /eos/cms/store/group/phys_heavyions/jvelazqu/energycorr/event_sel_studies/primeryvertex/0005/L1_object_data_5247_processed.root
hadd Source file 43: /eos/cms/store/group/phys_heavyions/jvelazqu/energycorr/event_sel_studies/primeryvertex/0005/L1_object_data_5442_processed.root
hadd Source file 52: /eos/cms/store/group/phys_heavyions/jvelazqu/energycorr/event_sel_studies/primeryvertex/0005/L1_object_data_5551_processed.root
hadd Source file 48: /eos/cms/store/group/phys_heavyions/jvelazqu/energycorr/event_sel_studies/primeryvertex/0005/L1_object_data_5147_processed.root
hadd Source file 48: /eos/cms/store/group/phys_heavyions/jvelazqu/energycorr/event_sel_studies/primeryvertex/0005/L1_object_data_5747_processed.root
hadd Source file 48: /eos/cms/store/group/phys_heavyions/jvelazqu/energycorr/event_sel_studies/primeryvertex/0005/L1_object_data_5347_processed.root
hadd Source file 44: /eos/cms/store/group/phys_heavyions/jvelazqu/energycorr/event_sel_studies/primeryvertex/0005/L1_object_data_5643_processed.root
hadd Source file 51: /eos/cms/store/group/phys_heavyions/jvelazqu/energycorr/event_sel_studies/primeryvertex/0005/L1_object_data_5950_processed.root
hadd Source file 44: /eos/cms/store/group/phys_heavyions/jvelazqu/energycorr/event_sel_studies/primeryvertex/0005/L1_object_data_5443_processed.root
hadd Source file 53: /eos/cms/store/group/phys_heavyions/jvelazqu/energycorr/event_sel_studies/primeryvertex/0005/L1_object_data_5552_processed.root
hadd Source file 49: /eos/cms/store/group/phys_heavyions/jvelazqu/energycorr/event_sel_studies/primeryvertex/0005/L1_object_data_5148_processed.root
hadd Source file 49: /eos/cms/store/group/phys_heavyions/jvelazqu/energycorr/event_sel_studies/primeryvertex/0005/L1_object_data_5348_processed.root
hadd Source file 49: /eos/cms/store/group/phys_heavyions/jvelazqu/energycorr/event_sel_studies/primeryvertex/0005/L1_object_data_5248_processed.root
hadd Source file 52: /eos/cms/store/group/phys_heavyions/jvelazqu/energycorr/event_sel_studies/primeryvertex/0005/L1_object_data_5951_processed.root
hadd Source file 45: /eos/cms/store/group/phys_heavyions/jvelazqu/energycorr/event_sel_studies/primeryvertex/0005/L1_object_data_5644_processed.root
hadd Source file 55: /eos/cms/store/group/phys_heavyions/jvelazqu/energycorr/event_sel_studies/primeryvertex/0005/L1_object_data_5854_processed.root
hadd Source file 50: /eos/cms/store/group/phys_heavyions/jvelazqu/energycorr/event_sel_studies/primeryvertex/0005/L1_object_data_5149_processed.root
hadd Source file 45: /eos/cms/store/group/phys_heavyions/jvelazqu/energycorr/event_sel_studies/primeryvertex/0005/L1_object_data_5444_processed.root
hadd Source file 50: /eos/cms/store/group/phys_heavyions/jvelazqu/energycorr/event_sel_studies/primeryvertex/0005/L1_object_data_5349_processed.root
hadd Source file 54: /eos/cms/store/group/phys_heavyions/jvelazqu/energycorr/event_sel_studies/primeryvertex/0005/L1_object_data_5553_processed.root
hadd Source file 53: /eos/cms/store/group/phys_heavyions/jvelazqu/energycorr/event_sel_studies/primeryvertex/0005/L1_object_data_5952_processed.root
hadd Source file 46: /eos/cms/store/group/phys_heavyions/jvelazqu/energycorr/event_sel_studies/primeryvertex/0005/L1_object_data_5645_processed.root
hadd Source file 50: /eos/cms/store/group/phys_heavyions/jvelazqu/energycorr/event_sel_studies/primeryvertex/0005/L1_object_data_5249_processed.root
hadd Source file 56: /eos/cms/store/group/phys_heavyions/jvelazqu/energycorr/event_sel_studies/primeryvertex/0005/L1_object_data_5855_processed.root
hadd Source file 51: /eos/cms/store/group/phys_heavyions/jvelazqu/energycorr/event_sel_studies/primeryvertex/0005/L1_object_data_5150_processed.root
hadd Source file 54: /eos/cms/store/group/phys_heavyions/jvelazqu/energycorr/event_sel_studies/primeryvertex/0005/L1_object_data_5953_processed.root
hadd Source file 55: /eos/cms/store/group/phys_heavyions/jvelazqu/energycorr/event_sel_studies/primeryvertex/0005/L1_object_data_5554_processed.root
hadd Source file 52: /eos/cms/store/group/phys_heavyions/jvelazqu/energycorr/event_sel_studies/primeryvertex/0005/L1_object_data_5151_processed.root
hadd Source file 57: /eos/cms/store/group/phys_heavyions/jvelazqu/energycorr/event_sel_studies/primeryvertex/0005/L1_object_data_5856_processed.root
hadd Source file 49: /eos/cms/store/group/phys_heavyions/jvelazqu/energycorr/event_sel_studies/primeryvertex/0005/L1_object_data_5748_processed.root
hadd Source file 53: /eos/cms/store/group/phys_heavyions/jvelazqu/energycorr/event_sel_studies/primeryvertex/0005/L1_object_data_5152_processed.root
hadd Source file 56: /eos/cms/store/group/phys_heavyions/jvelazqu/energycorr/event_sel_studies/primeryvertex/0005/L1_object_data_5555_processed.root
hadd Source file 55: /eos/cms/store/group/phys_heavyions/jvelazqu/energycorr/event_sel_studies/primeryvertex/0005/L1_object_data_5954_processed.root
hadd Source file 51: /eos/cms/store/group/phys_heavyions/jvelazqu/energycorr/event_sel_studies/primeryvertex/0005/L1_object_data_5250_processed.root
hadd Source file 50: /eos/cms/store/group/phys_heavyions/jvelazqu/energycorr/event_sel_studies/primeryvertex/0005/L1_object_data_5749_processed.root
hadd Source file 58: /eos/cms/store/group/phys_heavyions/jvelazqu/energycorr/event_sel_studies/primeryvertex/0005/L1_object_data_5857_processed.root
hadd Source file 51: /eos/cms/store/group/phys_heavyions/jvelazqu/energycorr/event_sel_studies/primeryvertex/0005/L1_object_data_5750_processed.root
hadd Source file 57: /eos/cms/store/group/phys_heavyions/jvelazqu/energycorr/event_sel_studies/primeryvertex/0005/L1_object_data_5556_processed.root
hadd Source file 54: /eos/cms/store/group/phys_heavyions/jvelazqu/energycorr/event_sel_studies/primeryvertex/0005/L1_object_data_5153_processed.root
hadd Source file 59: /eos/cms/store/group/phys_heavyions/jvelazqu/energycorr/event_sel_studies/primeryvertex/0005/L1_object_data_5858_processed.root
hadd Source file 46: /eos/cms/store/group/phys_heavyions/jvelazqu/energycorr/event_sel_studies/primeryvertex/0005/L1_object_data_5445_processed.root
hadd Source file 52: /eos/cms/store/group/phys_heavyions/jvelazqu/energycorr/event_sel_studies/primeryvertex/0005/L1_object_data_5251_processed.root
hadd Source file 52: /eos/cms/store/group/phys_heavyions/jvelazqu/energycorr/event_sel_studies/primeryvertex/0005/L1_object_data_5751_processed.root
hadd Source file 47: /eos/cms/store/group/phys_heavyions/jvelazqu/energycorr/event_sel_studies/primeryvertex/0005/L1_object_data_5446_processed.root
hadd Source file 58: /eos/cms/store/group/phys_heavyions/jvelazqu/energycorr/event_sel_studies/primeryvertex/0005/L1_object_data_5557_processed.root
hadd Source file 60: /eos/cms/store/group/phys_heavyions/jvelazqu/energycorr/event_sel_studies/primeryvertex/0005/L1_object_data_5859_processed.root
hadd Source file 55: /eos/cms/store/group/phys_heavyions/jvelazqu/energycorr/event_sel_studies/primeryvertex/0005/L1_object_data_5154_processed.root
hadd Source file 48: /eos/cms/store/group/phys_heavyions/jvelazqu/energycorr/event_sel_studies/primeryvertex/0005/L1_object_data_5447_processed.root
hadd Source file 53: /eos/cms/store/group/phys_heavyions/jvelazqu/energycorr/event_sel_studies/primeryvertex/0005/L1_object_data_5752_processed.root
hadd Source file 61: /eos/cms/store/group/phys_heavyions/jvelazqu/energycorr/event_sel_studies/primeryvertex/0005/L1_object_data_5860_processed.root
hadd Source file 56: /eos/cms/store/group/phys_heavyions/jvelazqu/energycorr/event_sel_studies/primeryvertex/0005/L1_object_data_5155_processed.root
hadd Source file 43: /eos/cms/store/group/phys_heavyions/jvelazqu/energycorr/event_sel_studies/primeryvertex/0005/L1_object_data_5042_processed.root
hadd Source file 59: /eos/cms/store/group/phys_heavyions/jvelazqu/energycorr/event_sel_studies/primeryvertex/0005/L1_object_data_5558_processed.root
hadd Source file 56: /eos/cms/store/group/phys_heavyions/jvelazqu/energycorr/event_sel_studies/primeryvertex/0005/L1_object_data_5955_processed.root
hadd Source file 60: /eos/cms/store/group/phys_heavyions/jvelazqu/energycorr/event_sel_studies/primeryvertex/0005/L1_object_data_5559_processed.root
hadd Source file 62: /eos/cms/store/group/phys_heavyions/jvelazqu/energycorr/event_sel_studies/primeryvertex/0005/L1_object_data_5861_processed.root
hadd Source file 44: /eos/cms/store/group/phys_heavyions/jvelazqu/energycorr/event_sel_studies/primeryvertex/0005/L1_object_data_5043_processed.root
hadd Source file 57: /eos/cms/store/group/phys_heavyions/jvelazqu/energycorr/event_sel_studies/primeryvertex/0005/L1_object_data_5156_processed.root
hadd Source file 47: /eos/cms/store/group/phys_heavyions/jvelazqu/energycorr/event_sel_studies/primeryvertex/0005/L1_object_data_5646_processed.root
hadd Source file 57: /eos/cms/store/group/phys_heavyions/jvelazqu/energycorr/event_sel_studies/primeryvertex/0005/L1_object_data_5956_processed.root
hadd Source file 45: /eos/cms/store/group/phys_heavyions/jvelazqu/energycorr/event_sel_studies/primeryvertex/0005/L1_object_data_5044_processed.root
hadd Source file 61: /eos/cms/store/group/phys_heavyions/jvelazqu/energycorr/event_sel_studies/primeryvertex/0005/L1_object_data_5560_processed.root
hadd Source file 63: /eos/cms/store/group/phys_heavyions/jvelazqu/energycorr/event_sel_studies/primeryvertex/0005/L1_object_data_5862_processed.root
hadd Source file 53: /eos/cms/store/group/phys_heavyions/jvelazqu/energycorr/event_sel_studies/primeryvertex/0005/L1_object_data_5252_processed.root
hadd Source file 48: /eos/cms/store/group/phys_heavyions/jvelazqu/energycorr/event_sel_studies/primeryvertex/0005/L1_object_data_5647_processed.root
hadd Source file 58: /eos/cms/store/group/phys_heavyions/jvelazqu/energycorr/event_sel_studies/primeryvertex/0005/L1_object_data_5957_processed.root
hadd Source file 64: /eos/cms/store/group/phys_heavyions/jvelazqu/energycorr/event_sel_studies/primeryvertex/0005/L1_object_data_5863_processed.root
hadd Source file 54: /eos/cms/store/group/phys_heavyions/jvelazqu/energycorr/event_sel_studies/primeryvertex/0005/L1_object_data_5253_processed.root
hadd Source file 49: /eos/cms/store/group/phys_heavyions/jvelazqu/energycorr/event_sel_studies/primeryvertex/0005/L1_object_data_5648_processed.root
hadd Source file 54: /eos/cms/store/group/phys_heavyions/jvelazqu/energycorr/event_sel_studies/primeryvertex/0005/L1_object_data_5753_processed.root
hadd Source file 65: /eos/cms/store/group/phys_heavyions/jvelazqu/energycorr/event_sel_studies/primeryvertex/0005/L1_object_data_5864_processed.root
hadd Source file 59: /eos/cms/store/group/phys_heavyions/jvelazqu/energycorr/event_sel_studies/primeryvertex/0005/L1_object_data_5958_processed.root
hadd Source file 55: /eos/cms/store/group/phys_heavyions/jvelazqu/energycorr/event_sel_studies/primeryvertex/0005/L1_object_data_5254_processed.root
hadd Source file 58: /eos/cms/store/group/phys_heavyions/jvelazqu/energycorr/event_sel_studies/primeryvertex/0005/L1_object_data_5157_processed.root
hadd Source file 55: /eos/cms/store/group/phys_heavyions/jvelazqu/energycorr/event_sel_studies/primeryvertex/0005/L1_object_data_5754_processed.root
hadd Source file 66: /eos/cms/store/group/phys_heavyions/jvelazqu/energycorr/event_sel_studies/primeryvertex/0005/L1_object_data_5865_processed.root
hadd Source file 67: /eos/cms/store/group/phys_heavyions/jvelazqu/energycorr/event_sel_studies/primeryvertex/0005/L1_object_data_5866_processed.root
hadd Source file 56: /eos/cms/store/group/phys_heavyions/jvelazqu/energycorr/event_sel_studies/primeryvertex/0005/L1_object_data_5255_processed.root
hadd Source file 60: /eos/cms/store/group/phys_heavyions/jvelazqu/energycorr/event_sel_studies/primeryvertex/0005/L1_object_data_5959_processed.root
hadd Source file 46: /eos/cms/store/group/phys_heavyions/jvelazqu/energycorr/event_sel_studies/primeryvertex/0005/L1_object_data_5045_processed.root
hadd Source file 61: /eos/cms/store/group/phys_heavyions/jvelazqu/energycorr/event_sel_studies/primeryvertex/0005/L1_object_data_5960_processed.root
hadd Source file 68: /eos/cms/store/group/phys_heavyions/jvelazqu/energycorr/event_sel_studies/primeryvertex/0005/L1_object_data_5867_processed.root
hadd Source file 57: /eos/cms/store/group/phys_heavyions/jvelazqu/energycorr/event_sel_studies/primeryvertex/0005/L1_object_data_5256_processed.root
hadd Source file 47: /eos/cms/store/group/phys_heavyions/jvelazqu/energycorr/event_sel_studies/primeryvertex/0005/L1_object_data_5046_processed.root
hadd Source file 62: /eos/cms/store/group/phys_heavyions/jvelazqu/energycorr/event_sel_studies/primeryvertex/0005/L1_object_data_5961_processed.root
hadd Source file 69: /eos/cms/store/group/phys_heavyions/jvelazqu/energycorr/event_sel_studies/primeryvertex/0005/L1_object_data_5868_processed.root
hadd Source file 48: /eos/cms/store/group/phys_heavyions/jvelazqu/energycorr/event_sel_studies/primeryvertex/0005/L1_object_data_5047_processed.root
hadd Source file 63: /eos/cms/store/group/phys_heavyions/jvelazqu/energycorr/event_sel_studies/primeryvertex/0005/L1_object_data_5962_processed.root
hadd Source file 58: /eos/cms/store/group/phys_heavyions/jvelazqu/energycorr/event_sel_studies/primeryvertex/0005/L1_object_data_5257_processed.root
hadd Source file 64: /eos/cms/store/group/phys_heavyions/jvelazqu/energycorr/event_sel_studies/primeryvertex/0005/L1_object_data_5963_processed.root
hadd Source file 70: /eos/cms/store/group/phys_heavyions/jvelazqu/energycorr/event_sel_studies/primeryvertex/0005/L1_object_data_5869_processed.root
hadd Source file 59: /eos/cms/store/group/phys_heavyions/jvelazqu/energycorr/event_sel_studies/primeryvertex/0005/L1_object_data_5158_processed.root
hadd Source file 56: /eos/cms/store/group/phys_heavyions/jvelazqu/energycorr/event_sel_studies/primeryvertex/0005/L1_object_data_5755_processed.root
hadd Source file 59: /eos/cms/store/group/phys_heavyions/jvelazqu/energycorr/event_sel_studies/primeryvertex/0005/L1_object_data_5258_processed.root
hadd Source file 71: /eos/cms/store/group/phys_heavyions/jvelazqu/energycorr/event_sel_studies/primeryvertex/0005/L1_object_data_5870_processed.root
hadd Source file 62: /eos/cms/store/group/phys_heavyions/jvelazqu/energycorr/event_sel_studies/primeryvertex/0005/L1_object_data_5561_processed.root
hadd Source file 65: /eos/cms/store/group/phys_heavyions/jvelazqu/energycorr/event_sel_studies/primeryvertex/0005/L1_object_data_5964_processed.root
hadd Source file 60: /eos/cms/store/group/phys_heavyions/jvelazqu/energycorr/event_sel_studies/primeryvertex/0005/L1_object_data_5159_processed.root
hadd Source file 60: /eos/cms/store/group/phys_heavyions/jvelazqu/energycorr/event_sel_studies/primeryvertex/0005/L1_object_data_5259_processed.root
hadd Source file 66: /eos/cms/store/group/phys_heavyions/jvelazqu/energycorr/event_sel_studies/primeryvertex/0005/L1_object_data_5965_processed.root
hadd Source file 63: /eos/cms/store/group/phys_heavyions/jvelazqu/energycorr/event_sel_studies/primeryvertex/0005/L1_object_data_5562_processed.root
hadd Source file 49: /eos/cms/store/group/phys_heavyions/jvelazqu/energycorr/event_sel_studies/primeryvertex/0005/L1_object_data_5048_processed.root
hadd Source file 72: /eos/cms/store/group/phys_heavyions/jvelazqu/energycorr/event_sel_studies/primeryvertex/0005/L1_object_data_5871_processed.root
hadd Source file 61: /eos/cms/store/group/phys_heavyions/jvelazqu/energycorr/event_sel_studies/primeryvertex/0005/L1_object_data_5260_processed.root
hadd Source file 67: /eos/cms/store/group/phys_heavyions/jvelazqu/energycorr/event_sel_studies/primeryvertex/0005/L1_object_data_5966_processed.root
hadd Source file 64: /eos/cms/store/group/phys_heavyions/jvelazqu/energycorr/event_sel_studies/primeryvertex/0005/L1_object_data_5563_processed.root
hadd Source file 50: /eos/cms/store/group/phys_heavyions/jvelazqu/energycorr/event_sel_studies/primeryvertex/0005/L1_object_data_5649_processed.root
hadd Source file 61: /eos/cms/store/group/phys_heavyions/jvelazqu/energycorr/event_sel_studies/primeryvertex/0005/L1_object_data_5160_processed.root
hadd Source file 50: /eos/cms/store/group/phys_heavyions/jvelazqu/energycorr/event_sel_studies/primeryvertex/0005/L1_object_data_5049_processed.root
hadd Source file 62: /eos/cms/store/group/phys_heavyions/jvelazqu/energycorr/event_sel_studies/primeryvertex/0005/L1_object_data_5261_processed.root
hadd Source file 73: /eos/cms/store/group/phys_heavyions/jvelazqu/energycorr/event_sel_studies/primeryvertex/0005/L1_object_data_5872_processed.root
hadd Source file 65: /eos/cms/store/group/phys_heavyions/jvelazqu/energycorr/event_sel_studies/primeryvertex/0005/L1_object_data_5564_processed.root
hadd Source file 68: /eos/cms/store/group/phys_heavyions/jvelazqu/energycorr/event_sel_studies/primeryvertex/0005/L1_object_data_5967_processed.root
hadd Source file 62: /eos/cms/store/group/phys_heavyions/jvelazqu/energycorr/event_sel_studies/primeryvertex/0005/L1_object_data_5161_processed.root
hadd Source file 51: /eos/cms/store/group/phys_heavyions/jvelazqu/energycorr/event_sel_studies/primeryvertex/0005/L1_object_data_5050_processed.root
hadd Source file 57: /eos/cms/store/group/phys_heavyions/jvelazqu/energycorr/event_sel_studies/primeryvertex/0005/L1_object_data_5756_processed.root
hadd Source file 69: /eos/cms/store/group/phys_heavyions/jvelazqu/energycorr/event_sel_studies/primeryvertex/0005/L1_object_data_5968_processed.root
hadd Source file 51: /eos/cms/store/group/phys_heavyions/jvelazqu/energycorr/event_sel_studies/primeryvertex/0005/L1_object_data_5650_processed.root
hadd Source file 74: /eos/cms/store/group/phys_heavyions/jvelazqu/energycorr/event_sel_studies/primeryvertex/0005/L1_object_data_5873_processed.root
hadd Source file 52: /eos/cms/store/group/phys_heavyions/jvelazqu/energycorr/event_sel_studies/primeryvertex/0005/L1_object_data_5051_processed.root
hadd Source file 66: /eos/cms/store/group/phys_heavyions/jvelazqu/energycorr/event_sel_studies/primeryvertex/0005/L1_object_data_5565_processed.root
hadd Source file 63: /eos/cms/store/group/phys_heavyions/jvelazqu/energycorr/event_sel_studies/primeryvertex/0005/L1_object_data_5262_processed.root
hadd Source file 52: /eos/cms/store/group/phys_heavyions/jvelazqu/energycorr/event_sel_studies/primeryvertex/0005/L1_object_data_5651_processed.root
hadd Source file 70: /eos/cms/store/group/phys_heavyions/jvelazqu/energycorr/event_sel_studies/primeryvertex/0005/L1_object_data_5969_processed.root
hadd Source file 64: /eos/cms/store/group/phys_heavyions/jvelazqu/energycorr/event_sel_studies/primeryvertex/0005/L1_object_data_5263_processed.root
hadd Source file 58: /eos/cms/store/group/phys_heavyions/jvelazqu/energycorr/event_sel_studies/primeryvertex/0005/L1_object_data_5757_processed.root
hadd Source file 53: /eos/cms/store/group/phys_heavyions/jvelazqu/energycorr/event_sel_studies/primeryvertex/0005/L1_object_data_5052_processed.root
hadd Source file 75: /eos/cms/store/group/phys_heavyions/jvelazqu/energycorr/event_sel_studies/primeryvertex/0005/L1_object_data_5874_processed.root
hadd Source file 54: /eos/cms/store/group/phys_heavyions/jvelazqu/energycorr/event_sel_studies/primeryvertex/0005/L1_object_data_5053_processed.root
hadd Source file 59: /eos/cms/store/group/phys_heavyions/jvelazqu/energycorr/event_sel_studies/primeryvertex/0005/L1_object_data_5758_processed.root
hadd Source file 67: /eos/cms/store/group/phys_heavyions/jvelazqu/energycorr/event_sel_studies/primeryvertex/0005/L1_object_data_5566_processed.root
hadd Source file 76: /eos/cms/store/group/phys_heavyions/jvelazqu/energycorr/event_sel_studies/primeryvertex/0005/L1_object_data_5875_processed.root
hadd Source file 77: /eos/cms/store/group/phys_heavyions/jvelazqu/energycorr/event_sel_studies/primeryvertex/0005/L1_object_data_5876_processed.root
hadd Source file 65: /eos/cms/store/group/phys_heavyions/jvelazqu/energycorr/event_sel_studies/primeryvertex/0005/L1_object_data_5264_processed.root
hadd Source file 63: /eos/cms/store/group/phys_heavyions/jvelazqu/energycorr/event_sel_studies/primeryvertex/0005/L1_object_data_5162_processed.root
hadd Source file 55: /eos/cms/store/group/phys_heavyions/jvelazqu/energycorr/event_sel_studies/primeryvertex/0005/L1_object_data_5054_processed.root
hadd Source file 60: /eos/cms/store/group/phys_heavyions/jvelazqu/energycorr/event_sel_studies/primeryvertex/0005/L1_object_data_5759_processed.root
hadd Source file 78: /eos/cms/store/group/phys_heavyions/jvelazqu/energycorr/event_sel_studies/primeryvertex/0005/L1_object_data_5877_processed.root
hadd Source file 68: /eos/cms/store/group/phys_heavyions/jvelazqu/energycorr/event_sel_studies/primeryvertex/0005/L1_object_data_5567_processed.root
hadd Source file 66: /eos/cms/store/group/phys_heavyions/jvelazqu/energycorr/event_sel_studies/primeryvertex/0005/L1_object_data_5265_processed.root
hadd Source file 71: /eos/cms/store/group/phys_heavyions/jvelazqu/energycorr/event_sel_studies/primeryvertex/0005/L1_object_data_5970_processed.root
hadd Source file 64: /eos/cms/store/group/phys_heavyions/jvelazqu/energycorr/event_sel_studies/primeryvertex/0005/L1_object_data_5163_processed.root
hadd Source file 53: /eos/cms/store/group/phys_heavyions/jvelazqu/energycorr/event_sel_studies/primeryvertex/0005/L1_object_data_5652_processed.root
hadd Source file 61: /eos/cms/store/group/phys_heavyions/jvelazqu/energycorr/event_sel_studies/primeryvertex/0005/L1_object_data_5760_processed.root
hadd Source file 56: /eos/cms/store/group/phys_heavyions/jvelazqu/energycorr/event_sel_studies/primeryvertex/0005/L1_object_data_5055_processed.root
hadd Source file 79: /eos/cms/store/group/phys_heavyions/jvelazqu/energycorr/event_sel_studies/primeryvertex/0005/L1_object_data_5878_processed.root
hadd Source file 62: /eos/cms/store/group/phys_heavyions/jvelazqu/energycorr/event_sel_studies/primeryvertex/0005/L1_object_data_5761_processed.root
hadd Source file 65: /eos/cms/store/group/phys_heavyions/jvelazqu/energycorr/event_sel_studies/primeryvertex/0005/L1_object_data_5164_processed.root
hadd Source file 67: /eos/cms/store/group/phys_heavyions/jvelazqu/energycorr/event_sel_studies/primeryvertex/0005/L1_object_data_5266_processed.root
hadd Source file 80: /eos/cms/store/group/phys_heavyions/jvelazqu/energycorr/event_sel_studies/primeryvertex/0005/L1_object_data_5879_processed.root
hadd Source file 69: /eos/cms/store/group/phys_heavyions/jvelazqu/energycorr/event_sel_studies/primeryvertex/0005/L1_object_data_5568_processed.root
hadd Source file 54: /eos/cms/store/group/phys_heavyions/jvelazqu/energycorr/event_sel_studies/primeryvertex/0005/L1_object_data_5653_processed.root
hadd Source file 57: /eos/cms/store/group/phys_heavyions/jvelazqu/energycorr/event_sel_studies/primeryvertex/0005/L1_object_data_5056_processed.root
hadd Source file 68: /eos/cms/store/group/phys_heavyions/jvelazqu/energycorr/event_sel_studies/primeryvertex/0005/L1_object_data_5267_processed.root
hadd Source file 63: /eos/cms/store/group/phys_heavyions/jvelazqu/energycorr/event_sel_studies/primeryvertex/0005/L1_object_data_5762_processed.root
hadd Source file 66: /eos/cms/store/group/phys_heavyions/jvelazqu/energycorr/event_sel_studies/primeryvertex/0005/L1_object_data_5165_processed.root
hadd Source file 58: /eos/cms/store/group/phys_heavyions/jvelazqu/energycorr/event_sel_studies/primeryvertex/0005/L1_object_data_5057_processed.root
hadd Source file 81: /eos/cms/store/group/phys_heavyions/jvelazqu/energycorr/event_sel_studies/primeryvertex/0005/L1_object_data_5880_processed.root
hadd Source file 55: /eos/cms/store/group/phys_heavyions/jvelazqu/energycorr/event_sel_studies/primeryvertex/0005/L1_object_data_5654_processed.root
hadd Source file 64: /eos/cms/store/group/phys_heavyions/jvelazqu/energycorr/event_sel_studies/primeryvertex/0005/L1_object_data_5763_processed.root
hadd Source file 70: /eos/cms/store/group/phys_heavyions/jvelazqu/energycorr/event_sel_studies/primeryvertex/0005/L1_object_data_5569_processed.root
hadd Source file 69: /eos/cms/store/group/phys_heavyions/jvelazqu/energycorr/event_sel_studies/primeryvertex/0005/L1_object_data_5268_processed.root
hadd Source file 59: /eos/cms/store/group/phys_heavyions/jvelazqu/energycorr/event_sel_studies/primeryvertex/0005/L1_object_data_5058_processed.root
hadd Source file 72: /eos/cms/store/group/phys_heavyions/jvelazqu/energycorr/event_sel_studies/primeryvertex/0005/L1_object_data_5971_processed.root
hadd Source file 60: /eos/cms/store/group/phys_heavyions/jvelazqu/energycorr/event_sel_studies/primeryvertex/0005/L1_object_data_5059_processed.root
hadd Source file 71: /eos/cms/store/group/phys_heavyions/jvelazqu/energycorr/event_sel_studies/primeryvertex/0005/L1_object_data_5570_processed.root
hadd Source file 65: /eos/cms/store/group/phys_heavyions/jvelazqu/energycorr/event_sel_studies/primeryvertex/0005/L1_object_data_5764_processed.root
hadd Source file 73: /eos/cms/store/group/phys_heavyions/jvelazqu/energycorr/event_sel_studies/primeryvertex/0005/L1_object_data_5972_processed.root
hadd Source file 70: /eos/cms/store/group/phys_heavyions/jvelazqu/energycorr/event_sel_studies/primeryvertex/0005/L1_object_data_5269_processed.root
hadd Source file 66: /eos/cms/store/group/phys_heavyions/jvelazqu/energycorr/event_sel_studies/primeryvertex/0005/L1_object_data_5765_processed.root
hadd Source file 82: /eos/cms/store/group/phys_heavyions/jvelazqu/energycorr/event_sel_studies/primeryvertex/0005/L1_object_data_5881_processed.root
hadd Source file 71: /eos/cms/store/group/phys_heavyions/jvelazqu/energycorr/event_sel_studies/primeryvertex/0005/L1_object_data_5270_processed.root
hadd Source file 83: /eos/cms/store/group/phys_heavyions/jvelazqu/energycorr/event_sel_studies/primeryvertex/0005/L1_object_data_5882_processed.root
hadd Source file 72: /eos/cms/store/group/phys_heavyions/jvelazqu/energycorr/event_sel_studies/primeryvertex/0005/L1_object_data_5571_processed.root
hadd Source file 61: /eos/cms/store/group/phys_heavyions/jvelazqu/energycorr/event_sel_studies/primeryvertex/0005/L1_object_data_5060_processed.root
hadd Source file 74: /eos/cms/store/group/phys_heavyions/jvelazqu/energycorr/event_sel_studies/primeryvertex/0005/L1_object_data_5973_processed.root
hadd Source file 67: /eos/cms/store/group/phys_heavyions/jvelazqu/energycorr/event_sel_studies/primeryvertex/0005/L1_object_data_5766_processed.root
hadd Source file 67: /eos/cms/store/group/phys_heavyions/jvelazqu/energycorr/event_sel_studies/primeryvertex/0005/L1_object_data_5166_processed.root
hadd Source file 73: /eos/cms/store/group/phys_heavyions/jvelazqu/energycorr/event_sel_studies/primeryvertex/0005/L1_object_data_5572_processed.root
hadd Source file 62: /eos/cms/store/group/phys_heavyions/jvelazqu/energycorr/event_sel_studies/primeryvertex/0005/L1_object_data_5061_processed.root
hadd Source file 56: /eos/cms/store/group/phys_heavyions/jvelazqu/energycorr/event_sel_studies/primeryvertex/0005/L1_object_data_5655_processed.root
hadd Source file 68: /eos/cms/store/group/phys_heavyions/jvelazqu/energycorr/event_sel_studies/primeryvertex/0005/L1_object_data_5767_processed.root
hadd Source file 74: /eos/cms/store/group/phys_heavyions/jvelazqu/energycorr/event_sel_studies/primeryvertex/0005/L1_object_data_5573_processed.root
hadd Source file 63: /eos/cms/store/group/phys_heavyions/jvelazqu/energycorr/event_sel_studies/primeryvertex/0005/L1_object_data_5062_processed.root
hadd Source file 75: /eos/cms/store/group/phys_heavyions/jvelazqu/energycorr/event_sel_studies/primeryvertex/0005/L1_object_data_5974_processed.root
hadd Source file 84: /eos/cms/store/group/phys_heavyions/jvelazqu/energycorr/event_sel_studies/primeryvertex/0005/L1_object_data_5883_processed.root
hadd Source file 72: /eos/cms/store/group/phys_heavyions/jvelazqu/energycorr/event_sel_studies/primeryvertex/0005/L1_object_data_5271_processed.root
hadd Source file 75: /eos/cms/store/group/phys_heavyions/jvelazqu/energycorr/event_sel_studies/primeryvertex/0005/L1_object_data_5574_processed.root
hadd Source file 68: /eos/cms/store/group/phys_heavyions/jvelazqu/energycorr/event_sel_studies/primeryvertex/0005/L1_object_data_5167_processed.root
hadd Source file 57: /eos/cms/store/group/phys_heavyions/jvelazqu/energycorr/event_sel_studies/primeryvertex/0005/L1_object_data_5656_processed.root
hadd Source file 69: /eos/cms/store/group/phys_heavyions/jvelazqu/energycorr/event_sel_studies/primeryvertex/0005/L1_object_data_5768_processed.root
hadd Source file 64: /eos/cms/store/group/phys_heavyions/jvelazqu/energycorr/event_sel_studies/primeryvertex/0005/L1_object_data_5063_processed.root
hadd Source file 76: /eos/cms/store/group/phys_heavyions/jvelazqu/energycorr/event_sel_studies/primeryvertex/0005/L1_object_data_5975_processed.root
hadd Source file 58: /eos/cms/store/group/phys_heavyions/jvelazqu/energycorr/event_sel_studies/primeryvertex/0005/L1_object_data_5657_processed.root
hadd Source file 69: /eos/cms/store/group/phys_heavyions/jvelazqu/energycorr/event_sel_studies/primeryvertex/0005/L1_object_data_5168_processed.root
hadd Source file 85: /eos/cms/store/group/phys_heavyions/jvelazqu/energycorr/event_sel_studies/primeryvertex/0005/L1_object_data_5884_processed.root
hadd Source file 70: /eos/cms/store/group/phys_heavyions/jvelazqu/energycorr/event_sel_studies/primeryvertex/0005/L1_object_data_5769_processed.root
hadd Source file 65: /eos/cms/store/group/phys_heavyions/jvelazqu/energycorr/event_sel_studies/primeryvertex/0005/L1_object_data_5064_processed.root
hadd Source file 86: /eos/cms/store/group/phys_heavyions/jvelazqu/energycorr/event_sel_studies/primeryvertex/0005/L1_object_data_5885_processed.root
hadd Source file 77: /eos/cms/store/group/phys_heavyions/jvelazqu/energycorr/event_sel_studies/primeryvertex/0005/L1_object_data_5976_processed.root
hadd Source file 70: /eos/cms/store/group/phys_heavyions/jvelazqu/energycorr/event_sel_studies/primeryvertex/0005/L1_object_data_5169_processed.root
hadd Source file 76: /eos/cms/store/group/phys_heavyions/jvelazqu/energycorr/event_sel_studies/primeryvertex/0005/L1_object_data_5575_processed.root
hadd Source file 71: /eos/cms/store/group/phys_heavyions/jvelazqu/energycorr/event_sel_studies/primeryvertex/0005/L1_object_data_5770_processed.root
hadd Source file 71: /eos/cms/store/group/phys_heavyions/jvelazqu/energycorr/event_sel_studies/primeryvertex/0005/L1_object_data_5170_processed.root
hadd Source file 73: /eos/cms/store/group/phys_heavyions/jvelazqu/energycorr/event_sel_studies/primeryvertex/0005/L1_object_data_5272_processed.root
hadd Source file 72: /eos/cms/store/group/phys_heavyions/jvelazqu/energycorr/event_sel_studies/primeryvertex/0005/L1_object_data_5771_processed.root
hadd Source file 87: /eos/cms/store/group/phys_heavyions/jvelazqu/energycorr/event_sel_studies/primeryvertex/0005/L1_object_data_5886_processed.root
hadd Source file 77: /eos/cms/store/group/phys_heavyions/jvelazqu/energycorr/event_sel_studies/primeryvertex/0005/L1_object_data_5576_processed.root
hadd Source file 72: /eos/cms/store/group/phys_heavyions/jvelazqu/energycorr/event_sel_studies/primeryvertex/0005/L1_object_data_5171_processed.root
hadd Source file 74: /eos/cms/store/group/phys_heavyions/jvelazqu/energycorr/event_sel_studies/primeryvertex/0005/L1_object_data_5273_processed.root
hadd Source file 78: /eos/cms/store/group/phys_heavyions/jvelazqu/energycorr/event_sel_studies/primeryvertex/0005/L1_object_data_5977_processed.root
hadd Source file 73: /eos/cms/store/group/phys_heavyions/jvelazqu/energycorr/event_sel_studies/primeryvertex/0005/L1_object_data_5772_processed.root
hadd Source file 73: /eos/cms/store/group/phys_heavyions/jvelazqu/energycorr/event_sel_studies/primeryvertex/0005/L1_object_data_5172_processed.root
hadd Source file 79: /eos/cms/store/group/phys_heavyions/jvelazqu/energycorr/event_sel_studies/primeryvertex/0005/L1_object_data_5978_processed.root
hadd Source file 78: /eos/cms/store/group/phys_heavyions/jvelazqu/energycorr/event_sel_studies/primeryvertex/0005/L1_object_data_5577_processed.root
hadd Source file 88: /eos/cms/store/group/phys_heavyions/jvelazqu/energycorr/event_sel_studies/primeryvertex/0005/L1_object_data_5887_processed.root
hadd Source file 74: /eos/cms/store/group/phys_heavyions/jvelazqu/energycorr/event_sel_studies/primeryvertex/0005/L1_object_data_5173_processed.root
hadd Source file 66: /eos/cms/store/group/phys_heavyions/jvelazqu/energycorr/event_sel_studies/primeryvertex/0005/L1_object_data_5065_processed.root
hadd Source file 75: /eos/cms/store/group/phys_heavyions/jvelazqu/energycorr/event_sel_studies/primeryvertex/0005/L1_object_data_5274_processed.root
hadd Source file 80: /eos/cms/store/group/phys_heavyions/jvelazqu/energycorr/event_sel_studies/primeryvertex/0005/L1_object_data_5979_processed.root
hadd Source file 76: /eos/cms/store/group/phys_heavyions/jvelazqu/energycorr/event_sel_studies/primeryvertex/0005/L1_object_data_5275_processed.root
hadd Source file 79: /eos/cms/store/group/phys_heavyions/jvelazqu/energycorr/event_sel_studies/primeryvertex/0005/L1_object_data_5578_processed.root
hadd Source file 75: /eos/cms/store/group/phys_heavyions/jvelazqu/energycorr/event_sel_studies/primeryvertex/0005/L1_object_data_5174_processed.root
hadd Source file 67: /eos/cms/store/group/phys_heavyions/jvelazqu/energycorr/event_sel_studies/primeryvertex/0005/L1_object_data_5066_processed.root
hadd Source file 81: /eos/cms/store/group/phys_heavyions/jvelazqu/energycorr/event_sel_studies/primeryvertex/0005/L1_object_data_5980_processed.root
hadd Source file 80: /eos/cms/store/group/phys_heavyions/jvelazqu/energycorr/event_sel_studies/primeryvertex/0005/L1_object_data_5579_processed.root
hadd Source file 68: /eos/cms/store/group/phys_heavyions/jvelazqu/energycorr/event_sel_studies/primeryvertex/0005/L1_object_data_5067_processed.root
hadd Source file 76: /eos/cms/store/group/phys_heavyions/jvelazqu/energycorr/event_sel_studies/primeryvertex/0005/L1_object_data_5175_processed.root
hadd Source file 81: /eos/cms/store/group/phys_heavyions/jvelazqu/energycorr/event_sel_studies/primeryvertex/0005/L1_object_data_5580_processed.root
hadd Source file 69: /eos/cms/store/group/phys_heavyions/jvelazqu/energycorr/event_sel_studies/primeryvertex/0005/L1_object_data_5068_processed.root
hadd Source file 77: /eos/cms/store/group/phys_heavyions/jvelazqu/energycorr/event_sel_studies/primeryvertex/0005/L1_object_data_5176_processed.root
hadd Source file 82: /eos/cms/store/group/phys_heavyions/jvelazqu/energycorr/event_sel_studies/primeryvertex/0005/L1_object_data_5981_processed.root
hadd Source file 74: /eos/cms/store/group/phys_heavyions/jvelazqu/energycorr/event_sel_studies/primeryvertex/0005/L1_object_data_5773_processed.root
hadd Source file 83: /eos/cms/store/group/phys_heavyions/jvelazqu/energycorr/event_sel_studies/primeryvertex/0005/L1_object_data_5982_processed.root
hadd Source file 78: /eos/cms/store/group/phys_heavyions/jvelazqu/energycorr/event_sel_studies/primeryvertex/0005/L1_object_data_5177_processed.root
hadd Source file 75: /eos/cms/store/group/phys_heavyions/jvelazqu/energycorr/event_sel_studies/primeryvertex/0005/L1_object_data_5774_processed.root
hadd Source file 84: /eos/cms/store/group/phys_heavyions/jvelazqu/energycorr/event_sel_studies/primeryvertex/0005/L1_object_data_5983_processed.root
hadd Source file 79: /eos/cms/store/group/phys_heavyions/jvelazqu/energycorr/event_sel_studies/primeryvertex/0005/L1_object_data_5178_processed.root
hadd Source file 85: /eos/cms/store/group/phys_heavyions/jvelazqu/energycorr/event_sel_studies/primeryvertex/0005/L1_object_data_5984_processed.root
hadd Source file 76: /eos/cms/store/group/phys_heavyions/jvelazqu/energycorr/event_sel_studies/primeryvertex/0005/L1_object_data_5775_processed.root
hadd Source file 89: /eos/cms/store/group/phys_heavyions/jvelazqu/energycorr/event_sel_studies/primeryvertex/0005/L1_object_data_5888_processed.root
hadd Source file 77: /eos/cms/store/group/phys_heavyions/jvelazqu/energycorr/event_sel_studies/primeryvertex/0005/L1_object_data_5276_processed.root
hadd Source file 77: /eos/cms/store/group/phys_heavyions/jvelazqu/energycorr/event_sel_studies/primeryvertex/0005/L1_object_data_5776_processed.root
hadd Source file 80: /eos/cms/store/group/phys_heavyions/jvelazqu/energycorr/event_sel_studies/primeryvertex/0005/L1_object_data_5179_processed.root
hadd Source file 86: /eos/cms/store/group/phys_heavyions/jvelazqu/energycorr/event_sel_studies/primeryvertex/0005/L1_object_data_5985_processed.root
hadd Source file 90: /eos/cms/store/group/phys_heavyions/jvelazqu/energycorr/event_sel_studies/primeryvertex/0005/L1_object_data_5889_processed.root
hadd Source file 82: /eos/cms/store/group/phys_heavyions/jvelazqu/energycorr/event_sel_studies/primeryvertex/0005/L1_object_data_5581_processed.root
hadd Source file 87: /eos/cms/store/group/phys_heavyions/jvelazqu/energycorr/event_sel_studies/primeryvertex/0005/L1_object_data_5986_processed.root
hadd Source file 78: /eos/cms/store/group/phys_heavyions/jvelazqu/energycorr/event_sel_studies/primeryvertex/0005/L1_object_data_5277_processed.root
hadd Source file 70: /eos/cms/store/group/phys_heavyions/jvelazqu/energycorr/event_sel_studies/primeryvertex/0005/L1_object_data_5069_processed.root
hadd Source file 78: /eos/cms/store/group/phys_heavyions/jvelazqu/energycorr/event_sel_studies/primeryvertex/0005/L1_object_data_5777_processed.root
hadd Source file 81: /eos/cms/store/group/phys_heavyions/jvelazqu/energycorr/event_sel_studies/primeryvertex/0005/L1_object_data_5180_processed.root
hadd Source file 91: /eos/cms/store/group/phys_heavyions/jvelazqu/energycorr/event_sel_studies/primeryvertex/0005/L1_object_data_5890_processed.root
hadd Source file 71: /eos/cms/store/group/phys_heavyions/jvelazqu/energycorr/event_sel_studies/primeryvertex/0005/L1_object_data_5070_processed.root
hadd Source file 92: /eos/cms/store/group/phys_heavyions/jvelazqu/energycorr/event_sel_studies/primeryvertex/0005/L1_object_data_5891_processed.root
hadd Source file 79: /eos/cms/store/group/phys_heavyions/jvelazqu/energycorr/event_sel_studies/primeryvertex/0005/L1_object_data_5278_processed.root
hadd Source file 88: /eos/cms/store/group/phys_heavyions/jvelazqu/energycorr/event_sel_studies/primeryvertex/0005/L1_object_data_5987_processed.root
hadd Source file 83: /eos/cms/store/group/phys_heavyions/jvelazqu/energycorr/event_sel_studies/primeryvertex/0005/L1_object_data_5582_processed.root
hadd Source file 51: /eos/cms/store/group/phys_heavyions/jvelazqu/energycorr/event_sel_studies/primeryvertex/0005/L1_object_data_5350_processed.root
hadd Source file 89: /eos/cms/store/group/phys_heavyions/jvelazqu/energycorr/event_sel_studies/primeryvertex/0005/L1_object_data_5988_processed.root
hadd Source file 80: /eos/cms/store/group/phys_heavyions/jvelazqu/energycorr/event_sel_studies/primeryvertex/0005/L1_object_data_5279_processed.root
hadd Source file 72: /eos/cms/store/group/phys_heavyions/jvelazqu/energycorr/event_sel_studies/primeryvertex/0005/L1_object_data_5071_processed.root
hadd Source file 52: /eos/cms/store/group/phys_heavyions/jvelazqu/energycorr/event_sel_studies/primeryvertex/0005/L1_object_data_5351_processed.root
hadd Source file 81: /eos/cms/store/group/phys_heavyions/jvelazqu/energycorr/event_sel_studies/primeryvertex/0005/L1_object_data_5280_processed.root
hadd Source file 84: /eos/cms/store/group/phys_heavyions/jvelazqu/energycorr/event_sel_studies/primeryvertex/0005/L1_object_data_5583_processed.root
hadd Source file 90: /eos/cms/store/group/phys_heavyions/jvelazqu/energycorr/event_sel_studies/primeryvertex/0005/L1_object_data_5989_processed.root
hadd Source file 82: /eos/cms/store/group/phys_heavyions/jvelazqu/energycorr/event_sel_studies/primeryvertex/0005/L1_object_data_5181_processed.root
hadd Source file 91: /eos/cms/store/group/phys_heavyions/jvelazqu/energycorr/event_sel_studies/primeryvertex/0005/L1_object_data_5990_processed.root
hadd Source file 92: /eos/cms/store/group/phys_heavyions/jvelazqu/energycorr/event_sel_studies/primeryvertex/0005/L1_object_data_5991_processed.root
hadd Source file 73: /eos/cms/store/group/phys_heavyions/jvelazqu/energycorr/event_sel_studies/primeryvertex/0005/L1_object_data_5072_processed.root
hadd Source file 93: /eos/cms/store/group/phys_heavyions/jvelazqu/energycorr/event_sel_studies/primeryvertex/0005/L1_object_data_5992_processed.root
hadd Source file 53: /eos/cms/store/group/phys_heavyions/jvelazqu/energycorr/event_sel_studies/primeryvertex/0005/L1_object_data_5352_processed.root
hadd Source file 49: /eos/cms/store/group/phys_heavyions/jvelazqu/energycorr/event_sel_studies/primeryvertex/0005/L1_object_data_5448_processed.root
hadd Source file 85: /eos/cms/store/group/phys_heavyions/jvelazqu/energycorr/event_sel_studies/primeryvertex/0005/L1_object_data_5584_processed.root
hadd Source file 82: /eos/cms/store/group/phys_heavyions/jvelazqu/energycorr/event_sel_studies/primeryvertex/0005/L1_object_data_5281_processed.root
hadd Source file 94: /eos/cms/store/group/phys_heavyions/jvelazqu/energycorr/event_sel_studies/primeryvertex/0005/L1_object_data_5993_processed.root
hadd Source file 79: /eos/cms/store/group/phys_heavyions/jvelazqu/energycorr/event_sel_studies/primeryvertex/0005/L1_object_data_5778_processed.root
hadd Source file 74: /eos/cms/store/group/phys_heavyions/jvelazqu/energycorr/event_sel_studies/primeryvertex/0005/L1_object_data_5073_processed.root
hadd Source file 93: /eos/cms/store/group/phys_heavyions/jvelazqu/energycorr/event_sel_studies/primeryvertex/0005/L1_object_data_5892_processed.root
hadd Source file 83: /eos/cms/store/group/phys_heavyions/jvelazqu/energycorr/event_sel_studies/primeryvertex/0005/L1_object_data_5282_processed.root
hadd Source file 95: /eos/cms/store/group/phys_heavyions/jvelazqu/energycorr/event_sel_studies/primeryvertex/0005/L1_object_data_5994_processed.root
hadd Source file 84: /eos/cms/store/group/phys_heavyions/jvelazqu/energycorr/event_sel_studies/primeryvertex/0005/L1_object_data_5283_processed.root
hadd Source file 86: /eos/cms/store/group/phys_heavyions/jvelazqu/energycorr/event_sel_studies/primeryvertex/0005/L1_object_data_5585_processed.root
hadd Source file 75: /eos/cms/store/group/phys_heavyions/jvelazqu/energycorr/event_sel_studies/primeryvertex/0005/L1_object_data_5074_processed.root
hadd Source file 94: /eos/cms/store/group/phys_heavyions/jvelazqu/energycorr/event_sel_studies/primeryvertex/0005/L1_object_data_5893_processed.root
hadd Source file 95: /eos/cms/store/group/phys_heavyions/jvelazqu/energycorr/event_sel_studies/primeryvertex/0005/L1_object_data_5894_processed.root
hadd Source file 80: /eos/cms/store/group/phys_heavyions/jvelazqu/energycorr/event_sel_studies/primeryvertex/0005/L1_object_data_5779_processed.root
hadd Source file 85: /eos/cms/store/group/phys_heavyions/jvelazqu/energycorr/event_sel_studies/primeryvertex/0005/L1_object_data_5284_processed.root
hadd Source file 59: /eos/cms/store/group/phys_heavyions/jvelazqu/energycorr/event_sel_studies/primeryvertex/0005/L1_object_data_5658_processed.root
hadd Source file 87: /eos/cms/store/group/phys_heavyions/jvelazqu/energycorr/event_sel_studies/primeryvertex/0005/L1_object_data_5586_processed.root
hadd Source file 96: /eos/cms/store/group/phys_heavyions/jvelazqu/energycorr/event_sel_studies/primeryvertex/0005/L1_object_data_5895_processed.root
hadd Source file 96: /eos/cms/store/group/phys_heavyions/jvelazqu/energycorr/event_sel_studies/primeryvertex/0005/L1_object_data_5995_processed.root
hadd Source file 81: /eos/cms/store/group/phys_heavyions/jvelazqu/energycorr/event_sel_studies/primeryvertex/0005/L1_object_data_5780_processed.root
hadd Source file 97: /eos/cms/store/group/phys_heavyions/jvelazqu/energycorr/event_sel_studies/primeryvertex/0005/L1_object_data_5996_processed.root
hadd Source file 98: /eos/cms/store/group/phys_heavyions/jvelazqu/energycorr/event_sel_studies/primeryvertex/0005/L1_object_data_5997_processed.root
hadd Source file 54: /eos/cms/store/group/phys_heavyions/jvelazqu/energycorr/event_sel_studies/primeryvertex/0005/L1_object_data_5353_processed.root
hadd Source file 60: /eos/cms/store/group/phys_heavyions/jvelazqu/energycorr/event_sel_studies/primeryvertex/0005/L1_object_data_5659_processed.root
hadd Source file 99: /eos/cms/store/group/phys_heavyions/jvelazqu/energycorr/event_sel_studies/primeryvertex/0005/L1_object_data_5998_processed.root
hadd Source file 50: /eos/cms/store/group/phys_heavyions/jvelazqu/energycorr/event_sel_studies/primeryvertex/0005/L1_object_data_5449_processed.root
hadd Source file 97: /eos/cms/store/group/phys_heavyions/jvelazqu/energycorr/event_sel_studies/primeryvertex/0005/L1_object_data_5896_processed.root
hadd Source file 61: /eos/cms/store/group/phys_heavyions/jvelazqu/energycorr/event_sel_studies/primeryvertex/0005/L1_object_data_5660_processed.root
hadd Source file 82: /eos/cms/store/group/phys_heavyions/jvelazqu/energycorr/event_sel_studies/primeryvertex/0005/L1_object_data_5781_processed.root
hadd Source file 76: /eos/cms/store/group/phys_heavyions/jvelazqu/energycorr/event_sel_studies/primeryvertex/0005/L1_object_data_5075_processed.root
hadd Source file 100: /eos/cms/store/group/phys_heavyions/jvelazqu/energycorr/event_sel_studies/primeryvertex/0005/L1_object_data_5999_processed.root
hadd Source file 98: /eos/cms/store/group/phys_heavyions/jvelazqu/energycorr/event_sel_studies/primeryvertex/0005/L1_object_data_5897_processed.root
hadd Source file 86: /eos/cms/store/group/phys_heavyions/jvelazqu/energycorr/event_sel_studies/primeryvertex/0005/L1_object_data_5285_processed.root
hadd Source file 99: /eos/cms/store/group/phys_heavyions/jvelazqu/energycorr/event_sel_studies/primeryvertex/0005/L1_object_data_5898_processed.root
hadd Source file 55: /eos/cms/store/group/phys_heavyions/jvelazqu/energycorr/event_sel_studies/primeryvertex/0005/L1_object_data_5354_processed.root
hadd Source file 62: /eos/cms/store/group/phys_heavyions/jvelazqu/energycorr/event_sel_studies/primeryvertex/0005/L1_object_data_5661_processed.root
hadd Source file 51: /eos/cms/store/group/phys_heavyions/jvelazqu/energycorr/event_sel_studies/primeryvertex/0005/L1_object_data_5450_processed.root
hadd Target path: /pool/condor/dir_2081906/tmp/partial9_f119096c-9b37-11f1-92af-c5d5b9bcbeef.root:/
hadd Source file 77: /eos/cms/store/group/phys_heavyions/jvelazqu/energycorr/event_sel_studies/primeryvertex/0005/L1_object_data_5076_processed.root
hadd Source file 100: /eos/cms/store/group/phys_heavyions/jvelazqu/energycorr/event_sel_studies/primeryvertex/0005/L1_object_data_5899_processed.root
hadd Source file 87: /eos/cms/store/group/phys_heavyions/jvelazqu/energycorr/event_sel_studies/primeryvertex/0005/L1_object_data_5286_processed.root
hadd Source file 52: /eos/cms/store/group/phys_heavyions/jvelazqu/energycorr/event_sel_studies/primeryvertex/0005/L1_object_data_5451_processed.root
hadd Source file 78: /eos/cms/store/group/phys_heavyions/jvelazqu/energycorr/event_sel_studies/primeryvertex/0005/L1_object_data_5077_processed.root
hadd Source file 88: /eos/cms/store/group/phys_heavyions/jvelazqu/energycorr/event_sel_studies/primeryvertex/0005/L1_object_data_5587_processed.root
hadd Source file 56: /eos/cms/store/group/phys_heavyions/jvelazqu/energycorr/event_sel_studies/primeryvertex/0005/L1_object_data_5355_processed.root
hadd Target path: /pool/condor/dir_2081906/tmp/partial8_f119096c-9b37-11f1-92af-c5d5b9bcbeef.root:/
hadd Source file 79: /eos/cms/store/group/phys_heavyions/jvelazqu/energycorr/event_sel_studies/primeryvertex/0005/L1_object_data_5078_processed.root
hadd Source file 80: /eos/cms/store/group/phys_heavyions/jvelazqu/energycorr/event_sel_studies/primeryvertex/0005/L1_object_data_5079_processed.root
hadd Source file 63: /eos/cms/store/group/phys_heavyions/jvelazqu/energycorr/event_sel_studies/primeryvertex/0005/L1_object_data_5662_processed.root
hadd Source file 53: /eos/cms/store/group/phys_heavyions/jvelazqu/energycorr/event_sel_studies/primeryvertex/0005/L1_object_data_5452_processed.root
hadd Source file 88: /eos/cms/store/group/phys_heavyions/jvelazqu/energycorr/event_sel_studies/primeryvertex/0005/L1_object_data_5287_processed.root
hadd Source file 83: /eos/cms/store/group/phys_heavyions/jvelazqu/energycorr/event_sel_studies/primeryvertex/0005/L1_object_data_5782_processed.root
hadd Source file 81: /eos/cms/store/group/phys_heavyions/jvelazqu/energycorr/event_sel_studies/primeryvertex/0005/L1_object_data_5080_processed.root
hadd Source file 54: /eos/cms/store/group/phys_heavyions/jvelazqu/energycorr/event_sel_studies/primeryvertex/0005/L1_object_data_5453_processed.root
hadd Source file 64: /eos/cms/store/group/phys_heavyions/jvelazqu/energycorr/event_sel_studies/primeryvertex/0005/L1_object_data_5663_processed.root
hadd Source file 89: /eos/cms/store/group/phys_heavyions/jvelazqu/energycorr/event_sel_studies/primeryvertex/0005/L1_object_data_5288_processed.root
hadd Source file 57: /eos/cms/store/group/phys_heavyions/jvelazqu/energycorr/event_sel_studies/primeryvertex/0005/L1_object_data_5356_processed.root
hadd Source file 84: /eos/cms/store/group/phys_heavyions/jvelazqu/energycorr/event_sel_studies/primeryvertex/0005/L1_object_data_5783_processed.root
hadd Source file 89: /eos/cms/store/group/phys_heavyions/jvelazqu/energycorr/event_sel_studies/primeryvertex/0005/L1_object_data_5588_processed.root
hadd Source file 55: /eos/cms/store/group/phys_heavyions/jvelazqu/energycorr/event_sel_studies/primeryvertex/0005/L1_object_data_5454_processed.root
hadd Source file 65: /eos/cms/store/group/phys_heavyions/jvelazqu/energycorr/event_sel_studies/primeryvertex/0005/L1_object_data_5664_processed.root
hadd Source file 82: /eos/cms/store/group/phys_heavyions/jvelazqu/energycorr/event_sel_studies/primeryvertex/0005/L1_object_data_5081_processed.root
hadd Source file 85: /eos/cms/store/group/phys_heavyions/jvelazqu/energycorr/event_sel_studies/primeryvertex/0005/L1_object_data_5784_processed.root
hadd Source file 66: /eos/cms/store/group/phys_heavyions/jvelazqu/energycorr/event_sel_studies/primeryvertex/0005/L1_object_data_5665_processed.root
hadd Source file 90: /eos/cms/store/group/phys_heavyions/jvelazqu/energycorr/event_sel_studies/primeryvertex/0005/L1_object_data_5289_processed.root
hadd Source file 83: /eos/cms/store/group/phys_heavyions/jvelazqu/energycorr/event_sel_studies/primeryvertex/0005/L1_object_data_5082_processed.root
hadd Source file 58: /eos/cms/store/group/phys_heavyions/jvelazqu/energycorr/event_sel_studies/primeryvertex/0005/L1_object_data_5357_processed.root
hadd Source file 86: /eos/cms/store/group/phys_heavyions/jvelazqu/energycorr/event_sel_studies/primeryvertex/0005/L1_object_data_5785_processed.root
hadd Source file 56: /eos/cms/store/group/phys_heavyions/jvelazqu/energycorr/event_sel_studies/primeryvertex/0005/L1_object_data_5455_processed.root
hadd Source file 67: /eos/cms/store/group/phys_heavyions/jvelazqu/energycorr/event_sel_studies/primeryvertex/0005/L1_object_data_5666_processed.root
hadd Source file 91: /eos/cms/store/group/phys_heavyions/jvelazqu/energycorr/event_sel_studies/primeryvertex/0005/L1_object_data_5290_processed.root
hadd Source file 87: /eos/cms/store/group/phys_heavyions/jvelazqu/energycorr/event_sel_studies/primeryvertex/0005/L1_object_data_5786_processed.root
hadd Source file 59: /eos/cms/store/group/phys_heavyions/jvelazqu/energycorr/event_sel_studies/primeryvertex/0005/L1_object_data_5358_processed.root
hadd Source file 84: /eos/cms/store/group/phys_heavyions/jvelazqu/energycorr/event_sel_studies/primeryvertex/0005/L1_object_data_5083_processed.root
hadd Source file 57: /eos/cms/store/group/phys_heavyions/jvelazqu/energycorr/event_sel_studies/primeryvertex/0005/L1_object_data_5456_processed.root
hadd Source file 68: /eos/cms/store/group/phys_heavyions/jvelazqu/energycorr/event_sel_studies/primeryvertex/0005/L1_object_data_5667_processed.root
hadd Source file 92: /eos/cms/store/group/phys_heavyions/jvelazqu/energycorr/event_sel_studies/primeryvertex/0005/L1_object_data_5291_processed.root
hadd Source file 85: /eos/cms/store/group/phys_heavyions/jvelazqu/energycorr/event_sel_studies/primeryvertex/0005/L1_object_data_5084_processed.root
hadd Source file 88: /eos/cms/store/group/phys_heavyions/jvelazqu/energycorr/event_sel_studies/primeryvertex/0005/L1_object_data_5787_processed.root
hadd Source file 90: /eos/cms/store/group/phys_heavyions/jvelazqu/energycorr/event_sel_studies/primeryvertex/0005/L1_object_data_5589_processed.root
hadd Source file 58: /eos/cms/store/group/phys_heavyions/jvelazqu/energycorr/event_sel_studies/primeryvertex/0005/L1_object_data_5457_processed.root
hadd Source file 60: /eos/cms/store/group/phys_heavyions/jvelazqu/energycorr/event_sel_studies/primeryvertex/0005/L1_object_data_5359_processed.root
hadd Source file 93: /eos/cms/store/group/phys_heavyions/jvelazqu/energycorr/event_sel_studies/primeryvertex/0005/L1_object_data_5292_processed.root
hadd Source file 69: /eos/cms/store/group/phys_heavyions/jvelazqu/energycorr/event_sel_studies/primeryvertex/0005/L1_object_data_5668_processed.root
hadd Source file 89: /eos/cms/store/group/phys_heavyions/jvelazqu/energycorr/event_sel_studies/primeryvertex/0005/L1_object_data_5788_processed.root
hadd Source file 86: /eos/cms/store/group/phys_heavyions/jvelazqu/energycorr/event_sel_studies/primeryvertex/0005/L1_object_data_5085_processed.root
hadd Source file 91: /eos/cms/store/group/phys_heavyions/jvelazqu/energycorr/event_sel_studies/primeryvertex/0005/L1_object_data_5590_processed.root
hadd Source file 61: /eos/cms/store/group/phys_heavyions/jvelazqu/energycorr/event_sel_studies/primeryvertex/0005/L1_object_data_5360_processed.root
hadd Source file 59: /eos/cms/store/group/phys_heavyions/jvelazqu/energycorr/event_sel_studies/primeryvertex/0005/L1_object_data_5458_processed.root
hadd Source file 90: /eos/cms/store/group/phys_heavyions/jvelazqu/energycorr/event_sel_studies/primeryvertex/0005/L1_object_data_5789_processed.root
hadd Source file 87: /eos/cms/store/group/phys_heavyions/jvelazqu/energycorr/event_sel_studies/primeryvertex/0005/L1_object_data_5086_processed.root
hadd Source file 70: /eos/cms/store/group/phys_heavyions/jvelazqu/energycorr/event_sel_studies/primeryvertex/0005/L1_object_data_5669_processed.root
hadd Source file 92: /eos/cms/store/group/phys_heavyions/jvelazqu/energycorr/event_sel_studies/primeryvertex/0005/L1_object_data_5591_processed.root
hadd Source file 62: /eos/cms/store/group/phys_heavyions/jvelazqu/energycorr/event_sel_studies/primeryvertex/0005/L1_object_data_5361_processed.root
hadd Source file 71: /eos/cms/store/group/phys_heavyions/jvelazqu/energycorr/event_sel_studies/primeryvertex/0005/L1_object_data_5670_processed.root
hadd Source file 91: /eos/cms/store/group/phys_heavyions/jvelazqu/energycorr/event_sel_studies/primeryvertex/0005/L1_object_data_5790_processed.root
hadd Source file 94: /eos/cms/store/group/phys_heavyions/jvelazqu/energycorr/event_sel_studies/primeryvertex/0005/L1_object_data_5293_processed.root
hadd Source file 60: /eos/cms/store/group/phys_heavyions/jvelazqu/energycorr/event_sel_studies/primeryvertex/0005/L1_object_data_5459_processed.root
hadd Source file 93: /eos/cms/store/group/phys_heavyions/jvelazqu/energycorr/event_sel_studies/primeryvertex/0005/L1_object_data_5592_processed.root
hadd Source file 63: /eos/cms/store/group/phys_heavyions/jvelazqu/energycorr/event_sel_studies/primeryvertex/0005/L1_object_data_5362_processed.root
hadd Source file 72: /eos/cms/store/group/phys_heavyions/jvelazqu/energycorr/event_sel_studies/primeryvertex/0005/L1_object_data_5671_processed.root
hadd Source file 88: /eos/cms/store/group/phys_heavyions/jvelazqu/energycorr/event_sel_studies/primeryvertex/0005/L1_object_data_5087_processed.root
hadd Source file 92: /eos/cms/store/group/phys_heavyions/jvelazqu/energycorr/event_sel_studies/primeryvertex/0005/L1_object_data_5791_processed.root
hadd Source file 64: /eos/cms/store/group/phys_heavyions/jvelazqu/energycorr/event_sel_studies/primeryvertex/0005/L1_object_data_5363_processed.root
hadd Source file 95: /eos/cms/store/group/phys_heavyions/jvelazqu/energycorr/event_sel_studies/primeryvertex/0005/L1_object_data_5294_processed.root
hadd Source file 73: /eos/cms/store/group/phys_heavyions/jvelazqu/energycorr/event_sel_studies/primeryvertex/0005/L1_object_data_5672_processed.root
hadd Source file 61: /eos/cms/store/group/phys_heavyions/jvelazqu/energycorr/event_sel_studies/primeryvertex/0005/L1_object_data_5460_processed.root
hadd Source file 94: /eos/cms/store/group/phys_heavyions/jvelazqu/energycorr/event_sel_studies/primeryvertex/0005/L1_object_data_5593_processed.root
hadd Source file 93: /eos/cms/store/group/phys_heavyions/jvelazqu/energycorr/event_sel_studies/primeryvertex/0005/L1_object_data_5792_processed.root
hadd Source file 96: /eos/cms/store/group/phys_heavyions/jvelazqu/energycorr/event_sel_studies/primeryvertex/0005/L1_object_data_5295_processed.root
hadd Source file 62: /eos/cms/store/group/phys_heavyions/jvelazqu/energycorr/event_sel_studies/primeryvertex/0005/L1_object_data_5461_processed.root
hadd Source file 89: /eos/cms/store/group/phys_heavyions/jvelazqu/energycorr/event_sel_studies/primeryvertex/0005/L1_object_data_5088_processed.root
hadd Source file 65: /eos/cms/store/group/phys_heavyions/jvelazqu/energycorr/event_sel_studies/primeryvertex/0005/L1_object_data_5364_processed.root
hadd Source file 95: /eos/cms/store/group/phys_heavyions/jvelazqu/energycorr/event_sel_studies/primeryvertex/0005/L1_object_data_5594_processed.root
hadd Source file 94: /eos/cms/store/group/phys_heavyions/jvelazqu/energycorr/event_sel_studies/primeryvertex/0005/L1_object_data_5793_processed.root
hadd Source file 97: /eos/cms/store/group/phys_heavyions/jvelazqu/energycorr/event_sel_studies/primeryvertex/0005/L1_object_data_5296_processed.root
hadd Source file 90: /eos/cms/store/group/phys_heavyions/jvelazqu/energycorr/event_sel_studies/primeryvertex/0005/L1_object_data_5089_processed.root
hadd Source file 66: /eos/cms/store/group/phys_heavyions/jvelazqu/energycorr/event_sel_studies/primeryvertex/0005/L1_object_data_5365_processed.root
hadd Source file 95: /eos/cms/store/group/phys_heavyions/jvelazqu/energycorr/event_sel_studies/primeryvertex/0005/L1_object_data_5794_processed.root
hadd Source file 63: /eos/cms/store/group/phys_heavyions/jvelazqu/energycorr/event_sel_studies/primeryvertex/0005/L1_object_data_5462_processed.root
hadd Source file 96: /eos/cms/store/group/phys_heavyions/jvelazqu/energycorr/event_sel_studies/primeryvertex/0005/L1_object_data_5595_processed.root
hadd Source file 64: /eos/cms/store/group/phys_heavyions/jvelazqu/energycorr/event_sel_studies/primeryvertex/0005/L1_object_data_5463_processed.root
hadd Source file 91: /eos/cms/store/group/phys_heavyions/jvelazqu/energycorr/event_sel_studies/primeryvertex/0005/L1_object_data_5090_processed.root
hadd Source file 67: /eos/cms/store/group/phys_heavyions/jvelazqu/energycorr/event_sel_studies/primeryvertex/0005/L1_object_data_5366_processed.root
hadd Source file 96: /eos/cms/store/group/phys_heavyions/jvelazqu/energycorr/event_sel_studies/primeryvertex/0005/L1_object_data_5795_processed.root
hadd Source file 98: /eos/cms/store/group/phys_heavyions/jvelazqu/energycorr/event_sel_studies/primeryvertex/0005/L1_object_data_5297_processed.root
hadd Source file 74: /eos/cms/store/group/phys_heavyions/jvelazqu/energycorr/event_sel_studies/primeryvertex/0005/L1_object_data_5673_processed.root
hadd Source file 97: /eos/cms/store/group/phys_heavyions/jvelazqu/energycorr/event_sel_studies/primeryvertex/0005/L1_object_data_5596_processed.root
hadd Source file 92: /eos/cms/store/group/phys_heavyions/jvelazqu/energycorr/event_sel_studies/primeryvertex/0005/L1_object_data_5091_processed.root
hadd Source file 68: /eos/cms/store/group/phys_heavyions/jvelazqu/energycorr/event_sel_studies/primeryvertex/0005/L1_object_data_5367_processed.root
hadd Source file 97: /eos/cms/store/group/phys_heavyions/jvelazqu/energycorr/event_sel_studies/primeryvertex/0005/L1_object_data_5796_processed.root
hadd Source file 98: /eos/cms/store/group/phys_heavyions/jvelazqu/energycorr/event_sel_studies/primeryvertex/0005/L1_object_data_5597_processed.root
hadd Source file 98: /eos/cms/store/group/phys_heavyions/jvelazqu/energycorr/event_sel_studies/primeryvertex/0005/L1_object_data_5797_processed.root
hadd Source file 65: /eos/cms/store/group/phys_heavyions/jvelazqu/energycorr/event_sel_studies/primeryvertex/0005/L1_object_data_5464_processed.root
hadd Source file 99: /eos/cms/store/group/phys_heavyions/jvelazqu/energycorr/event_sel_studies/primeryvertex/0005/L1_object_data_5298_processed.root
hadd Source file 93: /eos/cms/store/group/phys_heavyions/jvelazqu/energycorr/event_sel_studies/primeryvertex/0005/L1_object_data_5092_processed.root
hadd Source file 75: /eos/cms/store/group/phys_heavyions/jvelazqu/energycorr/event_sel_studies/primeryvertex/0005/L1_object_data_5674_processed.root
hadd Source file 69: /eos/cms/store/group/phys_heavyions/jvelazqu/energycorr/event_sel_studies/primeryvertex/0005/L1_object_data_5368_processed.root
hadd Source file 99: /eos/cms/store/group/phys_heavyions/jvelazqu/energycorr/event_sel_studies/primeryvertex/0005/L1_object_data_5798_processed.root
hadd Source file 66: /eos/cms/store/group/phys_heavyions/jvelazqu/energycorr/event_sel_studies/primeryvertex/0005/L1_object_data_5465_processed.root
hadd Source file 99: /eos/cms/store/group/phys_heavyions/jvelazqu/energycorr/event_sel_studies/primeryvertex/0005/L1_object_data_5598_processed.root
hadd Source file 100: /eos/cms/store/group/phys_heavyions/jvelazqu/energycorr/event_sel_studies/primeryvertex/0005/L1_object_data_5299_processed.root
hadd Source file 94: /eos/cms/store/group/phys_heavyions/jvelazqu/energycorr/event_sel_studies/primeryvertex/0005/L1_object_data_5093_processed.root
hadd Source file 76: /eos/cms/store/group/phys_heavyions/jvelazqu/energycorr/event_sel_studies/primeryvertex/0005/L1_object_data_5675_processed.root
hadd Source file 67: /eos/cms/store/group/phys_heavyions/jvelazqu/energycorr/event_sel_studies/primeryvertex/0005/L1_object_data_5466_processed.root
hadd Source file 83: /eos/cms/store/group/phys_heavyions/jvelazqu/energycorr/event_sel_studies/primeryvertex/0005/L1_object_data_5182_processed.root
hadd Source file 95: /eos/cms/store/group/phys_heavyions/jvelazqu/energycorr/event_sel_studies/primeryvertex/0005/L1_object_data_5094_processed.root
hadd Target path: /pool/condor/dir_2081906/tmp/partial2_f119096c-9b37-11f1-92af-c5d5b9bcbeef.root:/
hadd Source file 84: /eos/cms/store/group/phys_heavyions/jvelazqu/energycorr/event_sel_studies/primeryvertex/0005/L1_object_data_5183_processed.root
hadd Source file 96: /eos/cms/store/group/phys_heavyions/jvelazqu/energycorr/event_sel_studies/primeryvertex/0005/L1_object_data_5095_processed.root
hadd Source file 70: /eos/cms/store/group/phys_heavyions/jvelazqu/energycorr/event_sel_studies/primeryvertex/0005/L1_object_data_5369_processed.root
hadd Source file 77: /eos/cms/store/group/phys_heavyions/jvelazqu/energycorr/event_sel_studies/primeryvertex/0005/L1_object_data_5676_processed.root
hadd Source file 100: /eos/cms/store/group/phys_heavyions/jvelazqu/energycorr/event_sel_studies/primeryvertex/0005/L1_object_data_5799_processed.root
hadd Source file 71: /eos/cms/store/group/phys_heavyions/jvelazqu/energycorr/event_sel_studies/primeryvertex/0005/L1_object_data_5370_processed.root
hadd Source file 85: /eos/cms/store/group/phys_heavyions/jvelazqu/energycorr/event_sel_studies/primeryvertex/0005/L1_object_data_5184_processed.root
hadd Source file 78: /eos/cms/store/group/phys_heavyions/jvelazqu/energycorr/event_sel_studies/primeryvertex/0005/L1_object_data_5677_processed.root
hadd Source file 97: /eos/cms/store/group/phys_heavyions/jvelazqu/energycorr/event_sel_studies/primeryvertex/0005/L1_object_data_5096_processed.root
hadd Target path: /pool/condor/dir_2081906/tmp/partial7_f119096c-9b37-11f1-92af-c5d5b9bcbeef.root:/
hadd Source file 86: /eos/cms/store/group/phys_heavyions/jvelazqu/energycorr/event_sel_studies/primeryvertex/0005/L1_object_data_5185_processed.root
hadd Source file 100: /eos/cms/store/group/phys_heavyions/jvelazqu/energycorr/event_sel_studies/primeryvertex/0005/L1_object_data_5599_processed.root
hadd Source file 79: /eos/cms/store/group/phys_heavyions/jvelazqu/energycorr/event_sel_studies/primeryvertex/0005/L1_object_data_5678_processed.root
hadd Source file 98: /eos/cms/store/group/phys_heavyions/jvelazqu/energycorr/event_sel_studies/primeryvertex/0005/L1_object_data_5097_processed.root
hadd Source file 68: /eos/cms/store/group/phys_heavyions/jvelazqu/energycorr/event_sel_studies/primeryvertex/0005/L1_object_data_5467_processed.root
hadd Source file 72: /eos/cms/store/group/phys_heavyions/jvelazqu/energycorr/event_sel_studies/primeryvertex/0005/L1_object_data_5371_processed.root
hadd Source file 80: /eos/cms/store/group/phys_heavyions/jvelazqu/energycorr/event_sel_studies/primeryvertex/0005/L1_object_data_5679_processed.root
hadd Source file 87: /eos/cms/store/group/phys_heavyions/jvelazqu/energycorr/event_sel_studies/primeryvertex/0005/L1_object_data_5186_processed.root
hadd Target path: /pool/condor/dir_2081906/tmp/partial5_f119096c-9b37-11f1-92af-c5d5b9bcbeef.root:/
hadd Source file 99: /eos/cms/store/group/phys_heavyions/jvelazqu/energycorr/event_sel_studies/primeryvertex/0005/L1_object_data_5098_processed.root
hadd Source file 81: /eos/cms/store/group/phys_heavyions/jvelazqu/energycorr/event_sel_studies/primeryvertex/0005/L1_object_data_5680_processed.root
hadd Source file 69: /eos/cms/store/group/phys_heavyions/jvelazqu/energycorr/event_sel_studies/primeryvertex/0005/L1_object_data_5468_processed.root
hadd Source file 73: /eos/cms/store/group/phys_heavyions/jvelazqu/energycorr/event_sel_studies/primeryvertex/0005/L1_object_data_5372_processed.root
hadd Source file 88: /eos/cms/store/group/phys_heavyions/jvelazqu/energycorr/event_sel_studies/primeryvertex/0005/L1_object_data_5187_processed.root
hadd Source file 100: /eos/cms/store/group/phys_heavyions/jvelazqu/energycorr/event_sel_studies/primeryvertex/0005/L1_object_data_5099_processed.root
hadd Source file 74: /eos/cms/store/group/phys_heavyions/jvelazqu/energycorr/event_sel_studies/primeryvertex/0005/L1_object_data_5373_processed.root
hadd Source file 82: /eos/cms/store/group/phys_heavyions/jvelazqu/energycorr/event_sel_studies/primeryvertex/0005/L1_object_data_5681_processed.root
hadd Source file 89: /eos/cms/store/group/phys_heavyions/jvelazqu/energycorr/event_sel_studies/primeryvertex/0005/L1_object_data_5188_processed.root
hadd Source file 83: /eos/cms/store/group/phys_heavyions/jvelazqu/energycorr/event_sel_studies/primeryvertex/0005/L1_object_data_5682_processed.root
hadd Target path: /pool/condor/dir_2081906/tmp/partial0_f119096c-9b37-11f1-92af-c5d5b9bcbeef.root:/
hadd Source file 90: /eos/cms/store/group/phys_heavyions/jvelazqu/energycorr/event_sel_studies/primeryvertex/0005/L1_object_data_5189_processed.root
hadd Source file 84: /eos/cms/store/group/phys_heavyions/jvelazqu/energycorr/event_sel_studies/primeryvertex/0005/L1_object_data_5683_processed.root
hadd Source file 75: /eos/cms/store/group/phys_heavyions/jvelazqu/energycorr/event_sel_studies/primeryvertex/0005/L1_object_data_5374_processed.root
hadd Source file 76: /eos/cms/store/group/phys_heavyions/jvelazqu/energycorr/event_sel_studies/primeryvertex/0005/L1_object_data_5375_processed.root
hadd Source file 91: /eos/cms/store/group/phys_heavyions/jvelazqu/energycorr/event_sel_studies/primeryvertex/0005/L1_object_data_5190_processed.root
hadd Source file 70: /eos/cms/store/group/phys_heavyions/jvelazqu/energycorr/event_sel_studies/primeryvertex/0005/L1_object_data_5469_processed.root
hadd Source file 85: /eos/cms/store/group/phys_heavyions/jvelazqu/energycorr/event_sel_studies/primeryvertex/0005/L1_object_data_5684_processed.root
hadd Source file 92: /eos/cms/store/group/phys_heavyions/jvelazqu/energycorr/event_sel_studies/primeryvertex/0005/L1_object_data_5191_processed.root
hadd Source file 71: /eos/cms/store/group/phys_heavyions/jvelazqu/energycorr/event_sel_studies/primeryvertex/0005/L1_object_data_5470_processed.root
hadd Source file 77: /eos/cms/store/group/phys_heavyions/jvelazqu/energycorr/event_sel_studies/primeryvertex/0005/L1_object_data_5376_processed.root
hadd Source file 93: /eos/cms/store/group/phys_heavyions/jvelazqu/energycorr/event_sel_studies/primeryvertex/0005/L1_object_data_5192_processed.root
hadd Source file 72: /eos/cms/store/group/phys_heavyions/jvelazqu/energycorr/event_sel_studies/primeryvertex/0005/L1_object_data_5471_processed.root
hadd Source file 78: /eos/cms/store/group/phys_heavyions/jvelazqu/energycorr/event_sel_studies/primeryvertex/0005/L1_object_data_5377_processed.root
hadd Source file 94: /eos/cms/store/group/phys_heavyions/jvelazqu/energycorr/event_sel_studies/primeryvertex/0005/L1_object_data_5193_processed.root
hadd Source file 73: /eos/cms/store/group/phys_heavyions/jvelazqu/energycorr/event_sel_studies/primeryvertex/0005/L1_object_data_5472_processed.root
hadd Source file 74: /eos/cms/store/group/phys_heavyions/jvelazqu/energycorr/event_sel_studies/primeryvertex/0005/L1_object_data_5473_processed.root
hadd Source file 79: /eos/cms/store/group/phys_heavyions/jvelazqu/energycorr/event_sel_studies/primeryvertex/0005/L1_object_data_5378_processed.root
hadd Source file 95: /eos/cms/store/group/phys_heavyions/jvelazqu/energycorr/event_sel_studies/primeryvertex/0005/L1_object_data_5194_processed.root
hadd Source file 75: /eos/cms/store/group/phys_heavyions/jvelazqu/energycorr/event_sel_studies/primeryvertex/0005/L1_object_data_5474_processed.root
hadd Source file 80: /eos/cms/store/group/phys_heavyions/jvelazqu/energycorr/event_sel_studies/primeryvertex/0005/L1_object_data_5379_processed.root
hadd Source file 86: /eos/cms/store/group/phys_heavyions/jvelazqu/energycorr/event_sel_studies/primeryvertex/0005/L1_object_data_5685_processed.root
hadd Source file 81: /eos/cms/store/group/phys_heavyions/jvelazqu/energycorr/event_sel_studies/primeryvertex/0005/L1_object_data_5380_processed.root
hadd Source file 76: /eos/cms/store/group/phys_heavyions/jvelazqu/energycorr/event_sel_studies/primeryvertex/0005/L1_object_data_5475_processed.root
hadd Source file 96: /eos/cms/store/group/phys_heavyions/jvelazqu/energycorr/event_sel_studies/primeryvertex/0005/L1_object_data_5195_processed.root
hadd Source file 87: /eos/cms/store/group/phys_heavyions/jvelazqu/energycorr/event_sel_studies/primeryvertex/0005/L1_object_data_5686_processed.root
hadd Source file 82: /eos/cms/store/group/phys_heavyions/jvelazqu/energycorr/event_sel_studies/primeryvertex/0005/L1_object_data_5381_processed.root
hadd Source file 88: /eos/cms/store/group/phys_heavyions/jvelazqu/energycorr/event_sel_studies/primeryvertex/0005/L1_object_data_5687_processed.root
hadd Source file 83: /eos/cms/store/group/phys_heavyions/jvelazqu/energycorr/event_sel_studies/primeryvertex/0005/L1_object_data_5382_processed.root
hadd Source file 89: /eos/cms/store/group/phys_heavyions/jvelazqu/energycorr/event_sel_studies/primeryvertex/0005/L1_object_data_5688_processed.root
hadd Source file 84: /eos/cms/store/group/phys_heavyions/jvelazqu/energycorr/event_sel_studies/primeryvertex/0005/L1_object_data_5383_processed.root
hadd Source file 90: /eos/cms/store/group/phys_heavyions/jvelazqu/energycorr/event_sel_studies/primeryvertex/0005/L1_object_data_5689_processed.root
hadd Source file 85: /eos/cms/store/group/phys_heavyions/jvelazqu/energycorr/event_sel_studies/primeryvertex/0005/L1_object_data_5384_processed.root
hadd Source file 77: /eos/cms/store/group/phys_heavyions/jvelazqu/energycorr/event_sel_studies/primeryvertex/0005/L1_object_data_5476_processed.root
hadd Source file 97: /eos/cms/store/group/phys_heavyions/jvelazqu/energycorr/event_sel_studies/primeryvertex/0005/L1_object_data_5196_processed.root
hadd Source file 91: /eos/cms/store/group/phys_heavyions/jvelazqu/energycorr/event_sel_studies/primeryvertex/0005/L1_object_data_5690_processed.root
hadd Source file 98: /eos/cms/store/group/phys_heavyions/jvelazqu/energycorr/event_sel_studies/primeryvertex/0005/L1_object_data_5197_processed.root
hadd Source file 92: /eos/cms/store/group/phys_heavyions/jvelazqu/energycorr/event_sel_studies/primeryvertex/0005/L1_object_data_5691_processed.root
hadd Source file 78: /eos/cms/store/group/phys_heavyions/jvelazqu/energycorr/event_sel_studies/primeryvertex/0005/L1_object_data_5477_processed.root
hadd Source file 86: /eos/cms/store/group/phys_heavyions/jvelazqu/energycorr/event_sel_studies/primeryvertex/0005/L1_object_data_5385_processed.root
hadd Source file 87: /eos/cms/store/group/phys_heavyions/jvelazqu/energycorr/event_sel_studies/primeryvertex/0005/L1_object_data_5386_processed.root
hadd Source file 93: /eos/cms/store/group/phys_heavyions/jvelazqu/energycorr/event_sel_studies/primeryvertex/0005/L1_object_data_5692_processed.root
hadd Source file 79: /eos/cms/store/group/phys_heavyions/jvelazqu/energycorr/event_sel_studies/primeryvertex/0005/L1_object_data_5478_processed.root
hadd Source file 80: /eos/cms/store/group/phys_heavyions/jvelazqu/energycorr/event_sel_studies/primeryvertex/0005/L1_object_data_5479_processed.root
hadd Source file 88: /eos/cms/store/group/phys_heavyions/jvelazqu/energycorr/event_sel_studies/primeryvertex/0005/L1_object_data_5387_processed.root
hadd Source file 81: /eos/cms/store/group/phys_heavyions/jvelazqu/energycorr/event_sel_studies/primeryvertex/0005/L1_object_data_5480_processed.root
hadd Source file 94: /eos/cms/store/group/phys_heavyions/jvelazqu/energycorr/event_sel_studies/primeryvertex/0005/L1_object_data_5693_processed.root
hadd Source file 89: /eos/cms/store/group/phys_heavyions/jvelazqu/energycorr/event_sel_studies/primeryvertex/0005/L1_object_data_5388_processed.root
hadd Source file 99: /eos/cms/store/group/phys_heavyions/jvelazqu/energycorr/event_sel_studies/primeryvertex/0005/L1_object_data_5198_processed.root
hadd Source file 95: /eos/cms/store/group/phys_heavyions/jvelazqu/energycorr/event_sel_studies/primeryvertex/0005/L1_object_data_5694_processed.root
hadd Source file 90: /eos/cms/store/group/phys_heavyions/jvelazqu/energycorr/event_sel_studies/primeryvertex/0005/L1_object_data_5389_processed.root
hadd Source file 91: /eos/cms/store/group/phys_heavyions/jvelazqu/energycorr/event_sel_studies/primeryvertex/0005/L1_object_data_5390_processed.root
hadd Source file 100: /eos/cms/store/group/phys_heavyions/jvelazqu/energycorr/event_sel_studies/primeryvertex/0005/L1_object_data_5199_processed.root
hadd Source file 96: /eos/cms/store/group/phys_heavyions/jvelazqu/energycorr/event_sel_studies/primeryvertex/0005/L1_object_data_5695_processed.root
hadd Target path: /pool/condor/dir_2081906/tmp/partial1_f119096c-9b37-11f1-92af-c5d5b9bcbeef.root:/
hadd Source file 92: /eos/cms/store/group/phys_heavyions/jvelazqu/energycorr/event_sel_studies/primeryvertex/0005/L1_object_data_5391_processed.root
hadd Source file 97: /eos/cms/store/group/phys_heavyions/jvelazqu/energycorr/event_sel_studies/primeryvertex/0005/L1_object_data_5696_processed.root
hadd Source file 93: /eos/cms/store/group/phys_heavyions/jvelazqu/energycorr/event_sel_studies/primeryvertex/0005/L1_object_data_5392_processed.root
hadd Source file 98: /eos/cms/store/group/phys_heavyions/jvelazqu/energycorr/event_sel_studies/primeryvertex/0005/L1_object_data_5697_processed.root
hadd Source file 94: /eos/cms/store/group/phys_heavyions/jvelazqu/energycorr/event_sel_studies/primeryvertex/0005/L1_object_data_5393_processed.root
hadd Source file 99: /eos/cms/store/group/phys_heavyions/jvelazqu/energycorr/event_sel_studies/primeryvertex/0005/L1_object_data_5698_processed.root
hadd Source file 100: /eos/cms/store/group/phys_heavyions/jvelazqu/energycorr/event_sel_studies/primeryvertex/0005/L1_object_data_5699_processed.root
hadd Target path: /pool/condor/dir_2081906/tmp/partial6_f119096c-9b37-11f1-92af-c5d5b9bcbeef.root:/
hadd Source file 95: /eos/cms/store/group/phys_heavyions/jvelazqu/energycorr/event_sel_studies/primeryvertex/0005/L1_object_data_5394_processed.root
hadd Source file 96: /eos/cms/store/group/phys_heavyions/jvelazqu/energycorr/event_sel_studies/primeryvertex/0005/L1_object_data_5395_processed.root
hadd Source file 97: /eos/cms/store/group/phys_heavyions/jvelazqu/energycorr/event_sel_studies/primeryvertex/0005/L1_object_data_5396_processed.root
hadd Source file 98: /eos/cms/store/group/phys_heavyions/jvelazqu/energycorr/event_sel_studies/primeryvertex/0005/L1_object_data_5397_processed.root
hadd Source file 82: /eos/cms/store/group/phys_heavyions/jvelazqu/energycorr/event_sel_studies/primeryvertex/0005/L1_object_data_5481_processed.root
hadd Source file 99: /eos/cms/store/group/phys_heavyions/jvelazqu/energycorr/event_sel_studies/primeryvertex/0005/L1_object_data_5398_processed.root
hadd Source file 83: /eos/cms/store/group/phys_heavyions/jvelazqu/energycorr/event_sel_studies/primeryvertex/0005/L1_object_data_5482_processed.root
hadd Source file 100: /eos/cms/store/group/phys_heavyions/jvelazqu/energycorr/event_sel_studies/primeryvertex/0005/L1_object_data_5399_processed.root
hadd Target path: /pool/condor/dir_2081906/tmp/partial3_f119096c-9b37-11f1-92af-c5d5b9bcbeef.root:/
hadd Source file 84: /eos/cms/store/group/phys_heavyions/jvelazqu/energycorr/event_sel_studies/primeryvertex/0005/L1_object_data_5483_processed.root
hadd Source file 85: /eos/cms/store/group/phys_heavyions/jvelazqu/energycorr/event_sel_studies/primeryvertex/0005/L1_object_data_5484_processed.root
hadd Source file 86: /eos/cms/store/group/phys_heavyions/jvelazqu/energycorr/event_sel_studies/primeryvertex/0005/L1_object_data_5485_processed.root
hadd Source file 87: /eos/cms/store/group/phys_heavyions/jvelazqu/energycorr/event_sel_studies/primeryvertex/0005/L1_object_data_5486_processed.root
hadd Source file 88: /eos/cms/store/group/phys_heavyions/jvelazqu/energycorr/event_sel_studies/primeryvertex/0005/L1_object_data_5487_processed.root
hadd Source file 89: /eos/cms/store/group/phys_heavyions/jvelazqu/energycorr/event_sel_studies/primeryvertex/0005/L1_object_data_5488_processed.root
hadd Source file 90: /eos/cms/store/group/phys_heavyions/jvelazqu/energycorr/event_sel_studies/primeryvertex/0005/L1_object_data_5489_processed.root
hadd Source file 91: /eos/cms/store/group/phys_heavyions/jvelazqu/energycorr/event_sel_studies/primeryvertex/0005/L1_object_data_5490_processed.root
hadd Source file 92: /eos/cms/store/group/phys_heavyions/jvelazqu/energycorr/event_sel_studies/primeryvertex/0005/L1_object_data_5491_processed.root
hadd Source file 93: /eos/cms/store/group/phys_heavyions/jvelazqu/energycorr/event_sel_studies/primeryvertex/0005/L1_object_data_5492_processed.root
hadd Source file 94: /eos/cms/store/group/phys_heavyions/jvelazqu/energycorr/event_sel_studies/primeryvertex/0005/L1_object_data_5493_processed.root
hadd Source file 95: /eos/cms/store/group/phys_heavyions/jvelazqu/energycorr/event_sel_studies/primeryvertex/0005/L1_object_data_5494_processed.root
hadd Source file 96: /eos/cms/store/group/phys_heavyions/jvelazqu/energycorr/event_sel_studies/primeryvertex/0005/L1_object_data_5495_processed.root
hadd Source file 97: /eos/cms/store/group/phys_heavyions/jvelazqu/energycorr/event_sel_studies/primeryvertex/0005/L1_object_data_5496_processed.root
hadd Source file 98: /eos/cms/store/group/phys_heavyions/jvelazqu/energycorr/event_sel_studies/primeryvertex/0005/L1_object_data_5497_processed.root
hadd Source file 99: /eos/cms/store/group/phys_heavyions/jvelazqu/energycorr/event_sel_studies/primeryvertex/0005/L1_object_data_5498_processed.root
hadd Source file 100: /eos/cms/store/group/phys_heavyions/jvelazqu/energycorr/event_sel_studies/primeryvertex/0005/L1_object_data_5499_processed.root
hadd Target path: /pool/condor/dir_2081906/tmp/partial4_f119096c-9b37-11f1-92af-c5d5b9bcbeef.root:/
hadd Target path: /pool/condor/dir_2081906/tmp/partial8_f119096c-9b37-11f1-92af-c5d5b9bcbeef.root:/JCard
hadd Target path: /pool/condor/dir_2081906/tmp/partial9_f119096c-9b37-11f1-92af-c5d5b9bcbeef.root:/JCard
hadd Target path: /pool/condor/dir_2081906/tmp/partial5_f119096c-9b37-11f1-92af-c5d5b9bcbeef.root:/JCard
hadd Target path: /pool/condor/dir_2081906/tmp/partial2_f119096c-9b37-11f1-92af-c5d5b9bcbeef.root:/JCard
hadd Target path: /pool/condor/dir_2081906/tmp/partial0_f119096c-9b37-11f1-92af-c5d5b9bcbeef.root:/JCard
hadd Target path: /pool/condor/dir_2081906/tmp/partial7_f119096c-9b37-11f1-92af-c5d5b9bcbeef.root:/JCard
hadd Target path: /pool/condor/dir_2081906/tmp/partial6_f119096c-9b37-11f1-92af-c5d5b9bcbeef.root:/JCard
hadd Target path: /pool/condor/dir_2081906/tmp/partial1_f119096c-9b37-11f1-92af-c5d5b9bcbeef.root:/JCard
hadd Target path: /pool/condor/dir_2081906/tmp/partial4_f119096c-9b37-11f1-92af-c5d5b9bcbeef.root:/JCard
hadd Target path: /pool/condor/dir_2081906/tmp/partial3_f119096c-9b37-11f1-92af-c5d5b9bcbeef.root:/JCard
hadd Source file 1: /pool/condor/dir_2081906/tmp/partial0_f119096c-9b37-11f1-92af-c5d5b9bcbeef.root
hadd Source file 2: /pool/condor/dir_2081906/tmp/partial1_f119096c-9b37-11f1-92af-c5d5b9bcbeef.root
hadd Source file 3: /pool/condor/dir_2081906/tmp/partial2_f119096c-9b37-11f1-92af-c5d5b9bcbeef.root
hadd Source file 4: /pool/condor/dir_2081906/tmp/partial3_f119096c-9b37-11f1-92af-c5d5b9bcbeef.root
hadd Source file 5: /pool/condor/dir_2081906/tmp/partial4_f119096c-9b37-11f1-92af-c5d5b9bcbeef.root
hadd Source file 6: /pool/condor/dir_2081906/tmp/partial5_f119096c-9b37-11f1-92af-c5d5b9bcbeef.root
hadd Source file 7: /pool/condor/dir_2081906/tmp/partial6_f119096c-9b37-11f1-92af-c5d5b9bcbeef.root
hadd Source file 8: /pool/condor/dir_2081906/tmp/partial7_f119096c-9b37-11f1-92af-c5d5b9bcbeef.root
hadd Source file 9: /pool/condor/dir_2081906/tmp/partial8_f119096c-9b37-11f1-92af-c5d5b9bcbeef.root
hadd Source file 10: /pool/condor/dir_2081906/tmp/partial9_f119096c-9b37-11f1-92af-c5d5b9bcbeef.root
hadd Target path: /eos/cms/store/group/phys_heavyions/jvelazqu/energycorr/merged//merged_R4_axisWTA_cen_primaryvertex.root:/
hadd Target path: /eos/cms/store/group/phys_heavyions/jvelazqu/energycorr/merged//merged_R4_axisWTA_cen_primaryvertex.root:/JCard
=========================================================
Merge completado: /eos/cms/store/group/phys_heavyions/jvelazqu/energycorr/merged//merged_R4_axisWTA_cen_primaryvertex.root
=========================================================
